<?xml version="1.0" encoding="UTF-8"?>
<billStatus>
  <bill>
    <billNumber>37</billNumber>
    <createDate>2019-06-06T04:57:11Z</createDate>
    <updateDate>2020-02-12T16:34:22Z</updateDate>
    <originChamber>Senate</originChamber>
    <billType>SJRES</billType>
    <introducedDate>2019-06-05</introducedDate>
    <congress>116</congress>
    <recordedVotes>
      <recordedVote>
        <rollNumber>232</rollNumber>
        <url>http://www.senate.gov/legislative/LIS/roll_call_lists/roll_call_vote_cfm.cfm?&amp;congress=116&amp;session=1&amp;vote=00232</url>
        <fullActionName>FAILED OF PASSAGE OVER VETO</fullActionName>
        <chamber>Senate</chamber>
        <congress>116</congress>
        <date>2019-07-29T22:34:29Z</date>
        <sessionNumber>1</sessionNumber>
      </recordedVote>
      <recordedVote>
        <rollNumber>487</rollNumber>
        <url>http://clerk.house.gov/evs/2019/roll487.xml</url>
        <fullActionName>Passage of a Measure</fullActionName>
        <chamber>House</chamber>
        <congress>116</congress>
        <date>2019-07-17T22:10:03Z</date>
        <sessionNumber>1</sessionNumber>
      </recordedVote>
      <recordedVote>
        <rollNumber>179</rollNumber>
        <url>http://www.senate.gov/legislative/LIS/roll_call_lists/roll_call_vote_cfm.cfm?&amp;congress=116&amp;session=1&amp;vote=00179</url>
        <fullActionName>PASSED SENATE</fullActionName>
        <chamber>Senate</chamber>
        <congress>116</congress>
        <date>2019-06-20T16:51:15Z</date>
        <sessionNumber>1</sessionNumber>
      </recordedVote>
    </recordedVotes>
    <committees>
      <billCommittees>
        <item>
          <systemCode>ssfr00</systemCode>
          <name>Foreign Relations Committee</name>
          <chamber>Senate</chamber>
          <type>Standing</type>
          <subcommittees />
          <activities>
            <item>
              <name>Discharged from</name>
              <date>2019-06-19T21:16:55Z</date>
            </item>
            <item>
              <name>Referred to</name>
              <date>2019-06-05T21:54:41Z</date>
            </item>
          </activities>
        </item>
      </billCommittees>
    </committees>
    <committeeReports />
    <relatedBills>
      <item>
        <latestTitle>Providing for consideration of the bill (H.R. 3494) to authorize appropriations for fiscal year 2020 for intelligence and intelligence-related activities of the United States Government, the Community Management Account, and the Central Intelligence Agency Retirement and Disability System, and for other purposes; relating to the consideration of House Report 116-125 and an accompanying resolution; relating to the consideration of measures disapproving of sales, exports, or approvals pursuant to the Arms Export Control Act; and providing for consideration of the resolution (H. Res. 489) condemning President Trump's racist comments directed at Members of Congress.</latestTitle>
        <congress>116</congress>
        <number>491</number>
        <type>HRES</type>
        <latestAction>
          <actionDate>2019-07-16</actionDate>
          <text>Motion to reconsider laid on the table Agreed to without objection.</text>
          <actionTime>14:13:37</actionTime>
        </latestAction>
        <relationshipDetails>
          <item>
            <type>Related bill</type>
            <identifiedBy>House</identifiedBy>
          </item>
        </relationshipDetails>
      </item>
      <item>
        <latestTitle>Providing for congressional disapproval of the proposed export to the United Arab Emirates, the United Kingdom of Great Britain and Northern Ireland, and the Republic of France of certain defense articles and services.</latestTitle>
        <congress>116</congress>
        <number>63</number>
        <type>HJRES</type>
        <latestAction>
          <actionDate>2019-06-12</actionDate>
          <text>Referred to the House Committee on Foreign Affairs.</text>
        </latestAction>
        <relationshipDetails>
          <item>
            <type>Related bill</type>
            <identifiedBy>CRS</identifiedBy>
          </item>
        </relationshipDetails>
      </item>
    </relatedBills>
    <actions>
      <item>
        <actionDate>2019-07-29</actionDate>
        <committees />
        <links>
          <link>
            <name>Record Vote Number: 232</name>
            <url>http://www.senate.gov/legislative/LIS/roll_call_lists/roll_call_vote_cfm.cfm?congress=116&amp;session=1&amp;vote=00232</url>
          </link>
        </links>
        <sourceSystem>
          <code>0</code>
          <name>Senate</name>
        </sourceSystem>
        <text>Failed of passage in Senate over veto by Yea-Nay Vote. 45 - 39. Record Vote Number: 232.</text>
        <type>Veto</type>
      </item>
      <item>
        <actionDate>2019-07-29</actionDate>
        <links>
          <link>
            <name>Record Vote Number: 232</name>
            <url>http://www.senate.gov/legislative/LIS/roll_call_lists/roll_call_vote_cfm.cfm?congress=116&amp;session=1&amp;vote=00232</url>
          </link>
        </links>
        <text>Failed of passage in Senate over veto: Failed of passage in Senate over veto by Yea-Nay Vote. 45 - 39. Record Vote Number: 232.</text>
        <type>Veto</type>
        <actionCode>35000</actionCode>
        <sourceSystem>
          <code>9</code>
          <name>Library of Congress</name>
        </sourceSystem>
        <committees />
      </item>
      <item>
        <actionDate>2019-07-29</actionDate>
        <committees />
        <links>
          <link>
            <name>S5126</name>
            <url>https://www.congress.gov/congressional-record/volume-165/senate-section/page/S5126</url>
          </link>
          <link>
            <name>S5130-5134</name>
            <url>https://www.congress.gov/congressional-record/volume-165/senate-section/page/S5130-5134</url>
          </link>
        </links>
        <sourceSystem>
          <code>0</code>
          <name>Senate</name>
        </sourceSystem>
        <text>Veto Message considered in Senate. (consideration: CR S5126, S5130-5134)</text>
        <type>Veto</type>
      </item>
      <item>
        <actionDate>2019-07-24</actionDate>
        <links />
        <text>Vetoed by President.</text>
        <type>President</type>
        <actionCode>E30000</actionCode>
        <sourceSystem>
          <code>2</code>
          <name>House floor actions</name>
        </sourceSystem>
        <committees />
      </item>
      <item>
        <actionDate>2019-07-24</actionDate>
        <links />
        <text>Vetoed by President.</text>
        <type>President</type>
        <actionCode>31000</actionCode>
        <sourceSystem>
          <code>9</code>
          <name>Library of Congress</name>
        </sourceSystem>
        <committees />
      </item>
      <item>
        <actionDate>2019-07-24</actionDate>
        <links />
        <text>Presented to President.</text>
        <type>Floor</type>
        <actionCode>E20000</actionCode>
        <sourceSystem>
          <code>2</code>
          <name>House floor actions</name>
        </sourceSystem>
        <committees />
      </item>
      <item>
        <actionDate>2019-07-24</actionDate>
        <links />
        <text>Presented to President.</text>
        <type>President</type>
        <actionCode>28000</actionCode>
        <sourceSystem>
          <code>9</code>
          <name>Library of Congress</name>
        </sourceSystem>
        <committees />
      </item>
      <item>
        <actionDate>2019-07-24</actionDate>
        <committees />
        <links>
          <link>
            <name>S5052</name>
            <url>https://www.congress.gov/congressional-record/volume-165/senate-section/page/S5052</url>
          </link>
        </links>
        <sourceSystem>
          <code>0</code>
          <name>Senate</name>
        </sourceSystem>
        <text>Veto message received in Senate. Ordered held at the desk. (text: CR S5052)</text>
        <type>Veto</type>
      </item>
      <item>
        <actionDate>2019-07-17</actionDate>
        <actionTime>18:10:03</actionTime>
        <links>
          <link>
            <name>H5938</name>
            <url>https://www.congress.gov/congressional-record/volume-165/house-section/page/H5938</url>
          </link>
          <link>
            <name>Roll no. 487</name>
            <url>http://clerk.house.gov/evs/2019/roll487.xml</url>
          </link>
        </links>
        <text>On passage Passed by the Yeas and Nays: 238 - 190 (Roll no. 487). (text: CR H5938)</text>
        <type>Floor</type>
        <actionCode>H37100</actionCode>
        <sourceSystem>
          <code>2</code>
          <name>House floor actions</name>
        </sourceSystem>
        <committees />
      </item>
      <item>
        <actionDate>2019-07-17</actionDate>
        <actionTime>18:10:03</actionTime>
        <links>
          <link>
            <name>H5938</name>
            <url>https://www.congress.gov/congressional-record/volume-165/house-section/page/H5938</url>
          </link>
          <link>
            <name>Roll no. 487</name>
            <url>http://clerk.house.gov/evs/2019/roll487.xml</url>
          </link>
        </links>
        <text>Passed/agreed to in House: On passage Passed by the Yeas and Nays: 238 - 190 (Roll no. 487).(text: CR H5938)</text>
        <type>Floor</type>
        <actionCode>8000</actionCode>
        <sourceSystem>
          <code>9</code>
          <name>Library of Congress</name>
        </sourceSystem>
        <committees />
      </item>
      <item>
        <actionDate>2019-07-17</actionDate>
        <actionTime>18:03:42</actionTime>
        <links>
          <link>
            <name>H5976</name>
            <url>https://www.congress.gov/congressional-record/volume-165/house-section/page/H5976</url>
          </link>
        </links>
        <text>Considered as unfinished business. (consideration: CR H5976)</text>
        <type>Floor</type>
        <actionCode>H30000</actionCode>
        <sourceSystem>
          <code>2</code>
          <name>House floor actions</name>
        </sourceSystem>
        <committees />
      </item>
      <item>
        <actionDate>2019-07-17</actionDate>
        <actionTime>13:50:32</actionTime>
        <links>
          <link>
            <name>S.J. Res. 37</name>
            <url>https://www.congress.gov/bill/116th-congress/senate-joint-resolution/37</url>
          </link>
        </links>
        <text>POSTPONED PROCEEDINGS - At the conclusion of debate on S.J. Res. 37, the Chair put the question on passage of the joint resolution and by voice vote, announced the ayes had prevailed. Mr. Kinzinger demanded the yeas and nays and the Chair postponed further proceedings until later in the legislative day.</text>
        <type>Floor</type>
        <actionCode>H8D000</actionCode>
        <sourceSystem>
          <code>2</code>
          <name>House floor actions</name>
        </sourceSystem>
        <committees />
      </item>
      <item>
        <actionDate>2019-07-17</actionDate>
        <actionTime>13:49:54</actionTime>
        <links />
        <text>The previous question was ordered pursuant to the rule.</text>
        <type>Floor</type>
        <actionCode>H35000</actionCode>
        <sourceSystem>
          <code>2</code>
          <name>House floor actions</name>
        </sourceSystem>
        <committees />
      </item>
      <item>
        <actionDate>2019-07-17</actionDate>
        <actionTime>13:34:53</actionTime>
        <links>
          <link>
            <name>S.J. Res. 37</name>
            <url>https://www.congress.gov/bill/116th-congress/senate-joint-resolution/37</url>
          </link>
        </links>
        <text>DEBATE - The House proceeded with twenty minutes of debate on S.J. Res. 37.</text>
        <type>Floor</type>
        <actionCode>H8D000</actionCode>
        <sourceSystem>
          <code>2</code>
          <name>House floor actions</name>
        </sourceSystem>
        <committees />
      </item>
      <item>
        <actionDate>2019-07-17</actionDate>
        <actionTime>13:34:43</actionTime>
        <links>
          <link>
            <name>H. Res. 489</name>
            <url>https://www.congress.gov/bill/116th-congress/house-resolution/489</url>
          </link>
          <link>
            <name>H.R. 3494</name>
            <url>https://www.congress.gov/bill/116th-congress/house-bill/3494</url>
          </link>
        </links>
        <text>Rule provides for consideration of H.R. 3494 and H. Res. 489 with 1 hour of general debate. Previous question shall be considered as ordered without intervening motions except motion to recommit with or without instructions. The resolution provides for consideration of H.R. 3494 under a structured rule; provides for consideration of a resolution relating to House Report 116-125, if called up by direction of the Committee on Overisight and Reform; provides for consideration of a joint resolution reported by the Committee on Foreign Affairs regarding the Arms Export Control Act; provides for consideration of H. Res. 489.</text>
        <type>Floor</type>
        <actionCode>H8D000</actionCode>
        <sourceSystem>
          <code>2</code>
          <name>House floor actions</name>
        </sourceSystem>
        <committees />
      </item>
      <item>
        <actionDate>2019-07-17</actionDate>
        <actionTime>13:34:38</actionTime>
        <links>
          <link>
            <name>H. Res. 491</name>
            <url>https://www.congress.gov/bill/116th-congress/house-resolution/491</url>
          </link>
          <link>
            <name>H5938-5940</name>
            <url>https://www.congress.gov/congressional-record/volume-165/house-section/page/H5938-5940</url>
          </link>
        </links>
        <text>Considered under the provisions of rule H. Res. 491. (consideration: CR H5938-5940)</text>
        <type>Floor</type>
        <actionCode>H30000</actionCode>
        <sourceSystem>
          <code>2</code>
          <name>House floor actions</name>
        </sourceSystem>
        <committees />
      </item>
      <item>
        <actionDate>2019-06-20</actionDate>
        <actionTime>16:30:45</actionTime>
        <links />
        <text>Held at the desk.</text>
        <type>Floor</type>
        <actionCode>H15000</actionCode>
        <sourceSystem>
          <code>2</code>
          <name>House floor actions</name>
        </sourceSystem>
        <committees />
      </item>
      <item>
        <actionDate>2019-06-20</actionDate>
        <committees />
        <links />
        <sourceSystem>
          <code>0</code>
          <name>Senate</name>
        </sourceSystem>
        <text>Message on Senate action sent to the House.</text>
        <type>Floor</type>
      </item>
      <item>
        <actionDate>2019-06-20</actionDate>
        <actionTime>15:31:39</actionTime>
        <links />
        <text>Received in the House.</text>
        <type>Floor</type>
        <actionCode>H14000</actionCode>
        <sourceSystem>
          <code>2</code>
          <name>House floor actions</name>
        </sourceSystem>
        <committees />
      </item>
      <item>
        <actionDate>2019-06-20</actionDate>
        <committees />
        <links>
          <link>
            <name>Record Vote Number: 179</name>
            <url>http://www.senate.gov/legislative/LIS/roll_call_lists/roll_call_vote_cfm.cfm?congress=116&amp;session=1&amp;vote=00179</url>
          </link>
          <link>
            <name>S4144</name>
            <url>https://www.congress.gov/congressional-record/volume-165/senate-section/page/S4144</url>
          </link>
        </links>
        <sourceSystem>
          <code>0</code>
          <name>Senate</name>
        </sourceSystem>
        <text>Passed Senate without amendment by Yea-Nay Vote. 51 - 45. Record Vote Number: 179. (text: CR S4144)</text>
        <type>Floor</type>
      </item>
      <item>
        <actionDate>2019-06-20</actionDate>
        <links>
          <link>
            <name>Record Vote Number: 179</name>
            <url>http://www.senate.gov/legislative/LIS/roll_call_lists/roll_call_vote_cfm.cfm?congress=116&amp;session=1&amp;vote=00179</url>
          </link>
          <link>
            <name>S4144</name>
            <url>https://www.congress.gov/congressional-record/volume-165/senate-section/page/S4144</url>
          </link>
        </links>
        <text>Passed/agreed to in Senate: Passed Senate without amendment by Yea-Nay Vote. 51 - 45. Record Vote Number: 179.(text: CR S4144)</text>
        <type>Floor</type>
        <actionCode>17000</actionCode>
        <sourceSystem>
          <code>9</code>
          <name>Library of Congress</name>
        </sourceSystem>
        <committees />
      </item>
      <item>
        <actionDate>2019-06-20</actionDate>
        <committees />
        <links>
          <link>
            <name>S4142-4143</name>
            <url>https://www.congress.gov/congressional-record/volume-165/senate-section/page/S4142-4143</url>
          </link>
        </links>
        <sourceSystem>
          <code>0</code>
          <name>Senate</name>
        </sourceSystem>
        <text>Considered by Senate. (consideration: CR S4142-4143)</text>
        <type>Floor</type>
      </item>
      <item>
        <actionDate>2019-06-19</actionDate>
        <committees />
        <links>
          <link>
            <name>S3831-3834</name>
            <url>https://www.congress.gov/congressional-record/volume-165/senate-section/page/S3831-3834</url>
          </link>
        </links>
        <sourceSystem>
          <code>0</code>
          <name>Senate</name>
        </sourceSystem>
        <text>Measure laid before Senate by unanimous consent. (consideration: CR S3831-3834)</text>
        <type>Floor</type>
      </item>
      <item>
        <actionDate>2019-06-19</actionDate>
        <committees>
          <item>
            <systemCode>ssfr00</systemCode>
            <name>Foreign Relations Committee</name>
          </item>
        </committees>
        <links />
        <sourceSystem>
          <code>0</code>
          <name>Senate</name>
        </sourceSystem>
        <text>Senate Committee on Foreign Relations discharged by Unanimous Consent.</text>
        <type>Discharge</type>
      </item>
      <item>
        <actionDate>2019-06-19</actionDate>
        <links />
        <text>Senate Committee on Foreign Relations discharged by Unanimous Consent.</text>
        <type>Committee</type>
        <actionCode>14500</actionCode>
        <sourceSystem>
          <code>9</code>
          <name>Library of Congress</name>
        </sourceSystem>
        <committees>
          <item>
            <systemCode>ssfr00</systemCode>
            <name>Foreign Relations Committee</name>
          </item>
        </committees>
      </item>
      <item>
        <actionDate>2019-06-05</actionDate>
        <committees>
          <item>
            <systemCode>ssfr00</systemCode>
            <name>Foreign Relations Committee</name>
          </item>
        </committees>
        <links />
        <sourceSystem>
          <code>0</code>
          <name>Senate</name>
        </sourceSystem>
        <text>Read twice and referred to the Committee on Foreign Relations.</text>
        <type>IntroReferral</type>
      </item>
      <item>
        <actionDate>2019-06-05</actionDate>
        <links />
        <text>Introduced in Senate</text>
        <type>IntroReferral</type>
        <actionCode>10000</actionCode>
        <sourceSystem>
          <code>9</code>
          <name>Library of Congress</name>
        </sourceSystem>
        <committees />
      </item>
      <actionTypeCounts>
        <failedOfPassageOverVeto>1</failedOfPassageOverVeto>
        <failedOfPassageInSenateOverVeto>1</failedOfPassageInSenateOverVeto>
        <vetoMessageConsidered>1</vetoMessageConsidered>
        <placeholderTextForE>2</placeholderTextForE>
        <vetoedByPresident>1</vetoedByPresident>
        <presentedToPresident>1</presentedToPresident>
        <vetoMessageHeld>1</vetoMessageHeld>
        <passageOfAMeasure>1</passageOfAMeasure>
        <passedAgreedToInHouse>1</passedAgreedToInHouse>
        <considerationByHouse>2</considerationByHouse>
        <generalDebate>3</generalDebate>
        <motionForPreviousQuestion>1</motionForPreviousQuestion>
        <heldAtTheDesk>1</heldAtTheDesk>
        <sentToHouse>1</sentToHouse>
        <receivedInTheHouse>1</receivedInTheHouse>
        <passedSenate>1</passedSenate>
        <passedAgreedToInSenate>1</passedAgreedToInSenate>
        <consideredBySenate>1</consideredBySenate>
        <measureLaidBeforeSenate>1</measureLaidBeforeSenate>
        <committeeDischarged>1</committeeDischarged>
        <senateCommitteeDischarged>1</senateCommitteeDischarged>
        <referredToCommittee>1</referredToCommittee>
        <introducedInSenate>1</introducedInSenate>
      </actionTypeCounts>
      <actionByCounts>
        <senate>13</senate>
        <houseOfRepresentatives>10</houseOfRepresentatives>
      </actionByCounts>
    </actions>
    <sponsors>
      <item>
        <bioguideId>M000639</bioguideId>
        <fullName>Sen. Menendez, Robert [D-NJ]</fullName>
        <firstName>Robert</firstName>
        <middleName />
        <lastName>Menendez</lastName>
        <party>D</party>
        <state>NJ</state>
        <identifiers>
          <lisID>791</lisID>
          <bioguideId>M000639</bioguideId>
          <gpoId>8239</gpoId>
        </identifiers>
        <byRequestType />
      </item>
    </sponsors>
    <cosponsors>
      <item>
        <bioguideId>G000359</bioguideId>
        <fullName>Sen. Graham, Lindsey [R-SC]</fullName>
        <firstName>LINDSEY</firstName>
        <middleName>O.</middleName>
        <lastName>GRAHAM</lastName>
        <party>R</party>
        <state>SC</state>
        <identifiers>
          <lisID>452</lisID>
          <bioguideId>G000359</bioguideId>
          <gpoId>8335</gpoId>
        </identifiers>
        <sponsorshipDate>2019-06-05</sponsorshipDate>
        <isOriginalCosponsor>True</isOriginalCosponsor>
        <sponsorshipWithdrawnDate />
      </item>
      <item>
        <bioguideId>M001169</bioguideId>
        <fullName>Sen. Murphy, Christopher [D-CT]</fullName>
        <firstName>Christopher</firstName>
        <middleName />
        <lastName>Murphy</lastName>
        <party>D</party>
        <state>CT</state>
        <identifiers>
          <lisID>1837</lisID>
          <bioguideId>M001169</bioguideId>
          <gpoId>7870</gpoId>
        </identifiers>
        <sponsorshipDate>2019-06-05</sponsorshipDate>
        <isOriginalCosponsor>True</isOriginalCosponsor>
        <sponsorshipWithdrawnDate />
      </item>
      <item>
        <bioguideId>P000603</bioguideId>
        <fullName>Sen. Paul, Rand [R-KY]</fullName>
        <firstName>Rand</firstName>
        <middleName />
        <lastName>Paul</lastName>
        <party>R</party>
        <state>KY</state>
        <identifiers>
          <lisID>2082</lisID>
          <bioguideId>P000603</bioguideId>
          <gpoId>8308</gpoId>
        </identifiers>
        <sponsorshipDate>2019-06-05</sponsorshipDate>
        <isOriginalCosponsor>True</isOriginalCosponsor>
        <sponsorshipWithdrawnDate />
      </item>
      <item>
        <bioguideId>L000174</bioguideId>
        <fullName>Sen. Leahy, Patrick J. [D-VT]</fullName>
        <firstName>PATRICK</firstName>
        <middleName>JOSEPH</middleName>
        <lastName>LEAHY</lastName>
        <party>D</party>
        <state>VT</state>
        <identifiers>
          <lisID>1383</lisID>
          <bioguideId>L000174</bioguideId>
          <gpoId>8244</gpoId>
        </identifiers>
        <sponsorshipDate>2019-06-05</sponsorshipDate>
        <isOriginalCosponsor>True</isOriginalCosponsor>
        <sponsorshipWithdrawnDate />
      </item>
      <item>
        <bioguideId>Y000064</bioguideId>
        <fullName>Sen. Young, Todd [R-IN]</fullName>
        <firstName>Todd</firstName>
        <middleName />
        <lastName>Young</lastName>
        <party>R</party>
        <state>IN</state>
        <identifiers>
          <lisID>2019</lisID>
          <bioguideId>Y000064</bioguideId>
          <gpoId>7948</gpoId>
        </identifiers>
        <sponsorshipDate>2019-06-05</sponsorshipDate>
        <isOriginalCosponsor>True</isOriginalCosponsor>
        <sponsorshipWithdrawnDate />
      </item>
      <item>
        <bioguideId>R000122</bioguideId>
        <fullName>Sen. Reed, Jack [D-RI]</fullName>
        <firstName>JOHN</firstName>
        <middleName>F.</middleName>
        <lastName>REED</lastName>
        <party>D</party>
        <state>RI</state>
        <identifiers>
          <lisID>949</lisID>
          <bioguideId>R000122</bioguideId>
          <gpoId>8272</gpoId>
        </identifiers>
        <sponsorshipDate>2019-06-05</sponsorshipDate>
        <isOriginalCosponsor>True</isOriginalCosponsor>
        <sponsorshipWithdrawnDate />
      </item>
      <item>
        <bioguideId>L000577</bioguideId>
        <fullName>Sen. Lee, Mike [R-UT]</fullName>
        <firstName>Mike</firstName>
        <middleName />
        <lastName>Lee</lastName>
        <party>R</party>
        <state>UT</state>
        <identifiers>
          <lisID>2080</lisID>
          <bioguideId>L000577</bioguideId>
          <gpoId>8303</gpoId>
        </identifiers>
        <sponsorshipDate>2019-06-10</sponsorshipDate>
        <isOriginalCosponsor>False</isOriginalCosponsor>
        <sponsorshipWithdrawnDate />
      </item>
    </cosponsors>
    <cboCostEstimates />
    <laws />
    <notes />
    <policyArea>
      <name>International Affairs</name>
    </policyArea>
    <subjects>
      <billSubjects>
        <legislativeSubjects>
          <item>
            <name>Congressional oversight</name>
          </item>
          <item>
            <name>Europe</name>
          </item>
          <item>
            <name>Foreign aid and international relief</name>
          </item>
          <item>
            <name>France</name>
          </item>
          <item>
            <name>Licensing and registrations</name>
          </item>
          <item>
            <name>Middle East</name>
          </item>
          <item>
            <name>Military assistance, sales, and agreements</name>
          </item>
          <item>
            <name>Northern Ireland</name>
          </item>
          <item>
            <name>Trade restrictions</name>
          </item>
          <item>
            <name>United Arab Emirates</name>
          </item>
          <item>
            <name>United Kingdom</name>
          </item>
        </legislativeSubjects>
        <policyArea>
          <name>International Affairs</name>
        </policyArea>
      </billSubjects>
    </subjects>
    <summaries>
      <billSummaries>
        <item>
          <versionCode>00</versionCode>
          <actionDate>2019-06-05</actionDate>
          <actionDesc>Introduced in Senate</actionDesc>
          <lastSummaryUpdateDate>2019-06-21T21:23:33Z</lastSummaryUpdateDate>
          <text><![CDATA[<p>This joint resolution prohibits the proposed sale of various defense articles and related support services to the United Arab Emirates, the United Kingdom, and France, as described in Executive Communication 1425 and published in the Congressional Record on June 3, 2019.</p>]]></text>
          <updateDate>2019-06-05T04:00:00Z</updateDate>
          <name>Introduced in Senate</name>
        </item>
        <item>
          <versionCode>55</versionCode>
          <actionDate>2019-06-20</actionDate>
          <actionDesc>Passed Senate</actionDesc>
          <lastSummaryUpdateDate>2019-06-24T21:04:23Z</lastSummaryUpdateDate>
          <text><![CDATA[<p>This joint resolution prohibits the proposed sale of various defense articles and related support services to the United Arab Emirates, the United Kingdom, and France, as described in Executive Communication 1425 and published in the Congressional Record on June 3, 2019.</p>]]></text>
          <updateDate>2019-06-20T14:39:16Z</updateDate>
          <name>Passed Senate</name>
        </item>
        <item>
          <versionCode>53</versionCode>
          <actionDate>2019-07-17</actionDate>
          <actionDesc>Passed House</actionDesc>
          <lastSummaryUpdateDate>2019-07-23T21:49:16Z</lastSummaryUpdateDate>
          <text><![CDATA[<p>This joint resolution prohibits the proposed sale of various defense articles and related support services to the United Arab Emirates, the United Kingdom, and France, as described in Executive Communication 1425 and published in the Congressional Record on June 3, 2019.</p>]]></text>
          <updateDate>2019-07-17T15:37:45Z</updateDate>
          <name>Passed House</name>
        </item>
      </billSummaries>
    </summaries>
    <title>A joint resolution providing for congressional disapproval of the proposed export to the United Arab Emirates, the United Kingdom of Great Britain and Northern Ireland, and the Republic of France of certain defense articles and services.</title>
    <titles>
      <item>
        <titleType>Official Title as Introduced</titleType>
        <parentTitleType />
        <title>A joint resolution providing for congressional disapproval of the proposed export to the United Arab Emirates, the United Kingdom of Great Britain and Northern Ireland, and the Republic of France of certain defense articles and services.</title>
        <chamberCode />
        <chamberName />
      </item>
      <item>
        <titleType>Display Title</titleType>
        <parentTitleType />
        <title>A joint resolution providing for congressional disapproval of the proposed export to the United Arab Emirates, the United Kingdom of Great Britain and Northern Ireland, and the Republic of France of certain defense articles and services.</title>
        <chamberCode />
        <chamberName />
      </item>
    </titles>
    <amendments />
    <textVersions>
      <item>
        <type>Enrolled Bill</type>
        <date />
        <formats>
          <item>
            <url>https://www.govinfo.gov/content/pkg/BILLS-116sjres37enr/xml/BILLS-116sjres37enr.xml</url>
          </item>
        </formats>
      </item>
      <item>
        <type>Engrossed in Senate</type>
        <date>2019-06-20T04:00:00Z</date>
        <formats>
          <item>
            <url>https://www.govinfo.gov/content/pkg/BILLS-116sjres37es/xml/BILLS-116sjres37es.xml</url>
          </item>
        </formats>
      </item>
      <item>
        <type>Introduced in Senate</type>
        <date>2019-06-05T04:00:00Z</date>
        <formats>
          <item>
            <url>https://www.govinfo.gov/content/pkg/BILLS-116sjres37is/xml/BILLS-116sjres37is.xml</url>
          </item>
        </formats>
      </item>
    </textVersions>
    <latestAction>
      <actionDate>2019-07-29</actionDate>
      <text>Failed of passage in Senate over veto by Yea-Nay Vote. 45 - 39. Record Vote Number: 232.</text>
      <links />
    </latestAction>
    <calendarNumbers />
    <version>1.0.0</version>
  </bill>
  <dublinCore xmlns:dc="http://purl.org/dc/elements/1.1/">
    <dc:format>text/xml</dc:format>
    <dc:language>EN</dc:language>
    <dc:rights>Pursuant to Title 17 Section 105 of the United States Code, this file is not subject to copyright protection and is in the public domain.</dc:rights>
    <dc:contributor>Congressional Research Service, Library of Congress</dc:contributor>
    <dc:description>This file contains bill summaries and statuses for federal legislation. A bill summary describes the most significant provisions of a piece of legislation and details the effects the legislative text may have on current law and federal programs. Bill summaries are authored by the Congressional Research Service (CRS) of the Library of Congress. As stated in Public Law 91-510 (2 USC 166 (d)(6)), one of the duties of CRS is "to prepare summaries and digests of bills and resolutions of a public general nature introduced in the Senate or House of Representatives". For more information, refer to the User Guide that accompanies this file.</dc:description>
  </dublinCore>
</billStatus>

