<?xml version="1.0" encoding="UTF-8"?>
<billStatus>
  <bill>
    <billNumber>42</billNumber>
    <createDate>2019-06-06T04:57:11Z</createDate>
    <updateDate>2021-07-10T20:19:31Z</updateDate>
    <originChamber>Senate</originChamber>
    <billType>SJRES</billType>
    <introducedDate>2019-06-05</introducedDate>
    <congress>116</congress>
    <recordedVotes>
      <recordedVote>
        <rollNumber>179</rollNumber>
        <url>http://www.senate.gov/legislative/LIS/roll_call_lists/roll_call_vote_cfm.cfm?&amp;congress=116&amp;session=1&amp;vote=00179</url>
        <fullActionName>PASSED SENATE</fullActionName>
        <chamber>Senate</chamber>
        <congress>116</congress>
        <date>2019-06-20T16:51:23Z</date>
        <sessionNumber>1</sessionNumber>
      </recordedVote>
    </recordedVotes>
    <committees>
      <billCommittees>
        <item>
          <systemCode>ssfr00</systemCode>
          <name>Foreign Relations Committee</name>
          <chamber>Senate</chamber>
          <type>Standing</type>
          <subcommittees />
          <activities>
            <item>
              <name>Discharged from</name>
              <date>2019-06-19T21:17:05Z</date>
            </item>
            <item>
              <name>Referred to</name>
              <date>2019-06-05T21:59:15Z</date>
            </item>
          </activities>
        </item>
      </billCommittees>
    </committees>
    <committeeReports />
    <relatedBills />
    <actions>
      <item>
        <actionDate>2019-06-20</actionDate>
        <actionTime>16:31:20</actionTime>
        <links />
        <text>Held at the desk.</text>
        <type>Floor</type>
        <actionCode>H15000</actionCode>
        <sourceSystem>
          <code>2</code>
          <name>House floor actions</name>
        </sourceSystem>
        <committees />
      </item>
      <item>
        <actionDate>2019-06-20</actionDate>
        <committees />
        <links />
        <sourceSystem>
          <code>0</code>
          <name>Senate</name>
        </sourceSystem>
        <text>Message on Senate action sent to the House.</text>
        <type>Floor</type>
      </item>
      <item>
        <actionDate>2019-06-20</actionDate>
        <actionTime>15:31:34</actionTime>
        <links />
        <text>Received in the House.</text>
        <type>Floor</type>
        <actionCode>H14000</actionCode>
        <sourceSystem>
          <code>2</code>
          <name>House floor actions</name>
        </sourceSystem>
        <committees />
      </item>
      <item>
        <actionDate>2019-06-20</actionDate>
        <committees />
        <links />
        <sourceSystem>
          <code>0</code>
          <name>Senate</name>
        </sourceSystem>
        <text>Passed Senate without amendment by Yea-Nay Vote. 51 - 45. Record Vote Number: 179. (text: CR S4144)</text>
        <type>Floor</type>
      </item>
      <item>
        <actionDate>2019-06-20</actionDate>
        <links />
        <text>Passed/agreed to in Senate: Passed Senate without amendment by Yea-Nay Vote. 51 - 45. Record Vote Number: 179.(text: CR S4144)</text>
        <type>Floor</type>
        <actionCode>17000</actionCode>
        <sourceSystem>
          <code>9</code>
          <name>Library of Congress</name>
        </sourceSystem>
        <committees />
      </item>
      <item>
        <actionDate>2019-06-20</actionDate>
        <committees />
        <links />
        <sourceSystem>
          <code>0</code>
          <name>Senate</name>
        </sourceSystem>
        <text>Considered by Senate. (consideration: CR S4142-4143)</text>
        <type>Floor</type>
      </item>
      <item>
        <actionDate>2019-06-19</actionDate>
        <committees />
        <links />
        <sourceSystem>
          <code>0</code>
          <name>Senate</name>
        </sourceSystem>
        <text>Measure laid before Senate by unanimous consent. (consideration: CR S3831-3834)</text>
        <type>Floor</type>
      </item>
      <item>
        <actionDate>2019-06-19</actionDate>
        <committees>
          <item>
            <systemCode>ssfr00</systemCode>
            <name>Foreign Relations Committee</name>
          </item>
        </committees>
        <links />
        <sourceSystem>
          <code>0</code>
          <name>Senate</name>
        </sourceSystem>
        <text>Senate Committee on Foreign Relations discharged by Unanimous Consent.</text>
        <type>Discharge</type>
      </item>
      <item>
        <actionDate>2019-06-19</actionDate>
        <links />
        <text>Senate Committee on Foreign Relations discharged by Unanimous Consent.</text>
        <type>Committee</type>
        <actionCode>14500</actionCode>
        <sourceSystem>
          <code>9</code>
          <name>Library of Congress</name>
        </sourceSystem>
        <committees>
          <item>
            <systemCode>ssfr00</systemCode>
            <name>Foreign Relations Committee</name>
          </item>
        </committees>
      </item>
      <item>
        <actionDate>2019-06-05</actionDate>
        <committees>
          <item>
            <systemCode>ssfr00</systemCode>
            <name>Foreign Relations Committee</name>
          </item>
        </committees>
        <links />
        <sourceSystem>
          <code>0</code>
          <name>Senate</name>
        </sourceSystem>
        <text>Read twice and referred to the Committee on Foreign Relations.</text>
        <type>IntroReferral</type>
      </item>
      <item>
        <actionDate>2019-06-05</actionDate>
        <links />
        <text>Introduced in Senate</text>
        <type>IntroReferral</type>
        <actionCode>10000</actionCode>
        <sourceSystem>
          <code>9</code>
          <name>Library of Congress</name>
        </sourceSystem>
        <committees />
      </item>
      <actionTypeCounts>
        <heldAtTheDesk>1</heldAtTheDesk>
        <sentToHouse>1</sentToHouse>
        <receivedInTheHouse>1</receivedInTheHouse>
        <passedSenate>1</passedSenate>
        <passedAgreedToInSenate>1</passedAgreedToInSenate>
        <consideredBySenate>1</consideredBySenate>
        <measureLaidBeforeSenate>1</measureLaidBeforeSenate>
        <committeeDischarged>1</committeeDischarged>
        <senateCommitteeDischarged>1</senateCommitteeDischarged>
        <referredToCommittee>1</referredToCommittee>
        <introducedInSenate>1</introducedInSenate>
      </actionTypeCounts>
      <actionByCounts>
        <houseOfRepresentatives>2</houseOfRepresentatives>
        <senate>9</senate>
      </actionByCounts>
    </actions>
    <sponsors>
      <item>
        <bioguideId>M000639</bioguideId>
        <fullName>Sen. Menendez, Robert [D-NJ]</fullName>
        <firstName>Robert</firstName>
        <middleName />
        <lastName>Menendez</lastName>
        <party>D</party>
        <state>NJ</state>
        <identifiers>
          <lisID>791</lisID>
          <bioguideId>M000639</bioguideId>
          <gpoId>8239</gpoId>
        </identifiers>
        <byRequestType />
      </item>
    </sponsors>
    <cosponsors>
      <item>
        <bioguideId>G000359</bioguideId>
        <fullName>Sen. Graham, Lindsey [R-SC]</fullName>
        <firstName>LINDSEY</firstName>
        <middleName>O.</middleName>
        <lastName>GRAHAM</lastName>
        <party>R</party>
        <state>SC</state>
        <identifiers>
          <lisID>452</lisID>
          <bioguideId>G000359</bioguideId>
          <gpoId>8335</gpoId>
        </identifiers>
        <sponsorshipDate>2019-06-05</sponsorshipDate>
        <isOriginalCosponsor>True</isOriginalCosponsor>
        <sponsorshipWithdrawnDate />
      </item>
      <item>
        <bioguideId>M001169</bioguideId>
        <fullName>Sen. Murphy, Christopher [D-CT]</fullName>
        <firstName>Christopher</firstName>
        <middleName />
        <lastName>Murphy</lastName>
        <party>D</party>
        <state>CT</state>
        <identifiers>
          <lisID>1837</lisID>
          <bioguideId>M001169</bioguideId>
          <gpoId>7870</gpoId>
        </identifiers>
        <sponsorshipDate>2019-06-05</sponsorshipDate>
        <isOriginalCosponsor>True</isOriginalCosponsor>
        <sponsorshipWithdrawnDate />
      </item>
      <item>
        <bioguideId>P000603</bioguideId>
        <fullName>Sen. Paul, Rand [R-KY]</fullName>
        <firstName>Rand</firstName>
        <middleName />
        <lastName>Paul</lastName>
        <party>R</party>
        <state>KY</state>
        <identifiers>
          <lisID>2082</lisID>
          <bioguideId>P000603</bioguideId>
          <gpoId>8308</gpoId>
        </identifiers>
        <sponsorshipDate>2019-06-05</sponsorshipDate>
        <isOriginalCosponsor>True</isOriginalCosponsor>
        <sponsorshipWithdrawnDate />
      </item>
      <item>
        <bioguideId>L000174</bioguideId>
        <fullName>Sen. Leahy, Patrick J. [D-VT]</fullName>
        <firstName>PATRICK</firstName>
        <middleName>JOSEPH</middleName>
        <lastName>LEAHY</lastName>
        <party>D</party>
        <state>VT</state>
        <identifiers>
          <lisID>1383</lisID>
          <bioguideId>L000174</bioguideId>
          <gpoId>8244</gpoId>
        </identifiers>
        <sponsorshipDate>2019-06-05</sponsorshipDate>
        <isOriginalCosponsor>True</isOriginalCosponsor>
        <sponsorshipWithdrawnDate />
      </item>
      <item>
        <bioguideId>Y000064</bioguideId>
        <fullName>Sen. Young, Todd [R-IN]</fullName>
        <firstName>Todd</firstName>
        <middleName />
        <lastName>Young</lastName>
        <party>R</party>
        <state>IN</state>
        <identifiers>
          <lisID>2019</lisID>
          <bioguideId>Y000064</bioguideId>
          <gpoId>7948</gpoId>
        </identifiers>
        <sponsorshipDate>2019-06-05</sponsorshipDate>
        <isOriginalCosponsor>True</isOriginalCosponsor>
        <sponsorshipWithdrawnDate />
      </item>
      <item>
        <bioguideId>R000122</bioguideId>
        <fullName>Sen. Reed, Jack [D-RI]</fullName>
        <firstName>JOHN</firstName>
        <middleName>F.</middleName>
        <lastName>REED</lastName>
        <party>D</party>
        <state>RI</state>
        <identifiers>
          <lisID>949</lisID>
          <bioguideId>R000122</bioguideId>
          <gpoId>8272</gpoId>
        </identifiers>
        <sponsorshipDate>2019-06-05</sponsorshipDate>
        <isOriginalCosponsor>True</isOriginalCosponsor>
        <sponsorshipWithdrawnDate />
      </item>
      <item>
        <bioguideId>L000577</bioguideId>
        <fullName>Sen. Lee, Mike [R-UT]</fullName>
        <firstName>Mike</firstName>
        <middleName />
        <lastName>Lee</lastName>
        <party>R</party>
        <state>UT</state>
        <identifiers>
          <lisID>2080</lisID>
          <bioguideId>L000577</bioguideId>
          <gpoId>8303</gpoId>
        </identifiers>
        <sponsorshipDate>2019-06-10</sponsorshipDate>
        <isOriginalCosponsor>False</isOriginalCosponsor>
        <sponsorshipWithdrawnDate />
      </item>
    </cosponsors>
    <cboCostEstimates />
    <laws />
    <notes />
    <policyArea>
      <name>International Affairs</name>
    </policyArea>
    <subjects>
      <billSubjects>
        <legislativeSubjects>
          <item>
            <name>Congressional oversight</name>
          </item>
          <item>
            <name>Europe</name>
          </item>
          <item>
            <name>Foreign aid and international relief</name>
          </item>
          <item>
            <name>Middle East</name>
          </item>
          <item>
            <name>Military assistance, sales, and agreements</name>
          </item>
          <item>
            <name>Trade restrictions</name>
          </item>
          <item>
            <name>United Arab Emirates</name>
          </item>
          <item>
            <name>United Kingdom</name>
          </item>
        </legislativeSubjects>
        <policyArea>
          <name>International Affairs</name>
        </policyArea>
      </billSubjects>
    </subjects>
    <summaries>
      <billSummaries>
        <item>
          <versionCode>00</versionCode>
          <actionDate>2019-06-05</actionDate>
          <actionDesc>Introduced in Senate</actionDesc>
          <lastSummaryUpdateDate>2019-06-21T21:13:39Z</lastSummaryUpdateDate>
          <text><![CDATA[<p>This joint resolution prohibits the proposed sale of various defense articles and related support services to the United Arab Emirates and the United Kingdom, as described in Executive Communication 1421 and published in the Congressional Record on June 3, 2019.</p>]]></text>
          <updateDate>2019-06-05T04:00:00Z</updateDate>
          <name>Introduced in Senate</name>
        </item>
        <item>
          <versionCode>55</versionCode>
          <actionDate>2019-06-20</actionDate>
          <actionDesc>Passed Senate</actionDesc>
          <lastSummaryUpdateDate>2019-06-24T21:37:24Z</lastSummaryUpdateDate>
          <text><![CDATA[<p>This joint resolution prohibits the proposed sale of various defense articles and related support services to the United Arab Emirates and the United Kingdom, as described in Executive Communication 1421 and published in the Congressional Record on June 3, 2019.</p>]]></text>
          <updateDate>2019-06-20T14:42:02Z</updateDate>
          <name>Passed Senate</name>
        </item>
      </billSummaries>
    </summaries>
    <title>A joint resolution providing for congressional disapproval of the proposed export to the United Arab Emirates and the United Kingdom of Great Britain and Northern Ireland of certain defense articles, including technical data and defense services.</title>
    <titles>
      <item>
        <titleType>Official Title as Introduced</titleType>
        <parentTitleType />
        <title>A joint resolution providing for congressional disapproval of the proposed export to the United Arab Emirates and the United Kingdom of Great Britain and Northern Ireland of certain defense articles, including technical data and defense services.</title>
        <chamberCode />
        <chamberName />
      </item>
      <item>
        <titleType>Display Title</titleType>
        <parentTitleType />
        <title>A joint resolution providing for congressional disapproval of the proposed export to the United Arab Emirates and the United Kingdom of Great Britain and Northern Ireland of certain defense articles, including technical data and defense services.</title>
        <chamberCode />
        <chamberName />
      </item>
    </titles>
    <amendments />
    <textVersions>
      <item>
        <type>Engrossed in Senate</type>
        <date>2019-06-20T04:00:00Z</date>
        <formats>
          <item>
            <url>https://www.govinfo.gov/content/pkg/BILLS-116sjres42es/xml/BILLS-116sjres42es.xml</url>
          </item>
        </formats>
      </item>
      <item>
        <type>Introduced in Senate</type>
        <date>2019-06-05T04:00:00Z</date>
        <formats>
          <item>
            <url>https://www.govinfo.gov/content/pkg/BILLS-116sjres42is/xml/BILLS-116sjres42is.xml</url>
          </item>
        </formats>
      </item>
    </textVersions>
    <latestAction>
      <actionDate>2019-06-20</actionDate>
      <text>Held at the desk.</text>
      <actionTime>16:31:20</actionTime>
      <links />
    </latestAction>
    <calendarNumbers />
    <version>1.0.0</version>
  </bill>
  <dublinCore xmlns:dc="http://purl.org/dc/elements/1.1/">
    <dc:format>text/xml</dc:format>
    <dc:language>EN</dc:language>
    <dc:rights>Pursuant to Title 17 Section 105 of the United States Code, this file is not subject to copyright protection and is in the public domain.</dc:rights>
    <dc:contributor>Congressional Research Service, Library of Congress</dc:contributor>
    <dc:description>This file contains bill summaries and statuses for federal legislation. A bill summary describes the most significant provisions of a piece of legislation and details the effects the legislative text may have on current law and federal programs. Bill summaries are authored by the Congressional Research Service (CRS) of the Library of Congress. As stated in Public Law 91-510 (2 USC 166 (d)(6)), one of the duties of CRS is "to prepare summaries and digests of bills and resolutions of a public general nature introduced in the Senate or House of Representatives". For more information, refer to the User Guide that accompanies this file.</dc:description>
  </dublinCore>
</billStatus>

