<?xml version="1.0" encoding="UTF-8"?>
<billStatus>
  <bill>
    <billNumber>74</billNumber>
    <createDate>2020-05-22T04:27:18Z</createDate>
    <updateDate>2020-12-15T16:29:27Z</updateDate>
    <originChamber>Senate</originChamber>
    <billType>SJRES</billType>
    <introducedDate>2020-05-21</introducedDate>
    <congress>116</congress>
    <recordedVotes />
    <committees>
      <billCommittees>
        <item>
          <systemCode>sseg00</systemCode>
          <name>Energy and Natural Resources Committee</name>
          <chamber>Senate</chamber>
          <type>Standing</type>
          <subcommittees />
          <activities>
            <item>
              <name>Discharged from</name>
              <date>2020-08-06T22:06:11Z</date>
            </item>
            <item>
              <name>Referred to</name>
              <date>2020-05-21T21:58:05Z</date>
            </item>
          </activities>
        </item>
      </billCommittees>
    </committees>
    <committeeReports />
    <relatedBills />
    <actions>
      <item>
        <actionDate>2020-08-14</actionDate>
        <actionTime>14:27:07</actionTime>
        <links />
        <text>Held at the desk.</text>
        <type>Floor</type>
        <actionCode>H15000</actionCode>
        <sourceSystem>
          <code>2</code>
          <name>House floor actions</name>
        </sourceSystem>
        <committees />
      </item>
      <item>
        <actionDate>2020-08-14</actionDate>
        <actionTime>14:04:01</actionTime>
        <links />
        <text>Received in the House.</text>
        <type>Floor</type>
        <actionCode>H14000</actionCode>
        <sourceSystem>
          <code>2</code>
          <name>House floor actions</name>
        </sourceSystem>
        <committees />
      </item>
      <item>
        <actionDate>2020-08-11</actionDate>
        <committees />
        <links />
        <sourceSystem>
          <code>0</code>
          <name>Senate</name>
        </sourceSystem>
        <text>Message on Senate action sent to the House.</text>
        <type>Floor</type>
      </item>
      <item>
        <actionDate>2020-08-06</actionDate>
        <committees />
        <links />
        <sourceSystem>
          <code>0</code>
          <name>Senate</name>
        </sourceSystem>
        <text>Passed Senate with an amendment and with a preamble by Unanimous Consent. (text: CR S5354-5355)</text>
        <type>Floor</type>
      </item>
      <item>
        <actionDate>2020-08-06</actionDate>
        <links />
        <text>Passed/agreed to in Senate: Passed Senate with an amendment and with a preamble by Unanimous Consent.(text: CR S5354-5355)</text>
        <type>Floor</type>
        <actionCode>17000</actionCode>
        <sourceSystem>
          <code>9</code>
          <name>Library of Congress</name>
        </sourceSystem>
        <committees />
      </item>
      <item>
        <actionDate>2020-08-06</actionDate>
        <committees />
        <links />
        <sourceSystem>
          <code>0</code>
          <name>Senate</name>
        </sourceSystem>
        <text>Measure laid before Senate by unanimous consent. (consideration: CR S5354-5355)</text>
        <type>Floor</type>
      </item>
      <item>
        <actionDate>2020-08-06</actionDate>
        <committees>
          <item>
            <systemCode>sseg00</systemCode>
            <name>Energy and Natural Resources Committee</name>
          </item>
        </committees>
        <links />
        <sourceSystem>
          <code>0</code>
          <name>Senate</name>
        </sourceSystem>
        <text>Senate Committee on Energy and Natural Resources discharged by Unanimous Consent.</text>
        <type>Discharge</type>
      </item>
      <item>
        <actionDate>2020-08-06</actionDate>
        <links />
        <text>Senate Committee on Energy and Natural Resources discharged by Unanimous Consent.</text>
        <type>Committee</type>
        <actionCode>14500</actionCode>
        <sourceSystem>
          <code>9</code>
          <name>Library of Congress</name>
        </sourceSystem>
        <committees>
          <item>
            <systemCode>sseg00</systemCode>
            <name>Energy and Natural Resources Committee</name>
          </item>
        </committees>
      </item>
      <item>
        <actionDate>2020-05-21</actionDate>
        <committees>
          <item>
            <systemCode>sseg00</systemCode>
            <name>Energy and Natural Resources Committee</name>
          </item>
        </committees>
        <links />
        <sourceSystem>
          <code>0</code>
          <name>Senate</name>
        </sourceSystem>
        <text>Read twice and referred to the Committee on Energy and Natural Resources. (text: CR S2604-2605)</text>
        <type>IntroReferral</type>
      </item>
      <item>
        <actionDate>2020-05-21</actionDate>
        <links />
        <text>Introduced in Senate</text>
        <type>IntroReferral</type>
        <actionCode>10000</actionCode>
        <sourceSystem>
          <code>9</code>
          <name>Library of Congress</name>
        </sourceSystem>
        <committees />
      </item>
      <actionTypeCounts>
        <heldAtTheDesk>1</heldAtTheDesk>
        <receivedInTheHouse>1</receivedInTheHouse>
        <sentToHouse>1</sentToHouse>
        <passedSenate>1</passedSenate>
        <passedAgreedToInSenate>1</passedAgreedToInSenate>
        <measureLaidBeforeSenate>1</measureLaidBeforeSenate>
        <committeeDischarged>1</committeeDischarged>
        <senateCommitteeDischarged>1</senateCommitteeDischarged>
        <referredToCommittee>1</referredToCommittee>
        <introducedInSenate>1</introducedInSenate>
      </actionTypeCounts>
      <actionByCounts>
        <houseOfRepresentatives>2</houseOfRepresentatives>
        <senate>8</senate>
      </actionByCounts>
    </actions>
    <sponsors>
      <item>
        <bioguideId>T000250</bioguideId>
        <fullName>Sen. Thune, John [R-SD]</fullName>
        <firstName>JOHN</firstName>
        <middleName>R.</middleName>
        <lastName>THUNE</lastName>
        <party>R</party>
        <state>SD</state>
        <identifiers>
          <lisID>1534</lisID>
          <bioguideId>T000250</bioguideId>
          <gpoId>8257</gpoId>
        </identifiers>
        <byRequestType />
      </item>
    </sponsors>
    <cosponsors />
    <cboCostEstimates />
    <laws />
    <notes />
    <policyArea>
      <name>Public Lands and Natural Resources</name>
    </policyArea>
    <subjects>
      <billSubjects>
        <legislativeSubjects>
          <item>
            <name>Cardiovascular and respiratory health</name>
          </item>
          <item>
            <name>Commemorative events and holidays</name>
          </item>
          <item>
            <name>Constitution and constitutional amendments</name>
          </item>
          <item>
            <name>Emergency medical services and trauma care</name>
          </item>
          <item>
            <name>Health promotion and preventive care</name>
          </item>
          <item>
            <name>Historical and cultural resources</name>
          </item>
          <item>
            <name>Infectious and parasitic diseases</name>
          </item>
          <item>
            <name>Monuments and memorials</name>
          </item>
          <item>
            <name>Parks, recreation areas, trails</name>
          </item>
          <item>
            <name>Photography and imaging</name>
          </item>
          <item>
            <name>Sound recording</name>
          </item>
          <item>
            <name>South Dakota</name>
          </item>
          <item>
            <name>Television and film</name>
          </item>
          <item>
            <name>Voting rights</name>
          </item>
          <item>
            <name>Women's rights</name>
          </item>
          <item>
            <name>Worker safety and health</name>
          </item>
        </legislativeSubjects>
        <policyArea>
          <name>Public Lands and Natural Resources</name>
        </policyArea>
      </billSubjects>
    </subjects>
    <summaries>
      <billSummaries>
        <item>
          <versionCode>00</versionCode>
          <actionDate>2020-05-21</actionDate>
          <actionDesc>Introduced in Senate</actionDesc>
          <lastSummaryUpdateDate>2020-06-10T16:16:21Z</lastSummaryUpdateDate>
          <text><![CDATA[<p>This joint resolution requests the Department of the Interior to authorize a one-time arrangement to commemorate the centennial of the passage of the 19th Amendment to the Constitution entitled <i>LOOK UP TO HER at Mount Rushmore</i> with a display of historical artifacts, digital content, film footage, and associated historical audio and imagery in and around the vicinity of the Mount Rushmore National Memorial in South Dakota for 14 nights of public display during August 18-September 30, 2020.</p>]]></text>
          <updateDate>2020-05-21T04:00:00Z</updateDate>
          <name>Introduced in Senate</name>
        </item>
        <item>
          <versionCode>55</versionCode>
          <actionDate>2020-08-06</actionDate>
          <actionDesc>Passed Senate</actionDesc>
          <lastSummaryUpdateDate>2020-10-19T19:41:07Z</lastSummaryUpdateDate>
          <text><![CDATA[<p>This joint resolution requests the Department of the Interior to authorize a one-time arrangement to commemorate the centennial of the passage of the 19th Amendment to the Constitution entitled <i>LOOK UP TO HER at Mount Rushmore</i> with a display of historical artifacts, digital content, film footage, and associated historical audio and imagery in and around the vicinity of the Mount Rushmore National Memorial in South Dakota for 14 nights of public display during August 18-September 30, 2020.</p>]]></text>
          <updateDate>2020-08-06T12:08:12Z</updateDate>
          <name>Passed Senate</name>
        </item>
      </billSummaries>
    </summaries>
    <title>A joint resolution requesting the Secretary of the Interior to authorize a unique and 1-time arrangement for certain displays on Mount Rushmore National Memorial relating to the centennial of the ratification of the 19th Amendment to the Constitution of the United States during the period beginning August 18, 2020, and ending on September 30, 2020.</title>
    <titles>
      <item>
        <titleType>Official Title as Introduced</titleType>
        <parentTitleType />
        <title>A joint resolution requesting the Secretary of the Interior to authorize a unique and 1-time arrangement for certain displays on Mount Rushmore National Memorial relating to the centennial of the ratification of the 19th Amendment to the Constitution of the United States during the period beginning August 18, 2020, and ending on September 30, 2020.</title>
        <chamberCode />
        <chamberName />
      </item>
      <item>
        <titleType>Display Title</titleType>
        <parentTitleType />
        <title>A joint resolution requesting the Secretary of the Interior to authorize a unique and 1-time arrangement for certain displays on Mount Rushmore National Memorial relating to the centennial of the ratification of the 19th Amendment to the Constitution of the United States during the period beginning August 18, 2020, and ending on September 30, 2020.</title>
        <chamberCode />
        <chamberName />
      </item>
    </titles>
    <amendments>
      <amendment>
        <number>2637</number>
        <description />
        <purpose>To ensure that the event entitled "LOOK UP TO HER at Mount Rushmore" adheres to certain public health precautions.</purpose>
        <congress>116</congress>
        <type>SAMDT</type>
        <latestAction>
          <actionDate>2020-08-06</actionDate>
          <text>Amendment SA 2637 agreed to in Senate by Unanimous Consent.</text>
        </latestAction>
        <number>2637</number>
        <description />
        <purpose>To ensure that the event entitled "LOOK UP TO HER at Mount Rushmore" adheres to certain public health precautions.</purpose>
        <congress>116</congress>
        <type>SAMDT</type>
        <createDate>2020-08-07T05:01:43Z</createDate>
        <updateDate>2020-12-15T16:29:27Z</updateDate>
        <sponsors>
          <item>
            <bioguideId>T000250</bioguideId>
            <fullName>Sen. Thune, John [R-SD]</fullName>
            <firstName>JOHN</firstName>
            <middleName>R.</middleName>
            <lastName>THUNE</lastName>
            <party>R</party>
            <state>SD</state>
            <identifiers>
              <lisID>1534</lisID>
              <bioguideId>T000250</bioguideId>
              <gpoId>8257</gpoId>
            </identifiers>
          </item>
        </sponsors>
        <cosponsors>
          <totalCount>0</totalCount>
          <currentCount>0</currentCount>
        </cosponsors>
        <titles />
        <proposedDate>2020-08-06T04:00:00Z</proposedDate>
        <submittedDate>2020-08-06T04:00:00Z</submittedDate>
        <chamber>Senate</chamber>
        <amendedBill>
          <congress>116</congress>
          <type>SJRES</type>
          <originChamber>Senate</originChamber>
          <originChamberCode>S</originChamberCode>
          <number>74</number>
          <title>A joint resolution requesting the Secretary of the Interior to authorize a unique and 1-time arrangement for certain displays on Mount Rushmore National Memorial relating to the centennial of the ratification of the 19th Amendment to the Constitution of the United States during the period beginning August 18, 2020, and ending on September 30, 2020.</title>
        </amendedBill>
        <amendedAmendment />
        <amendments>
          <count>0</count>
        </amendments>
        <links />
        <notes />
        <actions>
          <count>6</count>
          <actions>
            <item>
              <actionDate>2020-08-06</actionDate>
              <links />
              <sourceSystem>
                <code>0</code>
                <name>Senate</name>
              </sourceSystem>
              <text>Amendment SA 2637 agreed to in Senate by Unanimous Consent.</text>
              <type>Floor</type>
            </item>
            <item>
              <actionDate>2020-08-06</actionDate>
              <links />
              <sourceSystem>
                <code>0</code>
                <name>Senate</name>
              </sourceSystem>
              <text>Amendment SA 2637 proposed by Senator McConnell for Senator Thune. (consideration: CR S5354; text: CR S5354) To ensure that the event entitled "LOOK UP TO HER at Mount Rushmore" adheres to certain public health precautions.</text>
              <type>Floor</type>
            </item>
            <item>
              <actionDate>2020-08-06</actionDate>
              <links />
              <text />
            </item>
            <item>
              <actionDate>2020-08-06</actionDate>
              <links />
              <text>Senate amendment submitted</text>
              <type>Floor</type>
              <actionCode>91000</actionCode>
              <sourceSystem>
                <code>9</code>
                <name>Library of Congress</name>
              </sourceSystem>
              <committee />
            </item>
            <item>
              <actionDate>2020-08-06</actionDate>
              <links />
              <text>Senate amendment proposed (on the floor): Amendment SA 2637 proposed by Senator McConnell for Senator Thune.</text>
              <type>Floor</type>
              <actionCode>93000</actionCode>
              <sourceSystem>
                <code>9</code>
                <name>Library of Congress</name>
              </sourceSystem>
              <committee />
            </item>
            <item>
              <actionDate>2020-08-06</actionDate>
              <links />
              <text>Senate amendment agreed to: Amendment SA 2637 agreed to in Senate by Unanimous Consent.</text>
              <type>Floor</type>
              <actionCode>94000</actionCode>
              <sourceSystem>
                <code>9</code>
                <name>Library of Congress</name>
              </sourceSystem>
              <committee />
            </item>
          </actions>
          <actionTypeCounts>
            <amendmentAgreedTo>1</amendmentAgreedTo>
            <amendmentProposed>1</amendmentProposed>
            <senateAmendmentSubmitted>1</senateAmendmentSubmitted>
            <senateAmendmentProposedOnTheFloor>1</senateAmendmentProposedOnTheFloor>
            <senateAmendmentAgreedTo>1</senateAmendmentAgreedTo>
          </actionTypeCounts>
          <actionByCounts>
            <senate>5</senate>
          </actionByCounts>
        </actions>
        <version>1.0.0</version>
      </amendment>
    </amendments>
    <textVersions>
      <item>
        <type>Engrossed in Senate</type>
        <date>2020-08-06T04:00:00Z</date>
        <formats>
          <item>
            <url>https://www.govinfo.gov/content/pkg/BILLS-116sjres74es/xml/BILLS-116sjres74es.xml</url>
          </item>
        </formats>
      </item>
      <item>
        <type>Introduced in Senate</type>
        <date>2020-05-21T04:00:00Z</date>
        <formats>
          <item>
            <url>https://www.govinfo.gov/content/pkg/BILLS-116sjres74is/xml/BILLS-116sjres74is.xml</url>
          </item>
        </formats>
      </item>
    </textVersions>
    <latestAction>
      <actionDate>2020-08-14</actionDate>
      <text>Held at the desk.</text>
      <actionTime>14:27:07</actionTime>
      <links />
    </latestAction>
    <calendarNumbers />
    <version>1.0.0</version>
  </bill>
  <dublinCore xmlns:dc="http://purl.org/dc/elements/1.1/">
    <dc:format>text/xml</dc:format>
    <dc:language>EN</dc:language>
    <dc:rights>Pursuant to Title 17 Section 105 of the United States Code, this file is not subject to copyright protection and is in the public domain.</dc:rights>
    <dc:contributor>Congressional Research Service, Library of Congress</dc:contributor>
    <dc:description>This file contains bill summaries and statuses for federal legislation. A bill summary describes the most significant provisions of a piece of legislation and details the effects the legislative text may have on current law and federal programs. Bill summaries are authored by the Congressional Research Service (CRS) of the Library of Congress. As stated in Public Law 91-510 (2 USC 166 (d)(6)), one of the duties of CRS is "to prepare summaries and digests of bills and resolutions of a public general nature introduced in the Senate or House of Representatives". For more information, refer to the User Guide that accompanies this file.</dc:description>
  </dublinCore>
</billStatus>

