<?xml version="1.0" encoding="UTF-8"?>
<billStatus>
  <bill>
    <billNumber>7</billNumber>
    <createDate>2019-01-31T05:40:15Z</createDate>
    <updateDate>2021-07-10T20:21:26Z</updateDate>
    <originChamber>Senate</originChamber>
    <billType>SJRES</billType>
    <introducedDate>2019-01-30</introducedDate>
    <congress>116</congress>
    <recordedVotes>
      <recordedVote>
        <rollNumber>94</rollNumber>
        <url>http://www.senate.gov/legislative/LIS/roll_call_lists/roll_call_vote_cfm.cfm?&amp;congress=116&amp;session=1&amp;vote=00094</url>
        <fullActionName>FAILED OF PASSAGE OVER VETO</fullActionName>
        <chamber>Senate</chamber>
        <congress>116</congress>
        <date>2019-05-02T18:25:55Z</date>
        <sessionNumber>1</sessionNumber>
      </recordedVote>
      <recordedVote>
        <rollNumber>153</rollNumber>
        <url>https://clerk.house.gov/evs/2019/roll153.xml</url>
        <fullActionName>Passage of a Measure</fullActionName>
        <chamber>House</chamber>
        <congress>116</congress>
        <date>2019-04-04T15:47:23Z</date>
        <sessionNumber>1</sessionNumber>
      </recordedVote>
      <recordedVote>
        <rollNumber>152</rollNumber>
        <url>https://clerk.house.gov/evs/2019/roll152.xml</url>
        <fullActionName>Motion to Commit/Recommit With Instructions Results</fullActionName>
        <chamber>House</chamber>
        <congress>116</congress>
        <date>2019-04-04T15:37:52Z</date>
        <sessionNumber>1</sessionNumber>
      </recordedVote>
      <recordedVote>
        <rollNumber>48</rollNumber>
        <url>http://www.senate.gov/legislative/LIS/roll_call_lists/roll_call_vote_cfm.cfm?&amp;congress=116&amp;session=1&amp;vote=00048</url>
        <fullActionName>PASSED SENATE</fullActionName>
        <chamber>Senate</chamber>
        <congress>116</congress>
        <date>2019-03-13T23:04:56Z</date>
        <sessionNumber>1</sessionNumber>
      </recordedVote>
    </recordedVotes>
    <committees>
      <billCommittees>
        <item>
          <systemCode>ssfr00</systemCode>
          <name>Foreign Relations Committee</name>
          <chamber>Senate</chamber>
          <type>Standing</type>
          <subcommittees />
          <activities>
            <item>
              <name>Discharged from</name>
              <date>2019-03-13T20:21:06Z</date>
            </item>
            <item>
              <name>Referred to</name>
              <date>2019-01-30T18:46:34Z</date>
            </item>
          </activities>
        </item>
      </billCommittees>
    </committees>
    <committeeReports />
    <relatedBills>
      <item>
        <latestTitle>Department of Defense Appropriations Act, 2020</latestTitle>
        <congress>116</congress>
        <number>2968</number>
        <type>HR</type>
        <latestAction>
          <actionDate>2019-05-23</actionDate>
          <text>Placed on the Union Calendar, Calendar No. 59.</text>
        </latestAction>
        <relationshipDetails>
          <item>
            <type>Related bill</type>
            <identifiedBy>CRS</identifiedBy>
          </item>
        </relationshipDetails>
      </item>
      <item>
        <latestTitle>Directing the removal of United States Armed Forces from hostilities in the Republic of Yemen that have not been authorized by Congress.</latestTitle>
        <congress>116</congress>
        <number>37</number>
        <type>HJRES</type>
        <latestAction>
          <actionDate>2019-02-14</actionDate>
          <text>Received in the Senate and Read twice and referred to the Committee on Foreign Relations.</text>
        </latestAction>
        <relationshipDetails>
          <item>
            <type>Related bill</type>
            <identifiedBy>CRS</identifiedBy>
          </item>
          <item>
            <type>Related bill</type>
            <identifiedBy>House</identifiedBy>
          </item>
        </relationshipDetails>
      </item>
      <item>
        <latestTitle>Labor, Health and Human Services, Education, Defense, State, Foreign Operations, and Energy and Water Development Appropriations Act, 2020</latestTitle>
        <congress>116</congress>
        <number>2740</number>
        <type>HR</type>
        <latestAction>
          <actionDate>2019-10-31</actionDate>
          <text>Motion by Senator McConnell to reconsider the vote by which the third cloture on the motion to proceed to H.R. 2740 was not invoked (Record Vote No. 342) entered in Senate.</text>
        </latestAction>
        <relationshipDetails>
          <item>
            <type>Related bill</type>
            <identifiedBy>CRS</identifiedBy>
          </item>
        </relationshipDetails>
      </item>
      <item>
        <latestTitle>Providing for consideration of the joint resolution (S.J. Res. 7) to direct the removal of United States Armed Forces from hostilities in the Republic of Yemen that have not been authorized by Congress; providing for consideration of the resolution (H. Res. 271) Condemning the Trump Administration's Legal Campaign to Take Away Americans' Health Care; and providing for consideration of motions to suspend the rules.</latestTitle>
        <congress>116</congress>
        <number>274</number>
        <type>HRES</type>
        <latestAction>
          <actionDate>2019-04-02</actionDate>
          <text>Motion to reconsider laid on the table Agreed to without objection.</text>
          <actionTime>13:54:33</actionTime>
        </latestAction>
        <relationshipDetails>
          <item>
            <type>Procedurally-related</type>
            <identifiedBy>House</identifiedBy>
          </item>
          <item>
            <type>Procedurally-related</type>
            <identifiedBy>House</identifiedBy>
          </item>
        </relationshipDetails>
      </item>
    </relatedBills>
    <actions>
      <item>
        <actionDate>2019-05-02</actionDate>
        <committees />
        <links />
        <sourceSystem>
          <code>0</code>
          <name>Senate</name>
        </sourceSystem>
        <text>Failed of passage in Senate over veto by Yea-Nay Vote. 53 - 45. Record Vote Number: 94.</text>
        <type>Veto</type>
      </item>
      <item>
        <actionDate>2019-05-02</actionDate>
        <links />
        <text>Failed of passage in Senate over veto: Failed of passage in Senate over veto by Yea-Nay Vote. 53 - 45. Record Vote Number: 94.</text>
        <type>Veto</type>
        <actionCode>35000</actionCode>
        <sourceSystem>
          <code>9</code>
          <name>Library of Congress</name>
        </sourceSystem>
        <committees />
      </item>
      <item>
        <actionDate>2019-05-02</actionDate>
        <committees />
        <links />
        <sourceSystem>
          <code>0</code>
          <name>Senate</name>
        </sourceSystem>
        <text>Veto Message considered in Senate.</text>
        <type>Veto</type>
      </item>
      <item>
        <actionDate>2019-04-29</actionDate>
        <committees />
        <links />
        <sourceSystem>
          <code>0</code>
          <name>Senate</name>
        </sourceSystem>
        <text>Veto message received in Senate. Ordered held at the desk.</text>
        <type>Veto</type>
      </item>
      <item>
        <actionDate>2019-04-16</actionDate>
        <links />
        <text>Vetoed by President.</text>
        <type>President</type>
        <actionCode>E30000</actionCode>
        <sourceSystem>
          <code>2</code>
          <name>House floor actions</name>
        </sourceSystem>
        <committees />
      </item>
      <item>
        <actionDate>2019-04-16</actionDate>
        <links />
        <text>Vetoed by President.</text>
        <type>President</type>
        <actionCode>31000</actionCode>
        <sourceSystem>
          <code>9</code>
          <name>Library of Congress</name>
        </sourceSystem>
        <committees />
      </item>
      <item>
        <actionDate>2019-04-16</actionDate>
        <links />
        <text>Presented to President.</text>
        <type>Floor</type>
        <actionCode>E20000</actionCode>
        <sourceSystem>
          <code>2</code>
          <name>House floor actions</name>
        </sourceSystem>
        <committees />
      </item>
      <item>
        <actionDate>2019-04-16</actionDate>
        <links />
        <text>Presented to President.</text>
        <type>President</type>
        <actionCode>28000</actionCode>
        <sourceSystem>
          <code>9</code>
          <name>Library of Congress</name>
        </sourceSystem>
        <committees />
      </item>
      <item>
        <actionDate>2019-04-04</actionDate>
        <actionTime>11:47:25</actionTime>
        <links />
        <text>Motion to reconsider laid on the table Agreed to without objection.</text>
        <type>Floor</type>
        <actionCode>H38310</actionCode>
        <sourceSystem>
          <code>2</code>
          <name>House floor actions</name>
        </sourceSystem>
        <committees />
      </item>
      <item>
        <actionDate>2019-04-04</actionDate>
        <actionTime>11:47:23</actionTime>
        <links />
        <text>On passage Passed by recorded vote: 247 - 175, 1 Present (Roll no. 153). (text: CR H3075-3076)</text>
        <type>Floor</type>
        <actionCode>H37100</actionCode>
        <sourceSystem>
          <code>2</code>
          <name>House floor actions</name>
        </sourceSystem>
        <committees />
      </item>
      <item>
        <actionDate>2019-04-04</actionDate>
        <actionTime>11:47:23</actionTime>
        <links />
        <text>Passed/agreed to in House: On passage Passed by recorded vote: 247 - 175, 1 Present (Roll no. 153).(text: CR H3075-3076)</text>
        <type>Floor</type>
        <actionCode>8000</actionCode>
        <sourceSystem>
          <code>9</code>
          <name>Library of Congress</name>
        </sourceSystem>
        <committees />
      </item>
      <item>
        <actionDate>2019-04-04</actionDate>
        <actionTime>11:37:52</actionTime>
        <links />
        <text>On motion to commit with instructions Failed by recorded vote: 194 - 228, 1 Present (Roll no. 152).</text>
        <type>Floor</type>
        <actionCode>H36110</actionCode>
        <sourceSystem>
          <code>2</code>
          <name>House floor actions</name>
        </sourceSystem>
        <committees>
          <item>
            <systemCode>hsfa00</systemCode>
            <name>Foreign Affairs Committee</name>
          </item>
        </committees>
      </item>
      <item>
        <actionDate>2019-04-04</actionDate>
        <actionTime>11:30:28</actionTime>
        <links />
        <text>The previous question on the motion to commit with instructions was ordered without objection.</text>
        <type>Floor</type>
        <actionCode>H8A000</actionCode>
        <sourceSystem>
          <code>2</code>
          <name>House floor actions</name>
        </sourceSystem>
        <committees />
      </item>
      <item>
        <actionDate>2019-04-04</actionDate>
        <actionTime>11:17:29</actionTime>
        <links />
        <text>DEBATE - The House proceeded with 10 minutes of debate on the McCaul motion to commit with instructions. The instructions contained in the motion seek to report to the House an amendment adding a new paragraph after section 1 pertaining to the national security interest of the United States to condemn and oppose the Global Boycott, Divestment, and Sanctions Movement targeting Israel, including efforts to target United States companies that are engaged in commercial activities that are legal under United States law.</text>
        <type>Floor</type>
        <actionCode>H8D000</actionCode>
        <sourceSystem>
          <code>2</code>
          <name>House floor actions</name>
        </sourceSystem>
        <committees />
      </item>
      <item>
        <actionDate>2019-04-04</actionDate>
        <actionTime>11:17:13</actionTime>
        <links />
        <text>Mr. McCaul moved to commit with instructions to the Committee on Foreign Affairs. (text: CR H3081)</text>
        <type>Floor</type>
        <actionCode>H36100</actionCode>
        <sourceSystem>
          <code>2</code>
          <name>House floor actions</name>
        </sourceSystem>
        <committees>
          <item>
            <systemCode>hsfa00</systemCode>
            <name>Foreign Affairs Committee</name>
          </item>
        </committees>
      </item>
      <item>
        <actionDate>2019-04-04</actionDate>
        <actionTime>11:15:32</actionTime>
        <links />
        <text>Pursuant to clause 1(c) of rule 19, the House resumed consideration of S.J.Res. 7. (consideration: CR H3081-3083)</text>
        <type>Floor</type>
        <actionCode>H8D000</actionCode>
        <sourceSystem>
          <code>2</code>
          <name>House floor actions</name>
        </sourceSystem>
        <committees />
      </item>
      <item>
        <actionDate>2019-04-04</actionDate>
        <actionTime>10:18:15</actionTime>
        <links />
        <text>POSTPONED PROCEEDINGS - At the conclusion of debate on S.J. Res 7, the Chair postponed proceedings pursuant to clause 1(c) of rule 19.</text>
        <type>Floor</type>
        <actionCode>H8D000</actionCode>
        <sourceSystem>
          <code>2</code>
          <name>House floor actions</name>
        </sourceSystem>
        <committees />
      </item>
      <item>
        <actionDate>2019-04-04</actionDate>
        <actionTime>10:18:14</actionTime>
        <links />
        <text>The previous question was ordered pursuant to the rule.</text>
        <type>Floor</type>
        <actionCode>H35000</actionCode>
        <sourceSystem>
          <code>2</code>
          <name>House floor actions</name>
        </sourceSystem>
        <committees />
      </item>
      <item>
        <actionDate>2019-04-04</actionDate>
        <actionTime>09:45:28</actionTime>
        <links />
        <text>DEBATE - The House proceeded with one hour of debate on S.J. Res. 7.</text>
        <type>Floor</type>
        <actionCode>H8D000</actionCode>
        <sourceSystem>
          <code>2</code>
          <name>House floor actions</name>
        </sourceSystem>
        <committees />
      </item>
      <item>
        <actionDate>2019-04-04</actionDate>
        <actionTime>09:43:32</actionTime>
        <links />
        <text>Rule provides for consideration of S.J. Res. 7 and H. Res. 271. Rule provides for the previous question to be considered as ordered without intervening motions for both measures except for one hour of debate; one motion to recommit S.J. Res. 7 is allowed. It shall be in order at any time on the legislative day of April 4, 2019 for the Speaker to entertain motions that the House suspend the rules.</text>
        <type>Floor</type>
        <actionCode>H8D000</actionCode>
        <sourceSystem>
          <code>2</code>
          <name>House floor actions</name>
        </sourceSystem>
        <committees />
      </item>
      <item>
        <actionDate>2019-04-04</actionDate>
        <actionTime>09:43:27</actionTime>
        <links />
        <text>Considered under the provisions of rule H. Res. 274. (consideration: CR H3075-3080)</text>
        <type>Floor</type>
        <actionCode>H30000</actionCode>
        <sourceSystem>
          <code>2</code>
          <name>House floor actions</name>
        </sourceSystem>
        <committees />
      </item>
      <item>
        <actionDate>2019-04-01</actionDate>
        <actionTime>19:27:36</actionTime>
        <links />
        <text>Rules Committee Resolution H. Res. 274 Reported to House. Rule provides for consideration of S.J. Res. 7 and H. Res. 271. Rule provides for the previous question to be considered as ordered without intervening motions for both measures except for one hour of debate; one motion to recommit S.J. Res. 7 is allowed. It shall be in order at any time on the legislative day of April 4, 2019 for the Speaker to entertain motions that the House suspend the rules.</text>
        <type>Floor</type>
        <actionCode>H1L210</actionCode>
        <sourceSystem>
          <code>2</code>
          <name>House floor actions</name>
        </sourceSystem>
        <committees />
      </item>
      <item>
        <actionDate>2019-03-18</actionDate>
        <actionTime>12:51:36</actionTime>
        <links />
        <text>Held at the desk.</text>
        <type>Floor</type>
        <actionCode>H15000</actionCode>
        <sourceSystem>
          <code>2</code>
          <name>House floor actions</name>
        </sourceSystem>
        <committees />
      </item>
      <item>
        <actionDate>2019-03-18</actionDate>
        <actionTime>12:02:36</actionTime>
        <links />
        <text>Received in the House.</text>
        <type>Floor</type>
        <actionCode>H14000</actionCode>
        <sourceSystem>
          <code>2</code>
          <name>House floor actions</name>
        </sourceSystem>
        <committees />
      </item>
      <item>
        <actionDate>2019-03-14</actionDate>
        <committees />
        <links />
        <sourceSystem>
          <code>0</code>
          <name>Senate</name>
        </sourceSystem>
        <text>Message on Senate action sent to the House.</text>
        <type>Floor</type>
      </item>
      <item>
        <actionDate>2019-03-13</actionDate>
        <committees />
        <links />
        <sourceSystem>
          <code>0</code>
          <name>Senate</name>
        </sourceSystem>
        <text>Passed Senate with amendments by Yea-Nay Vote. 54 - 46. Record Vote Number: 48. (text: CR S1835-1836)</text>
        <type>Floor</type>
      </item>
      <item>
        <actionDate>2019-03-13</actionDate>
        <links />
        <text>Passed/agreed to in Senate: Passed Senate with amendments by Yea-Nay Vote. 54 - 46. Record Vote Number: 48.(text: CR S1835-1836)</text>
        <type>Floor</type>
        <actionCode>17000</actionCode>
        <sourceSystem>
          <code>9</code>
          <name>Library of Congress</name>
        </sourceSystem>
        <committees />
      </item>
      <item>
        <actionDate>2019-03-13</actionDate>
        <committees />
        <links />
        <sourceSystem>
          <code>0</code>
          <name>Senate</name>
        </sourceSystem>
        <text>Measure laid before Senate by unanimous consent. (consideration: CR S1829-1836)</text>
        <type>Floor</type>
      </item>
      <item>
        <actionDate>2019-03-13</actionDate>
        <committees>
          <item>
            <systemCode>ssfr00</systemCode>
            <name>Foreign Relations Committee</name>
          </item>
        </committees>
        <links />
        <sourceSystem>
          <code>0</code>
          <name>Senate</name>
        </sourceSystem>
        <text>Senate Committee on Foreign Relations discharged by Unanimous Consent.</text>
        <type>Discharge</type>
      </item>
      <item>
        <actionDate>2019-03-13</actionDate>
        <links />
        <text>Senate Committee on Foreign Relations discharged by Unanimous Consent.</text>
        <type>Committee</type>
        <actionCode>14500</actionCode>
        <sourceSystem>
          <code>9</code>
          <name>Library of Congress</name>
        </sourceSystem>
        <committees>
          <item>
            <systemCode>ssfr00</systemCode>
            <name>Foreign Relations Committee</name>
          </item>
        </committees>
      </item>
      <item>
        <actionDate>2019-01-30</actionDate>
        <committees>
          <item>
            <systemCode>ssfr00</systemCode>
            <name>Foreign Relations Committee</name>
          </item>
        </committees>
        <links />
        <sourceSystem>
          <code>0</code>
          <name>Senate</name>
        </sourceSystem>
        <text>Read twice and referred to the Committee on Foreign Relations.</text>
        <type>IntroReferral</type>
      </item>
      <item>
        <actionDate>2019-01-30</actionDate>
        <links />
        <text>Introduced in Senate</text>
        <type>IntroReferral</type>
        <actionCode>10000</actionCode>
        <sourceSystem>
          <code>9</code>
          <name>Library of Congress</name>
        </sourceSystem>
        <committees />
      </item>
      <actionTypeCounts>
        <failedOfPassageOverVeto>1</failedOfPassageOverVeto>
        <failedOfPassageInSenateOverVeto>1</failedOfPassageInSenateOverVeto>
        <vetoMessageConsidered>1</vetoMessageConsidered>
        <vetoMessageHeld>1</vetoMessageHeld>
        <signedByPresidentOrSentToArchivistOfTheUnitedStatesUnsignedOrVetoedByPresidentOrPocketVetoedByPresident>1</signedByPresidentOrSentToArchivistOfTheUnitedStatesUnsignedOrVetoedByPresidentOrPocketVetoedByPresident>
        <vetoedByPresident>1</vetoedByPresident>
        <presentedToPresident>2</presentedToPresident>
        <motionToReconsiderResults>1</motionToReconsiderResults>
        <passageOfAMeasure>1</passageOfAMeasure>
        <passedAgreedToInHouse>1</passedAgreedToInHouse>
        <motionToCommitRecommitWithInstructionsResults>1</motionToCommitRecommitWithInstructionsResults>
        <placeholderTextForHA>1</placeholderTextForHA>
        <generalDebate>5</generalDebate>
        <motionToCommitRecommitWithInstructionsOffered>1</motionToCommitRecommitWithInstructionsOffered>
        <motionForPreviousQuestion>1</motionForPreviousQuestion>
        <considerationByHouse>1</considerationByHouse>
        <ruleForConsiderationOfBillReportedToHouse>1</ruleForConsiderationOfBillReportedToHouse>
        <heldAtTheDesk>1</heldAtTheDesk>
        <receivedInTheHouse>1</receivedInTheHouse>
        <sentToHouse>1</sentToHouse>
        <passedSenate>1</passedSenate>
        <passedAgreedToInSenate>1</passedAgreedToInSenate>
        <measureLaidBeforeSenate>1</measureLaidBeforeSenate>
        <committeeDischarged>1</committeeDischarged>
        <senateCommitteeDischarged>1</senateCommitteeDischarged>
        <referredToCommittee>1</referredToCommittee>
        <introducedInSenate>1</introducedInSenate>
      </actionTypeCounts>
      <actionByCounts>
        <senate>12</senate>
        <houseOfRepresentatives>16</houseOfRepresentatives>
      </actionByCounts>
    </actions>
    <sponsors>
      <item>
        <bioguideId>S000033</bioguideId>
        <fullName>Sen. Sanders, Bernard [I-VT]</fullName>
        <firstName>Bernard</firstName>
        <middleName />
        <lastName>Sanders</lastName>
        <party>I</party>
        <state>VT</state>
        <identifiers>
          <lisID>1010</lisID>
          <bioguideId>S000033</bioguideId>
          <gpoId>8270</gpoId>
        </identifiers>
        <byRequestType />
      </item>
    </sponsors>
    <cosponsors>
      <item>
        <bioguideId>L000577</bioguideId>
        <fullName>Sen. Lee, Mike [R-UT]</fullName>
        <firstName>Mike</firstName>
        <middleName />
        <lastName>Lee</lastName>
        <party>R</party>
        <state>UT</state>
        <identifiers>
          <lisID>2080</lisID>
          <bioguideId>L000577</bioguideId>
          <gpoId>8303</gpoId>
        </identifiers>
        <sponsorshipDate>2019-01-30</sponsorshipDate>
        <isOriginalCosponsor>True</isOriginalCosponsor>
        <sponsorshipWithdrawnDate />
      </item>
      <item>
        <bioguideId>M001169</bioguideId>
        <fullName>Sen. Murphy, Christopher [D-CT]</fullName>
        <firstName>Christopher</firstName>
        <middleName />
        <lastName>Murphy</lastName>
        <party>D</party>
        <state>CT</state>
        <identifiers>
          <lisID>1837</lisID>
          <bioguideId>M001169</bioguideId>
          <gpoId>7870</gpoId>
        </identifiers>
        <sponsorshipDate>2019-01-30</sponsorshipDate>
        <isOriginalCosponsor>True</isOriginalCosponsor>
        <sponsorshipWithdrawnDate />
      </item>
      <item>
        <bioguideId>B001288</bioguideId>
        <fullName>Sen. Booker, Cory A. [D-NJ]</fullName>
        <firstName>Cory</firstName>
        <middleName>A.</middleName>
        <lastName>Booker</lastName>
        <party>D</party>
        <state>NJ</state>
        <identifiers>
          <lisID>2194</lisID>
          <bioguideId>B001288</bioguideId>
          <gpoId />
        </identifiers>
        <sponsorshipDate>2019-02-04</sponsorshipDate>
        <isOriginalCosponsor>False</isOriginalCosponsor>
        <sponsorshipWithdrawnDate />
      </item>
      <item>
        <bioguideId>D000563</bioguideId>
        <fullName>Sen. Durbin, Richard J. [D-IL]</fullName>
        <firstName>RICHARD</firstName>
        <middleName>J.</middleName>
        <lastName>DURBIN</lastName>
        <party>D</party>
        <state>IL</state>
        <identifiers>
          <lisID>326</lisID>
          <bioguideId>D000563</bioguideId>
          <gpoId>8326</gpoId>
        </identifiers>
        <sponsorshipDate>2019-02-04</sponsorshipDate>
        <isOriginalCosponsor>False</isOriginalCosponsor>
        <sponsorshipWithdrawnDate />
      </item>
      <item>
        <bioguideId>W000817</bioguideId>
        <fullName>Sen. Warren, Elizabeth [D-MA]</fullName>
        <firstName>Elizabeth</firstName>
        <middleName>A.</middleName>
        <lastName>Warren</lastName>
        <party>D</party>
        <state>MA</state>
        <identifiers>
          <lisID>2182</lisID>
          <bioguideId>W000817</bioguideId>
          <gpoId />
        </identifiers>
        <sponsorshipDate>2019-02-04</sponsorshipDate>
        <isOriginalCosponsor>False</isOriginalCosponsor>
        <sponsorshipWithdrawnDate />
      </item>
      <item>
        <bioguideId>M000133</bioguideId>
        <fullName>Sen. Markey, Edward J. [D-MA]</fullName>
        <firstName>EDWARD</firstName>
        <middleName>J.</middleName>
        <lastName>MARKEY</lastName>
        <party>D</party>
        <state>MA</state>
        <identifiers>
          <lisID>735</lisID>
          <bioguideId>M000133</bioguideId>
          <gpoId>7972</gpoId>
        </identifiers>
        <sponsorshipDate>2019-02-04</sponsorshipDate>
        <isOriginalCosponsor>False</isOriginalCosponsor>
        <sponsorshipWithdrawnDate />
      </item>
      <item>
        <bioguideId>L000174</bioguideId>
        <fullName>Sen. Leahy, Patrick J. [D-VT]</fullName>
        <firstName>PATRICK</firstName>
        <middleName>JOSEPH</middleName>
        <lastName>LEAHY</lastName>
        <party>D</party>
        <state>VT</state>
        <identifiers>
          <lisID>1383</lisID>
          <bioguideId>L000174</bioguideId>
          <gpoId>8244</gpoId>
        </identifiers>
        <sponsorshipDate>2019-02-04</sponsorshipDate>
        <isOriginalCosponsor>False</isOriginalCosponsor>
        <sponsorshipWithdrawnDate />
      </item>
      <item>
        <bioguideId>F000062</bioguideId>
        <fullName>Sen. Feinstein, Dianne [D-CA]</fullName>
        <firstName>DIANNE</firstName>
        <middleName />
        <lastName>FEINSTEIN</lastName>
        <party>D</party>
        <state>CA</state>
        <identifiers>
          <lisID>1332</lisID>
          <bioguideId>F000062</bioguideId>
          <gpoId>8338</gpoId>
        </identifiers>
        <sponsorshipDate>2019-02-04</sponsorshipDate>
        <isOriginalCosponsor>False</isOriginalCosponsor>
        <sponsorshipWithdrawnDate />
      </item>
      <item>
        <bioguideId>W000779</bioguideId>
        <fullName>Sen. Wyden, Ron [D-OR]</fullName>
        <firstName>RON</firstName>
        <middleName />
        <lastName>WYDEN</lastName>
        <party>D</party>
        <state>OR</state>
        <identifiers>
          <lisID>1247</lisID>
          <bioguideId>W000779</bioguideId>
          <gpoId>8265</gpoId>
        </identifiers>
        <sponsorshipDate>2019-02-04</sponsorshipDate>
        <isOriginalCosponsor>False</isOriginalCosponsor>
        <sponsorshipWithdrawnDate />
      </item>
      <item>
        <bioguideId>B001277</bioguideId>
        <fullName>Sen. Blumenthal, Richard [D-CT]</fullName>
        <firstName>Richard</firstName>
        <middleName />
        <lastName>Blumenthal</lastName>
        <party>D</party>
        <state>CT</state>
        <identifiers>
          <lisID>2076</lisID>
          <bioguideId>B001277</bioguideId>
          <gpoId>8332</gpoId>
        </identifiers>
        <sponsorshipDate>2019-02-04</sponsorshipDate>
        <isOriginalCosponsor>False</isOriginalCosponsor>
        <sponsorshipWithdrawnDate />
      </item>
      <item>
        <bioguideId>G000555</bioguideId>
        <fullName>Sen. Gillibrand, Kirsten E. [D-NY]</fullName>
        <firstName>Kirsten</firstName>
        <middleName>E.</middleName>
        <lastName>Gillibrand</lastName>
        <party>D</party>
        <state>NY</state>
        <identifiers>
          <lisID>1866</lisID>
          <bioguideId>G000555</bioguideId>
          <gpoId>8336</gpoId>
        </identifiers>
        <sponsorshipDate>2019-02-04</sponsorshipDate>
        <isOriginalCosponsor>False</isOriginalCosponsor>
        <sponsorshipWithdrawnDate />
      </item>
      <item>
        <bioguideId>B001230</bioguideId>
        <fullName>Sen. Baldwin, Tammy [D-WI]</fullName>
        <firstName>Tammy</firstName>
        <middleName />
        <lastName>Baldwin</lastName>
        <party>D</party>
        <state>WI</state>
        <identifiers>
          <lisID>1558</lisID>
          <bioguideId>B001230</bioguideId>
          <gpoId>8215</gpoId>
        </identifiers>
        <sponsorshipDate>2019-02-04</sponsorshipDate>
        <isOriginalCosponsor>False</isOriginalCosponsor>
        <sponsorshipWithdrawnDate />
      </item>
      <item>
        <bioguideId>M001176</bioguideId>
        <fullName>Sen. Merkley, Jeff [D-OR]</fullName>
        <firstName>Jeff</firstName>
        <middleName />
        <lastName>Merkley</lastName>
        <party>D</party>
        <state>OR</state>
        <identifiers>
          <lisID>1900</lisID>
          <bioguideId>M001176</bioguideId>
          <gpoId>8238</gpoId>
        </identifiers>
        <sponsorshipDate>2019-02-04</sponsorshipDate>
        <isOriginalCosponsor>False</isOriginalCosponsor>
        <sponsorshipWithdrawnDate />
      </item>
      <item>
        <bioguideId>K000384</bioguideId>
        <fullName>Sen. Kaine, Tim [D-VA]</fullName>
        <firstName>Timothy</firstName>
        <middleName />
        <lastName>Kaine</lastName>
        <party>D</party>
        <state>VA</state>
        <identifiers>
          <lisID>2176</lisID>
          <bioguideId>K000384</bioguideId>
          <gpoId />
        </identifiers>
        <sponsorshipDate>2019-02-04</sponsorshipDate>
        <isOriginalCosponsor>False</isOriginalCosponsor>
        <sponsorshipWithdrawnDate />
      </item>
      <item>
        <bioguideId>H001075</bioguideId>
        <fullName>Sen. Harris, Kamala D. [D-CA]</fullName>
        <firstName>Kamala</firstName>
        <middleName>D.</middleName>
        <lastName>Harris</lastName>
        <party>D</party>
        <state>CA</state>
        <identifiers>
          <lisID>2301</lisID>
          <bioguideId>H001075</bioguideId>
          <gpoId />
        </identifiers>
        <sponsorshipDate>2019-02-04</sponsorshipDate>
        <isOriginalCosponsor>False</isOriginalCosponsor>
        <sponsorshipWithdrawnDate />
      </item>
      <item>
        <bioguideId>B000944</bioguideId>
        <fullName>Sen. Brown, Sherrod [D-OH]</fullName>
        <firstName>Sherrod</firstName>
        <middleName />
        <lastName>Brown</lastName>
        <party>D</party>
        <state>OH</state>
        <identifiers>
          <lisID>136</lisID>
          <bioguideId>B000944</bioguideId>
          <gpoId>8309</gpoId>
        </identifiers>
        <sponsorshipDate>2019-02-04</sponsorshipDate>
        <isOriginalCosponsor>False</isOriginalCosponsor>
        <sponsorshipWithdrawnDate />
      </item>
      <item>
        <bioguideId>P000595</bioguideId>
        <fullName>Sen. Peters, Gary C. [D-MI]</fullName>
        <firstName>Gary</firstName>
        <middleName>C.</middleName>
        <lastName>Peters</lastName>
        <party>D</party>
        <state>MI</state>
        <identifiers>
          <lisID>1929</lisID>
          <bioguideId>P000595</bioguideId>
          <gpoId>7994</gpoId>
        </identifiers>
        <sponsorshipDate>2019-02-04</sponsorshipDate>
        <isOriginalCosponsor>False</isOriginalCosponsor>
        <sponsorshipWithdrawnDate />
      </item>
      <item>
        <bioguideId>K000367</bioguideId>
        <fullName>Sen. Klobuchar, Amy [D-MN]</fullName>
        <firstName>Amy</firstName>
        <middleName />
        <lastName>Klobuchar</lastName>
        <party>D</party>
        <state>MN</state>
        <identifiers>
          <lisID>1826</lisID>
          <bioguideId>K000367</bioguideId>
          <gpoId>8249</gpoId>
        </identifiers>
        <sponsorshipDate>2019-02-26</sponsorshipDate>
        <isOriginalCosponsor>False</isOriginalCosponsor>
        <sponsorshipWithdrawnDate />
      </item>
      <item>
        <bioguideId>S001194</bioguideId>
        <fullName>Sen. Schatz, Brian [D-HI]</fullName>
        <firstName>Brian</firstName>
        <middleName />
        <lastName>Schatz</lastName>
        <party>D</party>
        <state>HI</state>
        <identifiers>
          <lisID>2173</lisID>
          <bioguideId>S001194</bioguideId>
          <gpoId />
        </identifiers>
        <sponsorshipDate>2019-03-13</sponsorshipDate>
        <isOriginalCosponsor>False</isOriginalCosponsor>
        <sponsorshipWithdrawnDate />
      </item>
    </cosponsors>
    <cboCostEstimates />
    <laws />
    <notes />
    <policyArea>
      <name>International Affairs</name>
    </policyArea>
    <subjects>
      <billSubjects>
        <legislativeSubjects>
          <item>
            <name>Conflicts and wars</name>
          </item>
          <item>
            <name>Congressional oversight</name>
          </item>
          <item>
            <name>Diplomacy, foreign officials, Americans abroad</name>
          </item>
          <item>
            <name>Foreign aid and international relief</name>
          </item>
          <item>
            <name>Intelligence activities, surveillance, classified information</name>
          </item>
          <item>
            <name>Israel</name>
          </item>
          <item>
            <name>Middle East</name>
          </item>
          <item>
            <name>Military assistance, sales, and agreements</name>
          </item>
          <item>
            <name>Military operations and strategy</name>
          </item>
          <item>
            <name>Presidents and presidential powers, Vice Presidents</name>
          </item>
          <item>
            <name>Saudi Arabia</name>
          </item>
          <item>
            <name>Terrorism</name>
          </item>
          <item>
            <name>War and emergency powers</name>
          </item>
          <item>
            <name>Yemen</name>
          </item>
        </legislativeSubjects>
        <policyArea>
          <name>International Affairs</name>
        </policyArea>
      </billSubjects>
    </subjects>
    <summaries>
      <billSummaries>
        <item>
          <versionCode>00</versionCode>
          <actionDate>2019-01-30</actionDate>
          <actionDesc>Introduced in Senate</actionDesc>
          <lastSummaryUpdateDate>2019-03-13T14:04:37Z</lastSummaryUpdateDate>
          <text><![CDATA[<p>This joint resolution directs the President to remove U.S. Armed Forces from hostilities in or affecting Yemen within 30 days unless Congress authorizes a later withdrawal date, issues a declaration of war, or specifically authorizes the use of the Armed Forces. Prohibited activites include providing in-flight fueling for non-U.S. aircraft conducting missions as part of the conflict in Yemen. This joint resolution shall not affect any military operations&nbsp;directed at Al Qaeda.</p> <p>The President must&nbsp;submit to Congress, within 90 days, reports assessing the risks that would be posed (1)&nbsp;if the United States were to cease supporting operations with respect to the conflict in Yemen, and (2)&nbsp;if Saudi Arabia were to cease sharing Yemen-related intelligence with the United States. </p>]]></text>
          <updateDate>2019-01-30T05:00:00Z</updateDate>
          <name>Introduced in Senate</name>
        </item>
        <item>
          <versionCode>55</versionCode>
          <actionDate>2019-03-13</actionDate>
          <actionDesc>Passed Senate</actionDesc>
          <lastSummaryUpdateDate>2019-04-04T16:03:57Z</lastSummaryUpdateDate>
          <text><![CDATA[<p>This joint resolution directs the President to remove U.S. Armed Forces from hostilities in or affecting Yemen within 30 days unless Congress authorizes a later withdrawal date, issues a declaration of war, or specifically authorizes the use of the Armed Forces. Prohibited activities include providing in-flight fueling for non-U.S. aircraft conducting missions as part of the conflict in Yemen. This joint resolution shall not affect any military operations&nbsp;directed at Al Qaeda.</p> <p>The President must&nbsp;submit to Congress, within 90 days, reports assessing the risks that would be posed (1)&nbsp;if the United States were to cease supporting operations with respect to the conflict in Yemen, and (2)&nbsp;if Saudi Arabia were to cease sharing Yemen-related intelligence with the United States. </p>]]></text>
          <updateDate>2019-03-13T12:09:59Z</updateDate>
          <name>Passed Senate</name>
        </item>
        <item>
          <versionCode>53</versionCode>
          <actionDate>2019-04-04</actionDate>
          <actionDesc>Passed House</actionDesc>
          <lastSummaryUpdateDate>2019-07-26T20:20:17Z</lastSummaryUpdateDate>
          <text><![CDATA[<p>This joint resolution directs the President to remove U.S. Armed Forces from hostilities in or affecting Yemen within 30 days unless Congress authorizes a later withdrawal date, issues a declaration of war, or specifically authorizes the use of the Armed Forces. Prohibited activities include providing in-flight fueling for non-U.S. aircraft conducting missions as part of the conflict in Yemen. This joint resolution shall not affect any military operations&nbsp;directed at Al Qaeda.</p> <p>The President must&nbsp;submit to Congress, within 90 days, reports assessing the risks that would be posed (1)&nbsp;if the United States were to cease supporting operations with respect to the conflict in Yemen, and (2)&nbsp;if Saudi Arabia were to cease sharing Yemen-related intelligence with the United States. </p>]]></text>
          <updateDate>2019-04-04T13:31:49Z</updateDate>
          <name>Passed House</name>
        </item>
      </billSummaries>
    </summaries>
    <title>A joint resolution to direct the removal of United States Armed Forces from hostilities in the Republic of Yemen that have not been authorized by Congress.</title>
    <titles>
      <item>
        <titleType>Official Title as Introduced</titleType>
        <parentTitleType />
        <title>A joint resolution to direct the removal of United States Armed Forces from hostilities in the Republic of Yemen that have not been authorized by Congress.</title>
        <chamberCode />
        <chamberName />
      </item>
      <item>
        <titleType>Display Title</titleType>
        <parentTitleType />
        <title>A joint resolution to direct the removal of United States Armed Forces from hostilities in the Republic of Yemen that have not been authorized by Congress.</title>
        <chamberCode />
        <chamberName />
      </item>
    </titles>
    <amendments>
      <amendment>
        <number>199</number>
        <description />
        <purpose />
        <congress>116</congress>
        <type>SAMDT</type>
        <latestAction />
        <number>199</number>
        <description />
        <purpose />
        <congress>116</congress>
        <type>SAMDT</type>
        <createDate>2019-03-14T04:46:06Z</createDate>
        <updateDate>2020-12-15T15:29:44Z</updateDate>
        <sponsors>
          <item>
            <bioguideId>V000128</bioguideId>
            <fullName>Sen. Van Hollen, Chris [D-MD]</fullName>
            <firstName>Chris</firstName>
            <middleName />
            <lastName>Van Hollen</lastName>
            <party>D</party>
            <state>MD</state>
            <identifiers>
              <lisID>1729</lisID>
              <bioguideId>V000128</bioguideId>
              <gpoId>7983</gpoId>
            </identifiers>
          </item>
        </sponsors>
        <cosponsors>
          <totalCount>0</totalCount>
          <currentCount>0</currentCount>
        </cosponsors>
        <titles />
        <proposedDate />
        <submittedDate>2019-03-13T04:00:00Z</submittedDate>
        <chamber>Senate</chamber>
        <amendedBill>
          <congress>116</congress>
          <type>SJRES</type>
          <originChamber>Senate</originChamber>
          <originChamberCode>S</originChamberCode>
          <number>7</number>
          <title>A joint resolution to direct the removal of United States Armed Forces from hostilities in the Republic of Yemen that have not been authorized by Congress.</title>
        </amendedBill>
        <amendedAmendment />
        <amendments>
          <count>0</count>
        </amendments>
        <links />
        <notes />
        <actions>
          <count>2</count>
          <actions>
            <item>
              <actionDate>2019-03-13</actionDate>
              <links />
              <text />
            </item>
            <item>
              <actionDate>2019-03-13</actionDate>
              <links />
              <text>Senate amendment submitted</text>
              <type>Floor</type>
              <actionCode>91000</actionCode>
              <sourceSystem>
                <code>9</code>
                <name>Library of Congress</name>
              </sourceSystem>
              <committee />
            </item>
          </actions>
          <actionTypeCounts>
            <senateAmendmentSubmitted>1</senateAmendmentSubmitted>
          </actionTypeCounts>
          <actionByCounts>
            <senate>1</senate>
          </actionByCounts>
        </actions>
        <version>1.0.0</version>
      </amendment>
      <amendment>
        <number>198</number>
        <description />
        <purpose />
        <congress>116</congress>
        <type>SAMDT</type>
        <latestAction />
        <number>198</number>
        <description />
        <purpose />
        <congress>116</congress>
        <type>SAMDT</type>
        <createDate>2019-03-14T04:46:06Z</createDate>
        <updateDate>2020-12-15T15:29:44Z</updateDate>
        <sponsors>
          <item>
            <bioguideId>V000128</bioguideId>
            <fullName>Sen. Van Hollen, Chris [D-MD]</fullName>
            <firstName>Chris</firstName>
            <middleName />
            <lastName>Van Hollen</lastName>
            <party>D</party>
            <state>MD</state>
            <identifiers>
              <lisID>1729</lisID>
              <bioguideId>V000128</bioguideId>
              <gpoId>7983</gpoId>
            </identifiers>
          </item>
        </sponsors>
        <cosponsors>
          <totalCount>0</totalCount>
          <currentCount>0</currentCount>
        </cosponsors>
        <titles />
        <proposedDate />
        <submittedDate>2019-03-13T04:00:00Z</submittedDate>
        <chamber>Senate</chamber>
        <amendedBill>
          <congress>116</congress>
          <type>SJRES</type>
          <originChamber>Senate</originChamber>
          <originChamberCode>S</originChamberCode>
          <number>7</number>
          <title>A joint resolution to direct the removal of United States Armed Forces from hostilities in the Republic of Yemen that have not been authorized by Congress.</title>
        </amendedBill>
        <amendedAmendment />
        <amendments>
          <count>0</count>
        </amendments>
        <links />
        <notes />
        <actions>
          <count>2</count>
          <actions>
            <item>
              <actionDate>2019-03-13</actionDate>
              <links />
              <text />
            </item>
            <item>
              <actionDate>2019-03-13</actionDate>
              <links />
              <text>Senate amendment submitted</text>
              <type>Floor</type>
              <actionCode>91000</actionCode>
              <sourceSystem>
                <code>9</code>
                <name>Library of Congress</name>
              </sourceSystem>
              <committee />
            </item>
          </actions>
          <actionTypeCounts>
            <senateAmendmentSubmitted>1</senateAmendmentSubmitted>
          </actionTypeCounts>
          <actionByCounts>
            <senate>1</senate>
          </actionByCounts>
        </actions>
        <version>1.0.0</version>
      </amendment>
      <amendment>
        <number>197</number>
        <description />
        <purpose />
        <congress>116</congress>
        <type>SAMDT</type>
        <latestAction />
        <number>197</number>
        <description />
        <purpose />
        <congress>116</congress>
        <type>SAMDT</type>
        <createDate>2019-03-14T04:46:06Z</createDate>
        <updateDate>2020-12-15T15:29:44Z</updateDate>
        <sponsors>
          <item>
            <bioguideId>V000128</bioguideId>
            <fullName>Sen. Van Hollen, Chris [D-MD]</fullName>
            <firstName>Chris</firstName>
            <middleName />
            <lastName>Van Hollen</lastName>
            <party>D</party>
            <state>MD</state>
            <identifiers>
              <lisID>1729</lisID>
              <bioguideId>V000128</bioguideId>
              <gpoId>7983</gpoId>
            </identifiers>
          </item>
        </sponsors>
        <cosponsors>
          <totalCount>0</totalCount>
          <currentCount>0</currentCount>
        </cosponsors>
        <titles />
        <proposedDate />
        <submittedDate>2019-03-13T04:00:00Z</submittedDate>
        <chamber>Senate</chamber>
        <amendedBill>
          <congress>116</congress>
          <type>SJRES</type>
          <originChamber>Senate</originChamber>
          <originChamberCode>S</originChamberCode>
          <number>7</number>
          <title>A joint resolution to direct the removal of United States Armed Forces from hostilities in the Republic of Yemen that have not been authorized by Congress.</title>
        </amendedBill>
        <amendedAmendment />
        <amendments>
          <count>0</count>
        </amendments>
        <links />
        <notes />
        <actions>
          <count>2</count>
          <actions>
            <item>
              <actionDate>2019-03-13</actionDate>
              <links />
              <text />
            </item>
            <item>
              <actionDate>2019-03-13</actionDate>
              <links />
              <text>Senate amendment submitted</text>
              <type>Floor</type>
              <actionCode>91000</actionCode>
              <sourceSystem>
                <code>9</code>
                <name>Library of Congress</name>
              </sourceSystem>
              <committee />
            </item>
          </actions>
          <actionTypeCounts>
            <senateAmendmentSubmitted>1</senateAmendmentSubmitted>
          </actionTypeCounts>
          <actionByCounts>
            <senate>1</senate>
          </actionByCounts>
        </actions>
        <version>1.0.0</version>
      </amendment>
      <amendment>
        <number>196</number>
        <description />
        <purpose />
        <congress>116</congress>
        <type>SAMDT</type>
        <latestAction />
        <number>196</number>
        <description />
        <purpose />
        <congress>116</congress>
        <type>SAMDT</type>
        <createDate>2019-03-14T04:46:06Z</createDate>
        <updateDate>2020-12-15T15:29:44Z</updateDate>
        <sponsors>
          <item>
            <bioguideId>M001176</bioguideId>
            <fullName>Sen. Merkley, Jeff [D-OR]</fullName>
            <firstName>Jeff</firstName>
            <middleName />
            <lastName>Merkley</lastName>
            <party>D</party>
            <state>OR</state>
            <identifiers>
              <lisID>1900</lisID>
              <bioguideId>M001176</bioguideId>
              <gpoId>8238</gpoId>
            </identifiers>
          </item>
        </sponsors>
        <cosponsors>
          <totalCount>0</totalCount>
          <currentCount>0</currentCount>
        </cosponsors>
        <titles />
        <proposedDate />
        <submittedDate>2019-03-13T04:00:00Z</submittedDate>
        <chamber>Senate</chamber>
        <amendedBill>
          <congress>116</congress>
          <type>SJRES</type>
          <originChamber>Senate</originChamber>
          <originChamberCode>S</originChamberCode>
          <number>7</number>
          <title>A joint resolution to direct the removal of United States Armed Forces from hostilities in the Republic of Yemen that have not been authorized by Congress.</title>
        </amendedBill>
        <amendedAmendment />
        <amendments>
          <count>0</count>
        </amendments>
        <links />
        <notes />
        <actions>
          <count>2</count>
          <actions>
            <item>
              <actionDate>2019-03-13</actionDate>
              <links />
              <text />
            </item>
            <item>
              <actionDate>2019-03-13</actionDate>
              <links />
              <text>Senate amendment submitted</text>
              <type>Floor</type>
              <actionCode>91000</actionCode>
              <sourceSystem>
                <code>9</code>
                <name>Library of Congress</name>
              </sourceSystem>
              <committee />
            </item>
          </actions>
          <actionTypeCounts>
            <senateAmendmentSubmitted>1</senateAmendmentSubmitted>
          </actionTypeCounts>
          <actionByCounts>
            <senate>1</senate>
          </actionByCounts>
        </actions>
        <version>1.0.0</version>
      </amendment>
      <amendment>
        <number>195</number>
        <description />
        <purpose>To provide a rule of construction regarding intelligence sharing.</purpose>
        <congress>116</congress>
        <type>SAMDT</type>
        <latestAction>
          <actionDate>2019-03-13</actionDate>
          <text>Amendment SA 195 agreed to in Senate by Voice Vote.</text>
        </latestAction>
        <number>195</number>
        <description />
        <purpose>To provide a rule of construction regarding intelligence sharing.</purpose>
        <congress>116</congress>
        <type>SAMDT</type>
        <createDate>2019-03-14T04:46:06Z</createDate>
        <updateDate>2020-12-15T15:29:44Z</updateDate>
        <sponsors>
          <item>
            <bioguideId>R000595</bioguideId>
            <fullName>Sen. Rubio, Marco [R-FL]</fullName>
            <firstName>Marco</firstName>
            <middleName />
            <lastName>Rubio</lastName>
            <party>R</party>
            <state>FL</state>
            <identifiers>
              <lisID>2084</lisID>
              <bioguideId>R000595</bioguideId>
              <gpoId>8242</gpoId>
            </identifiers>
          </item>
        </sponsors>
        <cosponsors>
          <totalCount>1</totalCount>
          <currentCount>1</currentCount>
          <item>
            <bioguideId>C001056</bioguideId>
            <fullName>Sen. Cornyn, John [R-TX]</fullName>
            <firstName>John</firstName>
            <middleName />
            <lastName>Cornyn</lastName>
            <party>R</party>
            <state>TX</state>
            <identifiers>
              <lisID>1692</lisID>
              <bioguideId>C001056</bioguideId>
              <gpoId>8295</gpoId>
            </identifiers>
            <sponsorshipDate>2019-03-13</sponsorshipDate>
            <isOriginalCosponsor>True</isOriginalCosponsor>
            <sponsorshipWithdrawnDate />
          </item>
        </cosponsors>
        <titles />
        <proposedDate>2019-03-13T04:00:00Z</proposedDate>
        <submittedDate>2019-03-13T04:00:00Z</submittedDate>
        <chamber>Senate</chamber>
        <amendedBill>
          <congress>116</congress>
          <type>SJRES</type>
          <originChamber>Senate</originChamber>
          <originChamberCode>S</originChamberCode>
          <number>7</number>
          <title>A joint resolution to direct the removal of United States Armed Forces from hostilities in the Republic of Yemen that have not been authorized by Congress.</title>
        </amendedBill>
        <amendedAmendment />
        <amendments>
          <count>0</count>
        </amendments>
        <links />
        <notes />
        <actions>
          <count>6</count>
          <actions>
            <item>
              <actionDate>2019-03-13</actionDate>
              <links />
              <sourceSystem>
                <code>0</code>
                <name>Senate</name>
              </sourceSystem>
              <text>Amendment SA 195 agreed to in Senate by Voice Vote.</text>
              <type>Floor</type>
            </item>
            <item>
              <actionDate>2019-03-13</actionDate>
              <links />
              <sourceSystem>
                <code>0</code>
                <name>Senate</name>
              </sourceSystem>
              <text>Amendment SA 195 proposed by Senator Lee for Senator Rubio. (consideration: CR S1829-1835; text: CR S1829) To provide a rule of construction regarding intelligence sharing.</text>
              <type>Floor</type>
            </item>
            <item>
              <actionDate>2019-03-13</actionDate>
              <links />
              <text />
            </item>
            <item>
              <actionDate>2019-03-13</actionDate>
              <links />
              <text>Senate amendment proposed (on the floor): Amendment SA 195 proposed by Senator Lee for Senator Rubio.</text>
              <type>Floor</type>
              <actionCode>93000</actionCode>
              <sourceSystem>
                <code>9</code>
                <name>Library of Congress</name>
              </sourceSystem>
              <committee />
            </item>
            <item>
              <actionDate>2019-03-13</actionDate>
              <links />
              <text>Senate amendment submitted</text>
              <type>Floor</type>
              <actionCode>91000</actionCode>
              <sourceSystem>
                <code>9</code>
                <name>Library of Congress</name>
              </sourceSystem>
              <committee />
            </item>
            <item>
              <actionDate>2019-03-13</actionDate>
              <links />
              <text>Senate amendment agreed to: Amendment SA 195 agreed to in Senate by Voice Vote.</text>
              <type>Floor</type>
              <actionCode>94000</actionCode>
              <sourceSystem>
                <code>9</code>
                <name>Library of Congress</name>
              </sourceSystem>
              <committee />
            </item>
          </actions>
          <actionTypeCounts>
            <amendmentAgreedTo>1</amendmentAgreedTo>
            <amendmentProposed>1</amendmentProposed>
            <senateAmendmentProposedOnTheFloor>1</senateAmendmentProposedOnTheFloor>
            <senateAmendmentSubmitted>1</senateAmendmentSubmitted>
            <senateAmendmentAgreedTo>1</senateAmendmentAgreedTo>
          </actionTypeCounts>
          <actionByCounts>
            <senate>5</senate>
          </actionByCounts>
        </actions>
        <version>1.0.0</version>
      </amendment>
      <amendment>
        <number>194</number>
        <description />
        <purpose>To provide an exception for supporting efforts to defend against ballistic missile, cruise missile, and unmanned aerial vehicle threats to civilian population centers in coalition countries, including locations where citizens and nationals of the United States reside.</purpose>
        <congress>116</congress>
        <type>SAMDT</type>
        <latestAction>
          <actionDate>2019-03-13</actionDate>
          <text>Motion to table amendment SA 194 agreed to in Senate by Yea-Nay Vote. 52 - 48. Record Vote Number: 47.</text>
        </latestAction>
        <number>194</number>
        <description />
        <purpose>To provide an exception for supporting efforts to defend against ballistic missile, cruise missile, and unmanned aerial vehicle threats to civilian population centers in coalition countries, including locations where citizens and nationals of the United States reside.</purpose>
        <congress>116</congress>
        <type>SAMDT</type>
        <createDate>2019-03-14T04:46:06Z</createDate>
        <updateDate>2020-12-15T15:29:44Z</updateDate>
        <sponsors>
          <item>
            <bioguideId>I000024</bioguideId>
            <fullName>Sen. Inhofe, James M. [R-OK]</fullName>
            <firstName>JIM</firstName>
            <middleName />
            <lastName>INHOFE</lastName>
            <party>R</party>
            <state>OK</state>
            <identifiers>
              <lisID>583</lisID>
              <bioguideId>I000024</bioguideId>
              <gpoId>8322</gpoId>
            </identifiers>
          </item>
        </sponsors>
        <cosponsors>
          <totalCount>1</totalCount>
          <currentCount>1</currentCount>
          <item>
            <bioguideId>C001056</bioguideId>
            <fullName>Sen. Cornyn, John [R-TX]</fullName>
            <firstName>John</firstName>
            <middleName />
            <lastName>Cornyn</lastName>
            <party>R</party>
            <state>TX</state>
            <identifiers>
              <lisID>1692</lisID>
              <bioguideId>C001056</bioguideId>
              <gpoId>8295</gpoId>
            </identifiers>
            <sponsorshipDate>2019-03-13</sponsorshipDate>
            <isOriginalCosponsor>True</isOriginalCosponsor>
            <sponsorshipWithdrawnDate />
          </item>
        </cosponsors>
        <titles />
        <proposedDate>2019-03-13T04:00:00Z</proposedDate>
        <submittedDate>2019-03-13T04:00:00Z</submittedDate>
        <chamber>Senate</chamber>
        <amendedBill>
          <congress>116</congress>
          <type>SJRES</type>
          <originChamber>Senate</originChamber>
          <originChamberCode>S</originChamberCode>
          <number>7</number>
          <title>A joint resolution to direct the removal of United States Armed Forces from hostilities in the Republic of Yemen that have not been authorized by Congress.</title>
        </amendedBill>
        <amendedAmendment />
        <amendments>
          <count>0</count>
        </amendments>
        <links />
        <notes />
        <actions>
          <count>6</count>
          <actions>
            <item>
              <actionDate>2019-03-13</actionDate>
              <links />
              <sourceSystem>
                <code>0</code>
                <name>Senate</name>
              </sourceSystem>
              <text>Motion to table amendment SA 194 agreed to in Senate by Yea-Nay Vote. 52 - 48. Record Vote Number: 47.</text>
              <type>Floor</type>
            </item>
            <item>
              <actionDate>2019-03-13</actionDate>
              <links />
              <sourceSystem>
                <code>0</code>
                <name>Senate</name>
              </sourceSystem>
              <text>Amendment SA 194 proposed by Senator Lee for Senator Inhofe. (consideration: CR S1829-1835; text: CR S1829) To provide an exception for supporting efforts to defend against ballistic missile, cruise missile, and unmanned aerial vehicle threats to civilian population centers in coalition countries, including locations where citizens and nationals of the United States reside.</text>
              <type>Floor</type>
            </item>
            <item>
              <actionDate>2019-03-13</actionDate>
              <links />
              <text />
            </item>
            <item>
              <actionDate>2019-03-13</actionDate>
              <links />
              <text>Senate amendment proposed (on the floor): Amendment SA 194 proposed by Senator Lee for Senator Inhofe.</text>
              <type>Floor</type>
              <actionCode>93000</actionCode>
              <sourceSystem>
                <code>9</code>
                <name>Library of Congress</name>
              </sourceSystem>
              <committee />
            </item>
            <item>
              <actionDate>2019-03-13</actionDate>
              <links />
              <text>Roll call votes on amendments in Senate: Motion to table amendment SA 194 agreed to in Senate by Yea-Nay Vote. 52 - 48. Record Vote Number: 47.</text>
              <type>Floor</type>
              <actionCode>97000</actionCode>
              <sourceSystem>
                <code>9</code>
                <name>Library of Congress</name>
              </sourceSystem>
              <committee />
            </item>
            <item>
              <actionDate>2019-03-13</actionDate>
              <links />
              <text>Senate amendment submitted</text>
              <type>Floor</type>
              <actionCode>91000</actionCode>
              <sourceSystem>
                <code>9</code>
                <name>Library of Congress</name>
              </sourceSystem>
              <committee />
            </item>
          </actions>
          <actionTypeCounts>
            <motionToTableAmendment>1</motionToTableAmendment>
            <amendmentProposed>1</amendmentProposed>
            <senateAmendmentProposedOnTheFloor>1</senateAmendmentProposedOnTheFloor>
            <rollCallVotesOnAmendmentsInSenate>1</rollCallVotesOnAmendmentsInSenate>
            <senateAmendmentSubmitted>1</senateAmendmentSubmitted>
          </actionTypeCounts>
          <actionByCounts>
            <senate>5</senate>
          </actionByCounts>
        </actions>
        <version>1.0.0</version>
      </amendment>
      <amendment>
        <number>193</number>
        <description />
        <purpose>To provide that nothing in the joint resolution may be construed as authorizing the use of military force.</purpose>
        <congress>116</congress>
        <type>SAMDT</type>
        <latestAction>
          <actionDate>2019-03-13</actionDate>
          <text>Amendment SA 193 agreed to in Senate by Voice Vote.</text>
        </latestAction>
        <number>193</number>
        <description />
        <purpose>To provide that nothing in the joint resolution may be construed as authorizing the use of military force.</purpose>
        <congress>116</congress>
        <type>SAMDT</type>
        <createDate>2019-03-14T04:46:05Z</createDate>
        <updateDate>2020-12-15T15:29:44Z</updateDate>
        <sponsors>
          <item>
            <bioguideId>P000603</bioguideId>
            <fullName>Sen. Paul, Rand [R-KY]</fullName>
            <firstName>Rand</firstName>
            <middleName />
            <lastName>Paul</lastName>
            <party>R</party>
            <state>KY</state>
            <identifiers>
              <lisID>2082</lisID>
              <bioguideId>P000603</bioguideId>
              <gpoId>8308</gpoId>
            </identifiers>
          </item>
        </sponsors>
        <cosponsors>
          <totalCount>0</totalCount>
          <currentCount>0</currentCount>
        </cosponsors>
        <titles />
        <proposedDate>2019-03-13T04:00:00Z</proposedDate>
        <submittedDate>2019-03-13T04:00:00Z</submittedDate>
        <chamber>Senate</chamber>
        <amendedBill>
          <congress>116</congress>
          <type>SJRES</type>
          <originChamber>Senate</originChamber>
          <originChamberCode>S</originChamberCode>
          <number>7</number>
          <title>A joint resolution to direct the removal of United States Armed Forces from hostilities in the Republic of Yemen that have not been authorized by Congress.</title>
        </amendedBill>
        <amendedAmendment />
        <amendments>
          <count>0</count>
        </amendments>
        <links />
        <notes />
        <actions>
          <count>6</count>
          <actions>
            <item>
              <actionDate>2019-03-13</actionDate>
              <links />
              <sourceSystem>
                <code>0</code>
                <name>Senate</name>
              </sourceSystem>
              <text>Amendment SA 193 agreed to in Senate by Voice Vote.</text>
              <type>Floor</type>
            </item>
            <item>
              <actionDate>2019-03-13</actionDate>
              <links />
              <sourceSystem>
                <code>0</code>
                <name>Senate</name>
              </sourceSystem>
              <text>Amendment SA 193 proposed by Senator Lee for Senator Paul. (consideration: CR S1829-1835; text: CR S1829) To provide that nothing in the joint resolution may be construed as authorizing the use of military force.</text>
              <type>Floor</type>
            </item>
            <item>
              <actionDate>2019-03-13</actionDate>
              <links />
              <text />
            </item>
            <item>
              <actionDate>2019-03-13</actionDate>
              <links />
              <text>Senate amendment proposed (on the floor): Amendment SA 193 proposed by Senator Lee for Senator Paul.</text>
              <type>Floor</type>
              <actionCode>93000</actionCode>
              <sourceSystem>
                <code>9</code>
                <name>Library of Congress</name>
              </sourceSystem>
              <committee />
            </item>
            <item>
              <actionDate>2019-03-13</actionDate>
              <links />
              <text>Senate amendment agreed to: Amendment SA 193 agreed to in Senate by Voice Vote.</text>
              <type>Floor</type>
              <actionCode>94000</actionCode>
              <sourceSystem>
                <code>9</code>
                <name>Library of Congress</name>
              </sourceSystem>
              <committee />
            </item>
            <item>
              <actionDate>2019-03-13</actionDate>
              <links />
              <text>Senate amendment submitted</text>
              <type>Floor</type>
              <actionCode>91000</actionCode>
              <sourceSystem>
                <code>9</code>
                <name>Library of Congress</name>
              </sourceSystem>
              <committee />
            </item>
          </actions>
          <actionTypeCounts>
            <amendmentAgreedTo>1</amendmentAgreedTo>
            <amendmentProposed>1</amendmentProposed>
            <senateAmendmentProposedOnTheFloor>1</senateAmendmentProposedOnTheFloor>
            <senateAmendmentAgreedTo>1</senateAmendmentAgreedTo>
            <senateAmendmentSubmitted>1</senateAmendmentSubmitted>
          </actionTypeCounts>
          <actionByCounts>
            <senate>5</senate>
          </actionByCounts>
        </actions>
        <version>1.0.0</version>
      </amendment>
    </amendments>
    <textVersions>
      <item>
        <type>Enrolled Bill</type>
        <date />
        <formats>
          <item>
            <url>https://www.govinfo.gov/content/pkg/BILLS-116sjres7enr/xml/BILLS-116sjres7enr.xml</url>
          </item>
        </formats>
      </item>
      <item>
        <type>Engrossed in Senate</type>
        <date>2019-03-13T04:00:00Z</date>
        <formats>
          <item>
            <url>https://www.govinfo.gov/content/pkg/BILLS-116sjres7es/xml/BILLS-116sjres7es.xml</url>
          </item>
        </formats>
      </item>
      <item>
        <type>Introduced in Senate</type>
        <date>2019-01-30T05:00:00Z</date>
        <formats>
          <item>
            <url>https://www.govinfo.gov/content/pkg/BILLS-116sjres7is/xml/BILLS-116sjres7is.xml</url>
          </item>
        </formats>
      </item>
    </textVersions>
    <latestAction>
      <actionDate>2019-05-02</actionDate>
      <text>Failed of passage in Senate over veto by Yea-Nay Vote. 53 - 45. Record Vote Number: 94.</text>
      <links />
    </latestAction>
    <calendarNumbers />
    <version>1.0.0</version>
  </bill>
  <dublinCore xmlns:dc="http://purl.org/dc/elements/1.1/">
    <dc:format>text/xml</dc:format>
    <dc:language>EN</dc:language>
    <dc:rights>Pursuant to Title 17 Section 105 of the United States Code, this file is not subject to copyright protection and is in the public domain.</dc:rights>
    <dc:contributor>Congressional Research Service, Library of Congress</dc:contributor>
    <dc:description>This file contains bill summaries and statuses for federal legislation. A bill summary describes the most significant provisions of a piece of legislation and details the effects the legislative text may have on current law and federal programs. Bill summaries are authored by the Congressional Research Service (CRS) of the Library of Congress. As stated in Public Law 91-510 (2 USC 166 (d)(6)), one of the duties of CRS is "to prepare summaries and digests of bills and resolutions of a public general nature introduced in the Senate or House of Representatives". For more information, refer to the User Guide that accompanies this file.</dc:description>
  </dublinCore>
</billStatus>

