<?xml version="1.0" encoding="UTF-8"?>
<billStatus>
  <bill>
    <billNumber>26</billNumber>
    <createDate>2019-05-15T04:42:14Z</createDate>
    <updateDate>2021-01-06T05:33:31Z</updateDate>
    <originChamber>Senate</originChamber>
    <billType>SJRES</billType>
    <introducedDate>2019-05-14</introducedDate>
    <congress>116</congress>
    <recordedVotes>
      <recordedVote>
        <rollNumber>162</rollNumber>
        <url>http://www.senate.gov/legislative/LIS/roll_call_lists/roll_call_vote_cfm.cfm?&amp;congress=116&amp;session=1&amp;vote=00162</url>
        <fullActionName>MOTION TO DISCHARGE</fullActionName>
        <chamber>Senate</chamber>
        <congress>116</congress>
        <date>2019-06-13T16:19:53Z</date>
        <sessionNumber>1</sessionNumber>
      </recordedVote>
    </recordedVotes>
    <committees>
      <billCommittees>
        <item>
          <systemCode>ssfr00</systemCode>
          <name>Foreign Relations Committee</name>
          <chamber>Senate</chamber>
          <type>Standing</type>
          <subcommittees />
          <activities>
            <item>
              <name>Referred to</name>
              <date>2019-05-14T21:13:12Z</date>
            </item>
          </activities>
        </item>
      </billCommittees>
    </committees>
    <committeeReports />
    <relatedBills />
    <actions>
      <item>
        <actionDate>2019-06-13</actionDate>
        <committees>
          <item>
            <systemCode>ssfr00</systemCode>
            <name>Foreign Relations Committee</name>
          </item>
        </committees>
        <links />
        <sourceSystem>
          <code>0</code>
          <name>Senate</name>
        </sourceSystem>
        <text>Motion to discharge Senate Committee on Foreign Relations rejected by Yea-Nay Vote. 42 - 57. Record Vote Number: 162. (consideration: CR S3462)</text>
        <type>Discharge</type>
      </item>
      <item>
        <actionDate>2019-06-13</actionDate>
        <committees>
          <item>
            <systemCode>ssfr00</systemCode>
            <name>Foreign Relations Committee</name>
          </item>
        </committees>
        <links />
        <sourceSystem>
          <code>0</code>
          <name>Senate</name>
        </sourceSystem>
        <text>Motion to discharge Senate Committee on Foreign Relations made. (Pursuant to the Arms Export Control Act of 1976). (consideration: CR S3457-3462)</text>
        <type>Discharge</type>
      </item>
      <item>
        <actionDate>2019-05-14</actionDate>
        <committees>
          <item>
            <systemCode>ssfr00</systemCode>
            <name>Foreign Relations Committee</name>
          </item>
        </committees>
        <links />
        <sourceSystem>
          <code>0</code>
          <name>Senate</name>
        </sourceSystem>
        <text>Read twice and referred to the Committee on Foreign Relations.</text>
        <type>IntroReferral</type>
      </item>
      <item>
        <actionDate>2019-05-14</actionDate>
        <links />
        <text>Introduced in Senate</text>
        <type>IntroReferral</type>
        <actionCode>10000</actionCode>
        <sourceSystem>
          <code>9</code>
          <name>Library of Congress</name>
        </sourceSystem>
        <committees />
      </item>
      <actionTypeCounts>
        <motionToDischarge>2</motionToDischarge>
        <referredToCommittee>1</referredToCommittee>
        <introducedInSenate>1</introducedInSenate>
      </actionTypeCounts>
      <actionByCounts>
        <senate>4</senate>
      </actionByCounts>
    </actions>
    <sponsors>
      <item>
        <bioguideId>P000603</bioguideId>
        <fullName>Sen. Paul, Rand [R-KY]</fullName>
        <firstName>Rand</firstName>
        <middleName />
        <lastName>Paul</lastName>
        <party>R</party>
        <state>KY</state>
        <identifiers>
          <lisID>2082</lisID>
          <bioguideId>P000603</bioguideId>
          <gpoId>8308</gpoId>
        </identifiers>
        <byRequestType />
      </item>
    </sponsors>
    <cosponsors />
    <cboCostEstimates />
    <laws />
    <notes />
    <policyArea>
      <name>International Affairs</name>
    </policyArea>
    <subjects>
      <billSubjects>
        <legislativeSubjects>
          <item>
            <name>Congressional oversight</name>
          </item>
          <item>
            <name>Foreign aid and international relief</name>
          </item>
          <item>
            <name>Middle East</name>
          </item>
          <item>
            <name>Military assistance, sales, and agreements</name>
          </item>
          <item>
            <name>Qatar</name>
          </item>
          <item>
            <name>Trade restrictions</name>
          </item>
        </legislativeSubjects>
        <policyArea>
          <name>International Affairs</name>
        </policyArea>
      </billSubjects>
    </subjects>
    <summaries>
      <billSummaries>
        <item>
          <versionCode>00</versionCode>
          <actionDate>2019-05-14</actionDate>
          <actionDesc>Introduced in Senate</actionDesc>
          <lastSummaryUpdateDate>2019-06-20T21:19:49Z</lastSummaryUpdateDate>
          <text><![CDATA[<p>This joint resolution prohibits the proposed sale of various weapons, ammunition, and related support services to the government of Qatar, as described in Transmittal No. 19-14 sent to Congress on May 13, 2019.</p>]]></text>
          <updateDate>2019-05-14T04:00:00Z</updateDate>
          <name>Introduced in Senate</name>
        </item>
      </billSummaries>
    </summaries>
    <title>A joint resolution relating to the disapproval of the proposed sale to the Government of Qatar of certain defense articles and services.</title>
    <titles>
      <item>
        <titleType>Official Title as Introduced</titleType>
        <parentTitleType />
        <title>A joint resolution relating to the disapproval of the proposed sale to the Government of Qatar of certain defense articles and services.</title>
        <chamberCode />
        <chamberName />
      </item>
      <item>
        <titleType>Display Title</titleType>
        <parentTitleType />
        <title>A joint resolution relating to the disapproval of the proposed sale to the Government of Qatar of certain defense articles and services.</title>
        <chamberCode />
        <chamberName />
      </item>
    </titles>
    <amendments />
    <textVersions>
      <item>
        <type>Introduced in Senate</type>
        <date>2019-05-14T04:00:00Z</date>
        <formats>
          <item>
            <url>https://www.govinfo.gov/content/pkg/BILLS-116sjres26is/xml/BILLS-116sjres26is.xml</url>
          </item>
        </formats>
      </item>
    </textVersions>
    <latestAction>
      <actionDate>2019-06-13</actionDate>
      <text>Motion to discharge Senate Committee on Foreign Relations rejected by Yea-Nay Vote. 42 - 57. Record Vote Number: 162. (consideration: CR S3462)</text>
      <links />
    </latestAction>
    <calendarNumbers />
    <version>1.0.0</version>
  </bill>
  <dublinCore xmlns:dc="http://purl.org/dc/elements/1.1/">
    <dc:format>text/xml</dc:format>
    <dc:language>EN</dc:language>
    <dc:rights>Pursuant to Title 17 Section 105 of the United States Code, this file is not subject to copyright protection and is in the public domain.</dc:rights>
    <dc:contributor>Congressional Research Service, Library of Congress</dc:contributor>
    <dc:description>This file contains bill summaries and statuses for federal legislation. A bill summary describes the most significant provisions of a piece of legislation and details the effects the legislative text may have on current law and federal programs. Bill summaries are authored by the Congressional Research Service (CRS) of the Library of Congress. As stated in Public Law 91-510 (2 USC 166 (d)(6)), one of the duties of CRS is "to prepare summaries and digests of bills and resolutions of a public general nature introduced in the Senate or House of Representatives". For more information, refer to the User Guide that accompanies this file.</dc:description>
  </dublinCore>
</billStatus>

