<?xml version="1.0" encoding="UTF-8"?>
<billStatus>
  <bill>
    <billNumber>2</billNumber>
    <createDate>2019-01-05T05:40:14Z</createDate>
    <updateDate>2020-12-15T15:28:57Z</updateDate>
    <originChamber>Senate</originChamber>
    <billType>SJRES</billType>
    <introducedDate>2019-01-04</introducedDate>
    <congress>116</congress>
    <recordedVotes>
      <recordedVote>
        <rollNumber>6</rollNumber>
        <url>http://www.senate.gov/legislative/LIS/roll_call_lists/roll_call_vote_cfm.cfm?&amp;congress=116&amp;session=1&amp;vote=00006</url>
        <fullActionName>CLOTURE MOTION</fullActionName>
        <chamber>Senate</chamber>
        <congress>116</congress>
        <date>2019-01-16T18:07:35Z</date>
        <sessionNumber>1</sessionNumber>
      </recordedVote>
      <recordedVote>
        <rollNumber>5</rollNumber>
        <url>http://www.senate.gov/legislative/LIS/roll_call_lists/roll_call_vote_cfm.cfm?&amp;congress=116&amp;session=1&amp;vote=00005</url>
        <fullActionName>MOTION TO CONSIDER</fullActionName>
        <chamber>Senate</chamber>
        <congress>116</congress>
        <date>2019-01-15T22:27:38Z</date>
        <sessionNumber>1</sessionNumber>
      </recordedVote>
      <recordedVote>
        <rollNumber>4</rollNumber>
        <url>http://www.senate.gov/legislative/LIS/roll_call_lists/roll_call_vote_cfm.cfm?&amp;congress=116&amp;session=1&amp;vote=00004</url>
        <fullActionName>MOTION TO TABLE REJECTED</fullActionName>
        <chamber>Senate</chamber>
        <congress>116</congress>
        <date>2019-01-15T21:47:42Z</date>
        <sessionNumber>1</sessionNumber>
      </recordedVote>
    </recordedVotes>
    <committees>
      <billCommittees>
        <item>
          <systemCode>ssbk00</systemCode>
          <name>Banking, Housing, and Urban Affairs Committee</name>
          <chamber>Senate</chamber>
          <type>Standing</type>
          <subcommittees />
          <activities>
            <item>
              <name>Discharged from</name>
              <date>2019-01-15T15:44:37Z</date>
            </item>
            <item>
              <name>Referred to</name>
              <date>2019-01-04T16:01:53Z</date>
            </item>
          </activities>
        </item>
      </billCommittees>
    </committees>
    <committeeReports />
    <relatedBills>
      <item>
        <latestTitle>Disapproving the President's proposal to take an action relating to the application of certain sanctions with respect to the Russian Federation.</latestTitle>
        <congress>116</congress>
        <number>30</number>
        <type>HJRES</type>
        <latestAction>
          <actionDate>2019-01-17</actionDate>
          <text>Received in the Senate. Read twice. Placed on Senate Legislative Calendar under General Orders. Calendar No. 14 pursuant to section 216(c)(6)(B) of Public Law 115-44.</text>
        </latestAction>
        <relationshipDetails>
          <item>
            <type>Identical bill</type>
            <identifiedBy>CRS</identifiedBy>
          </item>
          <item>
            <type>Related bill</type>
            <identifiedBy>House</identifiedBy>
          </item>
        </relationshipDetails>
      </item>
    </relatedBills>
    <actions>
      <item>
        <actionDate>2019-01-16</actionDate>
        <committees />
        <links />
        <sourceSystem>
          <code>0</code>
          <name>Senate</name>
        </sourceSystem>
        <text>Returned to the Calendar. Calendar No. 13.</text>
        <type>Floor</type>
      </item>
      <item>
        <actionDate>2019-01-16</actionDate>
        <committees />
        <links />
        <sourceSystem>
          <code>0</code>
          <name>Senate</name>
        </sourceSystem>
        <text>Cloture on the measure not invoked in Senate by Yea-Nay Vote. 57 - 42. Record Vote Number: 6. (CR S247)</text>
        <type>Floor</type>
      </item>
      <item>
        <actionDate>2019-01-16</actionDate>
        <committees />
        <links />
        <sourceSystem>
          <code>0</code>
          <name>Senate</name>
        </sourceSystem>
        <text>Considered by Senate. (consideration: CR S233-247)</text>
        <type>Floor</type>
      </item>
      <item>
        <actionDate>2019-01-15</actionDate>
        <committees />
        <links />
        <sourceSystem>
          <code>0</code>
          <name>Senate</name>
        </sourceSystem>
        <text>Cloture motion on the measure presented in Senate. (CR S208)</text>
        <type>Floor</type>
      </item>
      <item>
        <actionDate>2019-01-15</actionDate>
        <committees />
        <links />
        <sourceSystem>
          <code>0</code>
          <name>Senate</name>
        </sourceSystem>
        <text>Measure laid before Senate by motion. (consideration: CR S202-208)</text>
        <type>Floor</type>
      </item>
      <item>
        <actionDate>2019-01-15</actionDate>
        <committees />
        <links />
        <sourceSystem>
          <code>0</code>
          <name>Senate</name>
        </sourceSystem>
        <text>Motion to proceed to consideration of measure agreed to in Senate by Yea-Nay Vote. 57 - 42. Record Vote Number: 5.</text>
        <type>Floor</type>
      </item>
      <item>
        <actionDate>2019-01-15</actionDate>
        <committees />
        <links />
        <sourceSystem>
          <code>0</code>
          <name>Senate</name>
        </sourceSystem>
        <text>Motion to table the motion to proceed to the measure rejected in Senate by Yea-Nay Vote. 42 - 57. Record Vote Number: 4.</text>
        <type>Floor</type>
      </item>
      <item>
        <actionDate>2019-01-15</actionDate>
        <committees />
        <links />
        <sourceSystem>
          <code>0</code>
          <name>Senate</name>
        </sourceSystem>
        <text>Motion to proceed to consideration of measure made in Senate. (CR S201)</text>
        <type>Floor</type>
      </item>
      <item>
        <actionDate>2019-01-15</actionDate>
        <committees />
        <links />
        <sourceSystem>
          <code>0</code>
          <name>Senate</name>
        </sourceSystem>
        <text>Placed on Senate Legislative Calendar under General Orders. Calendar No. 13.</text>
        <type>Calendars</type>
      </item>
      <item>
        <actionDate>2019-01-15</actionDate>
        <committees>
          <item>
            <systemCode>ssbk00</systemCode>
            <name>Banking, Housing, and Urban Affairs Committee</name>
          </item>
        </committees>
        <links />
        <sourceSystem>
          <code>0</code>
          <name>Senate</name>
        </sourceSystem>
        <text>Senate Committee on Banking, Housing, and Urban Affairs discharged pursuant to section 216(c)(5)(B) of Public Law 115-44.</text>
        <type>Discharge</type>
      </item>
      <item>
        <actionDate>2019-01-15</actionDate>
        <links />
        <text>Senate Committee on Banking, Housing, and Urban Affairs discharged pursuant to section 216(c)(5)(B) of Public Law 115-44.</text>
        <type>Committee</type>
        <actionCode>14500</actionCode>
        <sourceSystem>
          <code>9</code>
          <name>Library of Congress</name>
        </sourceSystem>
        <committees>
          <item>
            <systemCode>ssbk00</systemCode>
            <name>Banking, Housing, and Urban Affairs Committee</name>
          </item>
        </committees>
      </item>
      <item>
        <actionDate>2019-01-04</actionDate>
        <committees>
          <item>
            <systemCode>ssbk00</systemCode>
            <name>Banking, Housing, and Urban Affairs Committee</name>
          </item>
        </committees>
        <links />
        <sourceSystem>
          <code>0</code>
          <name>Senate</name>
        </sourceSystem>
        <text>Read twice and referred to the Committee on Banking, Housing, and Urban Affairs. (Sponsor introductory remarks on measure: CR S27-28; text: CR S30)</text>
        <type>IntroReferral</type>
      </item>
      <item>
        <actionDate>2019-01-04</actionDate>
        <links />
        <text>Introduced in Senate</text>
        <type>IntroReferral</type>
        <actionCode>10000</actionCode>
        <sourceSystem>
          <code>9</code>
          <name>Library of Congress</name>
        </sourceSystem>
        <committees />
      </item>
      <actionTypeCounts>
        <returnedToTheCalendar>1</returnedToTheCalendar>
        <clotureMotion>1</clotureMotion>
        <consideredBySenate>1</consideredBySenate>
        <clotureMotionPresented>1</clotureMotionPresented>
        <measureLaidBeforeSenate>1</measureLaidBeforeSenate>
        <motionToConsider>2</motionToConsider>
        <motionToTableRejected>1</motionToTableRejected>
        <placedOnCalendarGeneralOrders>1</placedOnCalendarGeneralOrders>
        <committeeDischarged>1</committeeDischarged>
        <senateCommitteeDischarged>1</senateCommitteeDischarged>
        <referredToCommittee>1</referredToCommittee>
        <introducedInSenate>1</introducedInSenate>
      </actionTypeCounts>
      <actionByCounts>
        <senate>13</senate>
      </actionByCounts>
    </actions>
    <sponsors>
      <item>
        <bioguideId>S000148</bioguideId>
        <fullName>Sen. Schumer, Charles E. [D-NY]</fullName>
        <firstName>CHARLES</firstName>
        <middleName>E.</middleName>
        <lastName>SCHUMER</lastName>
        <party>D</party>
        <state>NY</state>
        <identifiers>
          <lisID>1036</lisID>
          <bioguideId>S000148</bioguideId>
          <gpoId>8279</gpoId>
        </identifiers>
        <byRequestType />
      </item>
    </sponsors>
    <cosponsors />
    <cboCostEstimates />
    <laws />
    <notes />
    <policyArea>
      <name>International Affairs</name>
    </policyArea>
    <subjects>
      <billSubjects>
        <legislativeSubjects>
          <item>
            <name>Congressional oversight</name>
          </item>
          <item>
            <name>Corporate finance and management</name>
          </item>
          <item>
            <name>Elections, voting, political campaign regulation</name>
          </item>
          <item>
            <name>Foreign and international corporations</name>
          </item>
          <item>
            <name>Russia</name>
          </item>
          <item>
            <name>Sanctions</name>
          </item>
          <item>
            <name>Subversive activities</name>
          </item>
        </legislativeSubjects>
        <policyArea>
          <name>International Affairs</name>
        </policyArea>
      </billSubjects>
    </subjects>
    <summaries>
      <billSummaries>
        <item>
          <versionCode>00</versionCode>
          <actionDate>2019-01-04</actionDate>
          <actionDesc>Introduced in Senate</actionDesc>
          <lastSummaryUpdateDate>2019-01-16T19:07:24Z</lastSummaryUpdateDate>
          <text><![CDATA[<p>This joint resolution expresses disapproval of the Office of Foreign Assets Control's report to Congress that it intends to terminate sanctions imposed on En+ Group plc, UC Rusal plc, and JSC EuroSibEnergo, companies connected to sanctioned Russian oligarch Oleg Deripaska.</p>]]></text>
          <updateDate>2019-01-04T05:00:00Z</updateDate>
          <name>Introduced in Senate</name>
        </item>
      </billSummaries>
    </summaries>
    <title>A joint resolution disapproving the President's proposal to take an action relating to the application of certain sanctions with respect to the Russian Federation.</title>
    <titles>
      <item>
        <titleType>Official Title as Introduced</titleType>
        <parentTitleType />
        <title>A joint resolution disapproving the President's proposal to take an action relating to the application of certain sanctions with respect to the Russian Federation.</title>
        <chamberCode />
        <chamberName />
      </item>
      <item>
        <titleType>Display Title</titleType>
        <parentTitleType />
        <title>A joint resolution disapproving the President's proposal to take an action relating to the application of certain sanctions with respect to the Russian Federation.</title>
        <chamberCode />
        <chamberName />
      </item>
    </titles>
    <amendments>
      <amendment>
        <number>1</number>
        <description />
        <purpose />
        <congress>116</congress>
        <type>SAMDT</type>
        <latestAction />
        <number>1</number>
        <description />
        <purpose />
        <congress>116</congress>
        <type>SAMDT</type>
        <createDate>2019-01-17T05:31:04Z</createDate>
        <updateDate>2020-12-15T15:28:57Z</updateDate>
        <sponsors>
          <item>
            <bioguideId>K000384</bioguideId>
            <fullName>Sen. Kaine, Tim [D-VA]</fullName>
            <firstName>Timothy</firstName>
            <middleName />
            <lastName>Kaine</lastName>
            <party>D</party>
            <state>VA</state>
            <identifiers>
              <lisID>2176</lisID>
              <bioguideId>K000384</bioguideId>
              <gpoId />
            </identifiers>
          </item>
        </sponsors>
        <cosponsors>
          <totalCount>1</totalCount>
          <currentCount>1</currentCount>
          <item>
            <bioguideId>V000128</bioguideId>
            <fullName>Sen. Van Hollen, Chris [D-MD]</fullName>
            <firstName>Chris</firstName>
            <middleName />
            <lastName>Van Hollen</lastName>
            <party>D</party>
            <state>MD</state>
            <identifiers>
              <lisID>1729</lisID>
              <bioguideId>V000128</bioguideId>
              <gpoId>7983</gpoId>
            </identifiers>
            <sponsorshipDate>2019-01-16</sponsorshipDate>
            <isOriginalCosponsor>True</isOriginalCosponsor>
            <sponsorshipWithdrawnDate />
          </item>
        </cosponsors>
        <titles />
        <proposedDate />
        <submittedDate>2019-01-16T05:00:00Z</submittedDate>
        <chamber>Senate</chamber>
        <amendedBill>
          <congress>116</congress>
          <type>SJRES</type>
          <originChamber>Senate</originChamber>
          <originChamberCode>S</originChamberCode>
          <number>2</number>
          <title>A joint resolution disapproving the President's proposal to take an action relating to the application of certain sanctions with respect to the Russian Federation.</title>
        </amendedBill>
        <amendedAmendment />
        <amendments>
          <count>0</count>
        </amendments>
        <links />
        <notes />
        <actions>
          <count>2</count>
          <actions>
            <item>
              <actionDate>2019-01-16</actionDate>
              <links />
              <text />
            </item>
            <item>
              <actionDate>2019-01-16</actionDate>
              <links />
              <text>Senate amendment submitted</text>
              <type>Floor</type>
              <actionCode>91000</actionCode>
              <sourceSystem>
                <code>9</code>
                <name>Library of Congress</name>
              </sourceSystem>
              <committee />
            </item>
          </actions>
          <actionTypeCounts>
            <senateAmendmentSubmitted>1</senateAmendmentSubmitted>
          </actionTypeCounts>
          <actionByCounts>
            <senate>1</senate>
          </actionByCounts>
        </actions>
        <version>1.0.0</version>
      </amendment>
    </amendments>
    <textVersions>
      <item>
        <type>Placed on Calendar Senate</type>
        <date>2019-01-15T05:00:00Z</date>
        <formats>
          <item>
            <url>https://www.govinfo.gov/content/pkg/BILLS-116sjres2pcs/xml/BILLS-116sjres2pcs.xml</url>
          </item>
        </formats>
      </item>
      <item>
        <type>Introduced in Senate</type>
        <date>2019-01-04T05:00:00Z</date>
        <formats>
          <item>
            <url>https://www.govinfo.gov/content/pkg/BILLS-116sjres2is/xml/BILLS-116sjres2is.xml</url>
          </item>
        </formats>
      </item>
    </textVersions>
    <latestAction>
      <actionDate>2019-01-16</actionDate>
      <text>Returned to the Calendar. Calendar No. 13.</text>
      <links />
    </latestAction>
    <calendarNumbers>
      <item>
        <calendar>Senate Calendar of Business</calendar>
        <number>0013</number>
      </item>
    </calendarNumbers>
    <version>1.0.0</version>
  </bill>
  <dublinCore xmlns:dc="http://purl.org/dc/elements/1.1/">
    <dc:format>text/xml</dc:format>
    <dc:language>EN</dc:language>
    <dc:rights>Pursuant to Title 17 Section 105 of the United States Code, this file is not subject to copyright protection and is in the public domain.</dc:rights>
    <dc:contributor>Congressional Research Service, Library of Congress</dc:contributor>
    <dc:description>This file contains bill summaries and statuses for federal legislation. A bill summary describes the most significant provisions of a piece of legislation and details the effects the legislative text may have on current law and federal programs. Bill summaries are authored by the Congressional Research Service (CRS) of the Library of Congress. As stated in Public Law 91-510 (2 USC 166 (d)(6)), one of the duties of CRS is "to prepare summaries and digests of bills and resolutions of a public general nature introduced in the Senate or House of Representatives". For more information, refer to the User Guide that accompanies this file.</dc:description>
  </dublinCore>
</billStatus>

