<?xml version="1.0" encoding="UTF-8"?>
<billStatus>
  <bill>
    <billNumber>2779</billNumber>
    <createDate>2018-04-27T04:41:04Z</createDate>
    <updateDate>2021-10-15T23:30:16Z</updateDate>
    <originChamber>Senate</originChamber>
    <billType>S</billType>
    <introducedDate>2018-04-26</introducedDate>
    <congress>115</congress>
    <recordedVotes />
    <committees>
      <billCommittees>
        <item>
          <systemCode>ssfr00</systemCode>
          <name>Foreign Relations Committee</name>
          <chamber>Senate</chamber>
          <type>Standing</type>
          <subcommittees />
          <activities>
            <item>
              <name>Reported by</name>
              <date>2018-06-28T18:02:44Z</date>
            </item>
            <item>
              <name>Markup by</name>
              <date>2018-06-26T15:15:02Z</date>
            </item>
            <item>
              <name>Referred to</name>
              <date>2018-04-26T19:15:01Z</date>
            </item>
          </activities>
        </item>
      </billCommittees>
    </committees>
    <committeeReports />
    <relatedBills>
      <item>
        <latestTitle>Zimbabwe Democracy and Economic Recovery Amendment Act of 2018</latestTitle>
        <congress>115</congress>
        <number>2595</number>
        <type>S</type>
        <latestAction>
          <actionDate>2018-03-22</actionDate>
          <text>Read twice and referred to the Committee on Foreign Relations.</text>
        </latestAction>
        <relationshipDetails>
          <item>
            <type>Related bill</type>
            <identifiedBy>CRS</identifiedBy>
          </item>
        </relationshipDetails>
      </item>
      <item>
        <latestTitle>Zimbabwe Democracy and Economic Recovery Amendment Act of 2018</latestTitle>
        <congress>115</congress>
        <number>6472</number>
        <type>HR</type>
        <latestAction>
          <actionDate>2018-07-23</actionDate>
          <text>Referred to the Committee on Financial Services, and in addition to the Committee on Foreign Affairs, for a period to be subsequently determined by the Speaker, in each case for consideration of such provisions as fall within the jurisdiction of the committee concerned.</text>
        </latestAction>
        <relationshipDetails>
          <item>
            <type>Related bill</type>
            <identifiedBy>CRS</identifiedBy>
          </item>
        </relationshipDetails>
      </item>
    </relatedBills>
    <actions>
      <item>
        <actionDate>2018-08-08</actionDate>
        <links />
        <text>Became Public Law No: 115-231.</text>
        <type>President</type>
        <actionCode>E40000</actionCode>
        <sourceSystem>
          <code>2</code>
          <name>House floor actions</name>
        </sourceSystem>
        <committees />
      </item>
      <item>
        <actionDate>2018-08-08</actionDate>
        <links />
        <text>Became Public Law No: 115-231.</text>
        <type>BecameLaw</type>
        <actionCode>36000</actionCode>
        <sourceSystem>
          <code>9</code>
          <name>Library of Congress</name>
        </sourceSystem>
        <committees />
      </item>
      <item>
        <actionDate>2018-08-08</actionDate>
        <links />
        <text>Signed by President.</text>
        <type>President</type>
        <actionCode>E30000</actionCode>
        <sourceSystem>
          <code>2</code>
          <name>House floor actions</name>
        </sourceSystem>
        <committees />
      </item>
      <item>
        <actionDate>2018-08-08</actionDate>
        <links />
        <text>Signed by President.</text>
        <type>BecameLaw</type>
        <actionCode>36000</actionCode>
        <sourceSystem>
          <code>9</code>
          <name>Library of Congress</name>
        </sourceSystem>
        <committees />
      </item>
      <item>
        <actionDate>2018-08-01</actionDate>
        <links />
        <text>Presented to President.</text>
        <type>Floor</type>
        <actionCode>E20000</actionCode>
        <sourceSystem>
          <code>2</code>
          <name>House floor actions</name>
        </sourceSystem>
        <committees />
      </item>
      <item>
        <actionDate>2018-08-01</actionDate>
        <links />
        <text>Presented to President.</text>
        <type>President</type>
        <actionCode>28000</actionCode>
        <sourceSystem>
          <code>9</code>
          <name>Library of Congress</name>
        </sourceSystem>
        <committees />
      </item>
      <item>
        <actionDate>2018-07-25</actionDate>
        <actionTime>18:24:35</actionTime>
        <links />
        <text>Motion to reconsider laid on the table Agreed to without objection.</text>
        <type>Floor</type>
        <actionCode>H38310</actionCode>
        <sourceSystem>
          <code>2</code>
          <name>House floor actions</name>
        </sourceSystem>
        <committees />
      </item>
      <item>
        <actionDate>2018-07-25</actionDate>
        <actionTime>18:24:34</actionTime>
        <links />
        <text>On passage Passed without objection. (text: CR H7670-7671)</text>
        <type>Floor</type>
        <actionCode>H37100</actionCode>
        <sourceSystem>
          <code>2</code>
          <name>House floor actions</name>
        </sourceSystem>
        <committees />
      </item>
      <item>
        <actionDate>2018-07-25</actionDate>
        <actionTime>18:24:34</actionTime>
        <links />
        <text>Passed/agreed to in House: On passage Passed without objection.(text: CR H7670-7671)</text>
        <type>Floor</type>
        <actionCode>8000</actionCode>
        <sourceSystem>
          <code>9</code>
          <name>Library of Congress</name>
        </sourceSystem>
        <committees />
      </item>
      <item>
        <actionDate>2018-07-25</actionDate>
        <actionTime>18:24:12</actionTime>
        <links />
        <text>Mr. Royce (CA) asked unanimous consent to take from the Speaker's table and consider.</text>
        <type>Floor</type>
        <actionCode>H30200</actionCode>
        <sourceSystem>
          <code>2</code>
          <name>House floor actions</name>
        </sourceSystem>
        <committees />
      </item>
      <item>
        <actionDate>2018-07-25</actionDate>
        <actionTime>18:24:12</actionTime>
        <links />
        <text>Considered by unanimous consent. (consideration: CR H7670-7672)</text>
        <type>Floor</type>
        <actionCode>H30000</actionCode>
        <sourceSystem>
          <code>2</code>
          <name>House floor actions</name>
        </sourceSystem>
        <committees />
      </item>
      <item>
        <actionDate>2018-07-25</actionDate>
        <actionTime>13:32:11</actionTime>
        <links />
        <text>Held at the desk.</text>
        <type>Floor</type>
        <actionCode>H15000</actionCode>
        <sourceSystem>
          <code>2</code>
          <name>House floor actions</name>
        </sourceSystem>
        <committees />
      </item>
      <item>
        <actionDate>2018-07-25</actionDate>
        <committees />
        <links />
        <sourceSystem>
          <code>0</code>
          <name>Senate</name>
        </sourceSystem>
        <text>Message on Senate action sent to the House.</text>
        <type>Floor</type>
      </item>
      <item>
        <actionDate>2018-07-25</actionDate>
        <actionTime>11:23:27</actionTime>
        <links />
        <text>Received in the House.</text>
        <type>Floor</type>
        <actionCode>H14000</actionCode>
        <sourceSystem>
          <code>2</code>
          <name>House floor actions</name>
        </sourceSystem>
        <committees />
      </item>
      <item>
        <actionDate>2018-07-25</actionDate>
        <committees />
        <links />
        <sourceSystem>
          <code>0</code>
          <name>Senate</name>
        </sourceSystem>
        <text>Passed Senate with an amendment by Voice Vote. (text of amendment in the nature of a substitute: CR S5320)</text>
        <type>Floor</type>
      </item>
      <item>
        <actionDate>2018-07-25</actionDate>
        <links />
        <text>Passed/agreed to in Senate: Passed Senate with an amendment by Voice Vote.(text of amendment in the nature of a substitute: CR S5320)</text>
        <type>Floor</type>
        <actionCode>17000</actionCode>
        <sourceSystem>
          <code>9</code>
          <name>Library of Congress</name>
        </sourceSystem>
        <committees />
      </item>
      <item>
        <actionDate>2018-07-25</actionDate>
        <committees />
        <links />
        <sourceSystem>
          <code>0</code>
          <name>Senate</name>
        </sourceSystem>
        <text>The committee substitute withdrawn by Unanimous Consent.</text>
        <type>Floor</type>
      </item>
      <item>
        <actionDate>2018-07-25</actionDate>
        <committees />
        <links />
        <sourceSystem>
          <code>0</code>
          <name>Senate</name>
        </sourceSystem>
        <text>Measure laid before Senate by unanimous consent. (consideration: CR S5319-5320)</text>
        <type>Floor</type>
      </item>
      <item>
        <actionDate>2018-06-28</actionDate>
        <committees />
        <links />
        <sourceSystem>
          <code>0</code>
          <name>Senate</name>
        </sourceSystem>
        <text>Placed on Senate Legislative Calendar under General Orders. Calendar No. 499.</text>
        <type>Calendars</type>
      </item>
      <item>
        <actionDate>2018-06-28</actionDate>
        <committees>
          <item>
            <systemCode>ssfr00</systemCode>
            <name>Foreign Relations Committee</name>
          </item>
        </committees>
        <links />
        <sourceSystem>
          <code>0</code>
          <name>Senate</name>
        </sourceSystem>
        <text>Committee on Foreign Relations. Reported by Senator Corker with an amendment in the nature of a substitute. Without written report.</text>
        <type>Committee</type>
      </item>
      <item>
        <actionDate>2018-06-28</actionDate>
        <links />
        <text>Committee on Foreign Relations. Reported by Senator Corker with an amendment in the nature of a substitute. Without written report.</text>
        <type>Committee</type>
        <actionCode>14000</actionCode>
        <sourceSystem>
          <code>9</code>
          <name>Library of Congress</name>
        </sourceSystem>
        <committees>
          <item>
            <systemCode>ssfr00</systemCode>
            <name>Foreign Relations Committee</name>
          </item>
        </committees>
      </item>
      <item>
        <actionDate>2018-06-26</actionDate>
        <committees>
          <item>
            <systemCode>ssfr00</systemCode>
            <name>Foreign Relations Committee</name>
          </item>
        </committees>
        <links />
        <sourceSystem>
          <code>0</code>
          <name>Senate</name>
        </sourceSystem>
        <text>Committee on Foreign Relations. Ordered to be reported with an amendment in the nature of a substitute favorably.</text>
        <type>Committee</type>
      </item>
      <item>
        <actionDate>2018-04-26</actionDate>
        <committees>
          <item>
            <systemCode>ssfr00</systemCode>
            <name>Foreign Relations Committee</name>
          </item>
        </committees>
        <links />
        <sourceSystem>
          <code>0</code>
          <name>Senate</name>
        </sourceSystem>
        <text>Read twice and referred to the Committee on Foreign Relations.</text>
        <type>IntroReferral</type>
      </item>
      <item>
        <actionDate>2018-04-26</actionDate>
        <links />
        <text>Introduced in Senate</text>
        <type>IntroReferral</type>
        <actionCode>10000</actionCode>
        <sourceSystem>
          <code>9</code>
          <name>Library of Congress</name>
        </sourceSystem>
        <committees />
      </item>
      <actionTypeCounts>
        <publicLawOrPrivateLaw>1</publicLawOrPrivateLaw>
        <becamePublicLaw>2</becamePublicLaw>
        <signedByPresidentOrSentToArchivistOfTheUnitedStatesUnsignedOrVetoedByPresidentOrPocketVetoedByPresident>1</signedByPresidentOrSentToArchivistOfTheUnitedStatesUnsignedOrVetoedByPresidentOrPocketVetoedByPresident>
        <presentedToPresident>2</presentedToPresident>
        <motionToReconsiderResults>1</motionToReconsiderResults>
        <passageOfAMeasure>1</passageOfAMeasure>
        <passedAgreedToInHouse>1</passedAgreedToInHouse>
        <unanimousConsentRequestToConsider>1</unanimousConsentRequestToConsider>
        <considerationByHouse>1</considerationByHouse>
        <heldAtTheDesk>1</heldAtTheDesk>
        <sentToHouse>1</sentToHouse>
        <receivedInTheHouse>1</receivedInTheHouse>
        <passedSenate>1</passedSenate>
        <passedAgreedToInSenate>1</passedAgreedToInSenate>
        <amendmentAgreedTo>1</amendmentAgreedTo>
        <measureLaidBeforeSenate>1</measureLaidBeforeSenate>
        <placedOnCalendarGeneralOrders>1</placedOnCalendarGeneralOrders>
        <reportedToSenate>2</reportedToSenate>
        <orderedReported>1</orderedReported>
        <referredToCommittee>1</referredToCommittee>
        <introducedInSenate>1</introducedInSenate>
      </actionTypeCounts>
      <actionByCounts>
        <houseOfRepresentatives>7</houseOfRepresentatives>
        <senate>11</senate>
      </actionByCounts>
    </actions>
    <sponsors>
      <item>
        <bioguideId>F000444</bioguideId>
        <fullName>Sen. Flake, Jeff [R-AZ]</fullName>
        <firstName>JEFF</firstName>
        <middleName />
        <lastName>FLAKE</lastName>
        <party>R</party>
        <state>AZ</state>
        <identifiers>
          <lisID>1633</lisID>
          <bioguideId>F000444</bioguideId>
          <gpoId>7803</gpoId>
        </identifiers>
        <byRequestType />
      </item>
    </sponsors>
    <cosponsors>
      <item>
        <bioguideId>C001088</bioguideId>
        <fullName>Sen. Coons, Christopher A. [D-DE]</fullName>
        <firstName>Christopher</firstName>
        <middleName>A.</middleName>
        <lastName>Coons</lastName>
        <party>D</party>
        <state>DE</state>
        <identifiers>
          <lisID>1984</lisID>
          <bioguideId>C001088</bioguideId>
          <gpoId>8297</gpoId>
        </identifiers>
        <sponsorshipDate>2018-04-26</sponsorshipDate>
        <isOriginalCosponsor>True</isOriginalCosponsor>
        <sponsorshipWithdrawnDate />
      </item>
    </cosponsors>
    <cboCostEstimates>
      <item>
        <pubDate>2018-07-27T20:43:06Z</pubDate>
        <title>S. 2779, Zimbabwe Democracy and Economic Recovery Amendment Act of 2018</title>
        <url>https://www.cbo.gov/publication/54313</url>
      </item>
    </cboCostEstimates>
    <laws>
      <item>
        <type>Public Law</type>
        <number>115-231</number>
      </item>
    </laws>
    <notes />
    <policyArea>
      <name>International Affairs</name>
    </policyArea>
    <subjects>
      <billSubjects>
        <legislativeSubjects>
          <item>
            <name>Africa</name>
          </item>
          <item>
            <name>Australia</name>
          </item>
          <item>
            <name>Conflicts and wars</name>
          </item>
          <item>
            <name>Criminal investigation, prosecution, interrogation</name>
          </item>
          <item>
            <name>Democratic Republic of the Congo</name>
          </item>
          <item>
            <name>Economic development</name>
          </item>
          <item>
            <name>Elections, voting, political campaign regulation</name>
          </item>
          <item>
            <name>Europe</name>
          </item>
          <item>
            <name>Farmland</name>
          </item>
          <item>
            <name>Foreign aid and international relief</name>
          </item>
          <item>
            <name>Foreign loans and debt</name>
          </item>
          <item>
            <name>Government ethics and transparency, public corruption</name>
          </item>
          <item>
            <name>Human rights</name>
          </item>
          <item>
            <name>International monetary system and foreign exchange</name>
          </item>
          <item>
            <name>International organizations and cooperation</name>
          </item>
          <item>
            <name>Land transfers</name>
          </item>
          <item>
            <name>Monetary policy</name>
          </item>
          <item>
            <name>Multilateral development programs</name>
          </item>
          <item>
            <name>News media and reporting</name>
          </item>
          <item>
            <name>Oceania</name>
          </item>
          <item>
            <name>Property rights</name>
          </item>
          <item>
            <name>Protest and dissent</name>
          </item>
          <item>
            <name>Rule of law and government transparency</name>
          </item>
          <item>
            <name>Sanctions</name>
          </item>
          <item>
            <name>Sovereignty, recognition, national governance and status</name>
          </item>
          <item>
            <name>U.S. and foreign investments</name>
          </item>
          <item>
            <name>Unemployment</name>
          </item>
          <item>
            <name>United Kingdom</name>
          </item>
          <item>
            <name>Zimbabwe</name>
          </item>
        </legislativeSubjects>
        <policyArea>
          <name>International Affairs</name>
        </policyArea>
      </billSubjects>
    </subjects>
    <summaries>
      <billSummaries>
        <item>
          <versionCode>00</versionCode>
          <actionDate>2018-04-26</actionDate>
          <actionDesc>Introduced in Senate</actionDesc>
          <lastSummaryUpdateDate>2018-12-13T21:29:44Z</lastSummaryUpdateDate>
          <text><![CDATA[<p><b>Zimbabwe Democracy and Economic Recovery Amendment Act of 2018</b></p> <p>This bill amends the Zimbabwe Democracy and Economic Recovery Act of 2001 to establish additional pre- and post- election conditions that Zimbabwe must satisfy in order to remove Department of the Treasury opposition to: (1) international financial institution loan, credit, or guarantee extensions to Zimbabwe; or (2) cancellation or reduction of debt owed by Zimbabwe to the United States or any international financial institution.</p> <p>The bill includes Australia and the United Kingdom in consultations regarding Zimbabwe's political violence and any future removal of related sanctions.</p>]]></text>
          <updateDate>2018-04-26T04:00:00Z</updateDate>
          <name>Introduced in Senate</name>
        </item>
        <item>
          <versionCode>49</versionCode>
          <actionDate>2018-08-08</actionDate>
          <actionDesc>Public Law</actionDesc>
          <lastSummaryUpdateDate>2019-05-20T20:24:57Z</lastSummaryUpdateDate>
          <text><![CDATA[<b> <p />Zimbabwe Democracy and Economic Recovery Amendment Act of 2018 </b> <p />This bill revises statements of U.S. policy toward Zimbabwe, in particular by: <ul> <li>stating support for Zimbabweans' efforts to reconstruct and rebuild the nation and come to terms with the past through a process of genuine reconciliation that acknowledges past human rights abuses and orders inquiries into disappearances, including those of human rights activists;</li> <li>stating conditions for a strengthened U.S.-Zimbabwe relationship;</li> <li>supporting inclusion of Australia, the United Kingdom, the African Union, and the Southern African Development Community (SADC) in consultations on ways to sanction individuals responsible for deliberate breakdown of the rule of law, politically motivated violence, and intimidation; and</li> <li>urging enforcement of the SADC tribunal rulings issued between 2007 and 2010, including disputes involving employment, commercial, and human rights cases surrounding dispossessed Zimbabwean commercial farmers and agricultural companies.</li> </ul> <p> Regarding multilateral debt relief and assistance, the bill:</p> <ul> <li>urges the Department of the Treasury to direct each U.S. executive director of a multilateral development bank to support efforts to reevaluate plans to restructure, rebuild, reschedule, or eliminate Zimbabwe's sovereign debt held by that bank and provide an analysis based on reasonable financial options to achieve those goals;</li> <li>removes as a condition of presidential certification that conditions are met for providing multilateral assistance that the government is making a good faith effort to fulfill the terms of the agreement on ending the war in the Democratic Republic of the Congo; and</li> <li>removes a requirement of consistency of the land reform program with agreements reached at the International Donors' Conference on Land Reform and Resettlement in Zimbabwe in September 1998.</li> </ul> <p>The bill revises the purposes of U.S. assistance supporting land reform mechanisms to remove authority for the payment of acquisition and resettlement costs consistent with the International Donors' Conference. It adds authority for assistance to identify and recover stolen public assets.</p>]]></text>
          <updateDate>2018-08-09T03:59:58Z</updateDate>
          <name>Public Law</name>
        </item>
      </billSummaries>
    </summaries>
    <title>Zimbabwe Democracy and Economic Recovery Amendment Act of 2018</title>
    <titles>
      <item>
        <titleType>Display Title</titleType>
        <parentTitleType />
        <title>Zimbabwe Democracy and Economic Recovery Amendment Act of 2018</title>
        <chamberCode />
        <chamberName />
      </item>
      <item>
        <titleType>Short Titles as Introduced</titleType>
        <parentTitleType />
        <title>Zimbabwe Democracy and Economic Recovery Amendment Act of 2018</title>
        <chamberCode />
        <chamberName />
      </item>
      <item>
        <titleType>Short Titles as Reported to Senate</titleType>
        <parentTitleType>Short Titles Senate</parentTitleType>
        <title>Zimbabwe Democracy and Economic Recovery Amendment Act of 2018</title>
        <chamberCode>S</chamberCode>
        <chamberName>Senate</chamberName>
      </item>
      <item>
        <titleType>Official Title as Introduced</titleType>
        <parentTitleType />
        <title>A bill to amend the Zimbabwe Democracy and Economic Recovery Act of 2001.</title>
        <chamberCode />
        <chamberName />
      </item>
      <item>
        <titleType>Short Titles as Passed Senate</titleType>
        <parentTitleType>Short Titles Senate</parentTitleType>
        <title>Zimbabwe Democracy and Economic Recovery Amendment Act of 2018</title>
        <chamberCode>S</chamberCode>
        <chamberName>Senate</chamberName>
      </item>
      <item>
        <titleType>Short Titles as Enacted</titleType>
        <parentTitleType>Short Title</parentTitleType>
        <title>Zimbabwe Democracy and Economic Recovery Amendment Act of 2018</title>
        <chamberCode />
        <chamberName />
      </item>
      <item>
        <titleType>Short Titles as Passed House</titleType>
        <parentTitleType>Short Titles House of Representatives</parentTitleType>
        <title>Zimbabwe Democracy and Economic Recovery Amendment Act of 2018</title>
        <chamberCode>H</chamberCode>
        <chamberName>House</chamberName>
      </item>
    </titles>
    <amendments>
      <amendment>
        <number>3541</number>
        <description />
        <purpose>In the nature of a substitute.</purpose>
        <congress>115</congress>
        <type>SAMDT</type>
        <latestAction>
          <actionDate>2018-07-25</actionDate>
          <text>Amendment SA 3541 agreed to in Senate by Unanimous Consent.</text>
        </latestAction>
        <number>3541</number>
        <description />
        <purpose>In the nature of a substitute.</purpose>
        <congress>115</congress>
        <type>SAMDT</type>
        <createDate>2018-07-26T04:46:50Z</createDate>
        <updateDate>2020-12-15T17:51:32Z</updateDate>
        <sponsors>
          <item>
            <bioguideId>F000444</bioguideId>
            <fullName>Sen. Flake, Jeff [R-AZ]</fullName>
            <firstName>JEFF</firstName>
            <middleName />
            <lastName>FLAKE</lastName>
            <party>R</party>
            <state>AZ</state>
            <identifiers>
              <lisID>1633</lisID>
              <bioguideId>F000444</bioguideId>
              <gpoId>7803</gpoId>
            </identifiers>
          </item>
        </sponsors>
        <cosponsors>
          <totalCount>0</totalCount>
          <currentCount>0</currentCount>
        </cosponsors>
        <titles />
        <proposedDate>2018-07-25T04:00:00Z</proposedDate>
        <submittedDate>2018-07-25T04:00:00Z</submittedDate>
        <chamber>Senate</chamber>
        <amendedBill>
          <congress>115</congress>
          <type>S</type>
          <originChamber>Senate</originChamber>
          <originChamberCode>S</originChamberCode>
          <number>2779</number>
          <title>Zimbabwe Democracy and Economic Recovery Amendment Act of 2018</title>
        </amendedBill>
        <amendedAmendment />
        <amendments>
          <count>0</count>
        </amendments>
        <links />
        <notes />
        <actions>
          <count>6</count>
          <actions>
            <item>
              <actionDate>2018-07-25</actionDate>
              <links />
              <sourceSystem>
                <code>0</code>
                <name>Senate</name>
              </sourceSystem>
              <text>Amendment SA 3541 agreed to in Senate by Unanimous Consent.</text>
              <type>Floor</type>
            </item>
            <item>
              <actionDate>2018-07-25</actionDate>
              <links />
              <sourceSystem>
                <code>0</code>
                <name>Senate</name>
              </sourceSystem>
              <text>Amendment SA 3541 proposed by Senator Murkowski for Senator Flake. (consideration: CR S5320) In the nature of a substitute.</text>
              <type>Floor</type>
            </item>
            <item>
              <actionDate>2018-07-25</actionDate>
              <links />
              <text />
            </item>
            <item>
              <actionDate>2018-07-25</actionDate>
              <links />
              <text>Senate amendment proposed (on the floor): Amendment SA 3541 proposed by Senator Murkowski for Senator Flake.(consideration: CR S5320)</text>
              <type>Floor</type>
              <actionCode>93000</actionCode>
              <sourceSystem>
                <code>9</code>
                <name>Library of Congress</name>
              </sourceSystem>
              <committee />
            </item>
            <item>
              <actionDate>2018-07-25</actionDate>
              <links />
              <text>Senate amendment agreed to: Amendment SA 3541 agreed to in Senate by Unanimous Consent.</text>
              <type>Floor</type>
              <actionCode>94000</actionCode>
              <sourceSystem>
                <code>9</code>
                <name>Library of Congress</name>
              </sourceSystem>
              <committee />
            </item>
            <item>
              <actionDate>2018-07-25</actionDate>
              <links />
              <text>Senate amendment submitted</text>
              <type>Floor</type>
              <actionCode>91000</actionCode>
              <sourceSystem>
                <code>9</code>
                <name>Library of Congress</name>
              </sourceSystem>
              <committee />
            </item>
          </actions>
          <actionTypeCounts>
            <amendmentAgreedTo>1</amendmentAgreedTo>
            <amendmentProposed>1</amendmentProposed>
            <senateAmendmentProposedOnTheFloor>1</senateAmendmentProposedOnTheFloor>
            <senateAmendmentAgreedTo>1</senateAmendmentAgreedTo>
            <senateAmendmentSubmitted>1</senateAmendmentSubmitted>
          </actionTypeCounts>
          <actionByCounts>
            <senate>5</senate>
          </actionByCounts>
        </actions>
        <version>1.0.0</version>
      </amendment>
    </amendments>
    <textVersions>
      <item>
        <type>Enrolled Bill</type>
        <date />
        <formats>
          <item>
            <url>https://www.govinfo.gov/content/pkg/BILLS-115s2779enr/xml/BILLS-115s2779enr.xml</url>
          </item>
        </formats>
      </item>
      <item>
        <type>Engrossed in Senate</type>
        <date>2018-07-25T04:00:00Z</date>
        <formats>
          <item>
            <url>https://www.govinfo.gov/content/pkg/BILLS-115s2779es/xml/BILLS-115s2779es.xml</url>
          </item>
        </formats>
      </item>
      <item>
        <type>Reported to Senate</type>
        <date>2018-06-28T04:00:00Z</date>
        <formats>
          <item>
            <url>https://www.govinfo.gov/content/pkg/BILLS-115s2779rs/xml/BILLS-115s2779rs.xml</url>
          </item>
        </formats>
      </item>
      <item>
        <type>Introduced in Senate</type>
        <date>2018-04-26T04:00:00Z</date>
        <formats>
          <item>
            <url>https://www.govinfo.gov/content/pkg/BILLS-115s2779is/xml/BILLS-115s2779is.xml</url>
          </item>
        </formats>
      </item>
    </textVersions>
    <latestAction>
      <actionDate>2018-08-08</actionDate>
      <text>Became Public Law No: 115-231.</text>
      <links />
    </latestAction>
    <calendarNumbers>
      <item>
        <calendar>Senate Calendar of Business</calendar>
        <number>0499</number>
      </item>
    </calendarNumbers>
    <version>1.0.0</version>
  </bill>
  <dublinCore xmlns:dc="http://purl.org/dc/elements/1.1/">
    <dc:format>text/xml</dc:format>
    <dc:language>EN</dc:language>
    <dc:rights>Pursuant to Title 17 Section 105 of the United States Code, this file is not subject to copyright protection and is in the public domain.</dc:rights>
    <dc:contributor>Congressional Research Service, Library of Congress</dc:contributor>
    <dc:description>This file contains bill summaries and statuses for federal legislation. A bill summary describes the most significant provisions of a piece of legislation and details the effects the legislative text may have on current law and federal programs. Bill summaries are authored by the Congressional Research Service (CRS) of the Library of Congress. As stated in Public Law 91-510 (2 USC 166 (d)(6)), one of the duties of CRS is "to prepare summaries and digests of bills and resolutions of a public general nature introduced in the Senate or House of Representatives". For more information, refer to the User Guide that accompanies this file.</dc:description>
  </dublinCore>
</billStatus>

