<?xml version="1.0" encoding="UTF-8"?>
<billStatus>
  <bill>
    <billNumber>691</billNumber>
    <createDate>2017-03-22T05:45:20Z</createDate>
    <updateDate>2021-07-10T20:11:07Z</updateDate>
    <originChamber>Senate</originChamber>
    <billType>S</billType>
    <introducedDate>2017-03-21</introducedDate>
    <congress>115</congress>
    <recordedVotes />
    <committees>
      <billCommittees>
        <item>
          <systemCode>slia00</systemCode>
          <name>Indian Affairs Committee</name>
          <chamber>Senate</chamber>
          <type>Other</type>
          <subcommittees />
          <activities>
            <item>
              <name>Reported by</name>
              <date>2017-06-28T22:05:06Z</date>
            </item>
            <item>
              <name>Markup by</name>
              <date>2017-05-17T18:30:34Z</date>
            </item>
            <item>
              <name>Referred to</name>
              <date>2017-03-21T21:56:53Z</date>
            </item>
          </activities>
        </item>
      </billCommittees>
    </committees>
    <committeeReports>
      <committeeReport>
        <citation>S. Rept. 115-123</citation>
      </committeeReport>
    </committeeReports>
    <relatedBills>
      <item>
        <latestTitle>Thomasina E. Jordan Indian Tribes of Virginia Federal Recognition Act of 2017</latestTitle>
        <congress>115</congress>
        <number>984</number>
        <type>HR</type>
        <latestAction>
          <actionDate>2018-01-29</actionDate>
          <text>Became Public Law No: 115-121.</text>
        </latestAction>
        <relationshipDetails>
          <item>
            <type>Identical bill</type>
            <identifiedBy>CRS</identifiedBy>
          </item>
        </relationshipDetails>
      </item>
    </relatedBills>
    <actions>
      <item>
        <actionDate>2017-06-28</actionDate>
        <committees />
        <links />
        <sourceSystem>
          <code>0</code>
          <name>Senate</name>
        </sourceSystem>
        <text>Placed on Senate Legislative Calendar under General Orders. Calendar No. 161.</text>
        <type>Calendars</type>
      </item>
      <item>
        <actionDate>2017-06-28</actionDate>
        <committees>
          <item>
            <systemCode>slia00</systemCode>
            <name>Indian Affairs Committee</name>
          </item>
        </committees>
        <links />
        <sourceSystem>
          <code>0</code>
          <name>Senate</name>
        </sourceSystem>
        <text>Committee on Indian Affairs. Reported by Senator Hoeven without amendment. With written report No. 115-123.</text>
        <type>Committee</type>
      </item>
      <item>
        <actionDate>2017-06-28</actionDate>
        <links />
        <text>Committee on Indian Affairs. Reported by Senator Hoeven without amendment. With written report No. 115-123.</text>
        <type>Committee</type>
        <actionCode>14000</actionCode>
        <sourceSystem>
          <code>9</code>
          <name>Library of Congress</name>
        </sourceSystem>
        <committees>
          <item>
            <systemCode>slia00</systemCode>
            <name>Indian Affairs Committee</name>
          </item>
        </committees>
      </item>
      <item>
        <actionDate>2017-05-17</actionDate>
        <committees>
          <item>
            <systemCode>slia00</systemCode>
            <name>Indian Affairs Committee</name>
          </item>
        </committees>
        <links />
        <sourceSystem>
          <code>0</code>
          <name>Senate</name>
        </sourceSystem>
        <text>Committee on Indian Affairs. Ordered to be reported without amendment favorably.</text>
        <type>Committee</type>
      </item>
      <item>
        <actionDate>2017-03-21</actionDate>
        <committees>
          <item>
            <systemCode>slia00</systemCode>
            <name>Indian Affairs Committee</name>
          </item>
        </committees>
        <links />
        <sourceSystem>
          <code>0</code>
          <name>Senate</name>
        </sourceSystem>
        <text>Read twice and referred to the Committee on Indian Affairs. (Sponsor introductory remarks: CR S1893)</text>
        <type>IntroReferral</type>
      </item>
      <item>
        <actionDate>2017-03-21</actionDate>
        <links />
        <text>Introduced in Senate</text>
        <type>IntroReferral</type>
        <actionCode>10000</actionCode>
        <sourceSystem>
          <code>9</code>
          <name>Library of Congress</name>
        </sourceSystem>
        <committees />
      </item>
      <actionTypeCounts>
        <placedOnCalendarGeneralOrders>1</placedOnCalendarGeneralOrders>
        <reportedToSenate>2</reportedToSenate>
        <orderedReported>1</orderedReported>
        <referredToCommittee>1</referredToCommittee>
        <introducedInSenate>1</introducedInSenate>
      </actionTypeCounts>
      <actionByCounts>
        <senate>6</senate>
      </actionByCounts>
    </actions>
    <sponsors>
      <item>
        <bioguideId>K000384</bioguideId>
        <fullName>Sen. Kaine, Tim [D-VA]</fullName>
        <firstName>Timothy</firstName>
        <middleName />
        <lastName>Kaine</lastName>
        <party>D</party>
        <state>VA</state>
        <identifiers>
          <lisID>2176</lisID>
          <bioguideId>K000384</bioguideId>
          <gpoId />
        </identifiers>
        <byRequestType />
      </item>
    </sponsors>
    <cosponsors>
      <item>
        <bioguideId>W000805</bioguideId>
        <fullName>Sen. Warner, Mark R. [D-VA]</fullName>
        <firstName>Mark</firstName>
        <middleName>R.</middleName>
        <lastName>Warner</lastName>
        <party>D</party>
        <state>VA</state>
        <identifiers>
          <lisID>1897</lisID>
          <bioguideId>W000805</bioguideId>
          <gpoId>8269</gpoId>
        </identifiers>
        <sponsorshipDate>2017-03-21</sponsorshipDate>
        <isOriginalCosponsor>True</isOriginalCosponsor>
        <sponsorshipWithdrawnDate />
      </item>
    </cosponsors>
    <cboCostEstimates>
      <item>
        <pubDate>2017-06-20T18:08:00Z</pubDate>
        <title>S. 691, Thomasina E. Jordan Indian Tribes of Virginia Federal Recognition Act of 2017</title>
        <url>https://www.cbo.gov/publication/52831</url>
      </item>
    </cboCostEstimates>
    <laws />
    <notes />
    <policyArea>
      <name>Native Americans</name>
    </policyArea>
    <subjects>
      <billSubjects>
        <legislativeSubjects>
          <item>
            <name>Federal-Indian relations</name>
          </item>
          <item>
            <name>Gambling</name>
          </item>
          <item>
            <name>Indian lands and resources rights</name>
          </item>
          <item>
            <name>Indian social and development programs</name>
          </item>
          <item>
            <name>Land transfers</name>
          </item>
          <item>
            <name>Property rights</name>
          </item>
          <item>
            <name>Virginia</name>
          </item>
        </legislativeSubjects>
        <policyArea>
          <name>Native Americans</name>
        </policyArea>
      </billSubjects>
    </subjects>
    <summaries>
      <billSummaries>
        <item>
          <versionCode>00</versionCode>
          <actionDate>2017-03-21</actionDate>
          <actionDesc>Introduced in Senate</actionDesc>
          <lastSummaryUpdateDate>2017-03-31T20:54:50Z</lastSummaryUpdateDate>
          <text><![CDATA[<p><b>Thomasina E. Jordan Indian Tribes of Virginia Federal Recognition Act of 2017</b></p> <p> This bill extends federal recognition to the following Indian tribes of Virginia and establishes their relationship with the federal government:</p> <ul> <li>the Chickahominy Tribe;</li> <li>the Chickahominy Indian Tribe--Eastern Division;</li> <li>the Upper Mattaponi Tribe;</li> <li>the Rappahannock Tribe, Inc.;</li> <li>the Monacan Indian Nation; and</li> <li>the Nansemond Indian Tribe.</li> </ul> <p>The tribes and their members are made eligible for all services and benefits provided by the federal government to federally recognized Indian tribes. The bill establishes the service area of each tribe and requirements for each tribe regarding its membership roll and governance.</p> <p>Upon the request of a tribe, the Department of the Interior must take specified lands into trust for the benefit of the tribe, to be considered part of the tribe's reservation.</p><p>The tribes may not conduct gaming activities.</p> <p>Eminent domain may not be used to acquire lands for tribes recognized under this bill.</p>]]></text>
          <updateDate>2017-03-21T04:00:00Z</updateDate>
          <name>Introduced in Senate</name>
        </item>
        <item>
          <versionCode>80</versionCode>
          <actionDate>2017-06-28</actionDate>
          <actionDesc>Reported to Senate without amendment</actionDesc>
          <lastSummaryUpdateDate>2017-07-10T15:32:16Z</lastSummaryUpdateDate>
          <text><![CDATA[<p>(This measure has not been amended since it was introduced. The summary has been expanded because action occurred on the measure.)</p> <p><b>Thomasina E. Jordan Indian Tribes of Virginia Federal Recognition Act of 2017</b></p> <p>TITLE I--CHICKAHOMINY INDIAN TRIBE</p> <p>(Sec. 103) This bill extends federal recognition to the Chickahominy Tribe. The tribe and its members are made eligible for the services and benefits provided by the federal government to federally recognized Indian tribes, without regard to the existence of a reservation for the tribe. The bill establishes the service area of the tribe.</p> <p>(Sec. 104) The bill sets forth requirements for the tribe regarding its membership roll, governing documents, and governing body.</p> <p>(Sec. 106) The Department of the Interior, upon the request of the tribe, must take certain land owned by the tribe in Virginia into trust for the benefit of the tribe, to be considered part of the tribe's reservation.</p> <p>The bill prohibits the tribe from conducting gaming activities.</p> <p>(Sec. 107) The bill does not affect the hunting, fishing, trapping, gathering, or water rights of the tribe or its members.</p> <p>TITLE II--CHICKAHOMINY INDIAN TRIBE--EASTERN DIVISION</p> <p>(Sec. 203) This bill extends federal recognition to the Chickahominy Indian Tribe--Eastern Division. The tribe and its members are made eligible for the services and benefits provided by the federal government to federally recognized tribes, without regard to the existence of a reservation for the tribe. The bill establishes the service area of the tribe.</p> <p>(Sec. 204) The bill sets forth requirements for the tribe regarding its membership roll, governing documents, and governing body.</p> <p>(Sec. 206) The Department of the Interior, upon the request of the tribe, must take certain land owned by the tribe in Virginia into trust for the benefit of the tribe, to be considered part of the tribe's reservation.</p> <p>The bill prohibits the tribe from conducting gaming activities.</p> <p>(Sec. 207) The bill does not affect the hunting, fishing, trapping, gathering, or water rights of the tribe or its members.</p> <p>TITLE III--UPPER MATTAPONI TRIBE</p> <p>(Sec. 303) This bill extends federal recognition to the Upper Mattaponi Tribe. The tribe and its members are made eligible for the services and benefits provided by the federal government to federally recognized tribes, without regard to the existence of a reservation for the tribe. The bill establishes the service area of the tribe.</p> <p>(Sec. 304) The bill sets forth requirements for the tribe regarding its membership roll, governing documents, and governing body.</p> <p>(Sec. 306) The Department of the Interior, upon the request of the tribe, must take certain land owned by the tribe in Virginia into trust for the benefit of the tribe, to be considered part of the tribe's reservation.</p> <p>The bill prohibits the tribe from conducting gaming activities.</p> <p>(Sec. 307) The bill does not affect the hunting, fishing, trapping, gathering, or water rights of the tribe or its members.</p> <p>TITLE IV--RAPPAHANNOCK TRIBE, INC.</p> <p>(Sec. 403) This bill extends federal recognition to the Rappahannock Tribe, Inc. The tribe and its members are made eligible for the services and benefits provided by the federal government to federally recognized tribes, without regard to the existence of a reservation for the tribe. The bill establishes the service area of the tribe.</p> <p>(Sec. 404) The bill sets forth requirements for the tribe regarding its membership roll, governing documents, and governing body.</p> <p>(Sec. 406) The Department of the Interior, upon the request of the tribe, must take certain land owned by the tribe in Virginia into trust for the benefit of the tribe, to be considered part of the tribe's reservation.</p> <p>The bill prohibits the tribe from conducting gaming activities.</p> <p>(Sec. 407) The bill does not affect the hunting, fishing, trapping, gathering, or water rights of the tribe or its members.</p> <p>TITLE V--MONACAN INDIAN NATION</p> <p>(Sec. 503) This bill extends federal recognition to the Monacan Indian Nation. The tribe and its members are made eligible for the services and benefits provided by the federal government to federally recognized tribes, without regard to the existence of a reservation for the tribe. The bill establishes the service area of the tribe.</p> <p>(Sec. 504) The bill sets forth requirements for the tribe regarding its membership roll, governing documents, and governing body.</p> <p>(Sec. 506) The Department of the Interior, upon the request of the tribe, must take certain land owned by the tribe in Virginia into trust for the benefit of the tribe, to be considered part of the tribe's reservation.</p> <p>The bill prohibits the tribe from conducting gaming activities.</p> <p>(Sec. 507) The bill does not affect the hunting, fishing, trapping, gathering, or water rights of the tribe or its members.</p> <p>TITLE VI--NANSEMOND INDIAN TRIBE</p> <p>(Sec. 603) This bill extends federal recognition to the Nansemond Indian Tribe. The tribe and its members are made eligible for the services and benefits provided by the federal government to federally recognized tribes, without regard to the existence of a reservation for the tribe. The bill establishes the service area of the tribe.</p> <p>(Sec. 604) The bill sets forth requirements for the tribe regarding its membership roll, governing documents, and governing body.</p> <p>(Sec. 606) The Department of the Interior, upon the request of the tribe, must take certain land owned by the tribe in Virginia into trust for the benefit of the tribe, to be considered part of the tribe's reservation.</p> <p>The bill prohibits the tribe from conducting gaming activities.</p> <p>(Sec. 607) The bill does not affect the hunting, fishing, trapping, gathering, or water rights of the tribe or its members.</p> <p>TITLE VII--EMINENT DOMAIN</p> <p>(Sec. 701) Eminent domain may not be used to acquire lands for a tribe recognized under this bill.</p>]]></text>
          <updateDate>2017-06-28T14:03:18Z</updateDate>
          <name>Reported to Senate without amendment</name>
        </item>
      </billSummaries>
    </summaries>
    <title>Thomasina E. Jordan Indian Tribes of Virginia Federal Recognition Act of 2017</title>
    <titles>
      <item>
        <titleType>Official Title as Introduced</titleType>
        <parentTitleType />
        <title>A bill to extend Federal recognition to the Chickahominy Indian Tribe, the Chickahominy Indian Tribe-Eastern Division, the Upper Mattaponi Tribe, the Rappahannock Tribe, Inc., the Monacan Indian Nation, and the Nansemond Indian Tribe.</title>
        <chamberCode />
        <chamberName />
      </item>
      <item>
        <titleType>Short Titles as Introduced</titleType>
        <parentTitleType />
        <title>Thomasina E. Jordan Indian Tribes of Virginia Federal Recognition Act of 2017</title>
        <chamberCode />
        <chamberName />
      </item>
      <item>
        <titleType>Short Titles as Reported to Senate</titleType>
        <parentTitleType>Short Titles Senate</parentTitleType>
        <title>Thomasina E. Jordan Indian Tribes of Virginia Federal Recognition Act of 2017</title>
        <chamberCode>S</chamberCode>
        <chamberName>Senate</chamberName>
      </item>
      <item>
        <titleType>Display Title</titleType>
        <parentTitleType />
        <title>Thomasina E. Jordan Indian Tribes of Virginia Federal Recognition Act of 2017</title>
        <chamberCode />
        <chamberName />
      </item>
    </titles>
    <amendments />
    <textVersions>
      <item>
        <type>Reported to Senate</type>
        <date>2017-06-28T04:00:00Z</date>
        <formats>
          <item>
            <url>https://www.govinfo.gov/content/pkg/BILLS-115s691rs/xml/BILLS-115s691rs.xml</url>
          </item>
        </formats>
      </item>
      <item>
        <type>Introduced in Senate</type>
        <date>2017-03-21T04:00:00Z</date>
        <formats>
          <item>
            <url>https://www.govinfo.gov/content/pkg/BILLS-115s691is/xml/BILLS-115s691is.xml</url>
          </item>
        </formats>
      </item>
    </textVersions>
    <latestAction>
      <actionDate>2017-06-28</actionDate>
      <text>Placed on Senate Legislative Calendar under General Orders. Calendar No. 161.</text>
      <links />
    </latestAction>
    <calendarNumbers>
      <item>
        <calendar>Senate Calendar of Business</calendar>
        <number>0161</number>
      </item>
    </calendarNumbers>
    <version>1.0.0</version>
  </bill>
  <dublinCore xmlns:dc="http://purl.org/dc/elements/1.1/">
    <dc:format>text/xml</dc:format>
    <dc:language>EN</dc:language>
    <dc:rights>Pursuant to Title 17 Section 105 of the United States Code, this file is not subject to copyright protection and is in the public domain.</dc:rights>
    <dc:contributor>Congressional Research Service, Library of Congress</dc:contributor>
    <dc:description>This file contains bill summaries and statuses for federal legislation. A bill summary describes the most significant provisions of a piece of legislation and details the effects the legislative text may have on current law and federal programs. Bill summaries are authored by the Congressional Research Service (CRS) of the Library of Congress. As stated in Public Law 91-510 (2 USC 166 (d)(6)), one of the duties of CRS is "to prepare summaries and digests of bills and resolutions of a public general nature introduced in the Senate or House of Representatives". For more information, refer to the User Guide that accompanies this file.</dc:description>
  </dublinCore>
</billStatus>

