<?xml version="1.0" encoding="UTF-8"?>
<billStatus>
  <bill>
    <billNumber>513</billNumber>
    <createDate>2017-03-03T05:11:28Z</createDate>
    <updateDate>2021-07-10T20:12:01Z</updateDate>
    <originChamber>Senate</originChamber>
    <billType>S</billType>
    <introducedDate>2017-03-02</introducedDate>
    <congress>115</congress>
    <recordedVotes />
    <committees>
      <billCommittees>
        <item>
          <systemCode>sseg00</systemCode>
          <name>Energy and Natural Resources Committee</name>
          <chamber>Senate</chamber>
          <type>Standing</type>
          <subcommittees />
          <activities>
            <item>
              <name>Reported by</name>
              <date>2017-05-16T15:19:40Z</date>
            </item>
            <item>
              <name>Markup by</name>
              <date>2017-03-30T13:30:00Z</date>
            </item>
            <item>
              <name>Referred to</name>
              <date>2017-03-02T20:38:34Z</date>
            </item>
          </activities>
        </item>
      </billCommittees>
    </committees>
    <committeeReports>
      <committeeReport>
        <citation>S. Rept. 115-66</citation>
      </committeeReport>
    </committeeReports>
    <relatedBills>
      <item>
        <latestTitle>Frank and Jeanne Moore Wild Steelhead Special Management Area Designation Act</latestTitle>
        <congress>115</congress>
        <number>1308</number>
        <type>HR</type>
        <latestAction>
          <actionDate>2017-03-13</actionDate>
          <text>Referred to the Subcommittee on Water, Power and Oceans.</text>
        </latestAction>
        <relationshipDetails>
          <item>
            <type>Identical bill</type>
            <identifiedBy>CRS</identifiedBy>
          </item>
        </relationshipDetails>
      </item>
    </relatedBills>
    <actions>
      <item>
        <actionDate>2017-05-16</actionDate>
        <committees />
        <links />
        <sourceSystem>
          <code>0</code>
          <name>Senate</name>
        </sourceSystem>
        <text>Placed on Senate Legislative Calendar under General Orders. Calendar No. 84.</text>
        <type>Calendars</type>
      </item>
      <item>
        <actionDate>2017-05-16</actionDate>
        <committees>
          <item>
            <systemCode>sseg00</systemCode>
            <name>Energy and Natural Resources Committee</name>
          </item>
        </committees>
        <links />
        <sourceSystem>
          <code>0</code>
          <name>Senate</name>
        </sourceSystem>
        <text>Committee on Energy and Natural Resources. Reported by Senator Murkowski without amendment. With written report No. 115-66.</text>
        <type>Committee</type>
      </item>
      <item>
        <actionDate>2017-05-16</actionDate>
        <links />
        <text>Committee on Energy and Natural Resources. Reported by Senator Murkowski without amendment. With written report No. 115-66.</text>
        <type>Committee</type>
        <actionCode>14000</actionCode>
        <sourceSystem>
          <code>9</code>
          <name>Library of Congress</name>
        </sourceSystem>
        <committees>
          <item>
            <systemCode>sseg00</systemCode>
            <name>Energy and Natural Resources Committee</name>
          </item>
        </committees>
      </item>
      <item>
        <actionDate>2017-03-30</actionDate>
        <committees>
          <item>
            <systemCode>sseg00</systemCode>
            <name>Energy and Natural Resources Committee</name>
          </item>
        </committees>
        <links />
        <sourceSystem>
          <code>0</code>
          <name>Senate</name>
        </sourceSystem>
        <text>Committee on Energy and Natural Resources. Ordered to be reported without amendment favorably.</text>
        <type>Committee</type>
      </item>
      <item>
        <actionDate>2017-03-02</actionDate>
        <committees>
          <item>
            <systemCode>sseg00</systemCode>
            <name>Energy and Natural Resources Committee</name>
          </item>
        </committees>
        <links />
        <sourceSystem>
          <code>0</code>
          <name>Senate</name>
        </sourceSystem>
        <text>Read twice and referred to the Committee on Energy and Natural Resources. (Sponsor introductory remarks on measure: CR S1581; text of measure as introduced: CR S1581-1582)</text>
        <type>IntroReferral</type>
      </item>
      <item>
        <actionDate>2017-03-02</actionDate>
        <links />
        <text>Introduced in Senate</text>
        <type>IntroReferral</type>
        <actionCode>10000</actionCode>
        <sourceSystem>
          <code>9</code>
          <name>Library of Congress</name>
        </sourceSystem>
        <committees />
      </item>
      <actionTypeCounts>
        <placedOnCalendarGeneralOrders>1</placedOnCalendarGeneralOrders>
        <reportedToSenate>2</reportedToSenate>
        <orderedReported>1</orderedReported>
        <referredToCommittee>1</referredToCommittee>
        <introducedInSenate>1</introducedInSenate>
      </actionTypeCounts>
      <actionByCounts>
        <senate>6</senate>
      </actionByCounts>
    </actions>
    <sponsors>
      <item>
        <bioguideId>W000779</bioguideId>
        <fullName>Sen. Wyden, Ron [D-OR]</fullName>
        <firstName>RON</firstName>
        <middleName />
        <lastName>WYDEN</lastName>
        <party>D</party>
        <state>OR</state>
        <identifiers>
          <lisID>1247</lisID>
          <bioguideId>W000779</bioguideId>
          <gpoId>8265</gpoId>
        </identifiers>
        <byRequestType />
      </item>
    </sponsors>
    <cosponsors>
      <item>
        <bioguideId>M001176</bioguideId>
        <fullName>Sen. Merkley, Jeff [D-OR]</fullName>
        <firstName>Jeff</firstName>
        <middleName />
        <lastName>Merkley</lastName>
        <party>D</party>
        <state>OR</state>
        <identifiers>
          <lisID>1900</lisID>
          <bioguideId>M001176</bioguideId>
          <gpoId>8238</gpoId>
        </identifiers>
        <sponsorshipDate>2017-03-02</sponsorshipDate>
        <isOriginalCosponsor>True</isOriginalCosponsor>
        <sponsorshipWithdrawnDate />
      </item>
    </cosponsors>
    <cboCostEstimates>
      <item>
        <pubDate>2017-04-10T21:25:39Z</pubDate>
        <title>S. 513, Frank and Jeanne Moore Wild Steelhead Special Management Area Designation Act</title>
        <url>https://www.cbo.gov/publication/52629</url>
      </item>
    </cboCostEstimates>
    <laws />
    <notes />
    <policyArea>
      <name>Public Lands and Natural Resources</name>
    </policyArea>
    <subjects>
      <billSubjects>
        <legislativeSubjects>
          <item>
            <name>Fishes</name>
          </item>
          <item>
            <name>Forests, forestry, trees</name>
          </item>
          <item>
            <name>Hunting and fishing</name>
          </item>
          <item>
            <name>Oregon</name>
          </item>
          <item>
            <name>Outdoor recreation</name>
          </item>
          <item>
            <name>Wilderness and natural areas, wildlife refuges, wild rivers, habitats</name>
          </item>
          <item>
            <name>Wildlife conservation and habitat protection</name>
          </item>
        </legislativeSubjects>
        <policyArea>
          <name>Public Lands and Natural Resources</name>
        </policyArea>
      </billSubjects>
    </subjects>
    <summaries>
      <billSummaries>
        <item>
          <versionCode>00</versionCode>
          <actionDate>2017-03-02</actionDate>
          <actionDesc>Introduced in Senate</actionDesc>
          <lastSummaryUpdateDate>2017-06-14T19:21:47Z</lastSummaryUpdateDate>
          <text><![CDATA[<p><b>Frank and Jeanne Moore Wild Steelhead Special Management Area Designation Act</b> </p> <p> This bill designates approximately 99,653 acres of Forest Service land in Oregon as the &quot;Frank and Jeanne Moore Wild Steelhead Special Management Area.&quot;</p>]]></text>
          <updateDate>2017-03-02T05:00:00Z</updateDate>
          <name>Introduced in Senate</name>
        </item>
        <item>
          <versionCode>80</versionCode>
          <actionDate>2017-05-16</actionDate>
          <actionDesc>Reported to Senate without amendment</actionDesc>
          <lastSummaryUpdateDate>2017-06-14T19:29:52Z</lastSummaryUpdateDate>
          <text><![CDATA[<p>(This measure has not been amended since it was introduced. The summary has been expanded because action occurred on the measure.)</p> <p><b>Frank and Jeanne Moore Wild Steelhead Special Management Area Designation Act</b> </p> <p> (Sec. 4) This bill designates approximately 99,653 acres of Forest Service land in Oregon as the &quot;Frank and Jeanne Moore Wild Steelhead Special Management Area.&quot;</p> <p>The special management area shall be administered by the Forest Service to: </p> <ul> <li>conserve and enhance the natural character, scientific use, and the botanical, recreational, ecological, fish and wildlife, scenic, drinking water, and cultural values of the special management area; </li> <li>maintain and seek to enhance the wild salmonid habitat of the special management area; </li> <li>maintain or enhance the watershed as a thermal refuge for wild salmonids; and </li> <li>preserve opportunities for recreation, including primitive recreation. </li> </ul> <p> The bill withdraws the federal land within the boundaries of the special management area's river segments from: </p> <ul> <li>entry, appropriation, or disposal under the public land laws; </li> <li>location, entry, and patent under the mining laws; and </li> <li>disposition under all laws relating to mineral and geothermal leasing or mineral materials. </li> </ul>]]></text>
          <updateDate>2017-05-16T12:31:37Z</updateDate>
          <name>Reported to Senate without amendment</name>
        </item>
      </billSummaries>
    </summaries>
    <title>Frank and Jeanne Moore Wild Steelhead Special Management Area Designation Act</title>
    <titles>
      <item>
        <titleType>Official Title as Introduced</titleType>
        <parentTitleType />
        <title>A bill to designate the Frank and Jeanne Moore Wild Steelhead Special Management Area in the State of Oregon.</title>
        <chamberCode />
        <chamberName />
      </item>
      <item>
        <titleType>Short Titles as Introduced</titleType>
        <parentTitleType />
        <title>Frank and Jeanne Moore Wild Steelhead Special ManagementArea Designation Act</title>
        <chamberCode />
        <chamberName />
      </item>
      <item>
        <titleType>Short Titles as Reported to Senate</titleType>
        <parentTitleType>Short Titles Senate</parentTitleType>
        <title>Frank and Jeanne Moore Wild Steelhead Special Management Area Designation Act</title>
        <chamberCode>S</chamberCode>
        <chamberName>Senate</chamberName>
      </item>
      <item>
        <titleType>Display Title</titleType>
        <parentTitleType />
        <title>Frank and Jeanne Moore Wild Steelhead Special Management Area Designation Act</title>
        <chamberCode />
        <chamberName />
      </item>
    </titles>
    <amendments />
    <textVersions>
      <item>
        <type>Reported to Senate</type>
        <date>2017-05-16T04:00:00Z</date>
        <formats>
          <item>
            <url>https://www.govinfo.gov/content/pkg/BILLS-115s513rs/xml/BILLS-115s513rs.xml</url>
          </item>
        </formats>
      </item>
      <item>
        <type>Introduced in Senate</type>
        <date>2017-03-02T05:00:00Z</date>
        <formats>
          <item>
            <url>https://www.govinfo.gov/content/pkg/BILLS-115s513is/xml/BILLS-115s513is.xml</url>
          </item>
        </formats>
      </item>
    </textVersions>
    <latestAction>
      <actionDate>2017-05-16</actionDate>
      <text>Placed on Senate Legislative Calendar under General Orders. Calendar No. 84.</text>
      <links />
    </latestAction>
    <calendarNumbers>
      <item>
        <calendar>Senate Calendar of Business</calendar>
        <number>0084</number>
      </item>
    </calendarNumbers>
    <version>1.0.0</version>
  </bill>
  <dublinCore xmlns:dc="http://purl.org/dc/elements/1.1/">
    <dc:format>text/xml</dc:format>
    <dc:language>EN</dc:language>
    <dc:rights>Pursuant to Title 17 Section 105 of the United States Code, this file is not subject to copyright protection and is in the public domain.</dc:rights>
    <dc:contributor>Congressional Research Service, Library of Congress</dc:contributor>
    <dc:description>This file contains bill summaries and statuses for federal legislation. A bill summary describes the most significant provisions of a piece of legislation and details the effects the legislative text may have on current law and federal programs. Bill summaries are authored by the Congressional Research Service (CRS) of the Library of Congress. As stated in Public Law 91-510 (2 USC 166 (d)(6)), one of the duties of CRS is "to prepare summaries and digests of bills and resolutions of a public general nature introduced in the Senate or House of Representatives". For more information, refer to the User Guide that accompanies this file.</dc:description>
  </dublinCore>
</billStatus>

