<?xml version="1.0" encoding="UTF-8"?>
<billStatus>
  <bill>
    <billNumber>96</billNumber>
    <createDate>2017-01-12T08:17:36Z</createDate>
    <updateDate>2021-10-15T23:30:10Z</updateDate>
    <originChamber>Senate</originChamber>
    <billType>S</billType>
    <introducedDate>2017-01-11</introducedDate>
    <congress>115</congress>
    <recordedVotes />
    <committees>
      <billCommittees>
        <item>
          <systemCode>sscm00</systemCode>
          <name>Commerce, Science, and Transportation Committee</name>
          <chamber>Senate</chamber>
          <type>Standing</type>
          <subcommittees />
          <activities>
            <item>
              <name>Reported by</name>
              <date>2017-03-21T19:50:59Z</date>
            </item>
            <item>
              <name>Markup by</name>
              <date>2017-01-24T15:00:00Z</date>
            </item>
            <item>
              <name>Referred to</name>
              <date>2017-01-11T17:31:27Z</date>
            </item>
          </activities>
        </item>
      </billCommittees>
    </committees>
    <committeeReports>
      <committeeReport>
        <citation>S. Rept. 115-6</citation>
      </committeeReport>
    </committeeReports>
    <relatedBills>
      <item>
        <latestTitle>RAY BAUM'S Act of 2018</latestTitle>
        <congress>115</congress>
        <number>4986</number>
        <type>HR</type>
        <latestAction>
          <actionDate>2018-03-07</actionDate>
          <text>Received in the Senate and Read twice and referred to the Committee on Commerce, Science, and Transportation.</text>
        </latestAction>
        <relationshipDetails>
          <item>
            <type>Related bill</type>
            <identifiedBy>CRS</identifiedBy>
          </item>
        </relationshipDetails>
      </item>
      <item>
        <latestTitle>Improving Rural Call Quality and Reliability Act of 2017</latestTitle>
        <congress>115</congress>
        <number>460</number>
        <type>HR</type>
        <latestAction>
          <actionDate>2017-01-24</actionDate>
          <text>Received in the Senate and Read twice and referred to the Committee on Commerce, Science, and Transportation.</text>
        </latestAction>
        <relationshipDetails>
          <item>
            <type>Identical bill</type>
            <identifiedBy>CRS</identifiedBy>
          </item>
          <item>
            <type>Related bill</type>
            <identifiedBy>House</identifiedBy>
          </item>
        </relationshipDetails>
      </item>
    </relatedBills>
    <actions>
      <item>
        <actionDate>2018-02-26</actionDate>
        <links />
        <text>Became Public Law No: 115-129.</text>
        <type>President</type>
        <actionCode>E40000</actionCode>
        <sourceSystem>
          <code>2</code>
          <name>House floor actions</name>
        </sourceSystem>
        <committees />
      </item>
      <item>
        <actionDate>2018-02-26</actionDate>
        <links />
        <text>Became Public Law No: 115-129.</text>
        <type>BecameLaw</type>
        <actionCode>36000</actionCode>
        <sourceSystem>
          <code>9</code>
          <name>Library of Congress</name>
        </sourceSystem>
        <committees />
      </item>
      <item>
        <actionDate>2018-02-26</actionDate>
        <links />
        <text>Signed by President.</text>
        <type>President</type>
        <actionCode>E30000</actionCode>
        <sourceSystem>
          <code>2</code>
          <name>House floor actions</name>
        </sourceSystem>
        <committees />
      </item>
      <item>
        <actionDate>2018-02-26</actionDate>
        <links />
        <text>Signed by President.</text>
        <type>BecameLaw</type>
        <actionCode>36000</actionCode>
        <sourceSystem>
          <code>9</code>
          <name>Library of Congress</name>
        </sourceSystem>
        <committees />
      </item>
      <item>
        <actionDate>2018-02-14</actionDate>
        <links />
        <text>Presented to President.</text>
        <type>Floor</type>
        <actionCode>E20000</actionCode>
        <sourceSystem>
          <code>2</code>
          <name>House floor actions</name>
        </sourceSystem>
        <committees />
      </item>
      <item>
        <actionDate>2018-02-14</actionDate>
        <links />
        <text>Presented to President.</text>
        <type>President</type>
        <actionCode>28000</actionCode>
        <sourceSystem>
          <code>9</code>
          <name>Library of Congress</name>
        </sourceSystem>
        <committees />
      </item>
      <item>
        <actionDate>2018-02-09</actionDate>
        <actionTime>04:40:41</actionTime>
        <links />
        <text>Motion to reconsider laid on the table Agreed to without objection.</text>
        <type>Floor</type>
        <actionCode>H38310</actionCode>
        <sourceSystem>
          <code>2</code>
          <name>House floor actions</name>
        </sourceSystem>
        <committees />
      </item>
      <item>
        <actionDate>2018-02-09</actionDate>
        <actionTime>04:40:39</actionTime>
        <links />
        <text>On motion to suspend the rules and pass the bill Agreed to by voice vote. (text: CR H990-991)</text>
        <type>Floor</type>
        <actionCode>H37300</actionCode>
        <sourceSystem>
          <code>2</code>
          <name>House floor actions</name>
        </sourceSystem>
        <committees />
      </item>
      <item>
        <actionDate>2018-02-09</actionDate>
        <actionTime>04:40:39</actionTime>
        <links />
        <text>Passed/agreed to in House: On motion to suspend the rules and pass the bill Agreed to by voice vote.(text: CR H990-991)</text>
        <type>Floor</type>
        <actionCode>8000</actionCode>
        <sourceSystem>
          <code>9</code>
          <name>Library of Congress</name>
        </sourceSystem>
        <committees />
      </item>
      <item>
        <actionDate>2018-02-09</actionDate>
        <actionTime>04:40:17</actionTime>
        <links />
        <text>Considered as unfinished business. (consideration: CR 2/8/2018 H1002)</text>
        <type>Floor</type>
        <actionCode>H30000</actionCode>
        <sourceSystem>
          <code>2</code>
          <name>House floor actions</name>
        </sourceSystem>
        <committees />
      </item>
      <item>
        <actionDate>2018-02-08</actionDate>
        <actionTime>12:29:56</actionTime>
        <links />
        <text>At the conclusion of debate, the chair put the question on the motion to suspend the rules. Mr. Lance objected to the vote on the grounds that a quorum was not present. Further proceedings on the motion were postponed. The point of no quorum was considered as withdrawn.</text>
        <type>Floor</type>
        <actionCode>H37210</actionCode>
        <sourceSystem>
          <code>2</code>
          <name>House floor actions</name>
        </sourceSystem>
        <committees />
      </item>
      <item>
        <actionDate>2018-02-08</actionDate>
        <actionTime>12:18:17</actionTime>
        <links />
        <text>DEBATE - The House proceeded with forty minutes of debate on S. 96.</text>
        <type>Floor</type>
        <actionCode>H8D000</actionCode>
        <sourceSystem>
          <code>2</code>
          <name>House floor actions</name>
        </sourceSystem>
        <committees />
      </item>
      <item>
        <actionDate>2018-02-08</actionDate>
        <actionTime>12:18:13</actionTime>
        <links />
        <text>Considered under suspension of the rules. (consideration: CR H990-992)</text>
        <type>Floor</type>
        <actionCode>H30000</actionCode>
        <sourceSystem>
          <code>2</code>
          <name>House floor actions</name>
        </sourceSystem>
        <committees />
      </item>
      <item>
        <actionDate>2018-02-08</actionDate>
        <actionTime>12:17:59</actionTime>
        <links />
        <text>Mr. Lance moved to suspend the rules and pass the bill.</text>
        <type>Floor</type>
        <actionCode>H30300</actionCode>
        <sourceSystem>
          <code>2</code>
          <name>House floor actions</name>
        </sourceSystem>
        <committees />
      </item>
      <item>
        <actionDate>2017-08-04</actionDate>
        <actionTime>14:32:06</actionTime>
        <links />
        <text>Held at the desk.</text>
        <type>Floor</type>
        <actionCode>H15000</actionCode>
        <sourceSystem>
          <code>2</code>
          <name>House floor actions</name>
        </sourceSystem>
        <committees />
      </item>
      <item>
        <actionDate>2017-08-04</actionDate>
        <actionTime>13:06:29</actionTime>
        <links />
        <text>Received in the House.</text>
        <type>Floor</type>
        <actionCode>H14000</actionCode>
        <sourceSystem>
          <code>2</code>
          <name>House floor actions</name>
        </sourceSystem>
        <committees />
      </item>
      <item>
        <actionDate>2017-08-04</actionDate>
        <committees />
        <links />
        <sourceSystem>
          <code>0</code>
          <name>Senate</name>
        </sourceSystem>
        <text>Message on Senate action sent to the House.</text>
        <type>Floor</type>
      </item>
      <item>
        <actionDate>2017-08-03</actionDate>
        <committees />
        <links />
        <sourceSystem>
          <code>0</code>
          <name>Senate</name>
        </sourceSystem>
        <text>Passed Senate without amendment by Unanimous Consent. (consideration: CR S4815-4816; text: CR S4815-4816)</text>
        <type>Floor</type>
      </item>
      <item>
        <actionDate>2017-08-03</actionDate>
        <links />
        <text>Passed/agreed to in Senate: Passed Senate without amendment by Unanimous Consent.(consideration: CR S4815-4816; text: CR S4815-4816)</text>
        <type>Floor</type>
        <actionCode>17000</actionCode>
        <sourceSystem>
          <code>9</code>
          <name>Library of Congress</name>
        </sourceSystem>
        <committees />
      </item>
      <item>
        <actionDate>2017-03-21</actionDate>
        <committees />
        <links />
        <sourceSystem>
          <code>0</code>
          <name>Senate</name>
        </sourceSystem>
        <text>Placed on Senate Legislative Calendar under General Orders. Calendar No. 19.</text>
        <type>Calendars</type>
      </item>
      <item>
        <actionDate>2017-03-21</actionDate>
        <committees>
          <item>
            <systemCode>sscm00</systemCode>
            <name>Commerce, Science, and Transportation Committee</name>
          </item>
        </committees>
        <links />
        <sourceSystem>
          <code>0</code>
          <name>Senate</name>
        </sourceSystem>
        <text>Committee on Commerce, Science, and Transportation. Reported by Senator Thune without amendment. With written report No. 115-6.</text>
        <type>Committee</type>
      </item>
      <item>
        <actionDate>2017-03-21</actionDate>
        <links />
        <text>Committee on Commerce, Science, and Transportation. Reported by Senator Thune without amendment. With written report No. 115-6.</text>
        <type>Committee</type>
        <actionCode>14000</actionCode>
        <sourceSystem>
          <code>9</code>
          <name>Library of Congress</name>
        </sourceSystem>
        <committees>
          <item>
            <systemCode>sscm00</systemCode>
            <name>Commerce, Science, and Transportation Committee</name>
          </item>
        </committees>
      </item>
      <item>
        <actionDate>2017-01-24</actionDate>
        <committees>
          <item>
            <systemCode>sscm00</systemCode>
            <name>Commerce, Science, and Transportation Committee</name>
          </item>
        </committees>
        <links />
        <sourceSystem>
          <code>0</code>
          <name>Senate</name>
        </sourceSystem>
        <text>Committee on Commerce, Science, and Transportation. Ordered to be reported without amendment favorably.</text>
        <type>Committee</type>
      </item>
      <item>
        <actionDate>2017-01-11</actionDate>
        <committees>
          <item>
            <systemCode>sscm00</systemCode>
            <name>Commerce, Science, and Transportation Committee</name>
          </item>
        </committees>
        <links />
        <sourceSystem>
          <code>0</code>
          <name>Senate</name>
        </sourceSystem>
        <text>Read twice and referred to the Committee on Commerce, Science, and Transportation.</text>
        <type>IntroReferral</type>
      </item>
      <item>
        <actionDate>2017-01-11</actionDate>
        <links />
        <text>Introduced in Senate</text>
        <type>IntroReferral</type>
        <actionCode>10000</actionCode>
        <sourceSystem>
          <code>9</code>
          <name>Library of Congress</name>
        </sourceSystem>
        <committees />
      </item>
      <actionTypeCounts>
        <publicLawOrPrivateLaw>1</publicLawOrPrivateLaw>
        <becamePublicLaw>2</becamePublicLaw>
        <signedByPresidentOrSentToArchivistOfTheUnitedStatesUnsignedOrVetoedByPresidentOrPocketVetoedByPresident>1</signedByPresidentOrSentToArchivistOfTheUnitedStatesUnsignedOrVetoedByPresidentOrPocketVetoedByPresident>
        <presentedToPresident>2</presentedToPresident>
        <motionToReconsiderResults>1</motionToReconsiderResults>
        <finalPassageUnderSuspensionOfTheRulesResults>1</finalPassageUnderSuspensionOfTheRulesResults>
        <passedAgreedToInHouse>1</passedAgreedToInHouse>
        <considerationByHouse>2</considerationByHouse>
        <placeholderTextForH>1</placeholderTextForH>
        <generalDebate>1</generalDebate>
        <motionMadeToSuspendTheRules>1</motionMadeToSuspendTheRules>
        <heldAtTheDesk>1</heldAtTheDesk>
        <receivedInTheHouse>1</receivedInTheHouse>
        <sentToHouse>1</sentToHouse>
        <passedSenate>1</passedSenate>
        <passedAgreedToInSenate>1</passedAgreedToInSenate>
        <placedOnCalendarGeneralOrders>1</placedOnCalendarGeneralOrders>
        <reportedToSenate>2</reportedToSenate>
        <orderedReported>1</orderedReported>
        <referredToCommittee>1</referredToCommittee>
        <introducedInSenate>1</introducedInSenate>
      </actionTypeCounts>
      <actionByCounts>
        <houseOfRepresentatives>10</houseOfRepresentatives>
        <senate>9</senate>
      </actionByCounts>
    </actions>
    <sponsors>
      <item>
        <bioguideId>K000367</bioguideId>
        <fullName>Sen. Klobuchar, Amy [D-MN]</fullName>
        <firstName>Amy</firstName>
        <middleName />
        <lastName>Klobuchar</lastName>
        <party>D</party>
        <state>MN</state>
        <identifiers>
          <lisID>1826</lisID>
          <bioguideId>K000367</bioguideId>
          <gpoId>8249</gpoId>
        </identifiers>
        <byRequestType />
      </item>
    </sponsors>
    <cosponsors>
      <item>
        <bioguideId>T000250</bioguideId>
        <fullName>Sen. Thune, John [R-SD]</fullName>
        <firstName>JOHN</firstName>
        <middleName>R.</middleName>
        <lastName>THUNE</lastName>
        <party>R</party>
        <state>SD</state>
        <identifiers>
          <lisID>1534</lisID>
          <bioguideId>T000250</bioguideId>
          <gpoId>8257</gpoId>
        </identifiers>
        <sponsorshipDate>2017-01-11</sponsorshipDate>
        <isOriginalCosponsor>True</isOriginalCosponsor>
        <sponsorshipWithdrawnDate />
      </item>
      <item>
        <bioguideId>T000464</bioguideId>
        <fullName>Sen. Tester, Jon [D-MT]</fullName>
        <firstName>Jon</firstName>
        <middleName />
        <lastName>Tester</lastName>
        <party>D</party>
        <state>MT</state>
        <identifiers>
          <lisID>1829</lisID>
          <bioguideId>T000464</bioguideId>
          <gpoId>8258</gpoId>
        </identifiers>
        <sponsorshipDate>2017-01-11</sponsorshipDate>
        <isOriginalCosponsor>True</isOriginalCosponsor>
        <sponsorshipWithdrawnDate />
      </item>
      <item>
        <bioguideId>K000383</bioguideId>
        <fullName>Sen. King, Angus S., Jr. [I-ME]</fullName>
        <firstName>Angus</firstName>
        <middleName />
        <lastName>King</lastName>
        <party>I</party>
        <state>ME</state>
        <identifiers>
          <lisID>2185</lisID>
          <bioguideId>K000383</bioguideId>
          <gpoId />
        </identifiers>
        <sponsorshipDate>2017-02-01</sponsorshipDate>
        <isOriginalCosponsor>False</isOriginalCosponsor>
        <sponsorshipWithdrawnDate />
      </item>
      <item>
        <bioguideId>G000386</bioguideId>
        <fullName>Sen. Grassley, Chuck [R-IA]</fullName>
        <firstName>CHARLES</firstName>
        <middleName>ERNEST</middleName>
        <lastName>GRASSLEY</lastName>
        <party>R</party>
        <state>IA</state>
        <identifiers>
          <lisID>457</lisID>
          <bioguideId>G000386</bioguideId>
          <gpoId>8316</gpoId>
        </identifiers>
        <sponsorshipDate>2017-02-15</sponsorshipDate>
        <isOriginalCosponsor>False</isOriginalCosponsor>
        <sponsorshipWithdrawnDate />
      </item>
      <item>
        <bioguideId>E000295</bioguideId>
        <fullName>Sen. Ernst, Joni  [R-IA]</fullName>
        <firstName>Joni</firstName>
        <middleName />
        <lastName>Ernst</lastName>
        <party>R</party>
        <state>IA</state>
        <identifiers>
          <lisID>2283</lisID>
          <bioguideId>E000295</bioguideId>
          <gpoId />
        </identifiers>
        <sponsorshipDate>2017-02-15</sponsorshipDate>
        <isOriginalCosponsor>False</isOriginalCosponsor>
        <sponsorshipWithdrawnDate />
      </item>
      <item>
        <bioguideId>F000457</bioguideId>
        <fullName>Sen. Franken, Al [D-MN]</fullName>
        <firstName>Al</firstName>
        <middleName />
        <lastName>Franken</lastName>
        <party>D</party>
        <state>MN</state>
        <identifiers>
          <lisID>1969</lisID>
          <bioguideId>F000457</bioguideId>
          <gpoId>8339</gpoId>
        </identifiers>
        <sponsorshipDate>2017-02-28</sponsorshipDate>
        <isOriginalCosponsor>False</isOriginalCosponsor>
        <sponsorshipWithdrawnDate />
      </item>
      <item>
        <bioguideId>R000605</bioguideId>
        <fullName>Sen. Rounds, Mike  [R-SD]</fullName>
        <firstName>Mike</firstName>
        <middleName />
        <lastName>Rounds</lastName>
        <party>R</party>
        <state>SD</state>
        <identifiers>
          <lisID>2288</lisID>
          <bioguideId>R000605</bioguideId>
          <gpoId />
        </identifiers>
        <sponsorshipDate>2017-03-07</sponsorshipDate>
        <isOriginalCosponsor>False</isOriginalCosponsor>
        <sponsorshipWithdrawnDate />
      </item>
      <item>
        <bioguideId>M001170</bioguideId>
        <fullName>Sen. McCaskill, Claire [D-MO]</fullName>
        <firstName>Claire</firstName>
        <middleName />
        <lastName>McCaskill</lastName>
        <party>D</party>
        <state>MO</state>
        <identifiers>
          <lisID>1820</lisID>
          <bioguideId>M001170</bioguideId>
          <gpoId>8252</gpoId>
        </identifiers>
        <sponsorshipDate>2017-03-30</sponsorshipDate>
        <isOriginalCosponsor>False</isOriginalCosponsor>
        <sponsorshipWithdrawnDate />
      </item>
    </cosponsors>
    <cboCostEstimates>
      <item>
        <pubDate>2017-01-31T21:16:00Z</pubDate>
        <title>S. 96, Improving Rural Call Quality and Reliability Act of 2017</title>
        <url>https://www.cbo.gov/publication/52399</url>
      </item>
    </cboCostEstimates>
    <laws>
      <item>
        <type>Public Law</type>
        <number>115-129</number>
      </item>
    </laws>
    <notes />
    <policyArea>
      <name>Science, Technology, Communications</name>
    </policyArea>
    <subjects>
      <billSubjects>
        <legislativeSubjects>
          <item>
            <name>Administrative law and regulatory procedures</name>
          </item>
          <item>
            <name>Federal Communications Commission (FCC)</name>
          </item>
          <item>
            <name>Federal preemption</name>
          </item>
          <item>
            <name>Government information and archives</name>
          </item>
          <item>
            <name>State and local government operations</name>
          </item>
          <item>
            <name>Telephone and wireless communication</name>
          </item>
        </legislativeSubjects>
        <policyArea>
          <name>Science, Technology, Communications</name>
        </policyArea>
      </billSubjects>
    </subjects>
    <summaries>
      <billSummaries>
        <item>
          <versionCode>00</versionCode>
          <actionDate>2017-01-11</actionDate>
          <actionDesc>Introduced in Senate</actionDesc>
          <lastSummaryUpdateDate>2017-02-01T23:07:33Z</lastSummaryUpdateDate>
          <text><![CDATA[<p><strong>Improving Rural Call Quality and Reliability Act of </strong><strong>2017</strong></p> <p>This bill amends the Communications Act of 1934 to require intermediate providers that offer the capability to transmit voice communications and signaling information from one destination to another, and that charge a rate to any other entity (including an affiliated entity) for such a transmission, to: (1) register with the Federal Communications Commission (FCC), and (2) comply with service quality standards to be established by the FCC. </p> <p>An "intermediate provider" is an entity that: (1) enters a business arrangement with a long-distance voice service provider that makes the initial call path choice for more than 100,000 domestic retail subscriber lines, or with another intermediate provider, to carry, route, or transmit voice traffic from a call placed from or to an end user connection using a North American Numbering Plan resource; and (2) does not itself (directly or in conjunction with an affiliate) serve as such a long-distance initial call path choice provider in the context of originating or terminating a given call. </p> <p>The bill prohibits such long-distance providers (including local exchange carriers, interexchange carriers, commercial mobile radio services, interconnected voice over Internet Protocol [VoIP] services, and certain non-interconnected VoIP services) from using an intermediate provider to transmit voice communications and signals unless the intermediate provider is so registered. </p> <p>The FCC must: (1) ensure the integrity of the transmission of voice communications to all customers in the United States, (2) prevent unjust or unreasonable discrimination among areas of the United States in the delivery of such voice communications, and (3) make a registry of intermediate providers publicly available on the FCC website. </p> <p>The bill shall not be construed to preempt or expand the authority of a state agency or public utility commission to collect data, or enforce state law and regulations, regarding the completion of intrastate voice communications. </p> <p>Certain long-distance providers that make initial call path choices are exempt from service quality standards that the FCC is required to establish under this bill if they certify under a safe harbor provision in existing FCC rules that they monitor the performance of, or do not use, intermediate providers. </p>]]></text>
          <updateDate>2017-01-11T05:00:00Z</updateDate>
          <name>Introduced in Senate</name>
        </item>
        <item>
          <versionCode>80</versionCode>
          <actionDate>2017-03-21</actionDate>
          <actionDesc>Reported to Senate without amendment</actionDesc>
          <lastSummaryUpdateDate>2017-03-27T18:29:19Z</lastSummaryUpdateDate>
          <text><![CDATA[<p>(This measure has not been amended since it was introduced. The summary has been expanded because action occurred on the measure.)</p> <p><strong>Improving Rural Call Quality and Reliability Act of </strong><strong>2017</strong></p> <p>(Sec. 2) This bill amends the Communications Act of 1934 to require intermediate providers that offer the capability to transmit voice communications and signaling information from one destination to another, and that charge a rate to any other entity (including an affiliated entity) for such a transmission, to: (1) register with the Federal Communications Commission (FCC), and (2) comply with service quality standards to be established by the FCC. </p> <p>An "intermediate provider" is an entity that: (1) enters a business arrangement with a long-distance voice service provider that makes the initial call path choice for more than 100,000 domestic retail subscriber lines, or with another intermediate provider, to carry, route, or transmit voice traffic from a call placed from or to an end user connection using a North American Numbering Plan resource; and (2) does not itself (directly or in conjunction with an affiliate) serve as such a long-distance initial call path choice provider in the context of originating or terminating a given call. </p> <p>The bill prohibits such long-distance providers (including local exchange carriers, interexchange carriers, commercial mobile radio services, interconnected voice over Internet Protocol [VoIP] services, and certain non-interconnected VoIP services) from using an intermediate provider to transmit voice communications and signals unless the intermediate provider is so registered. </p> <p>The FCC must: (1) ensure the integrity of the transmission of voice communications to all customers in the United States, (2) prevent unjust or unreasonable discrimination among areas of the United States in the delivery of such voice communications, and (3) make a registry of intermediate providers publicly available on the FCC website. </p> <p>The bill shall not be construed to preempt or expand the authority of a state agency or public utility commission to collect data, or enforce state law and regulations, regarding the completion of intrastate voice communications. </p> <p>Certain long-distance providers that make initial call path choices are exempt from service quality standards that the FCC is required to establish under this bill if they certify under a safe harbor provision in existing FCC rules that they monitor the performance of, or do not use, intermediate providers. </p>]]></text>
          <updateDate>2017-03-21T12:36:37Z</updateDate>
          <name>Reported to Senate without amendment</name>
        </item>
        <item>
          <versionCode>82</versionCode>
          <actionDate>2017-08-03</actionDate>
          <actionDesc>Passed Senate without amendment</actionDesc>
          <lastSummaryUpdateDate>2017-10-26T14:56:20Z</lastSummaryUpdateDate>
          <text><![CDATA[<p>(This measure has not been amended since it was reported to the Senate on March 21, 2017. The summary of that version is repeated here.)</p> <p><strong>Improving Rural Call Quality and Reliability Act of </strong><strong>2017</strong></p> <p>(Sec. 2) This bill amends the Communications Act of 1934 to require intermediate providers that offer the capability to transmit voice communications and signaling information from one destination to another, and that charge a rate to any other entity (including an affiliated entity) for such a transmission, to: (1) register with the Federal Communications Commission (FCC), and (2) comply with service quality standards to be established by the FCC. </p> <p>An "intermediate provider" is an entity that: (1) enters a business arrangement with a long-distance voice service provider that makes the initial call path choice for more than 100,000 domestic retail subscriber lines, or with another intermediate provider, to carry, route, or transmit voice traffic from a call placed from or to an end user connection using a North American Numbering Plan resource; and (2) does not itself (directly or in conjunction with an affiliate) serve as such a long-distance initial call path choice provider in the context of originating or terminating a given call. </p> <p>The bill prohibits such long-distance providers (including local exchange carriers, interexchange carriers, commercial mobile radio services, interconnected voice over Internet Protocol [VoIP] services, and certain non-interconnected VoIP services) from using an intermediate provider to transmit voice communications and signals unless the intermediate provider is so registered. </p> <p>The FCC must: (1) ensure the integrity of the transmission of voice communications to all customers in the United States, (2) prevent unjust or unreasonable discrimination among areas of the United States in the delivery of such voice communications, and (3) make a registry of intermediate providers publicly available on the FCC website. </p> <p>The bill shall not be construed to preempt or expand the authority of a state agency or public utility commission to collect data, or enforce state law and regulations, regarding the completion of intrastate voice communications. </p> <p>Certain long-distance providers that make initial call path choices are exempt from service quality standards that the FCC is required to establish under this bill if they certify under a safe harbor provision in existing FCC rules that they monitor the performance of, or do not use, intermediate providers. </p>]]></text>
          <updateDate>2017-08-03T15:04:00Z</updateDate>
          <name>Passed Senate without amendment</name>
        </item>
        <item>
          <versionCode>81</versionCode>
          <actionDate>2018-02-09</actionDate>
          <actionDesc>Passed House without amendment</actionDesc>
          <lastSummaryUpdateDate>2018-02-13T20:33:23Z</lastSummaryUpdateDate>
          <text><![CDATA[<p>(This measure has not been amended since it was reported to the Senate on March 21, 2017. The summary of that version is repeated here.)</p> <p><strong>Improving Rural Call Quality and Reliability Act of </strong><strong>2017</strong></p> <p>(Sec. 2) This bill amends the Communications Act of 1934 to require intermediate providers that offer the capability to transmit voice communications and signaling information from one destination to another, and that charge a rate to any other entity (including an affiliated entity) for such a transmission, to: (1) register with the Federal Communications Commission (FCC), and (2) comply with service quality standards to be established by the FCC. </p> <p>An "intermediate provider" is an entity that: (1) enters a business arrangement with a long-distance voice service provider that makes the initial call path choice for more than 100,000 domestic retail subscriber lines, or with another intermediate provider, to carry, route, or transmit voice traffic from a call placed from or to an end user connection using a North American Numbering Plan resource; and (2) does not itself (directly or in conjunction with an affiliate) serve as such a long-distance initial call path choice provider in the context of originating or terminating a given call. </p> <p>The bill prohibits such long-distance providers (including local exchange carriers, interexchange carriers, commercial mobile radio services, interconnected voice over Internet Protocol [VoIP] services, and certain non-interconnected VoIP services) from using an intermediate provider to transmit voice communications and signals unless the intermediate provider is so registered. </p> <p>The FCC must: (1) ensure the integrity of the transmission of voice communications to all customers in the United States, (2) prevent unjust or unreasonable discrimination among areas of the United States in the delivery of such voice communications, and (3) make a registry of intermediate providers publicly available on the FCC website. </p> <p>The bill shall not be construed to preempt or expand the authority of a state agency or public utility commission to collect data, or enforce state law and regulations, regarding the completion of intrastate voice communications. </p> <p>Certain long-distance providers that make initial call path choices are exempt from service quality standards that the FCC is required to establish under this bill if they certify under a safe harbor provision in existing FCC rules that they monitor the performance of, or do not use, intermediate providers. </p>]]></text>
          <updateDate>2018-02-09T17:49:46Z</updateDate>
          <name>Passed House without amendment</name>
        </item>
        <item>
          <versionCode>49</versionCode>
          <actionDate>2018-02-26</actionDate>
          <actionDesc>Public Law</actionDesc>
          <lastSummaryUpdateDate>2018-02-28T17:40:02Z</lastSummaryUpdateDate>
          <text><![CDATA[<p>(This measure has not been amended since it was reported to the Senate on March 21, 2017. The summary of that version is repeated here.)</p> <p><strong>Improving Rural Call Quality and Reliability Act of </strong><strong>2017</strong></p> <p>(Sec. 2) This bill amends the Communications Act of 1934 to require intermediate providers that offer the capability to transmit voice communications and signaling information from one destination to another, and that charge a rate to any other entity (including an affiliated entity) for such a transmission, to: (1) register with the Federal Communications Commission (FCC), and (2) comply with service quality standards to be established by the FCC. </p> <p>An "intermediate provider" is an entity that: (1) enters a business arrangement with a long-distance voice service provider that makes the initial call path choice for more than 100,000 domestic retail subscriber lines, or with another intermediate provider, to carry, route, or transmit voice traffic from a call placed from or to an end user connection using a North American Numbering Plan resource; and (2) does not itself (directly or in conjunction with an affiliate) serve as such a long-distance initial call path choice provider in the context of originating or terminating a given call. </p> <p>The bill prohibits such long-distance providers (including local exchange carriers, interexchange carriers, commercial mobile radio services, interconnected voice over Internet Protocol [VoIP] services, and certain non-interconnected VoIP services) from using an intermediate provider to transmit voice communications and signals unless the intermediate provider is so registered. </p> <p>The FCC must: (1) ensure the integrity of the transmission of voice communications to all customers in the United States, (2) prevent unjust or unreasonable discrimination among areas of the United States in the delivery of such voice communications, and (3) make a registry of intermediate providers publicly available on the FCC website. </p> <p>The bill shall not be construed to preempt or expand the authority of a state agency or public utility commission to collect data, or enforce state law and regulations, regarding the completion of intrastate voice communications. </p> <p>Certain long-distance providers that make initial call path choices are exempt from service quality standards that the FCC is required to establish under this bill if they certify under a safe harbor provision in existing FCC rules that they monitor the performance of, or do not use, intermediate providers. </p>]]></text>
          <updateDate>2018-02-27T04:59:58Z</updateDate>
          <name>Public Law</name>
        </item>
      </billSummaries>
    </summaries>
    <title>Improving Rural Call Quality and Reliability Act of 2017</title>
    <titles>
      <item>
        <titleType>Official Title as Introduced</titleType>
        <parentTitleType />
        <title>A bill to amend the Communications Act of 1934 to ensure the integrity of voice communications and to prevent unjust or unreasonable discrimination among areas of the United States in the delivery of such communications.</title>
        <chamberCode />
        <chamberName />
      </item>
      <item>
        <titleType>Short Titles as Introduced</titleType>
        <parentTitleType />
        <title>Improving Rural Call Quality and Reliability Act of 2017</title>
        <chamberCode />
        <chamberName />
      </item>
      <item>
        <titleType>Short Titles as Reported to Senate</titleType>
        <parentTitleType>Short Titles Senate</parentTitleType>
        <title>Improving Rural Call Quality and Reliability Act of 2017</title>
        <chamberCode>S</chamberCode>
        <chamberName>Senate</chamberName>
      </item>
      <item>
        <titleType>Short Titles as Passed House</titleType>
        <parentTitleType>Short Titles House of Representatives</parentTitleType>
        <title>Improving Rural Call Quality and Reliability Act of 2017</title>
        <chamberCode>H</chamberCode>
        <chamberName>House</chamberName>
      </item>
      <item>
        <titleType>Short Titles as Passed Senate</titleType>
        <parentTitleType>Short Titles Senate</parentTitleType>
        <title>Improving Rural Call Quality and Reliability Act of 2017</title>
        <chamberCode>S</chamberCode>
        <chamberName>Senate</chamberName>
      </item>
      <item>
        <titleType>Short Titles as Enacted</titleType>
        <parentTitleType>Short Title</parentTitleType>
        <title>Improving Rural Call Quality and Reliability Act of 2017</title>
        <chamberCode />
        <chamberName />
      </item>
      <item>
        <titleType>Display Title</titleType>
        <parentTitleType />
        <title>Improving Rural Call Quality and Reliability Act of 2017</title>
        <chamberCode />
        <chamberName />
      </item>
    </titles>
    <amendments />
    <textVersions>
      <item>
        <type>Enrolled Bill</type>
        <date />
        <formats>
          <item>
            <url>https://www.govinfo.gov/content/pkg/BILLS-115s96enr/xml/BILLS-115s96enr.xml</url>
          </item>
        </formats>
      </item>
      <item>
        <type>Engrossed in Senate</type>
        <date>2017-08-03T04:00:00Z</date>
        <formats>
          <item>
            <url>https://www.govinfo.gov/content/pkg/BILLS-115s96es/xml/BILLS-115s96es.xml</url>
          </item>
        </formats>
      </item>
      <item>
        <type>Reported to Senate</type>
        <date>2017-03-21T04:00:00Z</date>
        <formats>
          <item>
            <url>https://www.govinfo.gov/content/pkg/BILLS-115s96rs/xml/BILLS-115s96rs.xml</url>
          </item>
        </formats>
      </item>
      <item>
        <type>Introduced in Senate</type>
        <date>2017-01-11T05:00:00Z</date>
        <formats>
          <item>
            <url>https://www.govinfo.gov/content/pkg/BILLS-115s96is/xml/BILLS-115s96is.xml</url>
          </item>
        </formats>
      </item>
    </textVersions>
    <latestAction>
      <actionDate>2018-02-26</actionDate>
      <text>Became Public Law No: 115-129.</text>
      <links />
    </latestAction>
    <calendarNumbers>
      <item>
        <calendar>Senate Calendar of Business</calendar>
        <number>0019</number>
      </item>
    </calendarNumbers>
    <version>1.0.0</version>
  </bill>
  <dublinCore xmlns:dc="http://purl.org/dc/elements/1.1/">
    <dc:format>text/xml</dc:format>
    <dc:language>EN</dc:language>
    <dc:rights>Pursuant to Title 17 Section 105 of the United States Code, this file is not subject to copyright protection and is in the public domain.</dc:rights>
    <dc:contributor>Congressional Research Service, Library of Congress</dc:contributor>
    <dc:description>This file contains bill summaries and statuses for federal legislation. A bill summary describes the most significant provisions of a piece of legislation and details the effects the legislative text may have on current law and federal programs. Bill summaries are authored by the Congressional Research Service (CRS) of the Library of Congress. As stated in Public Law 91-510 (2 USC 166 (d)(6)), one of the duties of CRS is "to prepare summaries and digests of bills and resolutions of a public general nature introduced in the Senate or House of Representatives". For more information, refer to the User Guide that accompanies this file.</dc:description>
  </dublinCore>
</billStatus>

