<?xml version="1.0" encoding="UTF-8"?>
<billStatus>
  <bill>
    <billNumber>572</billNumber>
    <createDate>2017-03-09T05:25:17Z</createDate>
    <updateDate>2020-09-28T22:45:26Z</updateDate>
    <originChamber>Senate</originChamber>
    <billType>S</billType>
    <introducedDate>2017-03-08</introducedDate>
    <congress>115</congress>
    <recordedVotes />
    <committees>
      <billCommittees>
        <item>
          <systemCode>sscm00</systemCode>
          <name>Commerce, Science, and Transportation Committee</name>
          <chamber>Senate</chamber>
          <type>Standing</type>
          <subcommittees />
          <activities>
            <item>
              <name>Referred to</name>
              <date>2017-03-08T18:53:24Z</date>
            </item>
          </activities>
        </item>
      </billCommittees>
    </committees>
    <committeeReports />
    <relatedBills>
      <item>
        <latestTitle>To require the Secretary of Commerce to study the coverage gaps of the Next Generation Weather Radar of the National Weather Service and to develop a plan for improving radar coverage and hazardous weather detection and forecasting.</latestTitle>
        <congress>115</congress>
        <number>1427</number>
        <type>HR</type>
        <latestAction>
          <actionDate>2017-04-25</actionDate>
          <text>Referred to the Subcommittee on Environment.</text>
        </latestAction>
        <relationshipDetails>
          <item>
            <type>Related bill</type>
            <identifiedBy>CRS</identifiedBy>
          </item>
        </relationshipDetails>
      </item>
    </relatedBills>
    <actions>
      <item>
        <actionDate>2017-03-08</actionDate>
        <committees>
          <item>
            <systemCode>sscm00</systemCode>
            <name>Commerce, Science, and Transportation Committee</name>
          </item>
        </committees>
        <links />
        <sourceSystem>
          <code>0</code>
          <name>Senate</name>
        </sourceSystem>
        <text>Read twice and referred to the Committee on Commerce, Science, and Transportation.</text>
        <type>IntroReferral</type>
      </item>
      <item>
        <actionDate>2017-03-08</actionDate>
        <links />
        <text>Introduced in Senate</text>
        <type>IntroReferral</type>
        <actionCode>10000</actionCode>
        <sourceSystem>
          <code>9</code>
          <name>Library of Congress</name>
        </sourceSystem>
        <committees />
      </item>
      <actionTypeCounts>
        <referredToCommittee>1</referredToCommittee>
        <introducedInSenate>1</introducedInSenate>
      </actionTypeCounts>
      <actionByCounts>
        <senate>2</senate>
      </actionByCounts>
    </actions>
    <sponsors>
      <item>
        <bioguideId>B001135</bioguideId>
        <fullName>Sen. Burr, Richard [R-NC]</fullName>
        <firstName>RICHARD</firstName>
        <middleName />
        <lastName>BURR</lastName>
        <party>R</party>
        <state>NC</state>
        <identifiers>
          <lisID>153</lisID>
          <bioguideId>B001135</bioguideId>
          <gpoId>8286</gpoId>
        </identifiers>
        <byRequestType />
      </item>
    </sponsors>
    <cosponsors>
      <item>
        <bioguideId>C000127</bioguideId>
        <fullName>Sen. Cantwell, Maria [D-WA]</fullName>
        <firstName>MARIA</firstName>
        <middleName />
        <lastName>CANTWELL</lastName>
        <party>D</party>
        <state>WA</state>
        <identifiers>
          <lisID>172</lisID>
          <bioguideId>C000127</bioguideId>
          <gpoId>8288</gpoId>
        </identifiers>
        <sponsorshipDate>2017-03-08</sponsorshipDate>
        <isOriginalCosponsor>True</isOriginalCosponsor>
        <sponsorshipWithdrawnDate />
      </item>
      <item>
        <bioguideId>T000476</bioguideId>
        <fullName>Sen. Tillis, Thom [R-NC]</fullName>
        <firstName>Thomas</firstName>
        <middleName>Roland</middleName>
        <lastName>Tillis</lastName>
        <party>R</party>
        <state>NC</state>
        <identifiers>
          <lisID>2291</lisID>
          <bioguideId>T000476</bioguideId>
          <gpoId />
        </identifiers>
        <sponsorshipDate>2017-03-08</sponsorshipDate>
        <isOriginalCosponsor>True</isOriginalCosponsor>
        <sponsorshipWithdrawnDate />
      </item>
    </cosponsors>
    <cboCostEstimates />
    <laws />
    <notes />
    <policyArea>
      <name>Science, Technology, Communications</name>
    </policyArea>
    <subjects>
      <billSubjects>
        <legislativeSubjects>
          <item>
            <name>Atmospheric science and weather</name>
          </item>
          <item>
            <name>Congressional oversight</name>
          </item>
          <item>
            <name>Government studies and investigations</name>
          </item>
        </legislativeSubjects>
        <policyArea>
          <name>Science, Technology, Communications</name>
        </policyArea>
      </billSubjects>
    </subjects>
    <summaries>
      <billSummaries>
        <item>
          <versionCode>00</versionCode>
          <actionDate>2017-03-08</actionDate>
          <actionDesc>Introduced in Senate</actionDesc>
          <lastSummaryUpdateDate>2017-07-18T21:40:26Z</lastSummaryUpdateDate>
          <text><![CDATA[<p> This bill directs the Department of Commerce to complete a study on gaps in the coverage of the Next Generation Weather Radar of the National Weather Service (NEXRAD). </p> <p> Commerce shall identify areas in the United States with limited or no NEXRAD coverage below 6,000 feet above ground level of the surrounding terrain.</p> <p>For those areas identified, Commerce shall also:</p> <ul> <li>identify the key weather effects for which prediction would improve with improved radar detection;</li> <li>identify additional sources of observations for high impact weather available and operational for such areas, including Terminal Doppler Weather Radar, air surveillance radars of the Federal Aviation Administration (FAA), and cooperative network observers; and </li> <li>assess the feasibility and advisability of efforts to integrate and upgrade federal radar capabilities in such areas that are not owned or controlled by the National Oceanic and Atmospheric Administration, including radar capabilities of the FAA and the Department of Defense. </li> </ul> <p>In addition, under such study Commerce shall:</p> <ul> <li>assess the feasibility and advisability of incorporating state-operated and other nonfederal radars into the operations of the National Weather Service (NWS); and </li> <li>identify options to improve radar coverage in all of the areas identified as having limited or no NEXRAD coverage. </li> </ul> <p>After completing the study, Commerce shall submit a plan for improving radar coverage in the identified areas by integrating and upgrading additional observation solutions to improve hazardous weather detection and forecasting.</p> <p>Commerce shall seek third-party reviews on scientific methodology related to, and the feasibility and advisability of, implementing the plan to improve radar coverage, including the extent to which warning and forecast services of the NWS would be improved by additional NEXRAD coverage. </p>]]></text>
          <updateDate>2017-03-08T05:00:00Z</updateDate>
          <name>Introduced in Senate</name>
        </item>
      </billSummaries>
    </summaries>
    <title>A bill to require the Secretary of Commerce to study the coverage gaps of the Next Generation Weather Radar of the National Weather Service and to develop a plan for improving radar coverage and hazardous weather detection and forecasting, and for other purposes.</title>
    <titles>
      <item>
        <titleType>Official Title as Introduced</titleType>
        <parentTitleType />
        <title>A bill to require the Secretary of Commerce to study the coverage gaps of the Next Generation Weather Radar of the National Weather Service and to develop a plan for improving radar coverage and hazardous weather detection and forecasting, and for other purposes.</title>
        <chamberCode />
        <chamberName />
      </item>
      <item>
        <titleType>Display Title</titleType>
        <parentTitleType />
        <title>A bill to require the Secretary of Commerce to study the coverage gaps of the Next Generation Weather Radar of the National Weather Service and to develop a plan for improving radar coverage and hazardous weather detection and forecasting, and for other purposes.</title>
        <chamberCode />
        <chamberName />
      </item>
    </titles>
    <amendments />
    <textVersions>
      <item>
        <type>Introduced in Senate</type>
        <date>2017-03-08T05:00:00Z</date>
        <formats>
          <item>
            <url>https://www.govinfo.gov/content/pkg/BILLS-115s572is/xml/BILLS-115s572is.xml</url>
          </item>
        </formats>
      </item>
    </textVersions>
    <latestAction>
      <actionDate>2017-03-08</actionDate>
      <text>Read twice and referred to the Committee on Commerce, Science, and Transportation.</text>
      <links />
    </latestAction>
    <calendarNumbers />
    <version>1.0.0</version>
  </bill>
  <dublinCore xmlns:dc="http://purl.org/dc/elements/1.1/">
    <dc:format>text/xml</dc:format>
    <dc:language>EN</dc:language>
    <dc:rights>Pursuant to Title 17 Section 105 of the United States Code, this file is not subject to copyright protection and is in the public domain.</dc:rights>
    <dc:contributor>Congressional Research Service, Library of Congress</dc:contributor>
    <dc:description>This file contains bill summaries and statuses for federal legislation. A bill summary describes the most significant provisions of a piece of legislation and details the effects the legislative text may have on current law and federal programs. Bill summaries are authored by the Congressional Research Service (CRS) of the Library of Congress. As stated in Public Law 91-510 (2 USC 166 (d)(6)), one of the duties of CRS is "to prepare summaries and digests of bills and resolutions of a public general nature introduced in the Senate or House of Representatives". For more information, refer to the User Guide that accompanies this file.</dc:description>
  </dublinCore>
</billStatus>

