<?xml version="1.0" encoding="UTF-8"?>
<billStatus>
  <bill>
    <billNumber>258</billNumber>
    <createDate>2017-02-02T05:28:48Z</createDate>
    <updateDate>2020-12-05T08:10:35Z</updateDate>
    <originChamber>Senate</originChamber>
    <billType>S</billType>
    <introducedDate>2017-02-01</introducedDate>
    <congress>115</congress>
    <recordedVotes />
    <committees>
      <billCommittees>
        <item>
          <systemCode>ssju00</systemCode>
          <name>Judiciary Committee</name>
          <chamber>Senate</chamber>
          <type>Standing</type>
          <subcommittees />
          <activities>
            <item>
              <name>Referred to</name>
              <date>2017-02-01T21:29:15Z</date>
            </item>
          </activities>
        </item>
      </billCommittees>
    </committees>
    <committeeReports />
    <relatedBills>
      <item>
        <latestTitle>Holocaust Insurance Accountability Act of 2017</latestTitle>
        <congress>115</congress>
        <number>762</number>
        <type>HR</type>
        <latestAction>
          <actionDate>2017-01-31</actionDate>
          <text>Referred to the Committee on Foreign Affairs, and in addition to the Committee on the Judiciary, for a period to be subsequently determined by the Speaker, in each case for consideration of such provisions as fall within the jurisdiction of the committee concerned.</text>
        </latestAction>
        <relationshipDetails>
          <item>
            <type>Identical bill</type>
            <identifiedBy>CRS</identifiedBy>
          </item>
        </relationshipDetails>
      </item>
    </relatedBills>
    <actions>
      <item>
        <actionDate>2017-02-01</actionDate>
        <committees>
          <item>
            <systemCode>ssju00</systemCode>
            <name>Judiciary Committee</name>
          </item>
        </committees>
        <links />
        <sourceSystem>
          <code>0</code>
          <name>Senate</name>
        </sourceSystem>
        <text>Read twice and referred to the Committee on the Judiciary.</text>
        <type>IntroReferral</type>
      </item>
      <item>
        <actionDate>2017-02-01</actionDate>
        <links />
        <text>Introduced in Senate</text>
        <type>IntroReferral</type>
        <actionCode>10000</actionCode>
        <sourceSystem>
          <code>9</code>
          <name>Library of Congress</name>
        </sourceSystem>
        <committees />
      </item>
      <actionTypeCounts>
        <referredToCommittee>1</referredToCommittee>
        <introducedInSenate>1</introducedInSenate>
      </actionTypeCounts>
      <actionByCounts>
        <senate>2</senate>
      </actionByCounts>
    </actions>
    <sponsors>
      <item>
        <bioguideId>N000032</bioguideId>
        <fullName>Sen. Nelson, Bill [D-FL]</fullName>
        <firstName>CLARENCE</firstName>
        <middleName>WILLIAM</middleName>
        <lastName>NELSON</lastName>
        <party>D</party>
        <state>FL</state>
        <identifiers>
          <lisID>859</lisID>
          <bioguideId>N000032</bioguideId>
          <gpoId>8236</gpoId>
        </identifiers>
        <byRequestType />
      </item>
    </sponsors>
    <cosponsors>
      <item>
        <bioguideId>R000595</bioguideId>
        <fullName>Sen. Rubio, Marco [R-FL]</fullName>
        <firstName>Marco</firstName>
        <middleName />
        <lastName>Rubio</lastName>
        <party>R</party>
        <state>FL</state>
        <identifiers>
          <lisID>2084</lisID>
          <bioguideId>R000595</bioguideId>
          <gpoId>8242</gpoId>
        </identifiers>
        <sponsorshipDate>2017-02-01</sponsorshipDate>
        <isOriginalCosponsor>True</isOriginalCosponsor>
        <sponsorshipWithdrawnDate />
      </item>
    </cosponsors>
    <cboCostEstimates />
    <laws />
    <notes />
    <policyArea>
      <name>International Affairs</name>
    </policyArea>
    <subjects>
      <billSubjects>
        <legislativeSubjects>
          <item>
            <name>Civil actions and liability</name>
          </item>
          <item>
            <name>Employee benefits and pensions</name>
          </item>
          <item>
            <name>Europe</name>
          </item>
          <item>
            <name>Germany</name>
          </item>
          <item>
            <name>Insurance industry and regulation</name>
          </item>
          <item>
            <name>Interest, dividends, interest rates</name>
          </item>
          <item>
            <name>Life, casualty, property insurance</name>
          </item>
          <item>
            <name>Switzerland</name>
          </item>
          <item>
            <name>War crimes, genocide, crimes against humanity</name>
          </item>
        </legislativeSubjects>
        <policyArea>
          <name>International Affairs</name>
        </policyArea>
      </billSubjects>
    </subjects>
    <summaries>
      <billSummaries>
        <item>
          <versionCode>00</versionCode>
          <actionDate>2017-02-01</actionDate>
          <actionDesc>Introduced in Senate</actionDesc>
          <lastSummaryUpdateDate>2017-02-17T20:57:29Z</lastSummaryUpdateDate>
          <text><![CDATA[<p><strong>Holocaust Insurance Accountability Act of 2017</strong></p> <p>This bill allows a beneficiary of a Holocaust-era life, dowry, education, annuity, property, or other insurance policy to bring a civil action in a U.S. district court against the insurer for the covered policy to recover proceeds due or, otherwise, to enforce any rights under the policy. </p> <p> The bill covers any policy that was: (1) in effect at any time from January 31, 1933, to December 31, 1945; and (2) issued to a policy holder domiciled in any area that was occupied or controlled by Nazi Germany, an ally or friendly government, or the territorial jurisdiction of Switzerland.</p> <p> The bill requires the award: (1) to a prevailing beneficiary of the amount of the proceeds due under the policy, plus prejudgment interest at 6% per year, compounded annually, calculated from the date the amount was originally due; and (2) of treble damages against any insurer that acted in bad faith. </p> <p> A civil action under this bill must be filed within 10 years after enactment of this bill.</p> <p> A prior judgment or release entered for any claim arising under a covered policy in any civil action in a federal or state court shall not impair a claim brought under this bill.</p> <p>Any executive agreement between the United States and a foreign government or any executive foreign policy of the U.S. government shall not supercede or preempt any state law or compromise, settle, extinguish, waive, preclude, bar, or foreclose any claim brought under this bill.</p> <p> A claim brought under state law within 10 years after enactment of this billshall not be deemed untimely on the basis of any state or federal statute of limitations or on the basis of any other legal or equitable rule or doctrine governing timeliness. </p>]]></text>
          <updateDate>2017-02-01T05:00:00Z</updateDate>
          <name>Introduced in Senate</name>
        </item>
      </billSummaries>
    </summaries>
    <title>Holocaust Insurance Accountability Act of 2017</title>
    <titles>
      <item>
        <titleType>Short Title(s) as Introduced</titleType>
        <parentTitleType />
        <title>Holocaust Insurance Accountability Act of 2017</title>
        <chamberCode />
        <chamberName />
      </item>
      <item>
        <titleType>Official Title as Introduced</titleType>
        <parentTitleType />
        <title>A bill to provide for the restoration of legal rights for claimants under holocaust-era insurance policies.</title>
        <chamberCode />
        <chamberName />
      </item>
      <item>
        <titleType>Short Titles as Introduced</titleType>
        <parentTitleType />
        <title>Holocaust Insurance Accountability Act of 2017</title>
        <chamberCode />
        <chamberName />
      </item>
      <item>
        <titleType>Display Title</titleType>
        <parentTitleType />
        <title>Holocaust Insurance Accountability Act of 2017</title>
        <chamberCode />
        <chamberName />
      </item>
    </titles>
    <amendments />
    <textVersions>
      <item>
        <type>Introduced in Senate</type>
        <date>2017-02-01T05:00:00Z</date>
        <formats>
          <item>
            <url>https://www.govinfo.gov/content/pkg/BILLS-115s258is/xml/BILLS-115s258is.xml</url>
          </item>
        </formats>
      </item>
    </textVersions>
    <latestAction>
      <actionDate>2017-02-01</actionDate>
      <text>Read twice and referred to the Committee on the Judiciary.</text>
      <links />
    </latestAction>
    <calendarNumbers />
    <version>1.0.0</version>
  </bill>
  <dublinCore xmlns:dc="http://purl.org/dc/elements/1.1/">
    <dc:format>text/xml</dc:format>
    <dc:language>EN</dc:language>
    <dc:rights>Pursuant to Title 17 Section 105 of the United States Code, this file is not subject to copyright protection and is in the public domain.</dc:rights>
    <dc:contributor>Congressional Research Service, Library of Congress</dc:contributor>
    <dc:description>This file contains bill summaries and statuses for federal legislation. A bill summary describes the most significant provisions of a piece of legislation and details the effects the legislative text may have on current law and federal programs. Bill summaries are authored by the Congressional Research Service (CRS) of the Library of Congress. As stated in Public Law 91-510 (2 USC 166 (d)(6)), one of the duties of CRS is "to prepare summaries and digests of bills and resolutions of a public general nature introduced in the Senate or House of Representatives". For more information, refer to the User Guide that accompanies this file.</dc:description>
  </dublinCore>
</billStatus>

