<?xml version="1.0" encoding="UTF-8"?>
<billStatus>
  <bill>
    <billNumber>1481</billNumber>
    <createDate>2017-06-30T00:41:34Z</createDate>
    <updateDate>2021-07-10T20:09:15Z</updateDate>
    <originChamber>Senate</originChamber>
    <billType>S</billType>
    <introducedDate>2017-06-29</introducedDate>
    <congress>115</congress>
    <recordedVotes />
    <committees>
      <billCommittees>
        <item>
          <systemCode>sseg00</systemCode>
          <name>Energy and Natural Resources Committee</name>
          <chamber>Senate</chamber>
          <type>Standing</type>
          <subcommittees>
            <item>
              <systemCode>sseg03</systemCode>
              <name>Public Lands, Forests, and Mining Subcommittee</name>
              <activities>
                <item>
                  <name>Hearings by</name>
                  <date>2018-02-07T15:00:52Z</date>
                </item>
              </activities>
            </item>
          </subcommittees>
          <activities>
            <item>
              <name>Referred to</name>
              <date>2017-06-29T17:52:13Z</date>
            </item>
          </activities>
        </item>
      </billCommittees>
    </committees>
    <committeeReports />
    <relatedBills>
      <item>
        <latestTitle>ANCSA Shishmaref Emergency Access Easement Act of 2017</latestTitle>
        <congress>115</congress>
        <number>1482</number>
        <type>S</type>
        <latestAction>
          <actionDate>2017-06-29</actionDate>
          <text>Read twice and referred to the Committee on Energy and Natural Resources.</text>
        </latestAction>
        <relationshipDetails>
          <item>
            <type>Related bill</type>
            <identifiedBy>CRS</identifiedBy>
          </item>
        </relationshipDetails>
      </item>
      <item>
        <latestTitle>ANCSA Barrow Sand and Gravel Access Act of 2017</latestTitle>
        <congress>115</congress>
        <number>1486</number>
        <type>S</type>
        <latestAction>
          <actionDate>2017-06-29</actionDate>
          <text>Read twice and referred to the Committee on Energy and Natural Resources.</text>
        </latestAction>
        <relationshipDetails>
          <item>
            <type>Related bill</type>
            <identifiedBy>CRS</identifiedBy>
          </item>
        </relationshipDetails>
      </item>
      <item>
        <latestTitle>ANCSA Thirteenth Regional Corporation Reincorporation Act of 2017</latestTitle>
        <congress>115</congress>
        <number>1492</number>
        <type>S</type>
        <latestAction>
          <actionDate>2017-06-29</actionDate>
          <text>Read twice and referred to the Committee on Energy and Natural Resources.</text>
        </latestAction>
        <relationshipDetails>
          <item>
            <type>Related bill</type>
            <identifiedBy>CRS</identifiedBy>
          </item>
        </relationshipDetails>
      </item>
      <item>
        <latestTitle>ANCSA Dividend Exclusion Act of 2017</latestTitle>
        <congress>115</congress>
        <number>1494</number>
        <type>S</type>
        <latestAction>
          <actionDate>2017-06-29</actionDate>
          <text>Read twice and referred to the Committee on Energy and Natural Resources.</text>
        </latestAction>
        <relationshipDetails>
          <item>
            <type>Related bill</type>
            <identifiedBy>CRS</identifiedBy>
          </item>
        </relationshipDetails>
      </item>
      <item>
        <latestTitle>ANCSA Fractional Shares Consolidation Act of 2017</latestTitle>
        <congress>115</congress>
        <number>1495</number>
        <type>S</type>
        <latestAction>
          <actionDate>2017-06-29</actionDate>
          <text>Read twice and referred to the Committee on Energy and Natural Resources.</text>
        </latestAction>
        <relationshipDetails>
          <item>
            <type>Related bill</type>
            <identifiedBy>CRS</identifiedBy>
          </item>
        </relationshipDetails>
      </item>
      <item>
        <latestTitle>Canyon Village Land Conveyance Act</latestTitle>
        <congress>115</congress>
        <number>231</number>
        <type>HR</type>
        <latestAction>
          <actionDate>2018-02-06</actionDate>
          <text>Subcommittee Hearings Held.</text>
        </latestAction>
        <relationshipDetails>
          <item>
            <type>Related bill</type>
            <identifiedBy>CRS</identifiedBy>
          </item>
        </relationshipDetails>
      </item>
      <item>
        <latestTitle>ANCSA Corporation Reinstatement Act of 2017</latestTitle>
        <congress>115</congress>
        <number>1496</number>
        <type>S</type>
        <latestAction>
          <actionDate>2017-06-29</actionDate>
          <text>Read twice and referred to the Committee on Energy and Natural Resources.</text>
        </latestAction>
        <relationshipDetails>
          <item>
            <type>Related bill</type>
            <identifiedBy>CRS</identifiedBy>
          </item>
        </relationshipDetails>
      </item>
      <item>
        <latestTitle>Unrecognized Southeast Alaska Native Communities Recognition and Compensation Act</latestTitle>
        <congress>115</congress>
        <number>229</number>
        <type>HR</type>
        <latestAction>
          <actionDate>2017-02-10</actionDate>
          <text>Referred to the Subcommittee on Indian, Insular and Alaska Native Affairs.</text>
        </latestAction>
        <relationshipDetails>
          <item>
            <type>Related bill</type>
            <identifiedBy>CRS</identifiedBy>
          </item>
        </relationshipDetails>
      </item>
      <item>
        <latestTitle>SALE Act</latestTitle>
        <congress>115</congress>
        <number>230</number>
        <type>HR</type>
        <latestAction>
          <actionDate>2017-02-10</actionDate>
          <text>Referred to the Subcommittee on Indian, Insular and Alaska Native Affairs.</text>
        </latestAction>
        <relationshipDetails>
          <item>
            <type>Related bill</type>
            <identifiedBy>CRS</identifiedBy>
          </item>
        </relationshipDetails>
      </item>
      <item>
        <latestTitle>Alaska Native Veterans Land Allotment Equity Act</latestTitle>
        <congress>115</congress>
        <number>1867</number>
        <type>HR</type>
        <latestAction>
          <actionDate>2017-04-11</actionDate>
          <text>Referred to the Subcommittee on Indian, Insular and Alaska Native Affairs.</text>
        </latestAction>
        <relationshipDetails>
          <item>
            <type>Related bill</type>
            <identifiedBy>CRS</identifiedBy>
          </item>
        </relationshipDetails>
      </item>
      <item>
        <latestTitle>Alaska Native Vietnam Era Veterans Land Allotment Act</latestTitle>
        <congress>115</congress>
        <number>785</number>
        <type>S</type>
        <latestAction>
          <actionDate>2018-12-20</actionDate>
          <text>By Senator Murkowski from Committee on Energy and Natural Resources filed written report. Report No. 115-451. Additional views filed.</text>
        </latestAction>
        <relationshipDetails>
          <item>
            <type>Related bill</type>
            <identifiedBy>CRS</identifiedBy>
          </item>
        </relationshipDetails>
      </item>
      <item>
        <latestTitle>ANCSA Shee Atika Land Exchange Settlement Act</latestTitle>
        <congress>115</congress>
        <number>1483</number>
        <type>S</type>
        <latestAction>
          <actionDate>2017-06-29</actionDate>
          <text>Read twice and referred to the Committee on Energy and Natural Resources.</text>
        </latestAction>
        <relationshipDetails>
          <item>
            <type>Related bill</type>
            <identifiedBy>CRS</identifiedBy>
          </item>
        </relationshipDetails>
      </item>
      <item>
        <latestTitle>ANCSA Admiralty Island Land Exchange Finalization Act of 2017</latestTitle>
        <congress>115</congress>
        <number>1484</number>
        <type>S</type>
        <latestAction>
          <actionDate>2017-06-29</actionDate>
          <text>Read twice and referred to the Committee on Energy and Natural Resources.</text>
        </latestAction>
        <relationshipDetails>
          <item>
            <type>Related bill</type>
            <identifiedBy>CRS</identifiedBy>
          </item>
        </relationshipDetails>
      </item>
      <item>
        <latestTitle>ANCSA Cook Inlet Region Land Conveyance Finalization Act of 2017</latestTitle>
        <congress>115</congress>
        <number>1485</number>
        <type>S</type>
        <latestAction>
          <actionDate>2017-06-29</actionDate>
          <text>Read twice and referred to the Committee on Energy and Natural Resources.</text>
        </latestAction>
        <relationshipDetails>
          <item>
            <type>Related bill</type>
            <identifiedBy>CRS</identifiedBy>
          </item>
        </relationshipDetails>
      </item>
      <item>
        <latestTitle>ANCSA Nagamut Group Land Conveyance Settlement Act of 2017</latestTitle>
        <congress>115</congress>
        <number>1490</number>
        <type>S</type>
        <latestAction>
          <actionDate>2017-06-29</actionDate>
          <text>Read twice and referred to the Committee on Energy and Natural Resources.</text>
        </latestAction>
        <relationshipDetails>
          <item>
            <type>Related bill</type>
            <identifiedBy>CRS</identifiedBy>
          </item>
        </relationshipDetails>
      </item>
      <item>
        <latestTitle>ANCSA Unrecognized Community Landless Natives Authorization Act of 2017</latestTitle>
        <congress>115</congress>
        <number>1491</number>
        <type>S</type>
        <latestAction>
          <actionDate>2017-06-29</actionDate>
          <text>Read twice and referred to the Committee on Energy and Natural Resources.</text>
        </latestAction>
        <relationshipDetails>
          <item>
            <type>Related bill</type>
            <identifiedBy>CRS</identifiedBy>
          </item>
        </relationshipDetails>
      </item>
      <item>
        <latestTitle>ANCSA Chugach Alaska Land Exchange Study Act of 2017</latestTitle>
        <congress>115</congress>
        <number>1493</number>
        <type>S</type>
        <latestAction>
          <actionDate>2017-06-29</actionDate>
          <text>Read twice and referred to the Committee on Energy and Natural Resources.</text>
        </latestAction>
        <relationshipDetails>
          <item>
            <type>Related bill</type>
            <identifiedBy>CRS</identifiedBy>
          </item>
        </relationshipDetails>
      </item>
      <item>
        <latestTitle>ANCSA Kaktovik and Canyon Village Land Conveyance Settlement Act of 2017</latestTitle>
        <congress>115</congress>
        <number>1487</number>
        <type>S</type>
        <latestAction>
          <actionDate>2017-06-29</actionDate>
          <text>Read twice and referred to the Committee on Energy and Natural Resources.</text>
        </latestAction>
        <relationshipDetails>
          <item>
            <type>Related bill</type>
            <identifiedBy>CRS</identifiedBy>
          </item>
        </relationshipDetails>
      </item>
    </relatedBills>
    <actions>
      <item>
        <actionDate>2018-02-07</actionDate>
        <committees>
          <item>
            <systemCode>sseg03</systemCode>
            <name>Public Lands, Forests, and Mining Subcommittee</name>
          </item>
        </committees>
        <links />
        <sourceSystem>
          <code>0</code>
          <name>Senate</name>
        </sourceSystem>
        <text>Committee on Energy and Natural Resources Subcommittee on Public Lands, Forests, and Mining. Hearings held. With printed Hearing: S.Hrg. 115-502.</text>
        <type>Committee</type>
      </item>
      <item>
        <actionDate>2017-06-29</actionDate>
        <committees>
          <item>
            <systemCode>sseg00</systemCode>
            <name>Energy and Natural Resources Committee</name>
          </item>
        </committees>
        <links />
        <sourceSystem>
          <code>0</code>
          <name>Senate</name>
        </sourceSystem>
        <text>Read twice and referred to the Committee on Energy and Natural Resources.</text>
        <type>IntroReferral</type>
      </item>
      <item>
        <actionDate>2017-06-29</actionDate>
        <links />
        <text>Introduced in Senate</text>
        <type>IntroReferral</type>
        <actionCode>10000</actionCode>
        <sourceSystem>
          <code>9</code>
          <name>Library of Congress</name>
        </sourceSystem>
        <committees />
      </item>
      <actionTypeCounts>
        <hearingsHeld>1</hearingsHeld>
        <referredToCommittee>1</referredToCommittee>
        <introducedInSenate>1</introducedInSenate>
      </actionTypeCounts>
      <actionByCounts>
        <senate>3</senate>
      </actionByCounts>
    </actions>
    <sponsors>
      <item>
        <bioguideId>M001153</bioguideId>
        <fullName>Sen. Murkowski, Lisa [R-AK]</fullName>
        <firstName>Lisa</firstName>
        <middleName />
        <lastName>Murkowski</lastName>
        <party>R</party>
        <state>AK</state>
        <identifiers>
          <lisID>1694</lisID>
          <bioguideId>M001153</bioguideId>
          <gpoId>8234</gpoId>
        </identifiers>
        <byRequestType />
      </item>
    </sponsors>
    <cosponsors>
      <item>
        <bioguideId>S001198</bioguideId>
        <fullName>Sen. Sullivan, Dan  [R-AK]</fullName>
        <firstName>Dan</firstName>
        <middleName />
        <lastName>Sullivan</lastName>
        <party>R</party>
        <state>AK</state>
        <identifiers>
          <lisID>2290</lisID>
          <bioguideId>S001198</bioguideId>
          <gpoId />
        </identifiers>
        <sponsorshipDate>2017-06-29</sponsorshipDate>
        <isOriginalCosponsor>True</isOriginalCosponsor>
        <sponsorshipWithdrawnDate />
      </item>
    </cosponsors>
    <cboCostEstimates />
    <laws />
    <notes />
    <policyArea>
      <name>Native Americans</name>
    </policyArea>
    <subjects>
      <billSubjects>
        <legislativeSubjects>
          <item>
            <name>Alaska</name>
          </item>
          <item>
            <name>Alaska Natives and Hawaiians</name>
          </item>
          <item>
            <name>Birds</name>
          </item>
          <item>
            <name>Congressional oversight</name>
          </item>
          <item>
            <name>Corporate finance and management</name>
          </item>
          <item>
            <name>Food assistance and relief</name>
          </item>
          <item>
            <name>Government studies and investigations</name>
          </item>
          <item>
            <name>Government trust funds</name>
          </item>
          <item>
            <name>Indian claims</name>
          </item>
          <item>
            <name>Indian lands and resources rights</name>
          </item>
          <item>
            <name>Interest, dividends, interest rates</name>
          </item>
          <item>
            <name>Land transfers</name>
          </item>
          <item>
            <name>Land use and conservation</name>
          </item>
          <item>
            <name>Marine pollution</name>
          </item>
          <item>
            <name>Monuments and memorials</name>
          </item>
          <item>
            <name>Oil and gas</name>
          </item>
          <item>
            <name>Parks, recreation areas, trails</name>
          </item>
          <item>
            <name>Pollution liability</name>
          </item>
          <item>
            <name>Poverty and welfare assistance</name>
          </item>
          <item>
            <name>Roads and highways</name>
          </item>
          <item>
            <name>Securities</name>
          </item>
          <item>
            <name>Veterans' pensions and compensation</name>
          </item>
          <item>
            <name>Wildlife conservation and habitat protection</name>
          </item>
        </legislativeSubjects>
        <policyArea>
          <name>Native Americans</name>
        </policyArea>
      </billSubjects>
    </subjects>
    <summaries>
      <billSummaries>
        <item>
          <versionCode>00</versionCode>
          <actionDate>2017-06-29</actionDate>
          <actionDesc>Introduced in Senate</actionDesc>
          <lastSummaryUpdateDate>2018-07-12T21:16:17Z</lastSummaryUpdateDate>
          <text><![CDATA[<p><b>Alaska Native Claims Settlement Improvement Act of 2017</b></p> <p>This bill revises provisions concerning Alaska Natives claims to land and Alaska Native regional, village, or urban corporations. </p> <p>The bill amends the Barrow Gas Field Transfer Act of 1984 to require the Department of the Interior to convey to the Ukpeagvik Inupiat Corporation certain sand and gravel deposits.</p> <p> Interior must grant the Shishmaref Native Corporation a transportation easement. </p> <p>Shee Atika Incorporated may opt to receive credits from the Department of Agriculture (USDA) for the sale of Cube Cove in Admiralty Island, Alaska, that may be used to acquire federal property sold at public sales. </p> <p>The bill authorizes a land exchange between the USDA and the Sealaska Corporation. </p> <p>Cook Inlet Region, Inc. may satisfy its land claim under the Alaska Native Claims Settlement Act (ANCSA). </p> <p>Interior must convey a surface estate to the Kaktovik Inupiat Corporation, a subsurface estate to the Arctic Slope Regional Corporation, a surface estate to Kian Tr'ee Corporation, and a subsurface estate to Doyon Limited.</p> <p>The bill amends ANCSA to require Interior to pay compensation to Nagamut Limited and the Calista Corporation in lieu of conveying land to Nagamut and a subsurface estate to Calista.</p> <p>Native residents of the villages of Haines, Ketchikan, Petersburg, Tenakee, and Wrangell, Alaska, may organize as urban corporations. Upon incorporation, Interior must offer each corporation 23,040 acres of land. </p> <p>Alaska Native veterans who served during the Vietnam War may receive an allotment of federal land.</p> <p>For purposes of determining eligibility for need-based federal programs, the amount of cash an Alaska Native receives from a Native corporation that is disregarded is increased.</p> <p>Under certain circumstances, Alaska Native village corporations may reincorporate after they are involuntarily dissolved.]]></text>
          <updateDate>2017-06-29T04:00:00Z</updateDate>
          <name>Introduced in Senate</name>
        </item>
      </billSummaries>
    </summaries>
    <title>Alaska Native Claims Settlement Improvement Act of 2017</title>
    <titles>
      <item>
        <titleType>Official Title as Introduced</titleType>
        <parentTitleType />
        <title>A bill to make technical corrections to the Alaska Native Claims Settlement Act, and for other purposes.</title>
        <chamberCode />
        <chamberName />
      </item>
      <item>
        <titleType>Short Titles as Introduced</titleType>
        <parentTitleType />
        <title>Alaska Native Claims Settlement Improvement Act of 2017</title>
        <chamberCode />
        <chamberName />
      </item>
      <item>
        <titleType>Display Title</titleType>
        <parentTitleType />
        <title>Alaska Native Claims Settlement Improvement Act of 2017</title>
        <chamberCode />
        <chamberName />
      </item>
    </titles>
    <amendments />
    <textVersions>
      <item>
        <type>Introduced in Senate</type>
        <date>2017-06-29T04:00:00Z</date>
        <formats>
          <item>
            <url>https://www.govinfo.gov/content/pkg/BILLS-115s1481is/xml/BILLS-115s1481is.xml</url>
          </item>
        </formats>
      </item>
    </textVersions>
    <latestAction>
      <actionDate>2018-02-07</actionDate>
      <text>Committee on Energy and Natural Resources Subcommittee on Public Lands, Forests, and Mining. Hearings held. With printed Hearing: S.Hrg. 115-502.</text>
      <links />
    </latestAction>
    <calendarNumbers />
    <version>1.0.0</version>
  </bill>
  <dublinCore xmlns:dc="http://purl.org/dc/elements/1.1/">
    <dc:format>text/xml</dc:format>
    <dc:language>EN</dc:language>
    <dc:rights>Pursuant to Title 17 Section 105 of the United States Code, this file is not subject to copyright protection and is in the public domain.</dc:rights>
    <dc:contributor>Congressional Research Service, Library of Congress</dc:contributor>
    <dc:description>This file contains bill summaries and statuses for federal legislation. A bill summary describes the most significant provisions of a piece of legislation and details the effects the legislative text may have on current law and federal programs. Bill summaries are authored by the Congressional Research Service (CRS) of the Library of Congress. As stated in Public Law 91-510 (2 USC 166 (d)(6)), one of the duties of CRS is "to prepare summaries and digests of bills and resolutions of a public general nature introduced in the Senate or House of Representatives". For more information, refer to the User Guide that accompanies this file.</dc:description>
  </dublinCore>
</billStatus>

