<?xml version="1.0" encoding="UTF-8"?>
<billStatus>
  <bill>
    <billNumber>500</billNumber>
    <createDate>2017-03-03T05:11:27Z</createDate>
    <updateDate>2021-11-03T16:41:31Z</updateDate>
    <originChamber>Senate</originChamber>
    <billType>S</billType>
    <introducedDate>2017-03-02</introducedDate>
    <congress>115</congress>
    <recordedVotes />
    <committees>
      <billCommittees>
        <item>
          <systemCode>hshm00</systemCode>
          <name>Homeland Security Committee</name>
          <chamber>House</chamber>
          <type>Standing</type>
          <subcommittees />
          <activities>
            <item>
              <name>Legislative interest</name>
              <date>2018-02-23T15:26:00Z</date>
            </item>
            <item>
              <name>Legislative interest</name>
              <date>2018-02-22T16:56:00Z</date>
            </item>
          </activities>
        </item>
        <item>
          <systemCode>ssga00</systemCode>
          <name>Homeland Security and Governmental Affairs Committee</name>
          <chamber>Senate</chamber>
          <type>Standing</type>
          <subcommittees />
          <activities>
            <item>
              <name>Reported by</name>
              <date>2017-04-24T20:17:44Z</date>
            </item>
            <item>
              <name>Markup by</name>
              <date>2017-03-15T15:48:01Z</date>
            </item>
            <item>
              <name>Referred to</name>
              <date>2017-03-02T17:43:23Z</date>
            </item>
          </activities>
        </item>
      </billCommittees>
    </committees>
    <committeeReports>
      <committeeReport>
        <citation>S. Rept. 115-29</citation>
      </committeeReport>
    </committeeReports>
    <relatedBills>
      <item>
        <latestTitle>Securing our Agriculture and Food Act</latestTitle>
        <congress>115</congress>
        <number>1238</number>
        <type>HR</type>
        <latestAction>
          <actionDate>2017-06-30</actionDate>
          <text>Became Public Law No: 115-43.</text>
        </latestAction>
        <relationshipDetails>
          <item>
            <type>Related bill</type>
            <identifiedBy>CRS</identifiedBy>
          </item>
          <item>
            <type>Related bill</type>
            <identifiedBy>House</identifiedBy>
          </item>
        </relationshipDetails>
      </item>
    </relatedBills>
    <actions>
      <item>
        <actionDate>2017-04-24</actionDate>
        <committees />
        <links />
        <sourceSystem>
          <code>0</code>
          <name>Senate</name>
        </sourceSystem>
        <text>Placed on Senate Legislative Calendar under General Orders. Calendar No. 38.</text>
        <type>Calendars</type>
      </item>
      <item>
        <actionDate>2017-04-24</actionDate>
        <committees>
          <item>
            <systemCode>ssga00</systemCode>
            <name>Homeland Security and Governmental Affairs Committee</name>
          </item>
        </committees>
        <links />
        <sourceSystem>
          <code>0</code>
          <name>Senate</name>
        </sourceSystem>
        <text>Committee on Homeland Security and Governmental Affairs. Reported by Senator Johnson without amendment. With written report No. 115-29.</text>
        <type>Committee</type>
      </item>
      <item>
        <actionDate>2017-04-24</actionDate>
        <links />
        <text>Committee on Homeland Security and Governmental Affairs. Reported by Senator Johnson without amendment. With written report No. 115-29.</text>
        <type>Committee</type>
        <actionCode>14000</actionCode>
        <sourceSystem>
          <code>9</code>
          <name>Library of Congress</name>
        </sourceSystem>
        <committees>
          <item>
            <systemCode>ssga00</systemCode>
            <name>Homeland Security and Governmental Affairs Committee</name>
          </item>
        </committees>
      </item>
      <item>
        <actionDate>2017-03-15</actionDate>
        <committees>
          <item>
            <systemCode>ssga00</systemCode>
            <name>Homeland Security and Governmental Affairs Committee</name>
          </item>
        </committees>
        <links />
        <sourceSystem>
          <code>0</code>
          <name>Senate</name>
        </sourceSystem>
        <text>Committee on Homeland Security and Governmental Affairs. Ordered to be reported without amendment favorably.</text>
        <type>Committee</type>
      </item>
      <item>
        <actionDate>2017-03-02</actionDate>
        <committees>
          <item>
            <systemCode>ssga00</systemCode>
            <name>Homeland Security and Governmental Affairs Committee</name>
          </item>
        </committees>
        <links />
        <sourceSystem>
          <code>0</code>
          <name>Senate</name>
        </sourceSystem>
        <text>Read twice and referred to the Committee on Homeland Security and Governmental Affairs.</text>
        <type>IntroReferral</type>
      </item>
      <item>
        <actionDate>2017-03-02</actionDate>
        <links />
        <text>Introduced in Senate</text>
        <type>IntroReferral</type>
        <actionCode>10000</actionCode>
        <sourceSystem>
          <code>9</code>
          <name>Library of Congress</name>
        </sourceSystem>
        <committees />
      </item>
      <actionTypeCounts>
        <placedOnCalendarGeneralOrders>1</placedOnCalendarGeneralOrders>
        <reportedToSenate>2</reportedToSenate>
        <orderedReported>1</orderedReported>
        <referredToCommittee>1</referredToCommittee>
        <introducedInSenate>1</introducedInSenate>
      </actionTypeCounts>
      <actionByCounts>
        <senate>6</senate>
      </actionByCounts>
    </actions>
    <sponsors>
      <item>
        <bioguideId>R000307</bioguideId>
        <fullName>Sen. Roberts, Pat [R-KS]</fullName>
        <firstName>PAT</firstName>
        <middleName />
        <lastName>ROBERTS</lastName>
        <party>R</party>
        <state>KS</state>
        <identifiers>
          <lisID>968</lisID>
          <bioguideId>R000307</bioguideId>
          <gpoId>8275</gpoId>
        </identifiers>
        <byRequestType />
      </item>
    </sponsors>
    <cosponsors>
      <item>
        <bioguideId>M001170</bioguideId>
        <fullName>Sen. McCaskill, Claire [D-MO]</fullName>
        <firstName>Claire</firstName>
        <middleName />
        <lastName>McCaskill</lastName>
        <party>D</party>
        <state>MO</state>
        <identifiers>
          <lisID>1820</lisID>
          <bioguideId>M001170</bioguideId>
          <gpoId>8252</gpoId>
        </identifiers>
        <sponsorshipDate>2017-03-02</sponsorshipDate>
        <isOriginalCosponsor>True</isOriginalCosponsor>
        <sponsorshipWithdrawnDate />
      </item>
      <item>
        <bioguideId>E000295</bioguideId>
        <fullName>Sen. Ernst, Joni  [R-IA]</fullName>
        <firstName>Joni</firstName>
        <middleName />
        <lastName>Ernst</lastName>
        <party>R</party>
        <state>IA</state>
        <identifiers>
          <lisID>2283</lisID>
          <bioguideId>E000295</bioguideId>
          <gpoId />
        </identifiers>
        <sponsorshipDate>2017-05-08</sponsorshipDate>
        <isOriginalCosponsor>False</isOriginalCosponsor>
        <sponsorshipWithdrawnDate />
      </item>
    </cosponsors>
    <cboCostEstimates>
      <item>
        <pubDate>2017-03-24T20:00:00Z</pubDate>
        <title>S. 500, Securing our Agriculture and Food Act</title>
        <url>https://www.cbo.gov/publication/52532</url>
      </item>
    </cboCostEstimates>
    <laws />
    <notes />
    <policyArea>
      <name>Emergency Management</name>
    </policyArea>
    <subjects>
      <billSubjects>
        <legislativeSubjects>
          <item>
            <name>Animal and plant health</name>
          </item>
          <item>
            <name>Department of Homeland Security</name>
          </item>
          <item>
            <name>Executive agency funding and structure</name>
          </item>
          <item>
            <name>Food supply, safety, and labeling</name>
          </item>
          <item>
            <name>General agriculture matters</name>
          </item>
          <item>
            <name>Homeland security</name>
          </item>
          <item>
            <name>Livestock</name>
          </item>
          <item>
            <name>Terrorism</name>
          </item>
          <item>
            <name>Veterinary medicine and animal diseases</name>
          </item>
        </legislativeSubjects>
        <policyArea>
          <name>Emergency Management</name>
        </policyArea>
      </billSubjects>
    </subjects>
    <summaries>
      <billSummaries>
        <item>
          <versionCode>00</versionCode>
          <actionDate>2017-03-02</actionDate>
          <actionDesc>Introduced in Senate</actionDesc>
          <lastSummaryUpdateDate>2017-06-14T19:19:34Z</lastSummaryUpdateDate>
          <text><![CDATA[<p><strong>Securing our Agriculture and Food Act</strong></p> <p>This bill amends the Homeland Security Act of 2002 to direct the Assistant Secretary for Health Affairs for the Department of Homeland Security (DHS) to carry out a program to coordinate DHS efforts relating to defending the food, agriculture, and veterinary systems of the United States against terrorism and other high-consequence events that pose a high risk to homeland security.</p> <p>Such program shall:</p> <ul> <li>provide oversight and management of DHS's responsibilities under Homeland Security Presidential Directive 9 - Defense of United States Agriculture and Food;</li> <li> provide oversight and integration of DHS activities relating to veterinary public health, food defense, and agricultural security;</li> <li>lead DHS policy initiatives relating to food, animal, and agricultural incidents and to overall domestic preparedness for, and collective response to, agricultural terrorism;</li> <li> coordinate with other DHS components on activities relating to food and agriculture security and screening procedures for domestic and imported products; and</li> <li> coordinate with appropriate federal departments and agencies.</li> </ul>]]></text>
          <updateDate>2017-03-02T05:00:00Z</updateDate>
          <name>Introduced in Senate</name>
        </item>
        <item>
          <versionCode>80</versionCode>
          <actionDate>2017-04-24</actionDate>
          <actionDesc>Reported to Senate without amendment</actionDesc>
          <lastSummaryUpdateDate>2017-06-14T19:20:38Z</lastSummaryUpdateDate>
          <text><![CDATA[<p>(This measure has not been amended since it was introduced. The summary has been expanded because action occurred on the measure.)</p> <p><strong>Securing our Agriculture and Food Act</strong></p> <p>(Sec. 2) This bill amends the Homeland Security Act of 2002 to direct the Assistant Secretary for Health Affairs for the Department of Homeland Security (DHS) to carry out a program to coordinate DHS efforts relating to defending the food, agriculture, and veterinary systems of the United States against terrorism and other high-consequence events that pose a high risk to homeland security.</p> <p>Such program shall:</p> <ul> <li>provide oversight and management of DHS's responsibilities under Homeland Security Presidential Directive 9 - Defense of United States Agriculture and Food;</li> <li> provide oversight and integration of DHS activities relating to veterinary public health, food defense, and agricultural security;</li> <li>lead DHS policy initiatives relating to food, animal, and agricultural incidents and to overall domestic preparedness for, and collective response to, agricultural terrorism;</li> <li> coordinate with other DHS components on activities relating to food and agriculture security and screening procedures for domestic and imported products; and</li> <li> coordinate with appropriate federal departments and agencies.</li> </ul>]]></text>
          <updateDate>2017-04-24T13:02:55Z</updateDate>
          <name>Reported to Senate without amendment</name>
        </item>
      </billSummaries>
    </summaries>
    <title>Securing our Agriculture and Food Act</title>
    <titles>
      <item>
        <titleType>Official Title as Introduced</titleType>
        <parentTitleType />
        <title>A bill to amend the Homeland Security Act of 2002 to make the Assistant Secretary of Homeland Security for Health Affairs responsible for coordinating the efforts of the Department of Homeland Security related to food, agriculture, and veterinary defense against terrorism, and for other purposes.</title>
        <chamberCode />
        <chamberName />
      </item>
      <item>
        <titleType>Short Titles as Introduced</titleType>
        <parentTitleType />
        <title>Securing our Agriculture and Food Act</title>
        <chamberCode />
        <chamberName />
      </item>
      <item>
        <titleType>Short Titles as Reported to Senate</titleType>
        <parentTitleType>Short Titles Senate</parentTitleType>
        <title>Securing our Agriculture and Food Act</title>
        <chamberCode>S</chamberCode>
        <chamberName>Senate</chamberName>
      </item>
      <item>
        <titleType>Display Title</titleType>
        <parentTitleType />
        <title>Securing our Agriculture and Food Act</title>
        <chamberCode />
        <chamberName />
      </item>
    </titles>
    <amendments />
    <textVersions>
      <item>
        <type>Reported to Senate</type>
        <date>2017-04-24T04:00:00Z</date>
        <formats>
          <item>
            <url>https://www.govinfo.gov/content/pkg/BILLS-115s500rs/xml/BILLS-115s500rs.xml</url>
          </item>
        </formats>
      </item>
      <item>
        <type>Introduced in Senate</type>
        <date>2017-03-02T05:00:00Z</date>
        <formats>
          <item>
            <url>https://www.govinfo.gov/content/pkg/BILLS-115s500is/xml/BILLS-115s500is.xml</url>
          </item>
        </formats>
      </item>
    </textVersions>
    <latestAction>
      <actionDate>2017-04-24</actionDate>
      <text>Placed on Senate Legislative Calendar under General Orders. Calendar No. 38.</text>
      <links />
    </latestAction>
    <calendarNumbers>
      <item>
        <calendar>Senate Calendar of Business</calendar>
        <number>0038</number>
      </item>
    </calendarNumbers>
    <version>1.0.0</version>
  </bill>
  <dublinCore xmlns:dc="http://purl.org/dc/elements/1.1/">
    <dc:format>text/xml</dc:format>
    <dc:language>EN</dc:language>
    <dc:rights>Pursuant to Title 17 Section 105 of the United States Code, this file is not subject to copyright protection and is in the public domain.</dc:rights>
    <dc:contributor>Congressional Research Service, Library of Congress</dc:contributor>
    <dc:description>This file contains bill summaries and statuses for federal legislation. A bill summary describes the most significant provisions of a piece of legislation and details the effects the legislative text may have on current law and federal programs. Bill summaries are authored by the Congressional Research Service (CRS) of the Library of Congress. As stated in Public Law 91-510 (2 USC 166 (d)(6)), one of the duties of CRS is "to prepare summaries and digests of bills and resolutions of a public general nature introduced in the Senate or House of Representatives". For more information, refer to the User Guide that accompanies this file.</dc:description>
  </dublinCore>
</billStatus>

