<?xml version="1.0" encoding="UTF-8"?>
<billStatus>
  <bill>
    <billNumber>1534</billNumber>
    <createDate>2017-07-13T00:41:35Z</createDate>
    <updateDate>2020-12-05T08:11:06Z</updateDate>
    <originChamber>Senate</originChamber>
    <billType>S</billType>
    <introducedDate>2017-07-12</introducedDate>
    <congress>115</congress>
    <recordedVotes />
    <committees>
      <billCommittees>
        <item>
          <systemCode>sscm00</systemCode>
          <name>Commerce, Science, and Transportation Committee</name>
          <chamber>Senate</chamber>
          <type>Standing</type>
          <subcommittees />
          <activities>
            <item>
              <name>Referred to</name>
              <date>2017-07-12T18:12:07Z</date>
            </item>
          </activities>
        </item>
      </billCommittees>
    </committees>
    <committeeReports />
    <relatedBills>
      <item>
        <latestTitle>RAY BAUM'S Act of 2018</latestTitle>
        <congress>115</congress>
        <number>4986</number>
        <type>HR</type>
        <latestAction>
          <actionDate>2018-03-07</actionDate>
          <text>Received in the Senate and Read twice and referred to the Committee on Commerce, Science, and Transportation.</text>
        </latestAction>
        <relationshipDetails>
          <item>
            <type>Related bill</type>
            <identifiedBy>CRS</identifiedBy>
          </item>
        </relationshipDetails>
      </item>
      <item>
        <latestTitle>Amateur Radio Parity Act of 2017</latestTitle>
        <congress>115</congress>
        <number>555</number>
        <type>HR</type>
        <latestAction>
          <actionDate>2017-01-24</actionDate>
          <text>Received in the Senate and Read twice and referred to the Committee on Commerce, Science, and Transportation.</text>
        </latestAction>
        <relationshipDetails>
          <item>
            <type>Identical bill</type>
            <identifiedBy>CRS</identifiedBy>
          </item>
        </relationshipDetails>
      </item>
      <item>
        <latestTitle>John S. McCain National Defense Authorization Act for Fiscal Year 2019</latestTitle>
        <congress>115</congress>
        <number>5515</number>
        <type>HR</type>
        <latestAction>
          <actionDate>2018-08-13</actionDate>
          <text>Became Public Law No: 115-232.</text>
        </latestAction>
        <relationshipDetails>
          <item>
            <type>Related bill</type>
            <identifiedBy>CRS</identifiedBy>
          </item>
        </relationshipDetails>
      </item>
    </relatedBills>
    <actions>
      <item>
        <actionDate>2017-07-12</actionDate>
        <committees>
          <item>
            <systemCode>sscm00</systemCode>
            <name>Commerce, Science, and Transportation Committee</name>
          </item>
        </committees>
        <links />
        <sourceSystem>
          <code>0</code>
          <name>Senate</name>
        </sourceSystem>
        <text>Read twice and referred to the Committee on Commerce, Science, and Transportation.</text>
        <type>IntroReferral</type>
      </item>
      <item>
        <actionDate>2017-07-12</actionDate>
        <links />
        <text>Introduced in Senate</text>
        <type>IntroReferral</type>
        <actionCode>10000</actionCode>
        <sourceSystem>
          <code>9</code>
          <name>Library of Congress</name>
        </sourceSystem>
        <committees />
      </item>
      <actionTypeCounts>
        <referredToCommittee>1</referredToCommittee>
        <introducedInSenate>1</introducedInSenate>
      </actionTypeCounts>
      <actionByCounts>
        <senate>2</senate>
      </actionByCounts>
    </actions>
    <sponsors>
      <item>
        <bioguideId>W000437</bioguideId>
        <fullName>Sen. Wicker, Roger F. [R-MS]</fullName>
        <firstName>ROGER</firstName>
        <middleName>F.</middleName>
        <lastName>WICKER</lastName>
        <party>R</party>
        <state>MS</state>
        <identifiers>
          <lisID>1226</lisID>
          <bioguideId>W000437</bioguideId>
          <gpoId>8263</gpoId>
        </identifiers>
        <byRequestType />
      </item>
    </sponsors>
    <cosponsors>
      <item>
        <bioguideId>B001277</bioguideId>
        <fullName>Sen. Blumenthal, Richard [D-CT]</fullName>
        <firstName>Richard</firstName>
        <middleName />
        <lastName>Blumenthal</lastName>
        <party>D</party>
        <state>CT</state>
        <identifiers>
          <lisID>2076</lisID>
          <bioguideId>B001277</bioguideId>
          <gpoId>8332</gpoId>
        </identifiers>
        <sponsorshipDate>2017-07-12</sponsorshipDate>
        <isOriginalCosponsor>True</isOriginalCosponsor>
        <sponsorshipWithdrawnDate />
      </item>
    </cosponsors>
    <cboCostEstimates />
    <laws />
    <notes />
    <policyArea>
      <name>Science, Technology, Communications</name>
    </policyArea>
    <subjects>
      <billSubjects>
        <legislativeSubjects>
          <item>
            <name>Administrative law and regulatory procedures</name>
          </item>
          <item>
            <name>Broadcasting, cable, digital technologies</name>
          </item>
          <item>
            <name>Federal Communications Commission (FCC)</name>
          </item>
          <item>
            <name>Federal preemption</name>
          </item>
          <item>
            <name>Land use and conservation</name>
          </item>
          <item>
            <name>State and local government operations</name>
          </item>
          <item>
            <name>Telephone and wireless communication</name>
          </item>
        </legislativeSubjects>
        <policyArea>
          <name>Science, Technology, Communications</name>
        </policyArea>
      </billSubjects>
    </subjects>
    <summaries>
      <billSummaries>
        <item>
          <versionCode>00</versionCode>
          <actionDate>2017-07-12</actionDate>
          <actionDesc>Introduced in Senate</actionDesc>
          <lastSummaryUpdateDate>2017-11-02T18:38:19Z</lastSummaryUpdateDate>
          <text><![CDATA[<p><b>Amateur Radio Parity Act of 2017</b></p> <p><strong></strong>This bill directs the Federal Communications Commission (FCC) to amend station antenna structure regulations to prohibit a private land use restriction from applying to amateur radio stations if the restriction:</p> <ul> <li>precludes communications in an amateur radio service, </li> <li>fails to permit a licensee of amateur radio service to install and maintain an effective outdoor antenna on property under its exclusive use or control, or </li> <li>is not the minimum practicable restriction to accomplish the lawful purposes of a community association seeking to enforce the restriction. </li></ul> <p>Before installing an outdoor antenna, however, an amateur radio licensee must obtain a community association's prior approval. A community association may: (1) prohibit installations on common property not under the exclusive control of the licensee, and (2) establish installation rules for amateur radio antennas and support structures.</p>]]></text>
          <updateDate>2017-07-12T04:00:00Z</updateDate>
          <name>Introduced in Senate</name>
        </item>
      </billSummaries>
    </summaries>
    <title>Amateur Radio Parity Act of 2017</title>
    <titles>
      <item>
        <titleType>Short Title(s) as Introduced</titleType>
        <parentTitleType />
        <title>Amateur Radio Parity Act of 2017</title>
        <chamberCode />
        <chamberName />
      </item>
      <item>
        <titleType>Short Titles as Introduced</titleType>
        <parentTitleType />
        <title>Amateur Radio Parity Act of 2017</title>
        <chamberCode />
        <chamberName />
      </item>
      <item>
        <titleType>Display Title</titleType>
        <parentTitleType />
        <title>Amateur Radio Parity Act of 2017</title>
        <chamberCode />
        <chamberName />
      </item>
      <item>
        <titleType>Official Title as Introduced</titleType>
        <parentTitleType />
        <title>A bill to direct the Federal Communications Commission to amend its rules so as to prohibit the application to amateur stations of certain private land use restrictions, and for other purposes.</title>
        <chamberCode />
        <chamberName />
      </item>
    </titles>
    <amendments />
    <textVersions>
      <item>
        <type>Introduced in Senate</type>
        <date>2017-07-12T04:00:00Z</date>
        <formats>
          <item>
            <url>https://www.govinfo.gov/content/pkg/BILLS-115s1534is/xml/BILLS-115s1534is.xml</url>
          </item>
        </formats>
      </item>
    </textVersions>
    <latestAction>
      <actionDate>2017-07-12</actionDate>
      <text>Read twice and referred to the Committee on Commerce, Science, and Transportation.</text>
      <links />
    </latestAction>
    <calendarNumbers />
    <version>1.0.0</version>
  </bill>
  <dublinCore xmlns:dc="http://purl.org/dc/elements/1.1/">
    <dc:format>text/xml</dc:format>
    <dc:language>EN</dc:language>
    <dc:rights>Pursuant to Title 17 Section 105 of the United States Code, this file is not subject to copyright protection and is in the public domain.</dc:rights>
    <dc:contributor>Congressional Research Service, Library of Congress</dc:contributor>
    <dc:description>This file contains bill summaries and statuses for federal legislation. A bill summary describes the most significant provisions of a piece of legislation and details the effects the legislative text may have on current law and federal programs. Bill summaries are authored by the Congressional Research Service (CRS) of the Library of Congress. As stated in Public Law 91-510 (2 USC 166 (d)(6)), one of the duties of CRS is "to prepare summaries and digests of bills and resolutions of a public general nature introduced in the Senate or House of Representatives". For more information, refer to the User Guide that accompanies this file.</dc:description>
  </dublinCore>
</billStatus>

