<?xml version="1.0" encoding="UTF-8"?>
<billStatus>
  <bill>
    <billNumber>1099</billNumber>
    <createDate>2017-05-12T00:26:38Z</createDate>
    <updateDate>2021-07-10T20:06:24Z</updateDate>
    <originChamber>Senate</originChamber>
    <billType>S</billType>
    <introducedDate>2017-05-11</introducedDate>
    <congress>115</congress>
    <recordedVotes />
    <committees>
      <billCommittees>
        <item>
          <systemCode>hsgo00</systemCode>
          <name>Oversight and Reform Committee</name>
          <chamber>House</chamber>
          <type>Standing</type>
          <subcommittees />
          <activities>
            <item>
              <name>Referred to</name>
              <date>2017-08-04T18:43:26Z</date>
            </item>
          </activities>
        </item>
        <item>
          <systemCode>ssga00</systemCode>
          <name>Homeland Security and Governmental Affairs Committee</name>
          <chamber>Senate</chamber>
          <type>Standing</type>
          <subcommittees />
          <activities>
            <item>
              <name>Reported by</name>
              <date>2017-07-11T20:02:06Z</date>
            </item>
            <item>
              <name>Markup by</name>
              <date>2017-05-17T14:00:36Z</date>
            </item>
            <item>
              <name>Referred to</name>
              <date>2017-05-11T19:32:19Z</date>
            </item>
          </activities>
        </item>
      </billCommittees>
    </committees>
    <committeeReports>
      <committeeReport>
        <citation>S. Rept. 115-129</citation>
      </committeeReport>
    </committeeReports>
    <relatedBills>
      <item>
        <latestTitle>Saving Federal Dollars Through Better Use of Government Purchase and Travel Cards Act of 2017</latestTitle>
        <congress>115</congress>
        <number>4047</number>
        <type>HR</type>
        <latestAction>
          <actionDate>2017-10-12</actionDate>
          <text>Referred to the House Committee on Oversight and Government Reform.</text>
        </latestAction>
        <relationshipDetails>
          <item>
            <type>Related bill</type>
            <identifiedBy>CRS</identifiedBy>
          </item>
        </relationshipDetails>
      </item>
    </relatedBills>
    <actions>
      <item>
        <actionDate>2017-08-04</actionDate>
        <links />
        <text>Referred to the House Committee on Oversight and Government Reform.</text>
        <type>IntroReferral</type>
        <actionCode>H11100</actionCode>
        <sourceSystem>
          <code>2</code>
          <name>House floor actions</name>
        </sourceSystem>
        <committees>
          <item>
            <systemCode>hsgo00</systemCode>
            <name>Oversight and Reform Committee</name>
          </item>
        </committees>
      </item>
      <item>
        <actionDate>2017-08-04</actionDate>
        <committees />
        <links />
        <sourceSystem>
          <code>0</code>
          <name>Senate</name>
        </sourceSystem>
        <text>Message on Senate action sent to the House.</text>
        <type>Floor</type>
      </item>
      <item>
        <actionDate>2017-08-04</actionDate>
        <actionTime>12:07:03</actionTime>
        <links />
        <text>Received in the House.</text>
        <type>Floor</type>
        <actionCode>H14000</actionCode>
        <sourceSystem>
          <code>2</code>
          <name>House floor actions</name>
        </sourceSystem>
        <committees />
      </item>
      <item>
        <actionDate>2017-08-03</actionDate>
        <committees />
        <links />
        <sourceSystem>
          <code>0</code>
          <name>Senate</name>
        </sourceSystem>
        <text>Passed Senate with an amendment by Unanimous Consent.</text>
        <type>Floor</type>
      </item>
      <item>
        <actionDate>2017-08-03</actionDate>
        <links />
        <text>Passed/agreed to in Senate: Passed Senate with an amendment by Unanimous Consent.</text>
        <type>Floor</type>
        <actionCode>17000</actionCode>
        <sourceSystem>
          <code>9</code>
          <name>Library of Congress</name>
        </sourceSystem>
        <committees />
      </item>
      <item>
        <actionDate>2017-08-03</actionDate>
        <committees />
        <links />
        <sourceSystem>
          <code>0</code>
          <name>Senate</name>
        </sourceSystem>
        <text>Measure laid before Senate by unanimous consent. (consideration: CR S4891)</text>
        <type>Floor</type>
      </item>
      <item>
        <actionDate>2017-07-11</actionDate>
        <committees />
        <links />
        <sourceSystem>
          <code>0</code>
          <name>Senate</name>
        </sourceSystem>
        <text>Placed on Senate Legislative Calendar under General Orders. Calendar No. 169.</text>
        <type>Calendars</type>
      </item>
      <item>
        <actionDate>2017-07-11</actionDate>
        <committees>
          <item>
            <systemCode>ssga00</systemCode>
            <name>Homeland Security and Governmental Affairs Committee</name>
          </item>
        </committees>
        <links />
        <sourceSystem>
          <code>0</code>
          <name>Senate</name>
        </sourceSystem>
        <text>Committee on Homeland Security and Governmental Affairs. Reported by Senator Johnson without amendment. With written report No. 115-129.</text>
        <type>Committee</type>
      </item>
      <item>
        <actionDate>2017-07-11</actionDate>
        <links />
        <text>Committee on Homeland Security and Governmental Affairs. Reported by Senator Johnson without amendment. With written report No. 115-129.</text>
        <type>Committee</type>
        <actionCode>14000</actionCode>
        <sourceSystem>
          <code>9</code>
          <name>Library of Congress</name>
        </sourceSystem>
        <committees>
          <item>
            <systemCode>ssga00</systemCode>
            <name>Homeland Security and Governmental Affairs Committee</name>
          </item>
        </committees>
      </item>
      <item>
        <actionDate>2017-05-17</actionDate>
        <committees>
          <item>
            <systemCode>ssga00</systemCode>
            <name>Homeland Security and Governmental Affairs Committee</name>
          </item>
        </committees>
        <links />
        <sourceSystem>
          <code>0</code>
          <name>Senate</name>
        </sourceSystem>
        <text>Committee on Homeland Security and Governmental Affairs. Ordered to be reported without amendment favorably.</text>
        <type>Committee</type>
      </item>
      <item>
        <actionDate>2017-05-11</actionDate>
        <committees>
          <item>
            <systemCode>ssga00</systemCode>
            <name>Homeland Security and Governmental Affairs Committee</name>
          </item>
        </committees>
        <links />
        <sourceSystem>
          <code>0</code>
          <name>Senate</name>
        </sourceSystem>
        <text>Read twice and referred to the Committee on Homeland Security and Governmental Affairs.</text>
        <type>IntroReferral</type>
      </item>
      <item>
        <actionDate>2017-05-11</actionDate>
        <links />
        <text>Introduced in Senate</text>
        <type>IntroReferral</type>
        <actionCode>10000</actionCode>
        <sourceSystem>
          <code>9</code>
          <name>Library of Congress</name>
        </sourceSystem>
        <committees />
      </item>
      <actionTypeCounts>
        <billReferrals>1</billReferrals>
        <sentToHouse>1</sentToHouse>
        <receivedInTheHouse>1</receivedInTheHouse>
        <passedSenate>1</passedSenate>
        <passedAgreedToInSenate>1</passedAgreedToInSenate>
        <measureLaidBeforeSenate>1</measureLaidBeforeSenate>
        <placedOnCalendarGeneralOrders>1</placedOnCalendarGeneralOrders>
        <reportedToSenate>2</reportedToSenate>
        <orderedReported>1</orderedReported>
        <referredToCommittee>1</referredToCommittee>
        <introducedInSenate>1</introducedInSenate>
      </actionTypeCounts>
      <actionByCounts>
        <houseOfRepresentatives>2</houseOfRepresentatives>
        <senate>10</senate>
      </actionByCounts>
    </actions>
    <sponsors>
      <item>
        <bioguideId>C000174</bioguideId>
        <fullName>Sen. Carper, Thomas R. [D-DE]</fullName>
        <firstName>THOMAS</firstName>
        <middleName>R.</middleName>
        <lastName>CARPER</lastName>
        <party>D</party>
        <state>DE</state>
        <identifiers>
          <lisID>179</lisID>
          <bioguideId>C000174</bioguideId>
          <gpoId>8283</gpoId>
        </identifiers>
        <byRequestType />
      </item>
    </sponsors>
    <cosponsors>
      <item>
        <bioguideId>G000386</bioguideId>
        <fullName>Sen. Grassley, Chuck [R-IA]</fullName>
        <firstName>CHARLES</firstName>
        <middleName>ERNEST</middleName>
        <lastName>GRASSLEY</lastName>
        <party>R</party>
        <state>IA</state>
        <identifiers>
          <lisID>457</lisID>
          <bioguideId>G000386</bioguideId>
          <gpoId>8316</gpoId>
        </identifiers>
        <sponsorshipDate>2017-05-11</sponsorshipDate>
        <isOriginalCosponsor>True</isOriginalCosponsor>
        <sponsorshipWithdrawnDate />
      </item>
      <item>
        <bioguideId>M001170</bioguideId>
        <fullName>Sen. McCaskill, Claire [D-MO]</fullName>
        <firstName>Claire</firstName>
        <middleName />
        <lastName>McCaskill</lastName>
        <party>D</party>
        <state>MO</state>
        <identifiers>
          <lisID>1820</lisID>
          <bioguideId>M001170</bioguideId>
          <gpoId>8252</gpoId>
        </identifiers>
        <sponsorshipDate>2017-05-11</sponsorshipDate>
        <isOriginalCosponsor>True</isOriginalCosponsor>
        <sponsorshipWithdrawnDate />
      </item>
      <item>
        <bioguideId>T000464</bioguideId>
        <fullName>Sen. Tester, Jon [D-MT]</fullName>
        <firstName>Jon</firstName>
        <middleName />
        <lastName>Tester</lastName>
        <party>D</party>
        <state>MT</state>
        <identifiers>
          <lisID>1829</lisID>
          <bioguideId>T000464</bioguideId>
          <gpoId>8258</gpoId>
        </identifiers>
        <sponsorshipDate>2017-06-07</sponsorshipDate>
        <isOriginalCosponsor>False</isOriginalCosponsor>
        <sponsorshipWithdrawnDate />
      </item>
      <item>
        <bioguideId>D000622</bioguideId>
        <fullName>Sen. Duckworth, Tammy [D-IL]</fullName>
        <firstName>Tammy</firstName>
        <middleName />
        <lastName>Duckworth</lastName>
        <party>D</party>
        <state>IL</state>
        <identifiers>
          <lisID>2123</lisID>
          <bioguideId>D000622</bioguideId>
          <gpoId />
        </identifiers>
        <sponsorshipDate>2017-06-13</sponsorshipDate>
        <isOriginalCosponsor>False</isOriginalCosponsor>
        <sponsorshipWithdrawnDate />
      </item>
    </cosponsors>
    <cboCostEstimates>
      <item>
        <pubDate>2017-07-07T19:34:00Z</pubDate>
        <title>S. 1099, Saving Federal Dollars Through Better Use of Government Purchase and Travel Cards Act of 2017</title>
        <url>https://www.cbo.gov/publication/52873</url>
      </item>
    </cboCostEstimates>
    <laws />
    <notes />
    <policyArea>
      <name>Government Operations and Politics</name>
    </policyArea>
    <subjects>
      <billSubjects>
        <legislativeSubjects>
          <item>
            <name>Congressional oversight</name>
          </item>
          <item>
            <name>Executive agency funding and structure</name>
          </item>
          <item>
            <name>Fraud offenses and financial crimes</name>
          </item>
          <item>
            <name>General Services Administration</name>
          </item>
          <item>
            <name>Government employee pay, benefits, personnel management</name>
          </item>
          <item>
            <name>Government information and archives</name>
          </item>
          <item>
            <name>Government studies and investigations</name>
          </item>
          <item>
            <name>Office of Management and Budget (OMB)</name>
          </item>
          <item>
            <name>Performance measurement</name>
          </item>
          <item>
            <name>Public contracts and procurement</name>
          </item>
          <item>
            <name>Transportation costs</name>
          </item>
        </legislativeSubjects>
        <policyArea>
          <name>Government Operations and Politics</name>
        </policyArea>
      </billSubjects>
    </subjects>
    <summaries>
      <billSummaries>
        <item>
          <versionCode>00</versionCode>
          <actionDate>2017-05-11</actionDate>
          <actionDesc>Introduced in Senate</actionDesc>
          <lastSummaryUpdateDate>2018-01-02T14:50:26Z</lastSummaryUpdateDate>
          <text><![CDATA[<p><strong>Saving Federal Dollars Through Better Use of Government Purchase and Travel Cards Act of 2017</strong></p> <p>This bill requires the Office of Management and Budget (OMB) to develop a strategy to expand the use of data analytics in managing government purchase and travel charge card programs for the purpose of:</p> <ul> <li>identifying questionable transactions and developing enhanced tools and methods for agency use in identifying questionable transactions and recovering improper payments; </li> <li>identifying potential opportunities for agencies to further leverage administrative process streamlining and cost reduction from purchase and travel card use; </li> <li>developing a set of purchase and travel card metrics and benchmarks for high risk activities to assist agency purchase and travel card management and oversight activities; and </li> <li>developing a plan to create a library of analytics tools and data sources for use by agencies. </li></ul> <p>The OMB must issue guidance on improving information sharing by government agencies, including by:</p> <ul> <li>requiring relevant officials to identify and communicate information about high-risk activities; </li> <li>requiring appropriate agency officials to review the reports issued by charge card-issuing banks on questionable transaction activity and suspicious timing or amounts of cash withdrawals or advances; </li> <li>providing for the appropriate sharing of information related to potential questionable transactions, fraud schemes, and high risk activities with the General Services Administration's (GSA's) Office of Charge Card Management and appropriate federal officials; and </li> <li>considering the recommendations made by Inspectors General or the best practices Inspectors General have identified. </li></ul> <p>The GSA and the OMB must establish a purchase and travel charge card data management group to develop and share best practices.</p> <p>The GSA shall report on further potential savings opportunities for government agencies under the federal charge card programs.</p>]]></text>
          <updateDate>2017-05-11T04:00:00Z</updateDate>
          <name>Introduced in Senate</name>
        </item>
        <item>
          <versionCode>80</versionCode>
          <actionDate>2017-07-11</actionDate>
          <actionDesc>Reported to Senate without amendment</actionDesc>
          <lastSummaryUpdateDate>2017-09-05T19:13:34Z</lastSummaryUpdateDate>
          <text><![CDATA[<p>(This measure has not been amended since it was introduced. The summary has been expanded because action occurred on the measure.)</p> <p><strong>Saving Federal Dollars Through Better Use of Government Purchase and Travel Cards Act of 2017</strong></p> <p>(Sec. 3) This bill requires the Office of Management and Budget (OMB) to develop a strategy to expand the use of data analytics in managing government purchase and travel charge card programs for the purpose of:</p> <ul> <li> identifying questionable transactions and developing enhanced tools and methods for agency use in identifying questionable transactions and recovering improper payments; </li> <li> identifying potential opportunities for agencies to further leverage administrative process streamlining and cost reduction from purchase and travel card use; </li> <li> developing a set of purchase and travel card metrics and benchmarks for high risk activities to assist agency purchase and travel card management and oversight activities; and </li> <li> developing a plan to create a library of analytics tools and data sources for use by agencies. </ul> <p>(Sec. 4) The OMB must issue guidance on improving information sharing by government agencies, including by:</p> <ul> <li>requiring relevant officials to identify and communicate information about high-risk activities; </li> <li>requiring appropriate agency officials to review the reports issued by charge card-issuing banks on questionable transaction activity and suspicious timing or amounts of cash withdrawals or advances; </li> <li>providing for the appropriate sharing of information related to potential questionable transactions, fraud schemes, and high risk activities with GSA's Office of Charge Card Management and appropriate federal officials; and</li> <li>considering the recommendations made by Inspectors General or the best practices Inspectors General have identified.</li> </ul> <p>(Sec. 5) The GSA and the OMB must establish a purchase and travel charge card data management group to develop and share best practices.</p> <p>(Sec. 6) The GSA shall report on: (1) the implementation of this bill, including the metrics used in determining whether the analytic and benchmarking efforts have reduced, or contributed to the reduction of, questionable or improper payments, as well as improved utilization of card-based payment products; and (2) further potential savings opportunities for government agencies under the federal charge card programs.</p> <p>Each federal agency that issues and uses purchase cards and convenience checks shall report to OMB on that agency's activities to implement this bill. OMB must submit to Congress a consolidated report of agency activities to implement this bill.</p>]]></text>
          <updateDate>2017-07-11T18:46:25Z</updateDate>
          <name>Reported to Senate without amendment</name>
        </item>
        <item>
          <versionCode>35</versionCode>
          <actionDate>2017-08-03</actionDate>
          <actionDesc>Passed Senate amended</actionDesc>
          <lastSummaryUpdateDate>2017-09-20T14:06:02Z</lastSummaryUpdateDate>
          <text><![CDATA[<p><strong>Saving Federal Dollars Through Better Use of Government Purchase and Travel Cards Act of 2017</strong></p> <p>(Sec. 3) This bill requires the Office of Management and Budget (OMB) to develop a strategy to expand the use of data analytics in managing government purchase and travel charge card programs for the purpose of:</p> <ul> <li>identifying questionable transactions and developing enhanced tools and methods for agency use in identifying questionable transactions and recovering improper payments; </li> <li>identifying potential opportunities for agencies to further leverage administrative process streamlining and cost reduction from purchase and travel card use; </li> <li>developing a set of purchase and travel card metrics and benchmarks for high risk activities to assist agency purchase and travel card management and oversight activities; and </li> <li>developing a plan to create a library of analytics tools and data sources for use by agencies. </li></ul> <p>(Sec. 4) The OMB must issue guidance on improving information sharing by government agencies, including by:</p> <ul> <li>requiring relevant officials to identify and communicate information about high-risk activities; </li> <li>requiring appropriate agency officials to review the reports issued by charge card-issuing banks on questionable transaction activity and suspicious timing or amounts of cash withdrawals or advances; </li> <li>providing for the appropriate sharing of information related to potential questionable transactions, fraud schemes, and high risk activities with GSA and appropriate federal officials; and </li> <li>considering the recommendations made by Inspectors General or the best practices Inspectors General have identified. </li></ul> <p>(Sec. 5) The GSA and the OMB must establish a purchase and travel charge card data management group to develop and share best practices.</p> <p>(Sec. 6) The GSA shall report on: (1) the implementation of this bill, including the metrics used in determining whether the analytic and benchmarking efforts have reduced, or contributed to the reduction of, questionable or improper payments, as well as improved utilization of card-based payment products; and (2) further potential savings opportunities for government agencies under the federal charge card programs.</p> <p>Each federal agency that issues and uses purchase cards and convenience checks shall report to the OMB on that agency's activities to implement this bill. The OMB must submit to Congress a consolidated report of agency activities to implement this bill.</p>]]></text>
          <updateDate>2017-08-03T15:12:41Z</updateDate>
          <name>Passed Senate amended</name>
        </item>
      </billSummaries>
    </summaries>
    <title>Saving Federal Dollars Through Better Use of Government Purchase and Travel Cards Act of 2017</title>
    <titles>
      <item>
        <titleType>Official Title as Introduced</titleType>
        <parentTitleType />
        <title>A bill to provide for the identification and prevention of improper payments and the identification of strategic sourcing opportunities by reviewing and analyzing the use of Federal agency charge cards.</title>
        <chamberCode />
        <chamberName />
      </item>
      <item>
        <titleType>Short Titles as Introduced</titleType>
        <parentTitleType />
        <title>Saving Federal Dollars Through Better Use of Government Purchase and Travel Cards Act of 2017</title>
        <chamberCode />
        <chamberName />
      </item>
      <item>
        <titleType>Short Titles as Reported to Senate</titleType>
        <parentTitleType>Short Titles Senate</parentTitleType>
        <title>Saving Federal Dollars Through Better Use of Government Purchase and Travel Cards Act of 2017</title>
        <chamberCode>S</chamberCode>
        <chamberName>Senate</chamberName>
      </item>
      <item>
        <titleType>Short Titles as Passed Senate</titleType>
        <parentTitleType>Short Titles Senate</parentTitleType>
        <title>Saving Federal Dollars Through Better Use of Government Purchase and Travel Cards Act of 2017</title>
        <chamberCode>S</chamberCode>
        <chamberName>Senate</chamberName>
      </item>
      <item>
        <titleType>Display Title</titleType>
        <parentTitleType />
        <title>Saving Federal Dollars Through Better Use of Government Purchase and Travel Cards Act of 2017</title>
        <chamberCode />
        <chamberName />
      </item>
    </titles>
    <amendments>
      <amendment>
        <number>771</number>
        <description />
        <purpose>To make a technical correction.</purpose>
        <congress>115</congress>
        <type>SAMDT</type>
        <latestAction>
          <actionDate>2017-08-03</actionDate>
          <text>Amendment SA 771 agreed to in Senate by Unanimous Consent.</text>
        </latestAction>
        <number>771</number>
        <description />
        <purpose>To make a technical correction.</purpose>
        <congress>115</congress>
        <type>SAMDT</type>
        <createDate>2017-08-04T13:57:25Z</createDate>
        <updateDate>2020-12-15T16:52:02Z</updateDate>
        <sponsors>
          <item>
            <bioguideId>C000174</bioguideId>
            <fullName>Sen. Carper, Thomas R. [D-DE]</fullName>
            <firstName>THOMAS</firstName>
            <middleName>R.</middleName>
            <lastName>CARPER</lastName>
            <party>D</party>
            <state>DE</state>
            <identifiers>
              <lisID>179</lisID>
              <bioguideId>C000174</bioguideId>
              <gpoId>8283</gpoId>
            </identifiers>
          </item>
        </sponsors>
        <cosponsors>
          <totalCount>0</totalCount>
          <currentCount>0</currentCount>
        </cosponsors>
        <titles />
        <proposedDate>2017-08-03T04:00:00Z</proposedDate>
        <submittedDate>2017-08-03T04:00:00Z</submittedDate>
        <chamber>Senate</chamber>
        <amendedBill>
          <congress>115</congress>
          <type>S</type>
          <originChamber>Senate</originChamber>
          <originChamberCode>S</originChamberCode>
          <number>1099</number>
          <title>Saving Federal Dollars Through Better Use of Government Purchase and Travel Cards Act of 2017</title>
        </amendedBill>
        <amendedAmendment />
        <amendments>
          <count>0</count>
        </amendments>
        <links />
        <notes />
        <actions>
          <count>6</count>
          <actions>
            <item>
              <actionDate>2017-08-03</actionDate>
              <links />
              <sourceSystem>
                <code>0</code>
                <name>Senate</name>
              </sourceSystem>
              <text>Amendment SA 771 agreed to in Senate by Unanimous Consent.</text>
              <type>Floor</type>
            </item>
            <item>
              <actionDate>2017-08-03</actionDate>
              <links />
              <sourceSystem>
                <code>0</code>
                <name>Senate</name>
              </sourceSystem>
              <text>Amendment SA 771 proposed by Senator Murkowski for Senator Carper. (consideration: CR S4891; text: CR S4891) To make a technical correction.</text>
              <type>Floor</type>
            </item>
            <item>
              <actionDate>2017-08-03</actionDate>
              <links />
              <text />
            </item>
            <item>
              <actionDate>2017-08-03</actionDate>
              <links />
              <text>Senate amendment proposed (on the floor): Amendment SA 771 proposed by Senator Murkowski for Senator Carper.(consideration: CR S4891; text: CR S4891)</text>
              <type>Floor</type>
              <actionCode>93000</actionCode>
              <sourceSystem>
                <code>9</code>
                <name>Library of Congress</name>
              </sourceSystem>
              <committee />
            </item>
            <item>
              <actionDate>2017-08-03</actionDate>
              <links />
              <text>Senate amendment agreed to: Amendment SA 771 agreed to in Senate by Unanimous Consent.</text>
              <type>Floor</type>
              <actionCode>94000</actionCode>
              <sourceSystem>
                <code>9</code>
                <name>Library of Congress</name>
              </sourceSystem>
              <committee />
            </item>
            <item>
              <actionDate>2017-08-03</actionDate>
              <links />
              <text>Senate amendment submitted</text>
              <type>Floor</type>
              <actionCode>91000</actionCode>
              <sourceSystem>
                <code>9</code>
                <name>Library of Congress</name>
              </sourceSystem>
              <committee />
            </item>
          </actions>
          <actionTypeCounts>
            <amendmentAgreedTo>1</amendmentAgreedTo>
            <amendmentProposed>1</amendmentProposed>
            <senateAmendmentProposedOnTheFloor>1</senateAmendmentProposedOnTheFloor>
            <senateAmendmentAgreedTo>1</senateAmendmentAgreedTo>
            <senateAmendmentSubmitted>1</senateAmendmentSubmitted>
          </actionTypeCounts>
          <actionByCounts>
            <senate>5</senate>
          </actionByCounts>
        </actions>
        <version>1.0.0</version>
      </amendment>
    </amendments>
    <textVersions>
      <item>
        <type>Referred in House</type>
        <date>2017-08-04T04:00:00Z</date>
        <formats>
          <item>
            <url>https://www.govinfo.gov/content/pkg/BILLS-115s1099rfh/xml/BILLS-115s1099rfh.xml</url>
          </item>
        </formats>
      </item>
      <item>
        <type>Engrossed in Senate</type>
        <date>2017-08-03T04:00:00Z</date>
        <formats>
          <item>
            <url>https://www.govinfo.gov/content/pkg/BILLS-115s1099es/xml/BILLS-115s1099es.xml</url>
          </item>
        </formats>
      </item>
      <item>
        <type>Reported to Senate</type>
        <date>2017-07-11T04:00:00Z</date>
        <formats>
          <item>
            <url>https://www.govinfo.gov/content/pkg/BILLS-115s1099rs/xml/BILLS-115s1099rs.xml</url>
          </item>
        </formats>
      </item>
      <item>
        <type>Introduced in Senate</type>
        <date>2017-05-11T04:00:00Z</date>
        <formats>
          <item>
            <url>https://www.govinfo.gov/content/pkg/BILLS-115s1099is/xml/BILLS-115s1099is.xml</url>
          </item>
        </formats>
      </item>
    </textVersions>
    <latestAction>
      <actionDate>2017-08-04</actionDate>
      <text>Referred to the House Committee on Oversight and Government Reform.</text>
      <links />
    </latestAction>
    <calendarNumbers>
      <item>
        <calendar>Senate Calendar of Business</calendar>
        <number>0169</number>
      </item>
    </calendarNumbers>
    <version>1.0.0</version>
  </bill>
  <dublinCore xmlns:dc="http://purl.org/dc/elements/1.1/">
    <dc:format>text/xml</dc:format>
    <dc:language>EN</dc:language>
    <dc:rights>Pursuant to Title 17 Section 105 of the United States Code, this file is not subject to copyright protection and is in the public domain.</dc:rights>
    <dc:contributor>Congressional Research Service, Library of Congress</dc:contributor>
    <dc:description>This file contains bill summaries and statuses for federal legislation. A bill summary describes the most significant provisions of a piece of legislation and details the effects the legislative text may have on current law and federal programs. Bill summaries are authored by the Congressional Research Service (CRS) of the Library of Congress. As stated in Public Law 91-510 (2 USC 166 (d)(6)), one of the duties of CRS is "to prepare summaries and digests of bills and resolutions of a public general nature introduced in the Senate or House of Representatives". For more information, refer to the User Guide that accompanies this file.</dc:description>
  </dublinCore>
</billStatus>

