<?xml version="1.0" encoding="UTF-8"?>
<billStatus>
  <bill>
    <billNumber>534</billNumber>
    <createDate>2017-03-07T05:14:52Z</createDate>
    <updateDate>2021-10-15T23:30:11Z</updateDate>
    <originChamber>Senate</originChamber>
    <billType>S</billType>
    <introducedDate>2017-03-06</introducedDate>
    <congress>115</congress>
    <recordedVotes>
      <recordedVote>
        <rollNumber>45</rollNumber>
        <url>https://clerk.house.gov/evs/2018/roll045.xml</url>
        <fullActionName>Final Passage Under Suspension of the Rules Results</fullActionName>
        <chamber>House</chamber>
        <congress>115</congress>
        <date>2018-01-29T23:58:55Z</date>
        <sessionNumber>2</sessionNumber>
      </recordedVote>
    </recordedVotes>
    <committees>
      <billCommittees>
        <item>
          <systemCode>ssju00</systemCode>
          <name>Judiciary Committee</name>
          <chamber>Senate</chamber>
          <type>Standing</type>
          <subcommittees />
          <activities>
            <item>
              <name>Reported by</name>
              <date>2017-06-08T17:28:30Z</date>
            </item>
            <item>
              <name>Markup by</name>
              <date>2017-05-11T14:00:34Z</date>
            </item>
            <item>
              <name>Hearings by</name>
              <date>2017-03-28T14:00:00Z</date>
            </item>
            <item>
              <name>Referred to</name>
              <date>2017-03-06T22:44:45Z</date>
            </item>
          </activities>
        </item>
      </billCommittees>
    </committees>
    <committeeReports />
    <relatedBills>
      <item>
        <latestTitle>Protecting Young Victims from Sexual Abuse Act of 2017</latestTitle>
        <congress>115</congress>
        <number>1973</number>
        <type>HR</type>
        <latestAction>
          <actionDate>2017-06-05</actionDate>
          <text>Received in the Senate and Read twice and referred to the Committee on the Judiciary.</text>
        </latestAction>
        <relationshipDetails>
          <item>
            <type>Related bill</type>
            <identifiedBy>House</identifiedBy>
          </item>
          <item>
            <type>Related bill</type>
            <identifiedBy>CRS</identifiedBy>
          </item>
        </relationshipDetails>
      </item>
      <item>
        <latestTitle>United States Center for Safe Sport Authorization Act of 2017</latestTitle>
        <congress>115</congress>
        <number>1426</number>
        <type>S</type>
        <latestAction>
          <actionDate>2018-12-19</actionDate>
          <text>Placed on Senate Legislative Calendar under General Orders. Calendar No. 734.</text>
        </latestAction>
        <relationshipDetails>
          <item>
            <type>Related bill</type>
            <identifiedBy>CRS</identifiedBy>
          </item>
        </relationshipDetails>
      </item>
    </relatedBills>
    <actions>
      <item>
        <actionDate>2018-02-14</actionDate>
        <links />
        <text>Became Public Law No: 115-126.</text>
        <type>President</type>
        <actionCode>E40000</actionCode>
        <sourceSystem>
          <code>2</code>
          <name>House floor actions</name>
        </sourceSystem>
        <committees />
      </item>
      <item>
        <actionDate>2018-02-14</actionDate>
        <links />
        <text>Became Public Law No: 115-126.</text>
        <type>BecameLaw</type>
        <actionCode>36000</actionCode>
        <sourceSystem>
          <code>9</code>
          <name>Library of Congress</name>
        </sourceSystem>
        <committees />
      </item>
      <item>
        <actionDate>2018-02-14</actionDate>
        <links />
        <text>Signed by President.</text>
        <type>President</type>
        <actionCode>E30000</actionCode>
        <sourceSystem>
          <code>2</code>
          <name>House floor actions</name>
        </sourceSystem>
        <committees />
      </item>
      <item>
        <actionDate>2018-02-14</actionDate>
        <links />
        <text>Signed by President.</text>
        <type>BecameLaw</type>
        <actionCode>36000</actionCode>
        <sourceSystem>
          <code>9</code>
          <name>Library of Congress</name>
        </sourceSystem>
        <committees />
      </item>
      <item>
        <actionDate>2018-02-07</actionDate>
        <links />
        <text>Presented to President.</text>
        <type>Floor</type>
        <actionCode>E20000</actionCode>
        <sourceSystem>
          <code>2</code>
          <name>House floor actions</name>
        </sourceSystem>
        <committees />
      </item>
      <item>
        <actionDate>2018-02-07</actionDate>
        <links />
        <text>Presented to President.</text>
        <type>President</type>
        <actionCode>28000</actionCode>
        <sourceSystem>
          <code>9</code>
          <name>Library of Congress</name>
        </sourceSystem>
        <committees />
      </item>
      <item>
        <actionDate>2018-01-30</actionDate>
        <committees />
        <links />
        <sourceSystem>
          <code>0</code>
          <name>Senate</name>
        </sourceSystem>
        <text>Message on Senate action sent to the House.</text>
        <type>Floor</type>
      </item>
      <item>
        <actionDate>2018-01-30</actionDate>
        <committees />
        <links />
        <sourceSystem>
          <code>0</code>
          <name>Senate</name>
        </sourceSystem>
        <text>Senate agreed to the House amendment to S. 534 by Voice Vote. (consideration: CR S589-591)</text>
        <type>ResolvingDifferences</type>
      </item>
      <item>
        <actionDate>2018-01-30</actionDate>
        <links />
        <text>Resolving differences -- Senate actions: Senate agreed to the House amendment to S. 534 by Voice Vote.(consideration: CR S589-591)</text>
        <type>NotUsed</type>
        <actionCode>20500</actionCode>
        <sourceSystem>
          <code>9</code>
          <name>Library of Congress</name>
        </sourceSystem>
        <committees />
      </item>
      <item>
        <actionDate>2018-01-30</actionDate>
        <committees />
        <links />
        <sourceSystem>
          <code>0</code>
          <name>Senate</name>
        </sourceSystem>
        <text>Message on House action received in Senate and at desk: House amendment to Senate bill.</text>
        <type>Floor</type>
      </item>
      <item>
        <actionDate>2018-01-29</actionDate>
        <actionTime>18:58:56</actionTime>
        <links />
        <text>Motion to reconsider laid on the table Agreed to without objection.</text>
        <type>Floor</type>
        <actionCode>H38310</actionCode>
        <sourceSystem>
          <code>2</code>
          <name>House floor actions</name>
        </sourceSystem>
        <committees />
      </item>
      <item>
        <actionDate>2018-01-29</actionDate>
        <actionTime>18:58:55</actionTime>
        <links />
        <text>On motion to suspend the rules and pass the bill, as amended Agreed to by the Yeas and Nays: (2/3 required): 406 - 3 (Roll no. 45). (text: CR H633-634)</text>
        <type>Floor</type>
        <actionCode>H37300</actionCode>
        <sourceSystem>
          <code>2</code>
          <name>House floor actions</name>
        </sourceSystem>
        <committees />
      </item>
      <item>
        <actionDate>2018-01-29</actionDate>
        <actionTime>18:58:55</actionTime>
        <links />
        <text>Passed/agreed to in House: On motion to suspend the rules and pass the bill, as amended Agreed to by the Yeas and Nays: (2/3 required): 406 - 3 (Roll no. 45).(text: CR H633-634)</text>
        <type>Floor</type>
        <actionCode>8000</actionCode>
        <sourceSystem>
          <code>9</code>
          <name>Library of Congress</name>
        </sourceSystem>
        <committees />
      </item>
      <item>
        <actionDate>2018-01-29</actionDate>
        <actionTime>18:33:26</actionTime>
        <links />
        <text>Considered as unfinished business. (consideration: CR H652-653)</text>
        <type>Floor</type>
        <actionCode>H30000</actionCode>
        <sourceSystem>
          <code>2</code>
          <name>House floor actions</name>
        </sourceSystem>
        <committees />
      </item>
      <item>
        <actionDate>2018-01-29</actionDate>
        <actionTime>17:44:54</actionTime>
        <links />
        <text>At the conclusion of debate, the Yeas and Nays were demanded and ordered. Pursuant to the provisions of clause 8, rule XX, the Chair announced that further proceedings on the motion would be postponed.</text>
        <type>Floor</type>
        <actionCode>H37220</actionCode>
        <sourceSystem>
          <code>2</code>
          <name>House floor actions</name>
        </sourceSystem>
        <committees />
      </item>
      <item>
        <actionDate>2018-01-29</actionDate>
        <actionTime>17:01:11</actionTime>
        <links />
        <text>DEBATE - The House proceeded with forty minutes of debate on S. 534.</text>
        <type>Floor</type>
        <actionCode>H8D000</actionCode>
        <sourceSystem>
          <code>2</code>
          <name>House floor actions</name>
        </sourceSystem>
        <committees />
      </item>
      <item>
        <actionDate>2018-01-29</actionDate>
        <actionTime>17:00:59</actionTime>
        <links />
        <text>Considered under suspension of the rules. (consideration: CR H633-643)</text>
        <type>Floor</type>
        <actionCode>H30000</actionCode>
        <sourceSystem>
          <code>2</code>
          <name>House floor actions</name>
        </sourceSystem>
        <committees />
      </item>
      <item>
        <actionDate>2018-01-29</actionDate>
        <actionTime>17:00:42</actionTime>
        <links />
        <text>Mr. Poe (TX) moved to suspend the rules and pass the bill, as amended.</text>
        <type>Floor</type>
        <actionCode>H30300</actionCode>
        <sourceSystem>
          <code>2</code>
          <name>House floor actions</name>
        </sourceSystem>
        <committees />
      </item>
      <item>
        <actionDate>2017-11-15</actionDate>
        <actionTime>15:51:22</actionTime>
        <links />
        <text>Held at the desk.</text>
        <type>Floor</type>
        <actionCode>H15000</actionCode>
        <sourceSystem>
          <code>2</code>
          <name>House floor actions</name>
        </sourceSystem>
        <committees />
      </item>
      <item>
        <actionDate>2017-11-15</actionDate>
        <actionTime>12:40:32</actionTime>
        <links />
        <text>Received in the House.</text>
        <type>Floor</type>
        <actionCode>H14000</actionCode>
        <sourceSystem>
          <code>2</code>
          <name>House floor actions</name>
        </sourceSystem>
        <committees />
      </item>
      <item>
        <actionDate>2017-11-15</actionDate>
        <committees />
        <links />
        <sourceSystem>
          <code>0</code>
          <name>Senate</name>
        </sourceSystem>
        <text>Message on Senate action sent to the House.</text>
        <type>Floor</type>
      </item>
      <item>
        <actionDate>2017-11-14</actionDate>
        <committees />
        <links />
        <sourceSystem>
          <code>0</code>
          <name>Senate</name>
        </sourceSystem>
        <text>Passed Senate with an amendment by Unanimous Consent.</text>
        <type>Floor</type>
      </item>
      <item>
        <actionDate>2017-11-14</actionDate>
        <links />
        <text>Passed/agreed to in Senate: Passed Senate with an amendment by Unanimous Consent.</text>
        <type>Floor</type>
        <actionCode>17000</actionCode>
        <sourceSystem>
          <code>9</code>
          <name>Library of Congress</name>
        </sourceSystem>
        <committees />
      </item>
      <item>
        <actionDate>2017-11-14</actionDate>
        <committees />
        <links />
        <sourceSystem>
          <code>0</code>
          <name>Senate</name>
        </sourceSystem>
        <text>The committee substitute withdrawn by Unanimous Consent. (consideration: CR S7220)</text>
        <type>Floor</type>
      </item>
      <item>
        <actionDate>2017-11-14</actionDate>
        <committees />
        <links />
        <sourceSystem>
          <code>0</code>
          <name>Senate</name>
        </sourceSystem>
        <text>Measure laid before Senate by unanimous consent. (consideration: CR S7219-7221; text of measure as reported: CR S7219-7220)</text>
        <type>Floor</type>
      </item>
      <item>
        <actionDate>2017-06-08</actionDate>
        <committees />
        <links />
        <sourceSystem>
          <code>0</code>
          <name>Senate</name>
        </sourceSystem>
        <text>Placed on Senate Legislative Calendar under General Orders. Calendar No. 121.</text>
        <type>Calendars</type>
      </item>
      <item>
        <actionDate>2017-06-08</actionDate>
        <committees>
          <item>
            <systemCode>ssju00</systemCode>
            <name>Judiciary Committee</name>
          </item>
        </committees>
        <links />
        <sourceSystem>
          <code>0</code>
          <name>Senate</name>
        </sourceSystem>
        <text>Committee on the Judiciary. Reported by Senator Grassley with an amendment in the nature of a substitute. Without written report.</text>
        <type>Committee</type>
      </item>
      <item>
        <actionDate>2017-06-08</actionDate>
        <links />
        <text>Committee on the Judiciary. Reported by Senator Grassley with an amendment in the nature of a substitute. Without written report.</text>
        <type>Committee</type>
        <actionCode>14000</actionCode>
        <sourceSystem>
          <code>9</code>
          <name>Library of Congress</name>
        </sourceSystem>
        <committees>
          <item>
            <systemCode>ssju00</systemCode>
            <name>Judiciary Committee</name>
          </item>
        </committees>
      </item>
      <item>
        <actionDate>2017-05-11</actionDate>
        <committees>
          <item>
            <systemCode>ssju00</systemCode>
            <name>Judiciary Committee</name>
          </item>
        </committees>
        <links />
        <sourceSystem>
          <code>0</code>
          <name>Senate</name>
        </sourceSystem>
        <text>Committee on the Judiciary. Ordered to be reported with an amendment in the nature of a substitute favorably.</text>
        <type>Committee</type>
      </item>
      <item>
        <actionDate>2017-03-28</actionDate>
        <committees>
          <item>
            <systemCode>ssju00</systemCode>
            <name>Judiciary Committee</name>
          </item>
        </committees>
        <links />
        <sourceSystem>
          <code>0</code>
          <name>Senate</name>
        </sourceSystem>
        <text>Committee on the Judiciary. Hearings held.</text>
        <type>Committee</type>
      </item>
      <item>
        <actionDate>2017-03-06</actionDate>
        <committees>
          <item>
            <systemCode>ssju00</systemCode>
            <name>Judiciary Committee</name>
          </item>
        </committees>
        <links />
        <sourceSystem>
          <code>0</code>
          <name>Senate</name>
        </sourceSystem>
        <text>Read twice and referred to the Committee on the Judiciary.</text>
        <type>IntroReferral</type>
      </item>
      <item>
        <actionDate>2017-03-06</actionDate>
        <links />
        <text>Introduced in Senate</text>
        <type>IntroReferral</type>
        <actionCode>10000</actionCode>
        <sourceSystem>
          <code>9</code>
          <name>Library of Congress</name>
        </sourceSystem>
        <committees />
      </item>
      <actionTypeCounts>
        <publicLawOrPrivateLaw>1</publicLawOrPrivateLaw>
        <becamePublicLaw>2</becamePublicLaw>
        <signedByPresidentOrSentToArchivistOfTheUnitedStatesUnsignedOrVetoedByPresidentOrPocketVetoedByPresident>1</signedByPresidentOrSentToArchivistOfTheUnitedStatesUnsignedOrVetoedByPresidentOrPocketVetoedByPresident>
        <presentedToPresident>2</presentedToPresident>
        <sentToHouse>2</sentToHouse>
        <senateAgreedFreeText>1</senateAgreedFreeText>
        <resolvingDifferencesSenateActions>1</resolvingDifferencesSenateActions>
        <messageOnHouseAction>1</messageOnHouseAction>
        <motionToReconsiderResults>1</motionToReconsiderResults>
        <finalPassageUnderSuspensionOfTheRulesResults>1</finalPassageUnderSuspensionOfTheRulesResults>
        <passedAgreedToInHouse>1</passedAgreedToInHouse>
        <considerationByHouse>2</considerationByHouse>
        <placeholderTextForH>1</placeholderTextForH>
        <generalDebate>1</generalDebate>
        <motionMadeToSuspendTheRules>1</motionMadeToSuspendTheRules>
        <heldAtTheDesk>1</heldAtTheDesk>
        <receivedInTheHouse>1</receivedInTheHouse>
        <passedSenate>1</passedSenate>
        <passedAgreedToInSenate>1</passedAgreedToInSenate>
        <amendmentAgreedTo>1</amendmentAgreedTo>
        <measureLaidBeforeSenate>1</measureLaidBeforeSenate>
        <placedOnCalendarGeneralOrders>1</placedOnCalendarGeneralOrders>
        <reportedToSenate>2</reportedToSenate>
        <orderedReported>1</orderedReported>
        <hearingsHeld>1</hearingsHeld>
        <referredToCommittee>1</referredToCommittee>
        <introducedInSenate>1</introducedInSenate>
      </actionTypeCounts>
      <actionByCounts>
        <senate>16</senate>
        <houseOfRepresentatives>10</houseOfRepresentatives>
      </actionByCounts>
    </actions>
    <sponsors>
      <item>
        <bioguideId>F000062</bioguideId>
        <fullName>Sen. Feinstein, Dianne [D-CA]</fullName>
        <firstName>DIANNE</firstName>
        <middleName />
        <lastName>FEINSTEIN</lastName>
        <party>D</party>
        <state>CA</state>
        <identifiers>
          <lisID>1332</lisID>
          <bioguideId>F000062</bioguideId>
          <gpoId>8338</gpoId>
        </identifiers>
        <byRequestType />
      </item>
    </sponsors>
    <cosponsors>
      <item>
        <bioguideId>C001035</bioguideId>
        <fullName>Sen. Collins, Susan M. [R-ME]</fullName>
        <firstName>SUSAN</firstName>
        <middleName>MARGARET</middleName>
        <lastName>COLLINS</lastName>
        <party>R</party>
        <state>ME</state>
        <identifiers>
          <lisID>1541</lisID>
          <bioguideId>C001035</bioguideId>
          <gpoId>8291</gpoId>
        </identifiers>
        <sponsorshipDate>2017-03-06</sponsorshipDate>
        <isOriginalCosponsor>True</isOriginalCosponsor>
        <sponsorshipWithdrawnDate />
      </item>
      <item>
        <bioguideId>G000386</bioguideId>
        <fullName>Sen. Grassley, Chuck [R-IA]</fullName>
        <firstName>CHARLES</firstName>
        <middleName>ERNEST</middleName>
        <lastName>GRASSLEY</lastName>
        <party>R</party>
        <state>IA</state>
        <identifiers>
          <lisID>457</lisID>
          <bioguideId>G000386</bioguideId>
          <gpoId>8316</gpoId>
        </identifiers>
        <sponsorshipDate>2017-03-06</sponsorshipDate>
        <isOriginalCosponsor>True</isOriginalCosponsor>
        <sponsorshipWithdrawnDate />
      </item>
      <item>
        <bioguideId>N000032</bioguideId>
        <fullName>Sen. Nelson, Bill [D-FL]</fullName>
        <firstName>CLARENCE</firstName>
        <middleName>WILLIAM</middleName>
        <lastName>NELSON</lastName>
        <party>D</party>
        <state>FL</state>
        <identifiers>
          <lisID>859</lisID>
          <bioguideId>N000032</bioguideId>
          <gpoId>8236</gpoId>
        </identifiers>
        <sponsorshipDate>2017-03-06</sponsorshipDate>
        <isOriginalCosponsor>True</isOriginalCosponsor>
        <sponsorshipWithdrawnDate />
      </item>
      <item>
        <bioguideId>F000444</bioguideId>
        <fullName>Sen. Flake, Jeff [R-AZ]</fullName>
        <firstName>JEFF</firstName>
        <middleName />
        <lastName>FLAKE</lastName>
        <party>R</party>
        <state>AZ</state>
        <identifiers>
          <lisID>1633</lisID>
          <bioguideId>F000444</bioguideId>
          <gpoId>7803</gpoId>
        </identifiers>
        <sponsorshipDate>2017-03-06</sponsorshipDate>
        <isOriginalCosponsor>True</isOriginalCosponsor>
        <sponsorshipWithdrawnDate />
      </item>
      <item>
        <bioguideId>D000607</bioguideId>
        <fullName>Sen. Donnelly, Joe [D-IN]</fullName>
        <firstName>Joe</firstName>
        <middleName />
        <lastName>Donnelly</lastName>
        <party>D</party>
        <state>IN</state>
        <identifiers>
          <lisID>1850</lisID>
          <bioguideId>D000607</bioguideId>
          <gpoId>7941</gpoId>
        </identifiers>
        <sponsorshipDate>2017-03-06</sponsorshipDate>
        <isOriginalCosponsor>True</isOriginalCosponsor>
        <sponsorshipWithdrawnDate />
      </item>
      <item>
        <bioguideId>R000595</bioguideId>
        <fullName>Sen. Rubio, Marco [R-FL]</fullName>
        <firstName>Marco</firstName>
        <middleName />
        <lastName>Rubio</lastName>
        <party>R</party>
        <state>FL</state>
        <identifiers>
          <lisID>2084</lisID>
          <bioguideId>R000595</bioguideId>
          <gpoId>8242</gpoId>
        </identifiers>
        <sponsorshipDate>2017-03-06</sponsorshipDate>
        <isOriginalCosponsor>True</isOriginalCosponsor>
        <sponsorshipWithdrawnDate />
      </item>
      <item>
        <bioguideId>M001170</bioguideId>
        <fullName>Sen. McCaskill, Claire [D-MO]</fullName>
        <firstName>Claire</firstName>
        <middleName />
        <lastName>McCaskill</lastName>
        <party>D</party>
        <state>MO</state>
        <identifiers>
          <lisID>1820</lisID>
          <bioguideId>M001170</bioguideId>
          <gpoId>8252</gpoId>
        </identifiers>
        <sponsorshipDate>2017-03-06</sponsorshipDate>
        <isOriginalCosponsor>True</isOriginalCosponsor>
        <sponsorshipWithdrawnDate />
      </item>
      <item>
        <bioguideId>E000295</bioguideId>
        <fullName>Sen. Ernst, Joni  [R-IA]</fullName>
        <firstName>Joni</firstName>
        <middleName />
        <lastName>Ernst</lastName>
        <party>R</party>
        <state>IA</state>
        <identifiers>
          <lisID>2283</lisID>
          <bioguideId>E000295</bioguideId>
          <gpoId />
        </identifiers>
        <sponsorshipDate>2017-03-06</sponsorshipDate>
        <isOriginalCosponsor>True</isOriginalCosponsor>
        <sponsorshipWithdrawnDate />
      </item>
      <item>
        <bioguideId>K000367</bioguideId>
        <fullName>Sen. Klobuchar, Amy [D-MN]</fullName>
        <firstName>Amy</firstName>
        <middleName />
        <lastName>Klobuchar</lastName>
        <party>D</party>
        <state>MN</state>
        <identifiers>
          <lisID>1826</lisID>
          <bioguideId>K000367</bioguideId>
          <gpoId>8249</gpoId>
        </identifiers>
        <sponsorshipDate>2017-03-06</sponsorshipDate>
        <isOriginalCosponsor>True</isOriginalCosponsor>
        <sponsorshipWithdrawnDate />
      </item>
      <item>
        <bioguideId>S001181</bioguideId>
        <fullName>Sen. Shaheen, Jeanne [D-NH]</fullName>
        <firstName>Jeanne</firstName>
        <middleName />
        <lastName>Shaheen</lastName>
        <party>D</party>
        <state>NH</state>
        <identifiers>
          <lisID>1901</lisID>
          <bioguideId>S001181</bioguideId>
          <gpoId>8276</gpoId>
        </identifiers>
        <sponsorshipDate>2017-03-06</sponsorshipDate>
        <isOriginalCosponsor>True</isOriginalCosponsor>
        <sponsorshipWithdrawnDate />
      </item>
      <item>
        <bioguideId>B001277</bioguideId>
        <fullName>Sen. Blumenthal, Richard [D-CT]</fullName>
        <firstName>Richard</firstName>
        <middleName />
        <lastName>Blumenthal</lastName>
        <party>D</party>
        <state>CT</state>
        <identifiers>
          <lisID>2076</lisID>
          <bioguideId>B001277</bioguideId>
          <gpoId>8332</gpoId>
        </identifiers>
        <sponsorshipDate>2017-03-06</sponsorshipDate>
        <isOriginalCosponsor>True</isOriginalCosponsor>
        <sponsorshipWithdrawnDate />
      </item>
      <item>
        <bioguideId>W000817</bioguideId>
        <fullName>Sen. Warren, Elizabeth [D-MA]</fullName>
        <firstName>Elizabeth</firstName>
        <middleName>A.</middleName>
        <lastName>Warren</lastName>
        <party>D</party>
        <state>MA</state>
        <identifiers>
          <lisID>2182</lisID>
          <bioguideId>W000817</bioguideId>
          <gpoId />
        </identifiers>
        <sponsorshipDate>2017-03-06</sponsorshipDate>
        <isOriginalCosponsor>True</isOriginalCosponsor>
        <sponsorshipWithdrawnDate />
      </item>
      <item>
        <bioguideId>H001075</bioguideId>
        <fullName>Sen. Harris, Kamala D. [D-CA]</fullName>
        <firstName>Kamala</firstName>
        <middleName>D.</middleName>
        <lastName>Harris</lastName>
        <party>D</party>
        <state>CA</state>
        <identifiers>
          <lisID>2301</lisID>
          <bioguideId>H001075</bioguideId>
          <gpoId />
        </identifiers>
        <sponsorshipDate>2017-03-06</sponsorshipDate>
        <isOriginalCosponsor>True</isOriginalCosponsor>
        <sponsorshipWithdrawnDate />
      </item>
      <item>
        <bioguideId>C001113</bioguideId>
        <fullName>Sen. Cortez Masto, Catherine  [D-NV]</fullName>
        <firstName>Catherine</firstName>
        <middleName />
        <lastName>Cortez Masto</lastName>
        <party>D</party>
        <state>NV</state>
        <identifiers>
          <lisID>2299</lisID>
          <bioguideId>C001113</bioguideId>
          <gpoId />
        </identifiers>
        <sponsorshipDate>2017-03-06</sponsorshipDate>
        <isOriginalCosponsor>True</isOriginalCosponsor>
        <sponsorshipWithdrawnDate />
      </item>
      <item>
        <bioguideId>Y000064</bioguideId>
        <fullName>Sen. Young, Todd C. [R-IN]</fullName>
        <firstName>Todd</firstName>
        <middleName>C.</middleName>
        <lastName>Young</lastName>
        <party>R</party>
        <state>IN</state>
        <identifiers>
          <lisID>2019</lisID>
          <bioguideId>Y000064</bioguideId>
          <gpoId>7948</gpoId>
        </identifiers>
        <sponsorshipDate>2017-03-06</sponsorshipDate>
        <isOriginalCosponsor>True</isOriginalCosponsor>
        <sponsorshipWithdrawnDate />
      </item>
      <item>
        <bioguideId>H001042</bioguideId>
        <fullName>Sen. Hirono, Mazie K. [D-HI]</fullName>
        <firstName>Mazie</firstName>
        <middleName>K.</middleName>
        <lastName>Hirono</lastName>
        <party>D</party>
        <state>HI</state>
        <identifiers>
          <lisID>1844</lisID>
          <bioguideId>H001042</bioguideId>
          <gpoId>7913</gpoId>
        </identifiers>
        <sponsorshipDate>2017-03-22</sponsorshipDate>
        <isOriginalCosponsor>False</isOriginalCosponsor>
        <sponsorshipWithdrawnDate />
      </item>
      <item>
        <bioguideId>F000457</bioguideId>
        <fullName>Sen. Franken, Al [D-MN]</fullName>
        <firstName>Al</firstName>
        <middleName />
        <lastName>Franken</lastName>
        <party>D</party>
        <state>MN</state>
        <identifiers>
          <lisID>1969</lisID>
          <bioguideId>F000457</bioguideId>
          <gpoId>8339</gpoId>
        </identifiers>
        <sponsorshipDate>2017-03-23</sponsorshipDate>
        <isOriginalCosponsor>False</isOriginalCosponsor>
        <sponsorshipWithdrawnDate />
      </item>
      <item>
        <bioguideId>M000133</bioguideId>
        <fullName>Sen. Markey, Edward J. [D-MA]</fullName>
        <firstName>EDWARD</firstName>
        <middleName>J.</middleName>
        <lastName>MARKEY</lastName>
        <party>D</party>
        <state>MA</state>
        <identifiers>
          <lisID>735</lisID>
          <bioguideId>M000133</bioguideId>
          <gpoId>7972</gpoId>
        </identifiers>
        <sponsorshipDate>2017-04-04</sponsorshipDate>
        <isOriginalCosponsor>False</isOriginalCosponsor>
        <sponsorshipWithdrawnDate />
      </item>
      <item>
        <bioguideId>S001198</bioguideId>
        <fullName>Sen. Sullivan, Dan  [R-AK]</fullName>
        <firstName>Dan</firstName>
        <middleName />
        <lastName>Sullivan</lastName>
        <party>R</party>
        <state>AK</state>
        <identifiers>
          <lisID>2290</lisID>
          <bioguideId>S001198</bioguideId>
          <gpoId />
        </identifiers>
        <sponsorshipDate>2017-04-26</sponsorshipDate>
        <isOriginalCosponsor>False</isOriginalCosponsor>
        <sponsorshipWithdrawnDate />
      </item>
      <item>
        <bioguideId>M001176</bioguideId>
        <fullName>Sen. Merkley, Jeff [D-OR]</fullName>
        <firstName>Jeff</firstName>
        <middleName />
        <lastName>Merkley</lastName>
        <party>D</party>
        <state>OR</state>
        <identifiers>
          <lisID>1900</lisID>
          <bioguideId>M001176</bioguideId>
          <gpoId>8238</gpoId>
        </identifiers>
        <sponsorshipDate>2017-05-03</sponsorshipDate>
        <isOriginalCosponsor>False</isOriginalCosponsor>
        <sponsorshipWithdrawnDate />
      </item>
      <item>
        <bioguideId>S000770</bioguideId>
        <fullName>Sen. Stabenow, Debbie [D-MI]</fullName>
        <firstName>DEBORAH</firstName>
        <middleName>ANN</middleName>
        <lastName>STABENOW</lastName>
        <party>D</party>
        <state>MI</state>
        <identifiers>
          <lisID>1531</lisID>
          <bioguideId>S000770</bioguideId>
          <gpoId>8261</gpoId>
        </identifiers>
        <sponsorshipDate>2017-05-03</sponsorshipDate>
        <isOriginalCosponsor>False</isOriginalCosponsor>
        <sponsorshipWithdrawnDate />
      </item>
      <item>
        <bioguideId>H000338</bioguideId>
        <fullName>Sen. Hatch, Orrin G. [R-UT]</fullName>
        <firstName>ORRIN</firstName>
        <middleName>GRANT</middleName>
        <lastName>HATCH</lastName>
        <party>R</party>
        <state>UT</state>
        <identifiers>
          <lisID>1351</lisID>
          <bioguideId>H000338</bioguideId>
          <gpoId>8314</gpoId>
        </identifiers>
        <sponsorshipDate>2017-05-08</sponsorshipDate>
        <isOriginalCosponsor>False</isOriginalCosponsor>
        <sponsorshipWithdrawnDate />
      </item>
      <item>
        <bioguideId>C001098</bioguideId>
        <fullName>Sen. Cruz, Ted [R-TX]</fullName>
        <firstName>Ted</firstName>
        <middleName />
        <lastName>Cruz</lastName>
        <party>R</party>
        <state>TX</state>
        <identifiers>
          <lisID>2175</lisID>
          <bioguideId>C001098</bioguideId>
          <gpoId />
        </identifiers>
        <sponsorshipDate>2017-05-11</sponsorshipDate>
        <isOriginalCosponsor>False</isOriginalCosponsor>
        <sponsorshipWithdrawnDate />
      </item>
      <item>
        <bioguideId>D000563</bioguideId>
        <fullName>Sen. Durbin, Richard J. [D-IL]</fullName>
        <firstName>RICHARD</firstName>
        <middleName>J.</middleName>
        <lastName>DURBIN</lastName>
        <party>D</party>
        <state>IL</state>
        <identifiers>
          <lisID>326</lisID>
          <bioguideId>D000563</bioguideId>
          <gpoId>8326</gpoId>
        </identifiers>
        <sponsorshipDate>2017-05-11</sponsorshipDate>
        <isOriginalCosponsor>False</isOriginalCosponsor>
        <sponsorshipWithdrawnDate />
      </item>
      <item>
        <bioguideId>G000555</bioguideId>
        <fullName>Sen. Gillibrand, Kirsten E. [D-NY]</fullName>
        <firstName>Kirsten</firstName>
        <middleName>E.</middleName>
        <lastName>Gillibrand</lastName>
        <party>D</party>
        <state>NY</state>
        <identifiers>
          <lisID>1866</lisID>
          <bioguideId>G000555</bioguideId>
          <gpoId>8336</gpoId>
        </identifiers>
        <sponsorshipDate>2017-05-15</sponsorshipDate>
        <isOriginalCosponsor>False</isOriginalCosponsor>
        <sponsorshipWithdrawnDate />
      </item>
      <item>
        <bioguideId>M000639</bioguideId>
        <fullName>Sen. Menendez, Robert [D-NJ]</fullName>
        <firstName>Robert</firstName>
        <middleName />
        <lastName>Menendez</lastName>
        <party>D</party>
        <state>NJ</state>
        <identifiers>
          <lisID>791</lisID>
          <bioguideId>M000639</bioguideId>
          <gpoId>8239</gpoId>
        </identifiers>
        <sponsorshipDate>2017-06-05</sponsorshipDate>
        <isOriginalCosponsor>False</isOriginalCosponsor>
        <sponsorshipWithdrawnDate />
      </item>
      <item>
        <bioguideId>B001267</bioguideId>
        <fullName>Sen. Bennet, Michael F. [D-CO]</fullName>
        <firstName>Michael</firstName>
        <middleName>F.</middleName>
        <lastName>Bennet</lastName>
        <party>D</party>
        <state>CO</state>
        <identifiers>
          <lisID>1965</lisID>
          <bioguideId>B001267</bioguideId>
          <gpoId>8302</gpoId>
        </identifiers>
        <sponsorshipDate>2017-06-20</sponsorshipDate>
        <isOriginalCosponsor>False</isOriginalCosponsor>
        <sponsorshipWithdrawnDate />
      </item>
      <item>
        <bioguideId>K000393</bioguideId>
        <fullName>Sen. Kennedy, John [R-LA]</fullName>
        <firstName>John</firstName>
        <middleName>Neely</middleName>
        <lastName>Kennedy</lastName>
        <party>R</party>
        <state>LA</state>
        <identifiers>
          <lisID>2303</lisID>
          <bioguideId>K000393</bioguideId>
          <gpoId />
        </identifiers>
        <sponsorshipDate>2017-08-03</sponsorshipDate>
        <isOriginalCosponsor>False</isOriginalCosponsor>
        <sponsorshipWithdrawnDate />
      </item>
      <item>
        <bioguideId>V000128</bioguideId>
        <fullName>Sen. Van Hollen, Chris [D-MD]</fullName>
        <firstName>Chris</firstName>
        <middleName />
        <lastName>Van Hollen</lastName>
        <party>D</party>
        <state>MD</state>
        <identifiers>
          <lisID>1729</lisID>
          <bioguideId>V000128</bioguideId>
          <gpoId>7983</gpoId>
        </identifiers>
        <sponsorshipDate>2018-01-30</sponsorshipDate>
        <isOriginalCosponsor>False</isOriginalCosponsor>
        <sponsorshipWithdrawnDate />
      </item>
    </cosponsors>
    <cboCostEstimates>
      <item>
        <pubDate>2017-07-07T19:34:00Z</pubDate>
        <title>S. 534, Protecting Young Victims from Sexual Abuse Act of 2017</title>
        <url>https://www.cbo.gov/publication/52876</url>
      </item>
    </cboCostEstimates>
    <laws>
      <item>
        <type>Public Law</type>
        <number>115-126</number>
      </item>
    </laws>
    <notes />
    <policyArea>
      <name>Crime and Law Enforcement</name>
    </policyArea>
    <subjects>
      <billSubjects>
        <legislativeSubjects>
          <item>
            <name>Athletes</name>
          </item>
          <item>
            <name>Civil actions and liability</name>
          </item>
          <item>
            <name>Correctional facilities and imprisonment</name>
          </item>
          <item>
            <name>Crime victims</name>
          </item>
          <item>
            <name>Crimes against children</name>
          </item>
          <item>
            <name>Criminal justice information and records</name>
          </item>
          <item>
            <name>Domestic violence and child abuse</name>
          </item>
          <item>
            <name>Fraud offenses and financial crimes</name>
          </item>
          <item>
            <name>Human trafficking</name>
          </item>
          <item>
            <name>Jurisdiction and venue</name>
          </item>
          <item>
            <name>Juvenile crime and gang violence</name>
          </item>
          <item>
            <name>Olympic games</name>
          </item>
          <item>
            <name>Pornography</name>
          </item>
          <item>
            <name>Sex offenses</name>
          </item>
        </legislativeSubjects>
        <policyArea>
          <name>Crime and Law Enforcement</name>
        </policyArea>
      </billSubjects>
    </subjects>
    <summaries>
      <billSummaries>
        <item>
          <versionCode>00</versionCode>
          <actionDate>2017-03-06</actionDate>
          <actionDesc>Introduced in Senate</actionDesc>
          <lastSummaryUpdateDate>2018-01-31T15:46:14Z</lastSummaryUpdateDate>
          <text><![CDATA[<p><b>Protecting Young Victims from Sexual Abuse Act of 2017</b></p> <p>This bill amends the Victims of Child Abuse Act of 1990 to extend the duty to report suspected child abuse, including sexual abuse, to certain adults who are authorized to interact with minor or amateur athletes at a facility under the jurisdiction of a national governing body. A national governing body is an amateur sports organization that is recognized by the International Olympic Committee. </p> <p>An individual who is required, but fails, to report suspected child sex abuse is subject to criminal penalties. </p> <p>Additionally, the bill amends the federal criminal code to revise civil remedy provisions for a victim of a human trafficking offense or federal sex offense. Among other things, it changes the civil statute of limitations to 10 years from the date the victim discovers the violation or injury (currently, 10 years from the date the cause of action arose). The bill also extends the statute of limitations for a minor victim of a federal sex offense to file a civil action to 10 years (currently, 3 years) from the date such individual reaches age 18.</p> <p>Finally, the bill amends the Amateur Sports Act of 1978: (1) to authorize national governing bodies to develop training, practices, policies, and procedures to prevent the abuse of minor or amateur athletes; and (2) to require national governing bodies to develop and enforce policies, mechanisms, and procedures to prevent, report, and respond to the abuse of minor or amateur athletes.</p>]]></text>
          <updateDate>2017-03-06T05:00:00Z</updateDate>
          <name>Introduced in Senate</name>
        </item>
        <item>
          <versionCode>49</versionCode>
          <actionDate>2018-02-14</actionDate>
          <actionDesc>Public Law</actionDesc>
          <lastSummaryUpdateDate>2019-07-16T19:17:03Z</lastSummaryUpdateDate>
          <text><![CDATA[<p><b><b><b>Protecting Young Victims from Sexual Abuse and Safe Sport Authorization Act of 2017</b></b></b></p> <p>TITLE I--PROTECTING YOUNG VICTIMS FROM SEXUAL ABUSE</p> <p>(Sec. 101) This bill amends the Victims of Child Abuse Act of 1990 to extend the duty to report suspected child abuse, including sexual abuse, to adults who are authorized to interact with minor or amateur athletes at an amateur sports organization facility or at an event sanctioned by a national governing body (NGB) or member of an NGB. An NGB is an amateur sports organization that is recognized by the U.S. Olympic Committee.</p> <p>An authorized adult who fails to report suspected child abuse within a 24-hour period is subject to criminal penalties.</p> <p>(Sec. 102) The bill amends the federal criminal code to revise civil remedy provisions for a victim of a human trafficking offense or federal sex offense. Among other things, it changes the civil statute of limitations to 10 years from the date the victim reasonably discovers the violation or injury (currently, 10 years from the date the cause of action arose). The bill also extends the statute of limitations for a minor victim of a human trafficking or federal sex offense to file a civil action to 10 years (currently, 3 years) from the date such individual reaches age 18.</p> <p>TITLE II--UNITED STATES CENTER FOR SAFE SPORT AUTHORIZATION</p> <p>(Sec. 201) The bill expands the purposes of the U.S. Olympic Committee to include promoting a safe environment in sports that is free from abuse of amateur athletes.</p> <p>(Sec. 202) The bill designates the United States Center for Safe Sport to serve as the independent national safe sport organization.</p> <p>The center has jurisdiction over the U.S. Olympic Committee, NGBs, and Paralympic sports organizations with respect to safeguarding amateur athletes from abuse. It must develop training, practices, policies, and procedures to prevent abuse.</p> <p>NGBs must implement the policies and procedures to prevent abuse.</p> <p>(Sec. 203) An amateur sports organization that requests an NGB sanction to host an international amateur athletic competition inside the United States or to sponsor U.S. athletes in an international amateur athletic competition outside the United States must implement and comply with the policies and procedures to prevent abuse.</p> <p>(Sec. 204) An amateur sports organization that is not subject to the center's policies and procedures to prevent abuse must comply with certain general requirements, including to report suspected child abuse and to limit one-on-one contact between an amateur athlete who is a minor and an adult.</p>]]></text>
          <updateDate>2018-02-15T04:59:58Z</updateDate>
          <name>Public Law</name>
        </item>
      </billSummaries>
    </summaries>
    <title>Protecting Young Victims from Sexual Abuse and Safe Sport Authorization Act of 2017</title>
    <titles>
      <item>
        <titleType>Display Title</titleType>
        <parentTitleType />
        <title>Protecting Young Victims from Sexual Abuse and Safe Sport Authorization Act of 2017</title>
        <chamberCode />
        <chamberName />
      </item>
      <item>
        <titleType>Short Titles as Introduced</titleType>
        <parentTitleType />
        <title>Protecting Young Victims from Sexual Abuse Act of 2017</title>
        <chamberCode />
        <chamberName />
      </item>
      <item>
        <titleType>Short Titles as Reported to Senate</titleType>
        <parentTitleType>Short Titles Senate</parentTitleType>
        <title>Protecting Young Victims from Sexual Abuse Act of 2017</title>
        <chamberCode>S</chamberCode>
        <chamberName>Senate</chamberName>
      </item>
      <item>
        <titleType>Official Title as Introduced</titleType>
        <parentTitleType />
        <title>A bill to prevent the sexual abuse of minors and amateur athletes by requiring the prompt reporting of sexual abuse to law enforcement authorities, and for other purposes.</title>
        <chamberCode />
        <chamberName />
      </item>
      <item>
        <titleType>Short Titles as Passed Senate</titleType>
        <parentTitleType>Short Titles Senate</parentTitleType>
        <title>Protecting Young Victims from Sexual Abuse and Safe Sport Authorization Act of 2017</title>
        <chamberCode>S</chamberCode>
        <chamberName>Senate</chamberName>
      </item>
      <item>
        <titleType>Short Titles as Enacted</titleType>
        <parentTitleType>Short Title</parentTitleType>
        <title>Protecting Young Victims from Sexual Abuse and Safe Sport Authorization Act of 2017</title>
        <chamberCode />
        <chamberName />
      </item>
      <item>
        <titleType>Short Titles as Passed House</titleType>
        <parentTitleType>Short Titles House of Representatives</parentTitleType>
        <title>Protecting Young Victims from Sexual Abuse and Safe Sport Authorization Act of 2017</title>
        <chamberCode>H</chamberCode>
        <chamberName>House</chamberName>
      </item>
    </titles>
    <amendments>
      <amendment>
        <number>1584</number>
        <description />
        <purpose>In the nature of a substitute.</purpose>
        <congress>115</congress>
        <type>SAMDT</type>
        <latestAction>
          <actionDate>2017-11-14</actionDate>
          <text>Amendment SA 1584 agreed to in Senate by Unanimous Consent.</text>
        </latestAction>
        <number>1584</number>
        <description />
        <purpose>In the nature of a substitute.</purpose>
        <congress>115</congress>
        <type>SAMDT</type>
        <createDate>2017-11-15T05:31:12Z</createDate>
        <updateDate>2020-12-15T17:13:10Z</updateDate>
        <sponsors>
          <item>
            <bioguideId>F000062</bioguideId>
            <fullName>Sen. Feinstein, Dianne [D-CA]</fullName>
            <firstName>DIANNE</firstName>
            <middleName />
            <lastName>FEINSTEIN</lastName>
            <party>D</party>
            <state>CA</state>
            <identifiers>
              <lisID>1332</lisID>
              <bioguideId>F000062</bioguideId>
              <gpoId>8338</gpoId>
            </identifiers>
          </item>
        </sponsors>
        <cosponsors>
          <totalCount>7</totalCount>
          <currentCount>7</currentCount>
          <item>
            <bioguideId>T000250</bioguideId>
            <fullName>Sen. Thune, John [R-SD]</fullName>
            <firstName>JOHN</firstName>
            <middleName>R.</middleName>
            <lastName>THUNE</lastName>
            <party>R</party>
            <state>SD</state>
            <identifiers>
              <lisID>1534</lisID>
              <bioguideId>T000250</bioguideId>
              <gpoId>8257</gpoId>
            </identifiers>
            <sponsorshipDate>2017-11-14</sponsorshipDate>
            <isOriginalCosponsor>True</isOriginalCosponsor>
            <sponsorshipWithdrawnDate />
          </item>
          <item>
            <bioguideId>N000032</bioguideId>
            <fullName>Sen. Nelson, Bill [D-FL]</fullName>
            <firstName>CLARENCE</firstName>
            <middleName>WILLIAM</middleName>
            <lastName>NELSON</lastName>
            <party>D</party>
            <state>FL</state>
            <identifiers>
              <lisID>859</lisID>
              <bioguideId>N000032</bioguideId>
              <gpoId>8236</gpoId>
            </identifiers>
            <sponsorshipDate>2017-11-14</sponsorshipDate>
            <isOriginalCosponsor>True</isOriginalCosponsor>
            <sponsorshipWithdrawnDate />
          </item>
          <item>
            <bioguideId>C001035</bioguideId>
            <fullName>Sen. Collins, Susan M. [R-ME]</fullName>
            <firstName>SUSAN</firstName>
            <middleName>MARGARET</middleName>
            <lastName>COLLINS</lastName>
            <party>R</party>
            <state>ME</state>
            <identifiers>
              <lisID>1541</lisID>
              <bioguideId>C001035</bioguideId>
              <gpoId>8291</gpoId>
            </identifiers>
            <sponsorshipDate>2017-11-14</sponsorshipDate>
            <isOriginalCosponsor>True</isOriginalCosponsor>
            <sponsorshipWithdrawnDate />
          </item>
          <item>
            <bioguideId>D000607</bioguideId>
            <fullName>Sen. Donnelly, Joe [D-IN]</fullName>
            <firstName>Joe</firstName>
            <middleName />
            <lastName>Donnelly</lastName>
            <party>D</party>
            <state>IN</state>
            <identifiers>
              <lisID>1850</lisID>
              <bioguideId>D000607</bioguideId>
              <gpoId>7941</gpoId>
            </identifiers>
            <sponsorshipDate>2017-11-14</sponsorshipDate>
            <isOriginalCosponsor>True</isOriginalCosponsor>
            <sponsorshipWithdrawnDate />
          </item>
          <item>
            <bioguideId>Y000064</bioguideId>
            <fullName>Sen. Young, Todd C. [R-IN]</fullName>
            <firstName>Todd</firstName>
            <middleName>C.</middleName>
            <lastName>Young</lastName>
            <party>R</party>
            <state>IN</state>
            <identifiers>
              <lisID>2019</lisID>
              <bioguideId>Y000064</bioguideId>
              <gpoId>7948</gpoId>
            </identifiers>
            <sponsorshipDate>2017-11-14</sponsorshipDate>
            <isOriginalCosponsor>True</isOriginalCosponsor>
            <sponsorshipWithdrawnDate />
          </item>
          <item>
            <bioguideId>D000563</bioguideId>
            <fullName>Sen. Durbin, Richard J. [D-IL]</fullName>
            <firstName>RICHARD</firstName>
            <middleName>J.</middleName>
            <lastName>DURBIN</lastName>
            <party>D</party>
            <state>IL</state>
            <identifiers>
              <lisID>326</lisID>
              <bioguideId>D000563</bioguideId>
              <gpoId>8326</gpoId>
            </identifiers>
            <sponsorshipDate>2017-11-14</sponsorshipDate>
            <isOriginalCosponsor>True</isOriginalCosponsor>
            <sponsorshipWithdrawnDate />
          </item>
          <item>
            <bioguideId>W000817</bioguideId>
            <fullName>Sen. Warren, Elizabeth [D-MA]</fullName>
            <firstName>Elizabeth</firstName>
            <middleName>A.</middleName>
            <lastName>Warren</lastName>
            <party>D</party>
            <state>MA</state>
            <identifiers>
              <lisID>2182</lisID>
              <bioguideId>W000817</bioguideId>
              <gpoId />
            </identifiers>
            <sponsorshipDate>2017-11-14</sponsorshipDate>
            <isOriginalCosponsor>True</isOriginalCosponsor>
            <sponsorshipWithdrawnDate />
          </item>
        </cosponsors>
        <titles />
        <proposedDate>2017-11-14T05:00:00Z</proposedDate>
        <submittedDate>2017-11-14T05:00:00Z</submittedDate>
        <chamber>Senate</chamber>
        <amendedBill>
          <congress>115</congress>
          <type>S</type>
          <originChamber>Senate</originChamber>
          <originChamberCode>S</originChamberCode>
          <number>534</number>
          <title>Protecting Young Victims from Sexual Abuse and Safe Sport Authorization Act of 2017</title>
        </amendedBill>
        <amendedAmendment />
        <amendments>
          <count>0</count>
        </amendments>
        <links />
        <notes />
        <actions>
          <count>6</count>
          <actions>
            <item>
              <actionDate>2017-11-14</actionDate>
              <links />
              <sourceSystem>
                <code>0</code>
                <name>Senate</name>
              </sourceSystem>
              <text>Amendment SA 1584 agreed to in Senate by Unanimous Consent.</text>
              <type>Floor</type>
            </item>
            <item>
              <actionDate>2017-11-14</actionDate>
              <links />
              <sourceSystem>
                <code>0</code>
                <name>Senate</name>
              </sourceSystem>
              <text>Amendment SA 1584 proposed by Senator McConnell for Senator Feinstein. (consideration: CR S7220-7221) In the nature of a substitute.</text>
              <type>Floor</type>
            </item>
            <item>
              <actionDate>2017-11-14</actionDate>
              <links />
              <text />
            </item>
            <item>
              <actionDate>2017-11-14</actionDate>
              <links />
              <text>Senate amendment submitted</text>
              <type>Floor</type>
              <actionCode>91000</actionCode>
              <sourceSystem>
                <code>9</code>
                <name>Library of Congress</name>
              </sourceSystem>
              <committee />
            </item>
            <item>
              <actionDate>2017-11-14</actionDate>
              <links />
              <text>Senate amendment proposed (on the floor): Amendment SA 1584 proposed by Senator McConnell for Senator Feinstein.(consideration: CR S7220-7221)</text>
              <type>Floor</type>
              <actionCode>93000</actionCode>
              <sourceSystem>
                <code>9</code>
                <name>Library of Congress</name>
              </sourceSystem>
              <committee />
            </item>
            <item>
              <actionDate>2017-11-14</actionDate>
              <links />
              <text>Senate amendment agreed to: Amendment SA 1584 agreed to in Senate by Unanimous Consent.</text>
              <type>Floor</type>
              <actionCode>94000</actionCode>
              <sourceSystem>
                <code>9</code>
                <name>Library of Congress</name>
              </sourceSystem>
              <committee />
            </item>
          </actions>
          <actionTypeCounts>
            <amendmentAgreedTo>1</amendmentAgreedTo>
            <amendmentProposed>1</amendmentProposed>
            <senateAmendmentSubmitted>1</senateAmendmentSubmitted>
            <senateAmendmentProposedOnTheFloor>1</senateAmendmentProposedOnTheFloor>
            <senateAmendmentAgreedTo>1</senateAmendmentAgreedTo>
          </actionTypeCounts>
          <actionByCounts>
            <senate>5</senate>
          </actionByCounts>
        </actions>
        <version>1.0.0</version>
      </amendment>
    </amendments>
    <textVersions>
      <item>
        <type>Enrolled Bill</type>
        <date />
        <formats>
          <item>
            <url>https://www.govinfo.gov/content/pkg/BILLS-115s534enr/xml/BILLS-115s534enr.xml</url>
          </item>
        </formats>
      </item>
      <item>
        <type>Engrossed Amendment House</type>
        <date>2018-01-29T05:00:00Z</date>
        <formats>
          <item>
            <url>https://www.govinfo.gov/content/pkg/BILLS-115s534eah/xml/BILLS-115s534eah.xml</url>
          </item>
        </formats>
      </item>
      <item>
        <type>Engrossed in Senate</type>
        <date>2017-11-14T05:00:00Z</date>
        <formats>
          <item>
            <url>https://www.govinfo.gov/content/pkg/BILLS-115s534es/xml/BILLS-115s534es.xml</url>
          </item>
        </formats>
      </item>
      <item>
        <type>Reported to Senate</type>
        <date>2017-06-08T04:00:00Z</date>
        <formats>
          <item>
            <url>https://www.govinfo.gov/content/pkg/BILLS-115s534rs/xml/BILLS-115s534rs.xml</url>
          </item>
        </formats>
      </item>
      <item>
        <type>Introduced in Senate</type>
        <date>2017-03-06T05:00:00Z</date>
        <formats>
          <item>
            <url>https://www.govinfo.gov/content/pkg/BILLS-115s534is/xml/BILLS-115s534is.xml</url>
          </item>
        </formats>
      </item>
    </textVersions>
    <latestAction>
      <actionDate>2018-02-14</actionDate>
      <text>Became Public Law No: 115-126.</text>
      <links />
    </latestAction>
    <calendarNumbers>
      <item>
        <calendar>Senate Calendar of Business</calendar>
        <number>0121</number>
      </item>
    </calendarNumbers>
    <version>1.0.0</version>
  </bill>
  <dublinCore xmlns:dc="http://purl.org/dc/elements/1.1/">
    <dc:format>text/xml</dc:format>
    <dc:language>EN</dc:language>
    <dc:rights>Pursuant to Title 17 Section 105 of the United States Code, this file is not subject to copyright protection and is in the public domain.</dc:rights>
    <dc:contributor>Congressional Research Service, Library of Congress</dc:contributor>
    <dc:description>This file contains bill summaries and statuses for federal legislation. A bill summary describes the most significant provisions of a piece of legislation and details the effects the legislative text may have on current law and federal programs. Bill summaries are authored by the Congressional Research Service (CRS) of the Library of Congress. As stated in Public Law 91-510 (2 USC 166 (d)(6)), one of the duties of CRS is "to prepare summaries and digests of bills and resolutions of a public general nature introduced in the Senate or House of Representatives". For more information, refer to the User Guide that accompanies this file.</dc:description>
  </dublinCore>
</billStatus>

