<?xml version="1.0" encoding="UTF-8"?>
<billStatus>
  <bill>
    <billNumber>120</billNumber>
    <createDate>2017-01-13T04:55:34Z</createDate>
    <updateDate>2021-07-10T20:01:08Z</updateDate>
    <originChamber>Senate</originChamber>
    <billType>S</billType>
    <introducedDate>2017-01-12</introducedDate>
    <congress>115</congress>
    <recordedVotes />
    <committees>
      <billCommittees>
        <item>
          <systemCode>ssga00</systemCode>
          <name>Homeland Security and Governmental Affairs Committee</name>
          <chamber>Senate</chamber>
          <type>Standing</type>
          <subcommittees />
          <activities>
            <item>
              <name>Referred to</name>
              <date>2017-01-12T19:13:09Z</date>
            </item>
          </activities>
        </item>
      </billCommittees>
    </committees>
    <committeeReports />
    <relatedBills />
    <actions>
      <item>
        <actionDate>2017-01-12</actionDate>
        <committees>
          <item>
            <systemCode>ssga00</systemCode>
            <name>Homeland Security and Governmental Affairs Committee</name>
          </item>
        </committees>
        <links />
        <sourceSystem>
          <code>0</code>
          <name>Senate</name>
        </sourceSystem>
        <text>Read twice and referred to the Committee on Homeland Security and Governmental Affairs.</text>
        <type>IntroReferral</type>
      </item>
      <item>
        <actionDate>2017-01-12</actionDate>
        <links />
        <text>Introduced in Senate</text>
        <type>IntroReferral</type>
        <actionCode>10000</actionCode>
        <sourceSystem>
          <code>9</code>
          <name>Library of Congress</name>
        </sourceSystem>
        <committees />
      </item>
      <actionTypeCounts>
        <referredToCommittee>1</referredToCommittee>
        <introducedInSenate>1</introducedInSenate>
      </actionTypeCounts>
      <actionByCounts>
        <senate>2</senate>
      </actionByCounts>
    </actions>
    <sponsors>
      <item>
        <bioguideId>H001041</bioguideId>
        <fullName>Sen. Heller, Dean [R-NV]</fullName>
        <firstName>Dean</firstName>
        <middleName />
        <lastName>Heller</lastName>
        <party>R</party>
        <state>NV</state>
        <identifiers>
          <lisID>1863</lisID>
          <bioguideId>H001041</bioguideId>
          <gpoId>8060</gpoId>
        </identifiers>
        <byRequestType />
      </item>
    </sponsors>
    <cosponsors>
      <item>
        <bioguideId>C000880</bioguideId>
        <fullName>Sen. Crapo, Mike [R-ID]</fullName>
        <firstName>MICHAEL</firstName>
        <middleName>D.</middleName>
        <lastName>CRAPO</lastName>
        <party>R</party>
        <state>ID</state>
        <identifiers>
          <lisID>250</lisID>
          <bioguideId>C000880</bioguideId>
          <gpoId>8289</gpoId>
        </identifiers>
        <sponsorshipDate>2017-02-06</sponsorshipDate>
        <isOriginalCosponsor>False</isOriginalCosponsor>
        <sponsorshipWithdrawnDate />
      </item>
      <item>
        <bioguideId>S001181</bioguideId>
        <fullName>Sen. Shaheen, Jeanne [D-NH]</fullName>
        <firstName>Jeanne</firstName>
        <middleName />
        <lastName>Shaheen</lastName>
        <party>D</party>
        <state>NH</state>
        <identifiers>
          <lisID>1901</lisID>
          <bioguideId>S001181</bioguideId>
          <gpoId>8276</gpoId>
        </identifiers>
        <sponsorshipDate>2017-09-07</sponsorshipDate>
        <isOriginalCosponsor>False</isOriginalCosponsor>
        <sponsorshipWithdrawnDate />
      </item>
    </cosponsors>
    <cboCostEstimates />
    <laws />
    <notes />
    <policyArea>
      <name>Armed Forces and National Security</name>
    </policyArea>
    <subjects>
      <billSubjects>
        <legislativeSubjects>
          <item>
            <name>Advisory bodies</name>
          </item>
          <item>
            <name>Asia</name>
          </item>
          <item>
            <name>China</name>
          </item>
          <item>
            <name>Diplomacy, foreign officials, Americans abroad</name>
          </item>
          <item>
            <name>Executive agency funding and structure</name>
          </item>
          <item>
            <name>Government information and archives</name>
          </item>
          <item>
            <name>Government studies and investigations</name>
          </item>
          <item>
            <name>Libraries and archives</name>
          </item>
          <item>
            <name>Military personnel and dependents</name>
          </item>
          <item>
            <name>Missing persons</name>
          </item>
          <item>
            <name>National Archives and Records Administration</name>
          </item>
          <item>
            <name>North Korea</name>
          </item>
          <item>
            <name>Personnel records</name>
          </item>
          <item>
            <name>Presidents and presidential powers, Vice Presidents</name>
          </item>
          <item>
            <name>Russia</name>
          </item>
        </legislativeSubjects>
        <policyArea>
          <name>Armed Forces and National Security</name>
        </policyArea>
      </billSubjects>
    </subjects>
    <summaries>
      <billSummaries>
        <item>
          <versionCode>00</versionCode>
          <actionDate>2017-01-12</actionDate>
          <actionDesc>Introduced in Senate</actionDesc>
          <lastSummaryUpdateDate>2017-02-11T17:04:44Z</lastSummaryUpdateDate>
          <text><![CDATA[<p><strong>Bring Our Heroes Home Act</strong></p> <p>This bill: (1) requires the National Archives and Records Administration (NARA) to establish the Missing Armed Forces Personnel Records Collection; and (2) establishes the Missing Armed Forces Personnel Records Review Board, which shall require all missing Armed Forces personnel records to be transmitted to NARA and disclosed to the public in the collection.</p> <p>Each government office shall: (1) identify, review, and organize each such record in its possession for transmission to NARA; and (2) identify and review for public disclosure each such record previously transferred to NARA that remains classified. </p> <p> Each presidential archival depository shall: (1) have as a priority the expedited review for public disclosure of such records in its possession, and (2) make such records available to the board. </p> <p>NARA shall: (1) make each such record identified as classified available for review by the originating body, and (2) prepare and make available to all government offices a standard form for collecting information relating to such records.</p> <p>All such records shall be publicly disclosed in full and made available in the collection within five years after enactment of this bill unless the President certifies that: (1) postponement is necessary because of an identifiable harm to the military defense, intelligence operations, or conduct of foreign relations; and (2) the harm is of such gravity that it outweighs the public interest in disclosure.</p> <p>The Board shall: (1) render a decision on a determination of a government office to postpone the disclosure of any such record; (2) determine, within two years after enactment of this bill, whether all government offices have complied with it; (3) terminate after four years; and (4) transfer all of its records to NARA for inclusion in the collection.</p> <p>The Board may request the Attorney General to petition any U.S. or foreign court to release information relevant to the loss, fate, or status of missing Armed Forces personnel that is held under seal of such court.</p>]]></text>
          <updateDate>2017-01-12T05:00:00Z</updateDate>
          <name>Introduced in Senate</name>
        </item>
      </billSummaries>
    </summaries>
    <title>Bring Our Heroes Home Act</title>
    <titles>
      <item>
        <titleType>Display Title</titleType>
        <parentTitleType />
        <title>Bring Our Heroes Home Act</title>
        <chamberCode />
        <chamberName />
      </item>
      <item>
        <titleType>Official Title as Introduced</titleType>
        <parentTitleType />
        <title>A bill to provide for the creation of the Missing Armed Forces Personnel Records Collection at the National Archives, to require the expeditious public transmission to the Archivist and public disclosure of Missing Armed Forces Personnel records, and for other purposes.</title>
        <chamberCode />
        <chamberName />
      </item>
      <item>
        <titleType>Short Titles as Introduced</titleType>
        <parentTitleType />
        <title>Bring Our Heroes Home Act</title>
        <chamberCode />
        <chamberName />
      </item>
    </titles>
    <amendments />
    <textVersions>
      <item>
        <type>Introduced in Senate</type>
        <date>2017-01-12T05:00:00Z</date>
        <formats>
          <item>
            <url>https://www.govinfo.gov/content/pkg/BILLS-115s120is/xml/BILLS-115s120is.xml</url>
          </item>
        </formats>
      </item>
    </textVersions>
    <latestAction>
      <actionDate>2017-01-12</actionDate>
      <text>Read twice and referred to the Committee on Homeland Security and Governmental Affairs.</text>
      <links />
    </latestAction>
    <calendarNumbers />
    <version>1.0.0</version>
  </bill>
  <dublinCore xmlns:dc="http://purl.org/dc/elements/1.1/">
    <dc:format>text/xml</dc:format>
    <dc:language>EN</dc:language>
    <dc:rights>Pursuant to Title 17 Section 105 of the United States Code, this file is not subject to copyright protection and is in the public domain.</dc:rights>
    <dc:contributor>Congressional Research Service, Library of Congress</dc:contributor>
    <dc:description>This file contains bill summaries and statuses for federal legislation. A bill summary describes the most significant provisions of a piece of legislation and details the effects the legislative text may have on current law and federal programs. Bill summaries are authored by the Congressional Research Service (CRS) of the Library of Congress. As stated in Public Law 91-510 (2 USC 166 (d)(6)), one of the duties of CRS is "to prepare summaries and digests of bills and resolutions of a public general nature introduced in the Senate or House of Representatives". For more information, refer to the User Guide that accompanies this file.</dc:description>
  </dublinCore>
</billStatus>

