<?xml version="1.0" encoding="UTF-8"?>
<billStatus>
  <bill>
    <billNumber>2</billNumber>
    <createDate>2021-01-04T00:27:15Z</createDate>
    <updateDate>2021-03-30T11:26:03Z</updateDate>
    <originChamber>Senate</originChamber>
    <billType>SCONRES</billType>
    <introducedDate>2021-01-03</introducedDate>
    <congress>117</congress>
    <recordedVotes />
    <committees>
      <billCommittees />
    </committees>
    <committeeReports />
    <relatedBills />
    <actions>
      <item>
        <actionDate>2021-01-03</actionDate>
        <actionTime>19:25:01</actionTime>
        <links />
        <text>Motion to reconsider laid on the table Agreed to without objection.</text>
        <type>Floor</type>
        <actionCode>H38310</actionCode>
        <sourceSystem>
          <code>2</code>
          <name>House floor actions</name>
        </sourceSystem>
        <committees />
      </item>
      <item>
        <actionDate>2021-01-03</actionDate>
        <actionTime>19:24:57</actionTime>
        <links />
        <text>On agreeing to the resolution Agreed to without objection. (text: CR H10)</text>
        <type>Floor</type>
        <actionCode>H37100</actionCode>
        <sourceSystem>
          <code>2</code>
          <name>House floor actions</name>
        </sourceSystem>
        <committees />
      </item>
      <item>
        <actionDate>2021-01-03</actionDate>
        <actionTime>19:24:57</actionTime>
        <links />
        <text>Passed/agreed to in House: On agreeing to the resolution Agreed to without objection.(text: CR H10)</text>
        <type>Floor</type>
        <actionCode>8000</actionCode>
        <sourceSystem>
          <code>9</code>
          <name>Library of Congress</name>
        </sourceSystem>
        <committees />
      </item>
      <item>
        <actionDate>2021-01-03</actionDate>
        <actionTime>19:23:27</actionTime>
        <links />
        <text>Considered as privileged matter. (consideration: CR H10)</text>
        <type>Floor</type>
        <actionCode>H30000</actionCode>
        <sourceSystem>
          <code>2</code>
          <name>House floor actions</name>
        </sourceSystem>
        <committees />
      </item>
      <item>
        <actionDate>2021-01-03</actionDate>
        <actionTime>19:19:33</actionTime>
        <links />
        <text>Received in the House.</text>
        <type>Floor</type>
        <actionCode>H14000</actionCode>
        <sourceSystem>
          <code>2</code>
          <name>House floor actions</name>
        </sourceSystem>
        <committees />
      </item>
      <item>
        <actionDate>2021-01-03</actionDate>
        <committees />
        <links />
        <sourceSystem>
          <code>0</code>
          <name>Senate</name>
        </sourceSystem>
        <text>Message on Senate action sent to the House.</text>
        <type>Floor</type>
      </item>
      <item>
        <actionDate>2021-01-03</actionDate>
        <committees />
        <links />
        <sourceSystem>
          <code>0</code>
          <name>Senate</name>
        </sourceSystem>
        <text>Submitted in the Senate, considered, and agreed to without amendment by Unanimous Consent. (consideration: CR S7; text: CR S7)</text>
        <type>Floor</type>
      </item>
      <item>
        <actionDate>2021-01-03</actionDate>
        <links />
        <text>Passed/agreed to in Senate: Submitted in the Senate, considered, and agreed to without amendment by Unanimous Consent.(consideration: CR S7; text: CR S7)</text>
        <type>Floor</type>
        <actionCode>17000</actionCode>
        <sourceSystem>
          <code>9</code>
          <name>Library of Congress</name>
        </sourceSystem>
        <committees />
      </item>
      <item>
        <actionDate>2021-01-03</actionDate>
        <links />
        <text>Introduced in Senate</text>
        <type>IntroReferral</type>
        <actionCode>10000</actionCode>
        <sourceSystem>
          <code>9</code>
          <name>Library of Congress</name>
        </sourceSystem>
        <committees />
      </item>
      <actionTypeCounts>
        <motionToReconsiderResults>1</motionToReconsiderResults>
        <passageOfAMeasure>1</passageOfAMeasure>
        <passedAgreedToInHouse>1</passedAgreedToInHouse>
        <considerationByHouse>1</considerationByHouse>
        <receivedInTheHouse>1</receivedInTheHouse>
        <sentToHouse>1</sentToHouse>
        <passedOrAgreedToInSenateDayOf>1</passedOrAgreedToInSenateDayOf>
        <passedAgreedToInSenate>1</passedAgreedToInSenate>
        <introducedInSenate>1</introducedInSenate>
      </actionTypeCounts>
      <actionByCounts>
        <houseOfRepresentatives>5</houseOfRepresentatives>
        <senate>4</senate>
      </actionByCounts>
    </actions>
    <sponsors>
      <item>
        <bioguideId>M000355</bioguideId>
        <fullName>Sen. McConnell, Mitch [R-KY]</fullName>
        <firstName>MITCH</firstName>
        <middleName />
        <lastName>MCCONNELL</lastName>
        <party>R</party>
        <state>KY</state>
        <identifiers>
          <lisID>1395</lisID>
          <bioguideId>M000355</bioguideId>
          <gpoId>8254</gpoId>
        </identifiers>
        <byRequestType />
      </item>
    </sponsors>
    <cosponsors />
    <cboCostEstimates />
    <laws />
    <notes />
    <policyArea>
      <name>Congress</name>
    </policyArea>
    <subjects>
      <billSubjects>
        <legislativeSubjects>
          <item>
            <name>Congressional committees</name>
          </item>
          <item>
            <name>Congressional operations and organization</name>
          </item>
          <item>
            <name>Presidents and presidential powers, Vice Presidents</name>
          </item>
          <item>
            <name>U.S. Capitol</name>
          </item>
        </legislativeSubjects>
        <policyArea>
          <name>Congress</name>
        </policyArea>
      </billSubjects>
    </subjects>
    <summaries>
      <billSummaries>
        <item>
          <versionCode>00</versionCode>
          <actionDate>2021-01-03</actionDate>
          <actionDesc>Introduced in Senate</actionDesc>
          <lastSummaryUpdateDate>2021-02-02T12:32:48Z</lastSummaryUpdateDate>
          <text><![CDATA[<p>This concurrent resolution continues the Joint Congressional Committee on Inaugural Ceremonies, created to make arrangements for the inauguration of the President-elect and the Vice President-elect of the United States, and it authorizes the use of the rotunda and Emancipation Hall of the U.S. Capitol for the proceedings and ceremonies of the inauguration.</p>]]></text>
          <updateDate>2021-01-03T05:00:00Z</updateDate>
          <name>Introduced in Senate</name>
        </item>
        <item>
          <versionCode>53</versionCode>
          <actionDate>2021-01-03</actionDate>
          <actionDesc>Passed House</actionDesc>
          <lastSummaryUpdateDate>2021-02-02T16:54:36Z</lastSummaryUpdateDate>
          <text><![CDATA[<p>This concurrent resolution continues the Joint Congressional Committee on Inaugural Ceremonies, created to make arrangements for the inauguration of the President-elect and the Vice President-elect of the United States, and it authorizes the use of the rotunda and Emancipation Hall of the U.S. Capitol for the proceedings and ceremonies of the inauguration.</p>]]></text>
          <updateDate>2021-01-03T14:13:43Z</updateDate>
          <name>Passed House</name>
        </item>
        <item>
          <versionCode>55</versionCode>
          <actionDate>2021-01-03</actionDate>
          <actionDesc>Passed Senate</actionDesc>
          <lastSummaryUpdateDate>2021-02-02T16:56:57Z</lastSummaryUpdateDate>
          <text><![CDATA[<p>This concurrent resolution continues the Joint Congressional Committee on Inaugural Ceremonies, created to make arrangements for the inauguration of the President-elect and the Vice President-elect of the United States, and it authorizes the use of the rotunda and Emancipation Hall of the U.S. Capitol for the proceedings and ceremonies of the inauguration.</p>]]></text>
          <updateDate>2021-01-03T14:16:35Z</updateDate>
          <name>Passed Senate</name>
        </item>
      </billSummaries>
    </summaries>
    <title>A concurrent resolution extending the life of the Joint Congressional Committee on Inaugural Ceremonies and authorizing the use of the rotunda and Emancipation Hall of the Capitol by the Joint Congressional Committee on Inaugural Ceremonies in connection with the proceedings and ceremonies conducted for the inauguration of the President-elect and the Vice President-elect of the United States.</title>
    <titles>
      <item>
        <titleType>Official Title as Introduced</titleType>
        <parentTitleType />
        <title>A concurrent resolution extending the life of the Joint Congressional Committee on Inaugural Ceremonies and authorizing the use of the rotunda and Emancipation Hall of the Capitol by the Joint Congressional Committee on Inaugural Ceremonies in connection with the proceedings and ceremonies conducted for the inauguration of the President-elect and the Vice President-elect of the United States.</title>
        <chamberCode />
        <chamberName />
      </item>
      <item>
        <titleType>Display Title</titleType>
        <parentTitleType />
        <title>A concurrent resolution extending the life of the Joint Congressional Committee on Inaugural Ceremonies and authorizing the use of the rotunda and Emancipation Hall of the Capitol by the Joint Congressional Committee on Inaugural Ceremonies in connection with the proceedings and ceremonies conducted for the inauguration of the President-elect and the Vice President-elect of the United States.</title>
        <chamberCode />
        <chamberName />
      </item>
    </titles>
    <amendments />
    <textVersions>
      <item>
        <type>Enrolled Bill</type>
        <date />
        <formats>
          <item>
            <url>https://www.govinfo.gov/content/pkg/BILLS-117sconres2enr/xml/BILLS-117sconres2enr.xml</url>
          </item>
        </formats>
      </item>
      <item>
        <type>Engrossed in Senate</type>
        <date>2021-01-03T05:00:00Z</date>
        <formats>
          <item>
            <url>https://www.govinfo.gov/content/pkg/BILLS-117sconres2es/xml/BILLS-117sconres2es.xml</url>
          </item>
        </formats>
      </item>
      <item>
        <type>Agreed to Senate</type>
        <date>2021-01-03T05:00:00Z</date>
        <formats>
          <item>
            <url>https://www.govinfo.gov/content/pkg/BILLS-117sconres2ats/xml/BILLS-117sconres2ats.xml</url>
          </item>
        </formats>
      </item>
    </textVersions>
    <latestAction>
      <actionDate>2021-01-03</actionDate>
      <text>Motion to reconsider laid on the table Agreed to without objection.</text>
      <actionTime>19:25:01</actionTime>
      <links />
    </latestAction>
    <calendarNumbers />
    <version>1.0.0</version>
  </bill>
  <dublinCore xmlns:dc="http://purl.org/dc/elements/1.1/">
    <dc:format>text/xml</dc:format>
    <dc:language>EN</dc:language>
    <dc:rights>Pursuant to Title 17 Section 105 of the United States Code, this file is not subject to copyright protection and is in the public domain.</dc:rights>
    <dc:contributor>Congressional Research Service, Library of Congress</dc:contributor>
    <dc:description>This file contains bill summaries and statuses for federal legislation. A bill summary describes the most significant provisions of a piece of legislation and details the effects the legislative text may have on current law and federal programs. Bill summaries are authored by the Congressional Research Service (CRS) of the Library of Congress. As stated in Public Law 91-510 (2 USC 166 (d)(6)), one of the duties of CRS is "to prepare summaries and digests of bills and resolutions of a public general nature introduced in the Senate or House of Representatives". For more information, refer to the User Guide that accompanies this file.</dc:description>
  </dublinCore>
</billStatus>

