<?xml version="1.0" encoding="UTF-8"?>
<billStatus>
  <bill>
    <billNumber>430</billNumber>
    <createDate>2021-02-25T05:42:11Z</createDate>
    <updateDate>2021-07-13T18:42:02Z</updateDate>
    <originChamber>Senate</originChamber>
    <billType>S</billType>
    <introducedDate>2021-02-24</introducedDate>
    <congress>117</congress>
    <recordedVotes />
    <committees>
      <billCommittees>
        <item>
          <systemCode>ssev00</systemCode>
          <name>Environment and Public Works Committee</name>
          <chamber>Senate</chamber>
          <type>Standing</type>
          <subcommittees />
          <activities>
            <item>
              <name>Referred to</name>
              <date>2021-02-24T22:53:59Z</date>
            </item>
          </activities>
        </item>
      </billCommittees>
    </committees>
    <committeeReports />
    <relatedBills>
      <item>
        <latestTitle>ESCAPE Act</latestTitle>
        <congress>117</congress>
        <number>1142</number>
        <type>HR</type>
        <latestAction>
          <actionDate>2021-02-19</actionDate>
          <text>Referred to the Subcommittee on Economic Development, Public Buildings, and Emergency Management.</text>
        </latestAction>
        <relationshipDetails>
          <item>
            <type>Identical bill</type>
            <identifiedBy>CRS</identifiedBy>
          </item>
        </relationshipDetails>
      </item>
    </relatedBills>
    <actions>
      <item>
        <actionDate>2021-02-24</actionDate>
        <committees>
          <item>
            <systemCode>ssev00</systemCode>
            <name>Environment and Public Works Committee</name>
          </item>
        </committees>
        <links />
        <sourceSystem>
          <code>0</code>
          <name>Senate</name>
        </sourceSystem>
        <text>Read twice and referred to the Committee on Environment and Public Works.</text>
        <type>IntroReferral</type>
      </item>
      <item>
        <actionDate>2021-02-24</actionDate>
        <links />
        <text>Introduced in Senate</text>
        <type>IntroReferral</type>
        <actionCode>10000</actionCode>
        <sourceSystem>
          <code>9</code>
          <name>Library of Congress</name>
        </sourceSystem>
        <committees />
      </item>
      <actionTypeCounts>
        <referredToCommittee>1</referredToCommittee>
        <introducedInSenate>1</introducedInSenate>
      </actionTypeCounts>
      <actionByCounts>
        <senate>2</senate>
      </actionByCounts>
    </actions>
    <sponsors>
      <item>
        <bioguideId>M000133</bioguideId>
        <fullName>Sen. Markey, Edward J. [D-MA]</fullName>
        <firstName>EDWARD</firstName>
        <middleName>J.</middleName>
        <lastName>MARKEY</lastName>
        <party>D</party>
        <state>MA</state>
        <identifiers>
          <lisID>735</lisID>
          <bioguideId>M000133</bioguideId>
          <gpoId>7972</gpoId>
        </identifiers>
        <byRequestType />
      </item>
    </sponsors>
    <cosponsors>
      <item>
        <bioguideId>W000817</bioguideId>
        <fullName>Sen. Warren, Elizabeth [D-MA]</fullName>
        <firstName>Elizabeth</firstName>
        <middleName>A.</middleName>
        <lastName>Warren</lastName>
        <party>D</party>
        <state>MA</state>
        <identifiers>
          <lisID>2182</lisID>
          <bioguideId>W000817</bioguideId>
          <gpoId />
        </identifiers>
        <sponsorshipDate>2021-02-24</sponsorshipDate>
        <isOriginalCosponsor>True</isOriginalCosponsor>
        <sponsorshipWithdrawnDate />
      </item>
    </cosponsors>
    <cboCostEstimates />
    <laws />
    <notes />
    <policyArea>
      <name>Transportation and Public Works</name>
    </policyArea>
    <subjects>
      <billSubjects>
        <legislativeSubjects>
          <item>
            <name>Aviation and airports</name>
          </item>
          <item>
            <name>Emergency planning and evacuation</name>
          </item>
          <item>
            <name>First responders and emergency personnel</name>
          </item>
          <item>
            <name>Floods and storm protection</name>
          </item>
          <item>
            <name>Infrastructure development</name>
          </item>
          <item>
            <name>Natural disasters</name>
          </item>
          <item>
            <name>Navigation, waterways, harbors</name>
          </item>
          <item>
            <name>Public transit</name>
          </item>
          <item>
            <name>Railroads</name>
          </item>
          <item>
            <name>Roads and highways</name>
          </item>
          <item>
            <name>Transportation programs funding</name>
          </item>
          <item>
            <name>Transportation safety and security</name>
          </item>
        </legislativeSubjects>
        <policyArea>
          <name>Transportation and Public Works</name>
        </policyArea>
      </billSubjects>
    </subjects>
    <summaries>
      <billSummaries>
        <item>
          <versionCode>00</versionCode>
          <actionDate>2021-02-24</actionDate>
          <actionDesc>Introduced in Senate</actionDesc>
          <lastSummaryUpdateDate>2021-04-21T12:49:16Z</lastSummaryUpdateDate>
          <text><![CDATA[<p><strong>Enhancing the Strength and Capacity of America's Primary Evacuation routes Act or the ESCAPE Act</strong></p> <p>This bill directs the Department of Transportation (DOT) to provide assistance for projects that strengthen and protect mass evacuation routes.</p> <p>Specifically, DOT must (1) establish criteria for states, tribal and local governments, and other entities to identify mass evacuation routes; (2) establish a competitive grant program to provide grants for resilience projects that strengthen and protect evacuation routes that are essential for providing and supporting mass evacuations caused by emergency events; and (3) provide grants to resilience projects that ensure the ability of the evacuation route to provide safe passage during a mass evacuation and reduce the risk of damage to evacuation routes as a result of future emergency events. </p>]]></text>
          <updateDate>2021-02-24T05:00:00Z</updateDate>
          <name>Introduced in Senate</name>
        </item>
      </billSummaries>
    </summaries>
    <title>ESCAPE Act</title>
    <titles>
      <item>
        <titleType>Short Title(s) as Introduced</titleType>
        <parentTitleType>Short Title</parentTitleType>
        <title>ESCAPE Act</title>
        <chamberCode />
        <chamberName />
      </item>
      <item>
        <titleType>Short Title(s) as Introduced</titleType>
        <parentTitleType>Short Title</parentTitleType>
        <title>Enhancing the Strength and Capacity of America's Primary Evacuation routes Act</title>
        <chamberCode />
        <chamberName />
      </item>
      <item>
        <titleType>Display Title</titleType>
        <parentTitleType />
        <title>ESCAPE Act</title>
        <chamberCode />
        <chamberName />
      </item>
      <item>
        <titleType>Official Title as Introduced</titleType>
        <parentTitleType />
        <title>A bill to direct the Secretary of Transportation to establish a grant program for projects to strengthen and protect vulnerable infrastructure used during mass evacuations, and for other purposes.</title>
        <chamberCode />
        <chamberName />
      </item>
    </titles>
    <amendments />
    <textVersions>
      <item>
        <type>Introduced in Senate</type>
        <date>2021-02-24T05:00:00Z</date>
        <formats>
          <item>
            <url>https://www.govinfo.gov/content/pkg/BILLS-117s430is/xml/BILLS-117s430is.xml</url>
          </item>
        </formats>
      </item>
    </textVersions>
    <latestAction>
      <actionDate>2021-02-24</actionDate>
      <text>Read twice and referred to the Committee on Environment and Public Works.</text>
      <links />
    </latestAction>
    <calendarNumbers />
    <version>1.0.0</version>
  </bill>
  <dublinCore xmlns:dc="http://purl.org/dc/elements/1.1/">
    <dc:format>text/xml</dc:format>
    <dc:language>EN</dc:language>
    <dc:rights>Pursuant to Title 17 Section 105 of the United States Code, this file is not subject to copyright protection and is in the public domain.</dc:rights>
    <dc:contributor>Congressional Research Service, Library of Congress</dc:contributor>
    <dc:description>This file contains bill summaries and statuses for federal legislation. A bill summary describes the most significant provisions of a piece of legislation and details the effects the legislative text may have on current law and federal programs. Bill summaries are authored by the Congressional Research Service (CRS) of the Library of Congress. As stated in Public Law 91-510 (2 USC 166 (d)(6)), one of the duties of CRS is "to prepare summaries and digests of bills and resolutions of a public general nature introduced in the Senate or House of Representatives". For more information, refer to the User Guide that accompanies this file.</dc:description>
  </dublinCore>
</billStatus>

