<?xml version="1.0" encoding="UTF-8"?>
<billStatus>
  <bill>
    <billNumber>579</billNumber>
    <createDate>2021-03-04T05:42:12Z</createDate>
    <updateDate>2021-09-25T05:46:39Z</updateDate>
    <originChamber>Senate</originChamber>
    <billType>S</billType>
    <introducedDate>2021-03-03</introducedDate>
    <congress>117</congress>
    <recordedVotes />
    <committees>
      <billCommittees />
    </committees>
    <committeeReports />
    <relatedBills>
      <item>
        <latestTitle>To make a technical correction to the ALS Disability Insurance Access Act of 2019.</latestTitle>
        <congress>117</congress>
        <number>1649</number>
        <type>HR</type>
        <latestAction>
          <actionDate>2021-03-08</actionDate>
          <text>Referred to the Subcommittee on Social Security.</text>
        </latestAction>
        <relationshipDetails>
          <item>
            <type>Identical bill</type>
            <identifiedBy>CRS</identifiedBy>
          </item>
        </relationshipDetails>
      </item>
    </relatedBills>
    <actions>
      <item>
        <actionDate>2021-03-23</actionDate>
        <links />
        <text>Became Public Law No: 117-3.</text>
        <type>President</type>
        <actionCode>E40000</actionCode>
        <sourceSystem>
          <code>9</code>
          <name>Library of Congress</name>
        </sourceSystem>
        <committees />
      </item>
      <item>
        <actionDate>2021-03-23</actionDate>
        <links />
        <text>Became Public Law No: 117-3.</text>
        <type>BecameLaw</type>
        <actionCode>36000</actionCode>
        <sourceSystem>
          <code>9</code>
          <name>Library of Congress</name>
        </sourceSystem>
        <committees />
      </item>
      <item>
        <actionDate>2021-03-23</actionDate>
        <links />
        <text>Signed by President.</text>
        <type>President</type>
        <actionCode>E30000</actionCode>
        <sourceSystem>
          <code>9</code>
          <name>Library of Congress</name>
        </sourceSystem>
        <committees />
      </item>
      <item>
        <actionDate>2021-03-23</actionDate>
        <links />
        <text>Signed by President.</text>
        <type>BecameLaw</type>
        <actionCode>36000</actionCode>
        <sourceSystem>
          <code>9</code>
          <name>Library of Congress</name>
        </sourceSystem>
        <committees />
      </item>
      <item>
        <actionDate>2021-03-22</actionDate>
        <links />
        <text>Presented to President.</text>
        <type>Floor</type>
        <actionCode>E20000</actionCode>
        <sourceSystem>
          <code>2</code>
          <name>House floor actions</name>
        </sourceSystem>
        <committees />
      </item>
      <item>
        <actionDate>2021-03-22</actionDate>
        <links />
        <text>Presented to President.</text>
        <type>President</type>
        <actionCode>28000</actionCode>
        <sourceSystem>
          <code>9</code>
          <name>Library of Congress</name>
        </sourceSystem>
        <committees />
      </item>
      <item>
        <actionDate>2021-03-11</actionDate>
        <actionTime>12:33:23</actionTime>
        <links />
        <text>Motion to reconsider laid on the table. Agreed to without objection.</text>
        <type>Floor</type>
        <actionCode>H38310</actionCode>
        <sourceSystem>
          <code>2</code>
          <name>House floor actions</name>
        </sourceSystem>
        <committees />
      </item>
      <item>
        <actionDate>2021-03-11</actionDate>
        <actionTime>12:33:17</actionTime>
        <links />
        <text>On passage Passed without objection. (text: CR H1334)</text>
        <type>Floor</type>
        <actionCode>H37100</actionCode>
        <sourceSystem>
          <code>2</code>
          <name>House floor actions</name>
        </sourceSystem>
        <committees />
      </item>
      <item>
        <actionDate>2021-03-11</actionDate>
        <actionTime>12:33:17</actionTime>
        <links />
        <text>Passed/agreed to in House: On passage Passed without objection.(text: CR H1334)</text>
        <type>Floor</type>
        <actionCode>8000</actionCode>
        <sourceSystem>
          <code>9</code>
          <name>Library of Congress</name>
        </sourceSystem>
        <committees />
      </item>
      <item>
        <actionDate>2021-03-11</actionDate>
        <actionTime>12:32:00</actionTime>
        <links />
        <text>Considered by unanimous consent. (consideration: CR H1334)</text>
        <type>Floor</type>
        <actionCode>H30000</actionCode>
        <sourceSystem>
          <code>2</code>
          <name>House floor actions</name>
        </sourceSystem>
        <committees />
      </item>
      <item>
        <actionDate>2021-03-11</actionDate>
        <actionTime>12:32:00</actionTime>
        <links />
        <text>Mr. Thompson (CA) asked unanimous consent to take from the Speaker's table and consider.</text>
        <type>Floor</type>
        <actionCode>H30200</actionCode>
        <sourceSystem>
          <code>2</code>
          <name>House floor actions</name>
        </sourceSystem>
        <committees />
      </item>
      <item>
        <actionDate>2021-03-08</actionDate>
        <actionTime>14:25:00</actionTime>
        <links />
        <text>Held at the desk.</text>
        <type>Floor</type>
        <actionCode>H15000</actionCode>
        <sourceSystem>
          <code>2</code>
          <name>House floor actions</name>
        </sourceSystem>
        <committees />
      </item>
      <item>
        <actionDate>2021-03-08</actionDate>
        <actionTime>14:16:26</actionTime>
        <links />
        <text>Received in the House.</text>
        <type>Floor</type>
        <actionCode>H14000</actionCode>
        <sourceSystem>
          <code>2</code>
          <name>House floor actions</name>
        </sourceSystem>
        <committees />
      </item>
      <item>
        <actionDate>2021-03-08</actionDate>
        <committees />
        <links />
        <sourceSystem>
          <code>0</code>
          <name>Senate</name>
        </sourceSystem>
        <text>Message on Senate action sent to the House.</text>
        <type>Floor</type>
      </item>
      <item>
        <actionDate>2021-03-03</actionDate>
        <committees />
        <links />
        <sourceSystem>
          <code>0</code>
          <name>Senate</name>
        </sourceSystem>
        <text>Introduced in the Senate, read twice, considered, read the third time, and passed without amendment by Unanimous Consent. (consideration: CR S1022; text: CR S1029)</text>
        <type>Floor</type>
      </item>
      <item>
        <actionDate>2021-03-03</actionDate>
        <links />
        <text>Passed/agreed to in Senate: Introduced in the Senate, read twice, considered, read the third time, and passed without amendment by Unanimous Consent.(consideration: CR S1022; text: CR S1029)</text>
        <type>Floor</type>
        <actionCode>17000</actionCode>
        <sourceSystem>
          <code>9</code>
          <name>Library of Congress</name>
        </sourceSystem>
        <committees />
      </item>
      <item>
        <actionDate>2021-03-03</actionDate>
        <links />
        <text>Introduced in Senate</text>
        <type>IntroReferral</type>
        <actionCode>10000</actionCode>
        <sourceSystem>
          <code>9</code>
          <name>Library of Congress</name>
        </sourceSystem>
        <committees />
      </item>
      <actionTypeCounts>
        <publicLawOrPrivateLaw>1</publicLawOrPrivateLaw>
        <becamePublicLaw>2</becamePublicLaw>
        <signedByPresidentOrSentToArchivistOfTheUnitedStatesUnsignedOrVetoedByPresidentOrPocketVetoedByPresident>1</signedByPresidentOrSentToArchivistOfTheUnitedStatesUnsignedOrVetoedByPresidentOrPocketVetoedByPresident>
        <presentedToPresident>2</presentedToPresident>
        <motionToReconsiderResults>1</motionToReconsiderResults>
        <passageOfAMeasure>1</passageOfAMeasure>
        <passedAgreedToInHouse>1</passedAgreedToInHouse>
        <considerationByHouse>1</considerationByHouse>
        <unanimousConsentRequestToConsider>1</unanimousConsentRequestToConsider>
        <heldAtTheDesk>1</heldAtTheDesk>
        <receivedInTheHouse>1</receivedInTheHouse>
        <sentToHouse>1</sentToHouse>
        <passedOrAgreedToInSenateDayOf>1</passedOrAgreedToInSenateDayOf>
        <passedAgreedToInSenate>1</passedAgreedToInSenate>
        <introducedInSenate>1</introducedInSenate>
      </actionTypeCounts>
      <actionByCounts>
        <houseOfRepresentatives>7</houseOfRepresentatives>
        <senate>4</senate>
      </actionByCounts>
    </actions>
    <sponsors>
      <item>
        <bioguideId>B001310</bioguideId>
        <fullName>Sen. Braun, Mike  [R-IN]</fullName>
        <firstName>Mike</firstName>
        <middleName />
        <lastName>Braun</lastName>
        <party>R</party>
        <state>IN</state>
        <identifiers>
          <lisID>2462</lisID>
          <bioguideId>B001310</bioguideId>
          <gpoId />
        </identifiers>
        <byRequestType />
      </item>
    </sponsors>
    <cosponsors>
      <item>
        <bioguideId>C001088</bioguideId>
        <fullName>Sen. Coons, Christopher A. [D-DE]</fullName>
        <firstName>Christopher</firstName>
        <middleName>A.</middleName>
        <lastName>Coons</lastName>
        <party>D</party>
        <state>DE</state>
        <identifiers>
          <lisID>1984</lisID>
          <bioguideId>C001088</bioguideId>
          <gpoId>8297</gpoId>
        </identifiers>
        <sponsorshipDate>2021-03-03</sponsorshipDate>
        <isOriginalCosponsor>True</isOriginalCosponsor>
        <sponsorshipWithdrawnDate />
      </item>
      <item>
        <bioguideId>C001095</bioguideId>
        <fullName>Sen. Cotton, Tom [R-AR]</fullName>
        <firstName>Tom</firstName>
        <middleName />
        <lastName>Cotton</lastName>
        <party>R</party>
        <state>AR</state>
        <identifiers>
          <lisID>2098</lisID>
          <bioguideId>C001095</bioguideId>
          <gpoId />
        </identifiers>
        <sponsorshipDate>2021-03-03</sponsorshipDate>
        <isOriginalCosponsor>True</isOriginalCosponsor>
        <sponsorshipWithdrawnDate />
      </item>
      <item>
        <bioguideId>W000802</bioguideId>
        <fullName>Sen. Whitehouse, Sheldon [D-RI]</fullName>
        <firstName>Sheldon</firstName>
        <middleName />
        <lastName>Whitehouse</lastName>
        <party>D</party>
        <state>RI</state>
        <identifiers>
          <lisID>1823</lisID>
          <bioguideId>W000802</bioguideId>
          <gpoId>8264</gpoId>
        </identifiers>
        <sponsorshipDate>2021-03-03</sponsorshipDate>
        <isOriginalCosponsor>True</isOriginalCosponsor>
        <sponsorshipWithdrawnDate />
      </item>
    </cosponsors>
    <cboCostEstimates />
    <laws>
      <item>
        <type>Public Law</type>
        <number>117-3</number>
      </item>
    </laws>
    <notes />
    <policyArea>
      <name>Social Welfare</name>
    </policyArea>
    <subjects>
      <billSubjects>
        <legislativeSubjects>
          <item>
            <name>Disability assistance</name>
          </item>
          <item>
            <name>Neurological disorders</name>
          </item>
        </legislativeSubjects>
        <policyArea>
          <name>Social Welfare</name>
        </policyArea>
      </billSubjects>
    </subjects>
    <summaries>
      <billSummaries>
        <item>
          <versionCode>00</versionCode>
          <actionDate>2021-03-03</actionDate>
          <actionDesc>Introduced in Senate</actionDesc>
          <lastSummaryUpdateDate>2021-04-07T14:28:35Z</lastSummaryUpdateDate>
          <text><![CDATA[<p>This bill retroactively eliminates the waiting period for Social Security Disability Insurance (SSDI) benefits for certain individuals with amyotrophic lateral sclerosis (ALS). Commonly known as Lou Gehrig's Disease, ALS is a progressive neurodegenerative disease that affects nerve cells in the brain and spinal cord.</p> <p>Under current law, most SSDI recipients must wait five months after becoming disabled before their benefit payments may begin. The ALS Disability Insurance Access Act of 2019 eliminated the waiting period for individuals with ALS but only covers individuals who apply for benefits after the date of enactment (December 20, 2020). As a result, individuals with ALS who applied for SSDI benefits in the five months before that date are still subject to the waiting period. This bill eliminates the waiting period for those individuals.</p>]]></text>
          <updateDate>2021-03-03T05:00:00Z</updateDate>
          <name>Introduced in Senate</name>
        </item>
        <item>
          <versionCode>55</versionCode>
          <actionDate>2021-03-03</actionDate>
          <actionDesc>Passed Senate</actionDesc>
          <lastSummaryUpdateDate>2021-04-07T16:21:44Z</lastSummaryUpdateDate>
          <text><![CDATA[<p>This bill retroactively eliminates the waiting period for Social Security Disability Insurance (SSDI) benefits for certain individuals with amyotrophic lateral sclerosis (ALS). Commonly known as Lou Gehrig's Disease, ALS is a progressive neurodegenerative disease that affects nerve cells in the brain and spinal cord.</p> <p>Under current law, most SSDI recipients must wait five months after becoming disabled before their benefit payments may begin. The ALS Disability Insurance Access Act of 2019 eliminated the waiting period for individuals with ALS but only covers individuals who apply for benefits after the date of enactment (December 20, 2020). As a result, individuals with ALS who applied for SSDI benefits in the five months before that date are still subject to the waiting period. This bill eliminates the waiting period for those individuals.</p>]]></text>
          <updateDate>2021-03-03T14:30:43Z</updateDate>
          <name>Passed Senate</name>
        </item>
        <item>
          <versionCode>53</versionCode>
          <actionDate>2021-03-11</actionDate>
          <actionDesc>Passed House</actionDesc>
          <lastSummaryUpdateDate>2021-04-07T19:23:10Z</lastSummaryUpdateDate>
          <text><![CDATA[<p>This bill retroactively eliminates the waiting period for Social Security Disability Insurance (SSDI) benefits for certain individuals with amyotrophic lateral sclerosis (ALS). Commonly known as Lou Gehrig's Disease, ALS is a progressive neurodegenerative disease that affects nerve cells in the brain and spinal cord.</p> <p>Under current law, most SSDI recipients must wait five months after becoming disabled before their benefit payments may begin. The ALS Disability Insurance Access Act of 2019 eliminated the waiting period for individuals with ALS but only covers individuals who apply for benefits after the date of enactment (December 20, 2020). As a result, individuals with ALS who applied for SSDI benefits in the five months before that date are still subject to the waiting period. This bill eliminates the waiting period for those individuals.</p>]]></text>
          <updateDate>2021-03-11T14:13:27Z</updateDate>
          <name>Passed House</name>
        </item>
        <item>
          <versionCode>49</versionCode>
          <actionDate>2021-03-23</actionDate>
          <actionDesc>Public Law</actionDesc>
          <lastSummaryUpdateDate>2021-04-08T17:29:09Z</lastSummaryUpdateDate>
          <text><![CDATA[<p>This bill retroactively eliminates the waiting period for Social Security Disability Insurance (SSDI) benefits for certain individuals with amyotrophic lateral sclerosis (ALS). Commonly known as Lou Gehrig's Disease, ALS is a progressive neurodegenerative disease that affects nerve cells in the brain and spinal cord.</p> <p>Under current law, most SSDI recipients must wait five months after becoming disabled before their benefit payments may begin. The ALS Disability Insurance Access Act of 2019 eliminated the waiting period for individuals with ALS but only covers individuals who apply for benefits after the date of enactment (December 20, 2020). As a result, individuals with ALS who applied for SSDI benefits in the five months before that date are still subject to the waiting period. This bill eliminates the waiting period for those individuals.</p>]]></text>
          <updateDate>2021-03-24T03:59:58Z</updateDate>
          <name>Public Law</name>
        </item>
      </billSummaries>
    </summaries>
    <title>A bill to make a technical correction to the ALS Disability Insurance Access Act of 2019.</title>
    <titles>
      <item>
        <titleType>Official Title as Introduced</titleType>
        <parentTitleType />
        <title>A bill to make a technical correction to the ALS Disability Insurance Access Act of 2019.</title>
        <chamberCode />
        <chamberName />
      </item>
      <item>
        <titleType>Display Title</titleType>
        <parentTitleType />
        <title>A bill to make a technical correction to the ALS Disability Insurance Access Act of 2019.</title>
        <chamberCode />
        <chamberName />
      </item>
    </titles>
    <amendments />
    <textVersions>
      <item>
        <type>Enrolled Bill</type>
        <date />
        <formats>
          <item>
            <url>https://www.govinfo.gov/content/pkg/BILLS-117s579enr/xml/BILLS-117s579enr.xml</url>
          </item>
        </formats>
      </item>
      <item>
        <type>Engrossed in Senate</type>
        <date>2021-03-03T05:00:00Z</date>
        <formats>
          <item>
            <url>https://www.govinfo.gov/content/pkg/BILLS-117s579es/xml/BILLS-117s579es.xml</url>
          </item>
        </formats>
      </item>
      <item>
        <type>Considered and Passed Senate</type>
        <date>2021-03-03T05:00:00Z</date>
        <formats>
          <item>
            <url>https://www.govinfo.gov/content/pkg/BILLS-117s579cps/xml/BILLS-117s579cps.xml</url>
          </item>
        </formats>
      </item>
    </textVersions>
    <latestAction>
      <actionDate>2021-03-23</actionDate>
      <text>Became Public Law No: 117-3.</text>
      <links />
    </latestAction>
    <calendarNumbers />
    <version>1.0.0</version>
  </bill>
  <dublinCore xmlns:dc="http://purl.org/dc/elements/1.1/">
    <dc:format>text/xml</dc:format>
    <dc:language>EN</dc:language>
    <dc:rights>Pursuant to Title 17 Section 105 of the United States Code, this file is not subject to copyright protection and is in the public domain.</dc:rights>
    <dc:contributor>Congressional Research Service, Library of Congress</dc:contributor>
    <dc:description>This file contains bill summaries and statuses for federal legislation. A bill summary describes the most significant provisions of a piece of legislation and details the effects the legislative text may have on current law and federal programs. Bill summaries are authored by the Congressional Research Service (CRS) of the Library of Congress. As stated in Public Law 91-510 (2 USC 166 (d)(6)), one of the duties of CRS is "to prepare summaries and digests of bills and resolutions of a public general nature introduced in the Senate or House of Representatives". For more information, refer to the User Guide that accompanies this file.</dc:description>
  </dublinCore>
</billStatus>

