<?xml version="1.0" encoding="UTF-8"?>
<billStatus>
  <bill>
    <billNumber>173</billNumber>
    <createDate>2019-01-04T13:32:55Z</createDate>
    <updateDate>2020-07-13T18:52:12Z</updateDate>
    <originChamber>House</originChamber>
    <billType>HR</billType>
    <introducedDate>2019-01-03</introducedDate>
    <congress>116</congress>
    <constitutionalAuthorityStatementText><![CDATA[<pre>[Congressional Record Volume 165, Number 1 (Thursday, January 3, 2019)][House]From the Congressional Record Online through the Government Publishing Office [<a href="http://www.gpo.gov">www.gpo.gov</a>]By Mr. GRIFFITH:H.R. 173.Congress has the power to enact this legislation pursuantto the following:Article I, Section 8, Clause 18 of the United StatesConstitution.[Page H216]</pre>]]></constitutionalAuthorityStatementText>
    <recordedVotes />
    <committees>
      <billCommittees>
        <item>
          <systemCode>hsif00</systemCode>
          <name>Energy and Commerce Committee</name>
          <chamber>House</chamber>
          <type>Standing</type>
          <subcommittees>
            <item>
              <systemCode>hsif03</systemCode>
              <name>Energy Subcommittee</name>
              <activities>
                <item>
                  <name>Referred to</name>
                  <date>2019-01-25T18:07:20Z</date>
                </item>
              </activities>
            </item>
          </subcommittees>
          <activities>
            <item>
              <name>Referred to</name>
              <date>2019-01-03T16:24:30Z</date>
            </item>
          </activities>
        </item>
      </billCommittees>
    </committees>
    <committeeReports />
    <relatedBills />
    <actions>
      <item>
        <actionDate>2019-01-25</actionDate>
        <committees>
          <item>
            <systemCode>hsif03</systemCode>
            <name>Energy Subcommittee</name>
          </item>
        </committees>
        <links />
        <sourceSystem>
          <code>1</code>
          <name>House committee actions</name>
        </sourceSystem>
        <text>Referred to the Subcommittee on Energy.</text>
        <type>Committee</type>
      </item>
      <item>
        <actionDate>2019-01-03</actionDate>
        <links />
        <text>Referred to the House Committee on Energy and Commerce.</text>
        <type>IntroReferral</type>
        <actionCode>H11100</actionCode>
        <sourceSystem>
          <code>2</code>
          <name>House floor actions</name>
        </sourceSystem>
        <committees>
          <item>
            <systemCode>hsif00</systemCode>
            <name>Energy and Commerce Committee</name>
          </item>
        </committees>
      </item>
      <item>
        <actionDate>2019-01-03</actionDate>
        <links />
        <text>Introduced in House</text>
        <type>IntroReferral</type>
        <actionCode>Intro-H</actionCode>
        <sourceSystem>
          <code>9</code>
          <name>Library of Congress</name>
        </sourceSystem>
        <committees />
      </item>
      <item>
        <actionDate>2019-01-03</actionDate>
        <links />
        <text>Introduced in House</text>
        <type>IntroReferral</type>
        <actionCode>1000</actionCode>
        <sourceSystem>
          <code>9</code>
          <name>Library of Congress</name>
        </sourceSystem>
        <committees />
      </item>
      <actionTypeCounts>
        <placeholderTextForH>1</placeholderTextForH>
        <billReferrals>1</billReferrals>
        <introducedInTheHouse>1</introducedInTheHouse>
        <introducedInHouse>1</introducedInHouse>
      </actionTypeCounts>
      <actionByCounts>
        <houseOfRepresentatives>4</houseOfRepresentatives>
      </actionByCounts>
    </actions>
    <sponsors>
      <item>
        <bioguideId>G000568</bioguideId>
        <fullName>Rep. Griffith, H. Morgan [R-VA-9]</fullName>
        <firstName>H.</firstName>
        <middleName>Morgan</middleName>
        <lastName>Griffith</lastName>
        <party>R</party>
        <state>VA</state>
        <identifiers>
          <lisID>2070</lisID>
          <bioguideId>G000568</bioguideId>
          <gpoId>8200</gpoId>
        </identifiers>
        <district>9</district>
        <byRequestType />
      </item>
    </sponsors>
    <cosponsors>
      <item>
        <bioguideId>C001118</bioguideId>
        <fullName>Rep. Cline, Ben [R-VA-6]</fullName>
        <firstName>Ben</firstName>
        <middleName />
        <lastName>Cline</lastName>
        <party>R</party>
        <state>VA</state>
        <identifiers>
          <lisID>2455</lisID>
          <bioguideId>C001118</bioguideId>
          <gpoId />
        </identifiers>
        <district>6</district>
        <sponsorshipDate>2019-02-05</sponsorshipDate>
        <isOriginalCosponsor>False</isOriginalCosponsor>
        <sponsorshipWithdrawnDate />
      </item>
      <item>
        <bioguideId>K000382</bioguideId>
        <fullName>Rep. Kuster, Ann M. [D-NH-2]</fullName>
        <firstName>Ann</firstName>
        <middleName>M.</middleName>
        <lastName>Kuster</lastName>
        <party>D</party>
        <state>NH</state>
        <identifiers>
          <lisID>2145</lisID>
          <bioguideId>K000382</bioguideId>
          <gpoId />
        </identifiers>
        <district>2</district>
        <sponsorshipDate>2020-06-15</sponsorshipDate>
        <isOriginalCosponsor>False</isOriginalCosponsor>
        <sponsorshipWithdrawnDate />
      </item>
    </cosponsors>
    <cboCostEstimates />
    <laws />
    <notes />
    <policyArea>
      <name>Energy</name>
    </policyArea>
    <subjects>
      <billSubjects>
        <legislativeSubjects>
          <item>
            <name>Environmental assessment, monitoring, research</name>
          </item>
          <item>
            <name>Federal Energy Regulatory Commission (FERC)</name>
          </item>
          <item>
            <name>Forests, forestry, trees</name>
          </item>
          <item>
            <name>Land use and conservation</name>
          </item>
          <item>
            <name>Oil and gas</name>
          </item>
          <item>
            <name>Parks, recreation areas, trails</name>
          </item>
          <item>
            <name>Pipelines</name>
          </item>
          <item>
            <name>Property rights</name>
          </item>
          <item>
            <name>Public participation and lobbying</name>
          </item>
        </legislativeSubjects>
        <policyArea>
          <name>Energy</name>
        </policyArea>
      </billSubjects>
    </subjects>
    <summaries>
      <billSummaries>
        <item>
          <versionCode>00</versionCode>
          <actionDate>2019-01-03</actionDate>
          <actionDesc>Introduced in House</actionDesc>
          <lastSummaryUpdateDate>2019-07-19T16:29:22Z</lastSummaryUpdateDate>
          <text><![CDATA[<p><b>Pipeline Fairness and Transparency Act</b></p> <p>This bill addresses eminent domain, environmental review for interstate natural gas pipeline projects, and the visual impacts of natural gas pipeline projects on national scenic trails.</p> <p>The bill revises the process for environmental reviews of natural gas projects. The Federal Energy Regulatory Commission (FERC)must prepare a supplement to a draft or final environmental impact statement if (1)FERC makes a substantial change in the proposed action that is relevant to environmental concerns, or (2) there are significant new circumstances relevant to environmental concerns.FERC must also hold public meetings in each county (or equivalent subdivision) in which a project is to be located.</p> <p>Additionally, in an environmental impact statement, an evaluation of the visual impacts of a project on a national scenic trail must include a cumulative analysis of the visual impacts of the project and similar proposed projects.</p>]]></text>
          <updateDate>2019-01-03T05:00:00Z</updateDate>
          <name>Introduced in House</name>
        </item>
      </billSummaries>
    </summaries>
    <title>Pipeline Fairness and Transparency Act</title>
    <titles>
      <item>
        <titleType>Official Title as Introduced</titleType>
        <parentTitleType />
        <title>To amend the Natural Gas Act to bolster fairness and transparency in consideration of interstate natural gas pipelines, to provide for greater public input opportunities, and for other purposes.</title>
        <chamberCode />
        <chamberName />
      </item>
      <item>
        <titleType>Short Titles as Introduced</titleType>
        <parentTitleType />
        <title>Pipeline Fairness and Transparency Act</title>
        <chamberCode />
        <chamberName />
      </item>
      <item>
        <titleType>Display Title</titleType>
        <parentTitleType />
        <title>Pipeline Fairness and Transparency Act</title>
        <chamberCode />
        <chamberName />
      </item>
      <item>
        <titleType>(Extracted from GPO) Short Titles as Introduced</titleType>
        <parentTitleType />
        <title>Pipeline Fairness and Transparency Act</title>
        <chamberCode />
        <chamberName />
      </item>
    </titles>
    <amendments />
    <textVersions>
      <item>
        <type>Introduced in House</type>
        <date>2019-01-03T05:00:00Z</date>
        <formats>
          <item>
            <url>https://www.govinfo.gov/content/pkg/BILLS-116hr173ih/xml/BILLS-116hr173ih.xml</url>
          </item>
        </formats>
      </item>
    </textVersions>
    <latestAction>
      <actionDate>2019-01-25</actionDate>
      <text>Referred to the Subcommittee on Energy.</text>
      <links />
    </latestAction>
    <calendarNumbers />
    <version>1.0.0</version>
  </bill>
  <dublinCore xmlns:dc="http://purl.org/dc/elements/1.1/">
    <dc:format>text/xml</dc:format>
    <dc:language>EN</dc:language>
    <dc:rights>Pursuant to Title 17 Section 105 of the United States Code, this file is not subject to copyright protection and is in the public domain.</dc:rights>
    <dc:contributor>Congressional Research Service, Library of Congress</dc:contributor>
    <dc:description>This file contains bill summaries and statuses for federal legislation. A bill summary describes the most significant provisions of a piece of legislation and details the effects the legislative text may have on current law and federal programs. Bill summaries are authored by the Congressional Research Service (CRS) of the Library of Congress. As stated in Public Law 91-510 (2 USC 166 (d)(6)), one of the duties of CRS is "to prepare summaries and digests of bills and resolutions of a public general nature introduced in the Senate or House of Representatives". For more information, refer to the User Guide that accompanies this file.</dc:description>
  </dublinCore>
</billStatus>

