<?xml version="1.0" encoding="UTF-8"?>
<billStatus>
  <bill>
    <billNumber>151</billNumber>
    <createDate>2019-01-04T13:32:54Z</createDate>
    <updateDate>2021-06-11T22:05:39Z</updateDate>
    <originChamber>House</originChamber>
    <billType>HR</billType>
    <introducedDate>2019-01-03</introducedDate>
    <congress>116</congress>
    <constitutionalAuthorityStatementText><![CDATA[<pre>[Congressional Record Volume 165, Number 1 (Thursday, January 3, 2019)][House]From the Congressional Record Online through the Government Publishing Office [<a href="http://www.gpo.gov">www.gpo.gov</a>]By Mr. DUNCAN:H.R. 151.Congress has the power to enact this legislation pursuantto the following:Article I, Section 8, Clause 18 to make all Laws whichshall be necessary and proper for carrying into Execution theforegoing Powers, and all other Powers vested by thisConstitution in the Government of the United States, or inany Department or Officer thereof.[Page H215]</pre>]]></constitutionalAuthorityStatementText>
    <recordedVotes />
    <committees>
      <billCommittees>
        <item>
          <systemCode>hsgo00</systemCode>
          <name>Oversight and Reform Committee</name>
          <chamber>House</chamber>
          <type>Standing</type>
          <subcommittees />
          <activities>
            <item>
              <name>Referred to</name>
              <date>2019-01-03T16:12:40Z</date>
            </item>
          </activities>
        </item>
      </billCommittees>
    </committees>
    <committeeReports />
    <relatedBills />
    <actions>
      <item>
        <actionDate>2019-01-03</actionDate>
        <links />
        <text>Referred to the House Committee on Oversight and Reform.</text>
        <type>IntroReferral</type>
        <actionCode>H11100</actionCode>
        <sourceSystem>
          <code>2</code>
          <name>House floor actions</name>
        </sourceSystem>
        <committees>
          <item>
            <systemCode>hsgo00</systemCode>
            <name>Oversight and Reform Committee</name>
          </item>
        </committees>
      </item>
      <item>
        <actionDate>2019-01-03</actionDate>
        <links />
        <text>Introduced in House</text>
        <type>IntroReferral</type>
        <actionCode>Intro-H</actionCode>
        <sourceSystem>
          <code>9</code>
          <name>Library of Congress</name>
        </sourceSystem>
        <committees />
      </item>
      <item>
        <actionDate>2019-01-03</actionDate>
        <links />
        <text>Introduced in House</text>
        <type>IntroReferral</type>
        <actionCode>1000</actionCode>
        <sourceSystem>
          <code>9</code>
          <name>Library of Congress</name>
        </sourceSystem>
        <committees />
      </item>
      <actionTypeCounts>
        <billReferrals>1</billReferrals>
        <introducedInTheHouse>1</introducedInTheHouse>
        <introducedInHouse>1</introducedInHouse>
      </actionTypeCounts>
      <actionByCounts>
        <houseOfRepresentatives>3</houseOfRepresentatives>
      </actionByCounts>
    </actions>
    <sponsors>
      <item>
        <bioguideId>D000615</bioguideId>
        <fullName>Rep. Duncan, Jeff [R-SC-3]</fullName>
        <firstName>Jeff</firstName>
        <middleName />
        <lastName>Duncan</lastName>
        <party>R</party>
        <state>SC</state>
        <identifiers>
          <lisID>2057</lisID>
          <bioguideId>D000615</bioguideId>
          <gpoId>8143</gpoId>
        </identifiers>
        <district>3</district>
        <byRequestType />
      </item>
    </sponsors>
    <cosponsors>
      <item>
        <bioguideId>N000190</bioguideId>
        <fullName>Rep. Norman, Ralph [R-SC-5]</fullName>
        <firstName>Ralph</firstName>
        <middleName />
        <lastName>Norman</lastName>
        <party>R</party>
        <state>SC</state>
        <identifiers>
          <lisID>2361</lisID>
          <bioguideId>N000190</bioguideId>
          <gpoId />
        </identifiers>
        <district>5</district>
        <sponsorshipDate>2019-01-03</sponsorshipDate>
        <isOriginalCosponsor>True</isOriginalCosponsor>
        <sponsorshipWithdrawnDate />
      </item>
      <item>
        <bioguideId>K000362</bioguideId>
        <fullName>Rep. King, Steve [R-IA-4]</fullName>
        <firstName>Steve</firstName>
        <middleName />
        <lastName>King</lastName>
        <party>R</party>
        <state>IA</state>
        <identifiers>
          <lisID>1724</lisID>
          <bioguideId>K000362</bioguideId>
          <gpoId>7918</gpoId>
        </identifiers>
        <district>4</district>
        <sponsorshipDate>2019-01-03</sponsorshipDate>
        <isOriginalCosponsor>True</isOriginalCosponsor>
        <sponsorshipWithdrawnDate />
      </item>
      <item>
        <bioguideId>B001302</bioguideId>
        <fullName>Rep. Biggs, Andy [R-AZ-5]</fullName>
        <firstName>Andy</firstName>
        <middleName />
        <lastName>Biggs</lastName>
        <party>R</party>
        <state>AZ</state>
        <identifiers>
          <lisID>2307</lisID>
          <bioguideId>B001302</bioguideId>
          <gpoId />
        </identifiers>
        <district>5</district>
        <sponsorshipDate>2019-01-03</sponsorshipDate>
        <isOriginalCosponsor>True</isOriginalCosponsor>
        <sponsorshipWithdrawnDate />
      </item>
      <item>
        <bioguideId>H001071</bioguideId>
        <fullName>Rep. Hice, Jody B. [R-GA-10]</fullName>
        <firstName>Jody</firstName>
        <middleName>B.</middleName>
        <lastName>Hice</lastName>
        <party>R</party>
        <state>GA</state>
        <identifiers>
          <lisID>2237</lisID>
          <bioguideId>H001071</bioguideId>
          <gpoId />
        </identifiers>
        <district>10</district>
        <sponsorshipDate>2019-01-03</sponsorshipDate>
        <isOriginalCosponsor>True</isOriginalCosponsor>
        <sponsorshipWithdrawnDate />
      </item>
      <item>
        <bioguideId>L000589</bioguideId>
        <fullName>Rep. Lesko, Debbie [R-AZ-8]</fullName>
        <firstName>Debbie</firstName>
        <middleName />
        <lastName>Lesko</lastName>
        <party>R</party>
        <state>AZ</state>
        <identifiers>
          <lisID>2368</lisID>
          <bioguideId>L000589</bioguideId>
          <gpoId />
        </identifiers>
        <district>8</district>
        <sponsorshipDate>2019-01-03</sponsorshipDate>
        <isOriginalCosponsor>True</isOriginalCosponsor>
        <sponsorshipWithdrawnDate />
      </item>
      <item>
        <bioguideId>P000599</bioguideId>
        <fullName>Rep. Posey, Bill [R-FL-8]</fullName>
        <firstName>Bill</firstName>
        <middleName />
        <lastName>Posey</lastName>
        <party>R</party>
        <state>FL</state>
        <identifiers>
          <lisID>1915</lisID>
          <bioguideId>P000599</bioguideId>
          <gpoId>7887</gpoId>
        </identifiers>
        <district>8</district>
        <sponsorshipDate>2019-01-03</sponsorshipDate>
        <isOriginalCosponsor>True</isOriginalCosponsor>
        <sponsorshipWithdrawnDate />
      </item>
      <item>
        <bioguideId>M001187</bioguideId>
        <fullName>Rep. Meadows, Mark [R-NC-11]</fullName>
        <firstName>Mark</firstName>
        <middleName />
        <lastName>Meadows</lastName>
        <party>R</party>
        <state>NC</state>
        <identifiers>
          <lisID>2142</lisID>
          <bioguideId>M001187</bioguideId>
          <gpoId />
        </identifiers>
        <district>11</district>
        <sponsorshipDate>2019-01-03</sponsorshipDate>
        <isOriginalCosponsor>True</isOriginalCosponsor>
        <sponsorshipWithdrawnDate />
      </item>
      <item>
        <bioguideId>W000814</bioguideId>
        <fullName>Rep. Weber, Randy K., Sr. [R-TX-14]</fullName>
        <firstName>Randy</firstName>
        <middleName>K.</middleName>
        <lastName>Weber</lastName>
        <party>R</party>
        <state>TX</state>
        <identifiers>
          <lisID>2161</lisID>
          <bioguideId>W000814</bioguideId>
          <gpoId />
        </identifiers>
        <district>14</district>
        <sponsorshipDate>2019-01-03</sponsorshipDate>
        <isOriginalCosponsor>True</isOriginalCosponsor>
        <sponsorshipWithdrawnDate />
      </item>
      <item>
        <bioguideId>G000590</bioguideId>
        <fullName>Rep. Green, Mark E. [R-TN-7]</fullName>
        <firstName>Mark</firstName>
        <middleName>E.</middleName>
        <lastName>Green</lastName>
        <party>R</party>
        <state>TN</state>
        <identifiers>
          <lisID>2442</lisID>
          <bioguideId>G000590</bioguideId>
          <gpoId />
        </identifiers>
        <district>7</district>
        <sponsorshipDate>2019-01-22</sponsorshipDate>
        <isOriginalCosponsor>False</isOriginalCosponsor>
        <sponsorshipWithdrawnDate />
      </item>
      <item>
        <bioguideId>R000597</bioguideId>
        <fullName>Rep. Rice, Tom [R-SC-7]</fullName>
        <firstName>Tom</firstName>
        <middleName />
        <lastName>Rice</lastName>
        <party>R</party>
        <state>SC</state>
        <identifiers>
          <lisID>2160</lisID>
          <bioguideId>R000597</bioguideId>
          <gpoId />
        </identifiers>
        <district>7</district>
        <sponsorshipDate>2019-03-07</sponsorshipDate>
        <isOriginalCosponsor>False</isOriginalCosponsor>
        <sponsorshipWithdrawnDate />
      </item>
      <item>
        <bioguideId>S001195</bioguideId>
        <fullName>Rep. Smith, Jason [R-MO-8]</fullName>
        <firstName>Jason</firstName>
        <middleName />
        <lastName>Smith</lastName>
        <party>R</party>
        <state>MO</state>
        <identifiers>
          <lisID>2191</lisID>
          <bioguideId>S001195</bioguideId>
          <gpoId />
        </identifiers>
        <district>8</district>
        <sponsorshipDate>2019-11-18</sponsorshipDate>
        <isOriginalCosponsor>False</isOriginalCosponsor>
        <sponsorshipWithdrawnDate />
      </item>
      <item>
        <bioguideId>B001305</bioguideId>
        <fullName>Rep. Budd, Ted [R-NC-13]</fullName>
        <firstName>Ted</firstName>
        <middleName />
        <lastName>Budd</lastName>
        <party>R</party>
        <state>NC</state>
        <identifiers>
          <lisID>2336</lisID>
          <bioguideId>B001305</bioguideId>
          <gpoId />
        </identifiers>
        <district>13</district>
        <sponsorshipDate>2020-02-27</sponsorshipDate>
        <isOriginalCosponsor>False</isOriginalCosponsor>
        <sponsorshipWithdrawnDate />
      </item>
    </cosponsors>
    <cboCostEstimates />
    <laws />
    <notes />
    <policyArea>
      <name>Government Operations and Politics</name>
    </policyArea>
    <subjects>
      <billSubjects>
        <legislativeSubjects>
          <item>
            <name>Census and government statistics</name>
          </item>
          <item>
            <name>Citizenship and naturalization</name>
          </item>
          <item>
            <name>Elections, voting, political campaign regulation</name>
          </item>
          <item>
            <name>Government information and archives</name>
          </item>
          <item>
            <name>Immigration status and procedures</name>
          </item>
          <item>
            <name>State and local government operations</name>
          </item>
          <item>
            <name>Voting rights</name>
          </item>
        </legislativeSubjects>
        <policyArea>
          <name>Government Operations and Politics</name>
        </policyArea>
      </billSubjects>
    </subjects>
    <summaries>
      <billSummaries>
        <item>
          <versionCode>00</versionCode>
          <actionDate>2019-01-03</actionDate>
          <actionDesc>Introduced in House</actionDesc>
          <lastSummaryUpdateDate>2019-01-18T22:49:22Z</lastSummaryUpdateDate>
          <text><![CDATA[<p><STRONG>Eliminating Foreign Intervention in Elections Act</STRONG></p> <p>This bill prohibits federal funds from being used to make payments to local governments that permit noncitizens to vote in state or local elections.</p>]]></text>
          <updateDate>2019-01-03T05:00:00Z</updateDate>
          <name>Introduced in House</name>
        </item>
      </billSummaries>
    </summaries>
    <title>Eliminating Foreign Intervention in Elections Act</title>
    <titles>
      <item>
        <titleType>Short Title(s) as Introduced</titleType>
        <parentTitleType>Short Title</parentTitleType>
        <title>Eliminating Foreign Intervention in Elections Act</title>
        <chamberCode />
        <chamberName />
      </item>
      <item>
        <titleType>Official Title as Introduced</titleType>
        <parentTitleType />
        <title>To prohibit Federal payments to a unit of local government that allows individuals who are not citizens of the United States to vote in elections for State or local office, and for other purposes.</title>
        <chamberCode />
        <chamberName />
      </item>
      <item>
        <titleType>Display Title</titleType>
        <parentTitleType />
        <title>Eliminating Foreign Intervention in Elections Act</title>
        <chamberCode />
        <chamberName />
      </item>
    </titles>
    <amendments />
    <textVersions>
      <item>
        <type>Introduced in House</type>
        <date>2019-01-03T05:00:00Z</date>
        <formats>
          <item>
            <url>https://www.govinfo.gov/content/pkg/BILLS-116hr151ih/xml/BILLS-116hr151ih.xml</url>
          </item>
        </formats>
      </item>
    </textVersions>
    <latestAction>
      <actionDate>2019-01-03</actionDate>
      <text>Referred to the House Committee on Oversight and Reform.</text>
      <links />
    </latestAction>
    <calendarNumbers />
    <version>1.0.0</version>
  </bill>
  <dublinCore xmlns:dc="http://purl.org/dc/elements/1.1/">
    <dc:format>text/xml</dc:format>
    <dc:language>EN</dc:language>
    <dc:rights>Pursuant to Title 17 Section 105 of the United States Code, this file is not subject to copyright protection and is in the public domain.</dc:rights>
    <dc:contributor>Congressional Research Service, Library of Congress</dc:contributor>
    <dc:description>This file contains bill summaries and statuses for federal legislation. A bill summary describes the most significant provisions of a piece of legislation and details the effects the legislative text may have on current law and federal programs. Bill summaries are authored by the Congressional Research Service (CRS) of the Library of Congress. As stated in Public Law 91-510 (2 USC 166 (d)(6)), one of the duties of CRS is "to prepare summaries and digests of bills and resolutions of a public general nature introduced in the Senate or House of Representatives". For more information, refer to the User Guide that accompanies this file.</dc:description>
  </dublinCore>
</billStatus>

