<?xml version="1.0" encoding="UTF-8"?>
<billStatus>
  <bill>
    <billNumber>450</billNumber>
    <createDate>2019-01-11T08:10:16Z</createDate>
    <updateDate>2021-09-24T13:17:48Z</updateDate>
    <originChamber>House</originChamber>
    <billType>HR</billType>
    <introducedDate>2019-01-10</introducedDate>
    <congress>116</congress>
    <constitutionalAuthorityStatementText><![CDATA[<pre>[Congressional Record Volume 165, Number 5 (Thursday, January 10, 2019)][House]From the Congressional Record Online through the Government Publishing Office [<a href="http://www.gpo.gov">www.gpo.gov</a>]By Mr. DEUTCH:H.R. 450.Congress has the power to enact this legislation pursuantto the following:Article I, Section 8. To make all laws which shall benecessary and proper for carrying into execution theforegoing powers, and all other powers vested by thisConstitution in the government of the United States, or inany department or officer thereof.[Page H464]</pre>]]></constitutionalAuthorityStatementText>
    <recordedVotes>
      <recordedVote>
        <rollNumber>70</rollNumber>
        <url>https://clerk.house.gov/evs/2019/roll070.xml</url>
        <fullActionName>Final Passage Under Suspension of the Rules Results</fullActionName>
        <chamber>House</chamber>
        <congress>116</congress>
        <date>2019-02-07T19:53:25Z</date>
        <sessionNumber>1</sessionNumber>
      </recordedVote>
    </recordedVotes>
    <committees>
      <billCommittees>
        <item>
          <systemCode>ssju00</systemCode>
          <name>Judiciary Committee</name>
          <chamber>Senate</chamber>
          <type>Standing</type>
          <subcommittees />
          <activities>
            <item>
              <name>Referred to</name>
              <date>2019-02-11T20:50:33Z</date>
            </item>
          </activities>
        </item>
        <item>
          <systemCode>hsju00</systemCode>
          <name>Judiciary Committee</name>
          <chamber>House</chamber>
          <type>Standing</type>
          <subcommittees />
          <activities>
            <item>
              <name>Referred to</name>
              <date>2019-01-10T15:01:15Z</date>
            </item>
          </activities>
        </item>
      </billCommittees>
    </committees>
    <committeeReports />
    <relatedBills />
    <actions>
      <item>
        <actionDate>2019-02-11</actionDate>
        <committees>
          <item>
            <systemCode>ssju00</systemCode>
            <name>Judiciary Committee</name>
          </item>
        </committees>
        <links />
        <sourceSystem>
          <code>0</code>
          <name>Senate</name>
        </sourceSystem>
        <text>Received in the Senate and Read twice and referred to the Committee on the Judiciary.</text>
        <type>IntroReferral</type>
      </item>
      <item>
        <actionDate>2019-02-07</actionDate>
        <actionTime>14:53:26</actionTime>
        <links />
        <text>Motion to reconsider laid on the table Agreed to without objection.</text>
        <type>Floor</type>
        <actionCode>H38310</actionCode>
        <sourceSystem>
          <code>2</code>
          <name>House floor actions</name>
        </sourceSystem>
        <committees />
      </item>
      <item>
        <actionDate>2019-02-07</actionDate>
        <actionTime>14:53:25</actionTime>
        <links />
        <text>On motion to suspend the rules and pass the bill, as amended Agreed to by the Yeas and Nays: (2/3 required): 417 - 0 (Roll no. 70). (text: CR H1406)</text>
        <type>Floor</type>
        <actionCode>H37300</actionCode>
        <sourceSystem>
          <code>2</code>
          <name>House floor actions</name>
        </sourceSystem>
        <committees />
      </item>
      <item>
        <actionDate>2019-02-07</actionDate>
        <actionTime>14:53:25</actionTime>
        <links />
        <text>Passed/agreed to in House: On motion to suspend the rules and pass the bill, as amended Agreed to by the Yeas and Nays: (2/3 required): 417 - 0 (Roll no. 70).(text: CR H1406)</text>
        <type>Floor</type>
        <actionCode>8000</actionCode>
        <sourceSystem>
          <code>9</code>
          <name>Library of Congress</name>
        </sourceSystem>
        <committees />
      </item>
      <item>
        <actionDate>2019-02-07</actionDate>
        <actionTime>14:47:23</actionTime>
        <links />
        <text>Considered as unfinished business. (consideration: CR H1416-1417)</text>
        <type>Floor</type>
        <actionCode>H30000</actionCode>
        <sourceSystem>
          <code>2</code>
          <name>House floor actions</name>
        </sourceSystem>
        <committees />
      </item>
      <item>
        <actionDate>2019-02-07</actionDate>
        <actionTime>13:32:04</actionTime>
        <links />
        <text>At the conclusion of debate, the Yeas and Nays were demanded and ordered. Pursuant to the provisions of clause 8, rule XX, the Chair announced that further proceedings on the motion would be postponed.</text>
        <type>Floor</type>
        <actionCode>H37220</actionCode>
        <sourceSystem>
          <code>2</code>
          <name>House floor actions</name>
        </sourceSystem>
        <committees />
      </item>
      <item>
        <actionDate>2019-02-07</actionDate>
        <actionTime>13:15:29</actionTime>
        <links />
        <text>DEBATE - The House proceeded with forty minutes of debate on H.R. 450.</text>
        <type>Floor</type>
        <actionCode>H8D000</actionCode>
        <sourceSystem>
          <code>2</code>
          <name>House floor actions</name>
        </sourceSystem>
        <committees />
      </item>
      <item>
        <actionDate>2019-02-07</actionDate>
        <actionTime>13:15:28</actionTime>
        <links />
        <text>Considered under suspension of the rules. (consideration: CR H1406-1409)</text>
        <type>Floor</type>
        <actionCode>H30000</actionCode>
        <sourceSystem>
          <code>2</code>
          <name>House floor actions</name>
        </sourceSystem>
        <committees />
      </item>
      <item>
        <actionDate>2019-02-07</actionDate>
        <actionTime>13:15:14</actionTime>
        <links />
        <text>Ms. Bass moved to suspend the rules and pass the bill, as amended.</text>
        <type>Floor</type>
        <actionCode>H30300</actionCode>
        <sourceSystem>
          <code>2</code>
          <name>House floor actions</name>
        </sourceSystem>
        <committees />
      </item>
      <item>
        <actionDate>2019-01-10</actionDate>
        <links />
        <text>Referred to the House Committee on the Judiciary.</text>
        <type>IntroReferral</type>
        <actionCode>H11100</actionCode>
        <sourceSystem>
          <code>2</code>
          <name>House floor actions</name>
        </sourceSystem>
        <committees>
          <item>
            <systemCode>hsju00</systemCode>
            <name>Judiciary Committee</name>
          </item>
        </committees>
      </item>
      <item>
        <actionDate>2019-01-10</actionDate>
        <links />
        <text>Introduced in House</text>
        <type>IntroReferral</type>
        <actionCode>Intro-H</actionCode>
        <sourceSystem>
          <code>9</code>
          <name>Library of Congress</name>
        </sourceSystem>
        <committees />
      </item>
      <item>
        <actionDate>2019-01-10</actionDate>
        <links />
        <text>Introduced in House</text>
        <type>IntroReferral</type>
        <actionCode>1000</actionCode>
        <sourceSystem>
          <code>9</code>
          <name>Library of Congress</name>
        </sourceSystem>
        <committees />
      </item>
      <actionTypeCounts>
        <referredToCommittee>1</referredToCommittee>
        <motionToReconsiderResults>1</motionToReconsiderResults>
        <finalPassageUnderSuspensionOfTheRulesResults>1</finalPassageUnderSuspensionOfTheRulesResults>
        <passedAgreedToInHouse>1</passedAgreedToInHouse>
        <considerationByHouse>2</considerationByHouse>
        <placeholderTextForH>1</placeholderTextForH>
        <generalDebate>1</generalDebate>
        <motionMadeToSuspendTheRules>1</motionMadeToSuspendTheRules>
        <billReferrals>1</billReferrals>
        <introducedInTheHouse>1</introducedInTheHouse>
        <introducedInHouse>1</introducedInHouse>
      </actionTypeCounts>
      <actionByCounts>
        <senate>1</senate>
        <houseOfRepresentatives>11</houseOfRepresentatives>
      </actionByCounts>
    </actions>
    <sponsors>
      <item>
        <bioguideId>D000610</bioguideId>
        <fullName>Rep. Deutch, Theodore E. [D-FL-22]</fullName>
        <firstName>Theodore</firstName>
        <middleName>E.</middleName>
        <lastName>Deutch</lastName>
        <party>D</party>
        <state>FL</state>
        <identifiers>
          <lisID>1976</lisID>
          <bioguideId>D000610</bioguideId>
          <gpoId>7891</gpoId>
        </identifiers>
        <district>22</district>
        <byRequestType />
      </item>
    </sponsors>
    <cosponsors>
      <item>
        <bioguideId>M001187</bioguideId>
        <fullName>Rep. Meadows, Mark [R-NC-11]</fullName>
        <firstName>Mark</firstName>
        <middleName />
        <lastName>Meadows</lastName>
        <party>R</party>
        <state>NC</state>
        <identifiers>
          <lisID>2142</lisID>
          <bioguideId>M001187</bioguideId>
          <gpoId />
        </identifiers>
        <district>11</district>
        <sponsorshipDate>2019-01-10</sponsorshipDate>
        <isOriginalCosponsor>True</isOriginalCosponsor>
        <sponsorshipWithdrawnDate />
      </item>
      <item>
        <bioguideId>F000466</bioguideId>
        <fullName>Rep. Fitzpatrick, Brian K. [R-PA-1]</fullName>
        <firstName>Brian</firstName>
        <middleName>K.</middleName>
        <lastName>Fitzpatrick</lastName>
        <party>R</party>
        <state>PA</state>
        <identifiers>
          <lisID>2345</lisID>
          <bioguideId>F000466</bioguideId>
          <gpoId />
        </identifiers>
        <district>1</district>
        <sponsorshipDate>2019-02-05</sponsorshipDate>
        <isOriginalCosponsor>False</isOriginalCosponsor>
        <sponsorshipWithdrawnDate />
      </item>
      <item>
        <bioguideId>H000324</bioguideId>
        <fullName>Rep. Hastings, Alcee L. [D-FL-20]</fullName>
        <firstName>ALCEE</firstName>
        <middleName>L.</middleName>
        <lastName>HASTINGS</lastName>
        <party>D</party>
        <state>FL</state>
        <identifiers>
          <lisID>511</lisID>
          <bioguideId>H000324</bioguideId>
          <gpoId>7895</gpoId>
        </identifiers>
        <district>20</district>
        <sponsorshipDate>2019-02-05</sponsorshipDate>
        <isOriginalCosponsor>False</isOriginalCosponsor>
        <sponsorshipWithdrawnDate />
      </item>
      <item>
        <bioguideId>G000551</bioguideId>
        <fullName>Rep. Grijalva, Raúl M. [D-AZ-3]</fullName>
        <firstName>Raúl</firstName>
        <middleName>M.</middleName>
        <lastName>Grijalva</lastName>
        <party>D</party>
        <state>AZ</state>
        <identifiers>
          <lisID>1708</lisID>
          <bioguideId>G000551</bioguideId>
          <gpoId>7804</gpoId>
        </identifiers>
        <district>3</district>
        <sponsorshipDate>2019-02-05</sponsorshipDate>
        <isOriginalCosponsor>False</isOriginalCosponsor>
        <sponsorshipWithdrawnDate />
      </item>
      <item>
        <bioguideId>P000599</bioguideId>
        <fullName>Rep. Posey, Bill [R-FL-8]</fullName>
        <firstName>Bill</firstName>
        <middleName />
        <lastName>Posey</lastName>
        <party>R</party>
        <state>FL</state>
        <identifiers>
          <lisID>1915</lisID>
          <bioguideId>P000599</bioguideId>
          <gpoId>7887</gpoId>
        </identifiers>
        <district>8</district>
        <sponsorshipDate>2019-02-05</sponsorshipDate>
        <isOriginalCosponsor>False</isOriginalCosponsor>
        <sponsorshipWithdrawnDate />
      </item>
      <item>
        <bioguideId>A000378</bioguideId>
        <fullName>Rep. Axne, Cynthia [D-IA-3]</fullName>
        <firstName>Cynthia</firstName>
        <middleName />
        <lastName>Axne</lastName>
        <party>D</party>
        <state>IA</state>
        <identifiers>
          <lisID>2395</lisID>
          <bioguideId>A000378</bioguideId>
          <gpoId />
        </identifiers>
        <district>3</district>
        <sponsorshipDate>2019-02-05</sponsorshipDate>
        <isOriginalCosponsor>False</isOriginalCosponsor>
        <sponsorshipWithdrawnDate />
      </item>
      <item>
        <bioguideId>C001084</bioguideId>
        <fullName>Rep. Cicilline, David N. [D-RI-1]</fullName>
        <firstName>David</firstName>
        <middleName>N.</middleName>
        <lastName>Cicilline</lastName>
        <party>D</party>
        <state>RI</state>
        <identifiers>
          <lisID>2055</lisID>
          <bioguideId>C001084</bioguideId>
          <gpoId>8139</gpoId>
        </identifiers>
        <district>1</district>
        <sponsorshipDate>2019-02-05</sponsorshipDate>
        <isOriginalCosponsor>False</isOriginalCosponsor>
        <sponsorshipWithdrawnDate />
      </item>
      <item>
        <bioguideId>G000578</bioguideId>
        <fullName>Rep. Gaetz, Matt [R-FL-1]</fullName>
        <firstName>Matt</firstName>
        <middleName />
        <lastName>Gaetz</lastName>
        <party>R</party>
        <state>FL</state>
        <identifiers>
          <lisID>2314</lisID>
          <bioguideId>G000578</bioguideId>
          <gpoId />
        </identifiers>
        <district>1</district>
        <sponsorshipDate>2019-02-05</sponsorshipDate>
        <isOriginalCosponsor>False</isOriginalCosponsor>
        <sponsorshipWithdrawnDate />
      </item>
      <item>
        <bioguideId>D000616</bioguideId>
        <fullName>Rep. DesJarlais, Scott [R-TN-4]</fullName>
        <firstName>Scott</firstName>
        <middleName />
        <lastName>DesJarlais</lastName>
        <party>R</party>
        <state>TN</state>
        <identifiers>
          <lisID>2062</lisID>
          <bioguideId>D000616</bioguideId>
          <gpoId>8151</gpoId>
        </identifiers>
        <district>4</district>
        <sponsorshipDate>2019-02-05</sponsorshipDate>
        <isOriginalCosponsor>False</isOriginalCosponsor>
        <sponsorshipWithdrawnDate />
      </item>
      <item>
        <bioguideId>G000565</bioguideId>
        <fullName>Rep. Gosar, Paul A. [R-AZ-4]</fullName>
        <firstName>Paul</firstName>
        <middleName>A.</middleName>
        <lastName>Gosar</lastName>
        <party>R</party>
        <state>AZ</state>
        <identifiers>
          <lisID>1992</lisID>
          <bioguideId>G000565</bioguideId>
          <gpoId>7798</gpoId>
        </identifiers>
        <district>4</district>
        <sponsorshipDate>2019-02-05</sponsorshipDate>
        <isOriginalCosponsor>False</isOriginalCosponsor>
        <sponsorshipWithdrawnDate />
      </item>
      <item>
        <bioguideId>M001195</bioguideId>
        <fullName>Rep. Mooney, Alexander X. [R-WV-2]</fullName>
        <firstName>Alexander</firstName>
        <middleName>X.</middleName>
        <lastName>Mooney</lastName>
        <party>R</party>
        <state>WV</state>
        <identifiers>
          <lisID>2277</lisID>
          <bioguideId>M001195</bioguideId>
          <gpoId />
        </identifiers>
        <district>2</district>
        <sponsorshipDate>2019-02-05</sponsorshipDate>
        <isOriginalCosponsor>False</isOriginalCosponsor>
        <sponsorshipWithdrawnDate />
      </item>
      <item>
        <bioguideId>J000255</bioguideId>
        <fullName>Rep. Jones, Walter B., Jr. [R-NC-3]</fullName>
        <firstName>WALTER</firstName>
        <middleName>B.</middleName>
        <lastName>JONES</lastName>
        <party>R</party>
        <state>NC</state>
        <identifiers>
          <lisID>612</lisID>
          <bioguideId>J000255</bioguideId>
          <gpoId>8026</gpoId>
        </identifiers>
        <district>3</district>
        <sponsorshipDate>2019-02-05</sponsorshipDate>
        <isOriginalCosponsor>False</isOriginalCosponsor>
        <sponsorshipWithdrawnDate />
      </item>
      <item>
        <bioguideId>G000576</bioguideId>
        <fullName>Rep. Grothman, Glenn [R-WI-6]</fullName>
        <firstName>Glenn</firstName>
        <middleName />
        <lastName>Grothman</lastName>
        <party>R</party>
        <state>WI</state>
        <identifiers>
          <lisID>2276</lisID>
          <bioguideId>G000576</bioguideId>
          <gpoId />
        </identifiers>
        <district>6</district>
        <sponsorshipDate>2019-02-05</sponsorshipDate>
        <isOriginalCosponsor>False</isOriginalCosponsor>
        <sponsorshipWithdrawnDate />
      </item>
      <item>
        <bioguideId>W000797</bioguideId>
        <fullName>Rep. Wasserman Schultz, Debbie [D-FL-23]</fullName>
        <firstName>Debbie</firstName>
        <middleName />
        <lastName>Wasserman Schultz</lastName>
        <party>D</party>
        <state>FL</state>
        <identifiers>
          <lisID>1777</lisID>
          <bioguideId>W000797</bioguideId>
          <gpoId>7892</gpoId>
        </identifiers>
        <district>23</district>
        <sponsorshipDate>2019-02-05</sponsorshipDate>
        <isOriginalCosponsor>False</isOriginalCosponsor>
        <sponsorshipWithdrawnDate />
      </item>
      <item>
        <bioguideId>C001111</bioguideId>
        <fullName>Rep. Crist, Charlie [D-FL-13]</fullName>
        <firstName>Charlie</firstName>
        <middleName />
        <lastName>Crist</lastName>
        <party>D</party>
        <state>FL</state>
        <identifiers>
          <lisID>2321</lisID>
          <bioguideId>C001111</bioguideId>
          <gpoId />
        </identifiers>
        <district>13</district>
        <sponsorshipDate>2019-02-05</sponsorshipDate>
        <isOriginalCosponsor>False</isOriginalCosponsor>
        <sponsorshipWithdrawnDate />
      </item>
      <item>
        <bioguideId>S001190</bioguideId>
        <fullName>Rep. Schneider, Bradley Scott [D-IL-10]</fullName>
        <firstName>Bradley</firstName>
        <middleName>Scott</middleName>
        <lastName>Schneider</lastName>
        <party>D</party>
        <state>IL</state>
        <identifiers>
          <lisID>2124</lisID>
          <bioguideId>S001190</bioguideId>
          <gpoId />
        </identifiers>
        <district>10</district>
        <sponsorshipDate>2019-02-06</sponsorshipDate>
        <isOriginalCosponsor>False</isOriginalCosponsor>
        <sponsorshipWithdrawnDate />
      </item>
      <item>
        <bioguideId>S001185</bioguideId>
        <fullName>Rep. Sewell, Terri A. [D-AL-7]</fullName>
        <firstName>Terri</firstName>
        <middleName>A.</middleName>
        <lastName>Sewell</lastName>
        <party>D</party>
        <state>AL</state>
        <identifiers>
          <lisID>1988</lisID>
          <bioguideId>S001185</bioguideId>
          <gpoId>7792</gpoId>
        </identifiers>
        <district>7</district>
        <sponsorshipDate>2019-02-06</sponsorshipDate>
        <isOriginalCosponsor>False</isOriginalCosponsor>
        <sponsorshipWithdrawnDate />
      </item>
      <item>
        <bioguideId>L000589</bioguideId>
        <fullName>Rep. Lesko, Debbie [R-AZ-8]</fullName>
        <firstName>Debbie</firstName>
        <middleName />
        <lastName>Lesko</lastName>
        <party>R</party>
        <state>AZ</state>
        <identifiers>
          <lisID>2368</lisID>
          <bioguideId>L000589</bioguideId>
          <gpoId />
        </identifiers>
        <district>8</district>
        <sponsorshipDate>2019-02-06</sponsorshipDate>
        <isOriginalCosponsor>False</isOriginalCosponsor>
        <sponsorshipWithdrawnDate />
      </item>
      <item>
        <bioguideId>L000569</bioguideId>
        <fullName>Rep. Luetkemeyer, Blaine [R-MO-3]</fullName>
        <firstName>Blaine</firstName>
        <middleName />
        <lastName>Luetkemeyer</lastName>
        <party>R</party>
        <state>MO</state>
        <identifiers>
          <lisID>1931</lisID>
          <bioguideId>L000569</bioguideId>
          <gpoId>8017</gpoId>
        </identifiers>
        <district>3</district>
        <sponsorshipDate>2019-02-06</sponsorshipDate>
        <isOriginalCosponsor>False</isOriginalCosponsor>
        <sponsorshipWithdrawnDate />
      </item>
      <item>
        <bioguideId>T000484</bioguideId>
        <fullName>Rep. Torres Small, Xochitl [D-NM-2]</fullName>
        <firstName>Xochitl</firstName>
        <middleName />
        <lastName>Torres Small</lastName>
        <party>D</party>
        <state>NM</state>
        <identifiers>
          <lisID>2424</lisID>
          <bioguideId>T000484</bioguideId>
          <gpoId />
        </identifiers>
        <district>2</district>
        <sponsorshipDate>2019-02-06</sponsorshipDate>
        <isOriginalCosponsor>False</isOriginalCosponsor>
        <sponsorshipWithdrawnDate />
      </item>
      <item>
        <bioguideId>R000606</bioguideId>
        <fullName>Rep. Raskin, Jamie [D-MD-8]</fullName>
        <firstName>Jamie</firstName>
        <middleName />
        <lastName>Raskin</lastName>
        <party>D</party>
        <state>MD</state>
        <identifiers>
          <lisID>2332</lisID>
          <bioguideId>R000606</bioguideId>
          <gpoId />
        </identifiers>
        <district>8</district>
        <sponsorshipDate>2019-02-06</sponsorshipDate>
        <isOriginalCosponsor>False</isOriginalCosponsor>
        <sponsorshipWithdrawnDate />
      </item>
      <item>
        <bioguideId>K000378</bioguideId>
        <fullName>Rep. Kinzinger, Adam [R-IL-16]</fullName>
        <firstName>Adam</firstName>
        <middleName />
        <lastName>Kinzinger</lastName>
        <party>R</party>
        <state>IL</state>
        <identifiers>
          <lisID>2014</lisID>
          <bioguideId>K000378</bioguideId>
          <gpoId>7931</gpoId>
        </identifiers>
        <district>16</district>
        <sponsorshipDate>2019-02-07</sponsorshipDate>
        <isOriginalCosponsor>False</isOriginalCosponsor>
        <sponsorshipWithdrawnDate />
      </item>
      <item>
        <bioguideId>S001145</bioguideId>
        <fullName>Rep. Schakowsky, Janice D. [D-IL-9]</fullName>
        <firstName>JANICE</firstName>
        <middleName>D.</middleName>
        <lastName>SCHAKOWSKY</lastName>
        <party>D</party>
        <state>IL</state>
        <identifiers>
          <lisID>1588</lisID>
          <bioguideId>S001145</bioguideId>
          <gpoId>7929</gpoId>
        </identifiers>
        <district>9</district>
        <sponsorshipDate>2019-02-07</sponsorshipDate>
        <isOriginalCosponsor>False</isOriginalCosponsor>
        <sponsorshipWithdrawnDate />
      </item>
    </cosponsors>
    <cboCostEstimates />
    <laws />
    <notes />
    <policyArea>
      <name>Crime and Law Enforcement</name>
    </policyArea>
    <subjects>
      <billSubjects>
        <legislativeSubjects>
          <item>
            <name>Fraud offenses and financial crimes</name>
          </item>
          <item>
            <name>Military personnel and dependents</name>
          </item>
          <item>
            <name>Veterans' pensions and compensation</name>
          </item>
        </legislativeSubjects>
        <policyArea>
          <name>Crime and Law Enforcement</name>
        </policyArea>
      </billSubjects>
    </subjects>
    <summaries>
      <billSummaries>
        <item>
          <versionCode>00</versionCode>
          <actionDate>2019-01-10</actionDate>
          <actionDesc>Introduced in House</actionDesc>
          <lastSummaryUpdateDate>2019-04-16T15:35:04Z</lastSummaryUpdateDate>
          <text><![CDATA[<p><strong></strong><b>Preventing Crimes Against Veterans Act of 2019</b></p> <p>This bill establishes a new criminal offense for knowingly executing, or attempting to execute, a scheme to defraud an individual of veterans' benefits. A violator is subject to criminal penalties&#8212;a fine, a prison term of up to five years, or both.</p>]]></text>
          <updateDate>2019-01-10T05:00:00Z</updateDate>
          <name>Introduced in House</name>
        </item>
        <item>
          <versionCode>53</versionCode>
          <actionDate>2019-02-07</actionDate>
          <actionDesc>Passed House</actionDesc>
          <lastSummaryUpdateDate>2019-04-16T15:36:05Z</lastSummaryUpdateDate>
          <text><![CDATA[<p><b>Preventing Crimes Against Veterans Act of 2019</b></p> <p>This bill establishes a new criminal offense for knowingly executing, or attempting to execute, a scheme to defraud an individual of veterans' benefits. A violator is subject to criminal penalties&#8212;a fine, a prison term of up to five years, or both.</p>]]></text>
          <updateDate>2019-02-07T19:53:25Z</updateDate>
          <name>Passed House</name>
        </item>
      </billSummaries>
    </summaries>
    <title>Preventing Crimes Against Veterans Act of 2019</title>
    <titles>
      <item>
        <titleType>Official Title as Introduced</titleType>
        <parentTitleType />
        <title>To amend title 18, United States Code, to provide an additional tool to prevent certain frauds against veterans, and for other purposes.</title>
        <chamberCode />
        <chamberName />
      </item>
      <item>
        <titleType>Short Titles as Passed House</titleType>
        <parentTitleType>Short Titles House of Representatives</parentTitleType>
        <title>Preventing Crimes Against Veterans Act of 2019</title>
        <chamberCode>H</chamberCode>
        <chamberName>House</chamberName>
      </item>
      <item>
        <titleType>Display Title</titleType>
        <parentTitleType />
        <title>Preventing Crimes Against Veterans Act of 2019</title>
        <chamberCode />
        <chamberName />
      </item>
      <item>
        <titleType>Short Title(s) as Introduced</titleType>
        <parentTitleType>Short Title</parentTitleType>
        <title>Preventing Crimes Against Veterans Act of 2019</title>
        <chamberCode />
        <chamberName />
      </item>
    </titles>
    <amendments />
    <textVersions>
      <item>
        <type>Referred in Senate</type>
        <date>2019-02-11T05:00:00Z</date>
        <formats>
          <item>
            <url>https://www.govinfo.gov/content/pkg/BILLS-116hr450rfs/xml/BILLS-116hr450rfs.xml</url>
          </item>
        </formats>
      </item>
      <item>
        <type>Engrossed in House</type>
        <date>2019-02-07T05:00:00Z</date>
        <formats>
          <item>
            <url>https://www.govinfo.gov/content/pkg/BILLS-116hr450eh/xml/BILLS-116hr450eh.xml</url>
          </item>
        </formats>
      </item>
      <item>
        <type>Introduced in House</type>
        <date>2019-01-10T05:00:00Z</date>
        <formats>
          <item>
            <url>https://www.govinfo.gov/content/pkg/BILLS-116hr450ih/xml/BILLS-116hr450ih.xml</url>
          </item>
        </formats>
      </item>
    </textVersions>
    <latestAction>
      <actionDate>2019-02-11</actionDate>
      <text>Received in the Senate and Read twice and referred to the Committee on the Judiciary.</text>
      <links />
    </latestAction>
    <calendarNumbers />
    <version>1.0.0</version>
  </bill>
  <dublinCore xmlns:dc="http://purl.org/dc/elements/1.1/">
    <dc:format>text/xml</dc:format>
    <dc:language>EN</dc:language>
    <dc:rights>Pursuant to Title 17 Section 105 of the United States Code, this file is not subject to copyright protection and is in the public domain.</dc:rights>
    <dc:contributor>Congressional Research Service, Library of Congress</dc:contributor>
    <dc:description>This file contains bill summaries and statuses for federal legislation. A bill summary describes the most significant provisions of a piece of legislation and details the effects the legislative text may have on current law and federal programs. Bill summaries are authored by the Congressional Research Service (CRS) of the Library of Congress. As stated in Public Law 91-510 (2 USC 166 (d)(6)), one of the duties of CRS is "to prepare summaries and digests of bills and resolutions of a public general nature introduced in the Senate or House of Representatives". For more information, refer to the User Guide that accompanies this file.</dc:description>
  </dublinCore>
</billStatus>

