<?xml version="1.0" encoding="UTF-8"?>
<billStatus>
  <bill>
    <billNumber>5245</billNumber>
    <createDate>2019-11-22T08:27:40Z</createDate>
    <updateDate>2021-09-27T11:15:14Z</updateDate>
    <originChamber>House</originChamber>
    <billType>HR</billType>
    <introducedDate>2019-11-21</introducedDate>
    <congress>116</congress>
    <constitutionalAuthorityStatementText><![CDATA[<pre>[Congressional Record Volume 165, Number 187 (Thursday, November 21, 2019)][House]From the Congressional Record Online through the Government Publishing Office [<a href="http://www.gpo.gov">www.gpo.gov</a>]By Mr. PAPPAS:H.R. 5245.Congress has the power to enact this legislation pursuantto the following:Article 1, Section 8, Clause 18, of the United StatesConstitution states that ``Congress shall have the authorityto make all Laws which shall be necessary and proper forcarrying into Execution the foregoing Powers, and all otherPowers vested by this Constitution in the Government of theUnited States, or in any Department or Officer thereof.''[Page H9170]</pre>]]></constitutionalAuthorityStatementText>
    <recordedVotes />
    <committees>
      <billCommittees>
        <item>
          <systemCode>hsvr00</systemCode>
          <name>Veterans' Affairs Committee</name>
          <chamber>House</chamber>
          <type>Standing</type>
          <subcommittees>
            <item>
              <systemCode>hsvr08</systemCode>
              <name>Oversight and Investigations Subcommittee</name>
              <activities>
                <item>
                  <name>Discharged from</name>
                  <date>2020-07-30T22:27:51Z</date>
                </item>
                <item>
                  <name>Hearings by</name>
                  <date>2020-03-10T21:24:11Z</date>
                </item>
                <item>
                  <name>Referred to</name>
                  <date>2019-12-19T16:03:57Z</date>
                </item>
              </activities>
            </item>
          </subcommittees>
          <activities>
            <item>
              <name>Markup by</name>
              <date>2020-07-30T22:37:32Z</date>
            </item>
            <item>
              <name>Referred to</name>
              <date>2019-11-21T14:04:25Z</date>
            </item>
          </activities>
        </item>
      </billCommittees>
    </committees>
    <committeeReports />
    <relatedBills />
    <actions>
      <item>
        <actionDate>2020-09-24</actionDate>
        <committees />
        <links />
        <sourceSystem>
          <code>0</code>
          <name>Senate</name>
        </sourceSystem>
        <text>Received in the Senate. Read twice. Placed on Senate Legislative Calendar under General Orders. Calendar No. 555.</text>
        <type>Calendars</type>
      </item>
      <item>
        <actionDate>2020-09-23</actionDate>
        <actionTime>13:13:25</actionTime>
        <links />
        <text>Motion to reconsider laid on the table Agreed to without objection.</text>
        <type>Floor</type>
        <actionCode>H38310</actionCode>
        <sourceSystem>
          <code>2</code>
          <name>House floor actions</name>
        </sourceSystem>
        <committees />
      </item>
      <item>
        <actionDate>2020-09-23</actionDate>
        <actionTime>13:13:20</actionTime>
        <links />
        <text>On motion to suspend the rules and pass the bill, as amended Agreed to by voice vote. (text: CR H4752-4753)</text>
        <type>Floor</type>
        <actionCode>H37300</actionCode>
        <sourceSystem>
          <code>2</code>
          <name>House floor actions</name>
        </sourceSystem>
        <committees />
      </item>
      <item>
        <actionDate>2020-09-23</actionDate>
        <actionTime>13:13:20</actionTime>
        <links />
        <text>Passed/agreed to in House: On motion to suspend the rules and pass the bill, as amended Agreed to by voice vote.</text>
        <type>Floor</type>
        <actionCode>8000</actionCode>
        <sourceSystem>
          <code>9</code>
          <name>Library of Congress</name>
        </sourceSystem>
        <committees />
      </item>
      <item>
        <actionDate>2020-09-23</actionDate>
        <actionTime>13:02:57</actionTime>
        <links />
        <text>DEBATE - The House proceeded with forty minutes of debate on H.R. 5245.</text>
        <type>Floor</type>
        <actionCode>H8D000</actionCode>
        <sourceSystem>
          <code>2</code>
          <name>House floor actions</name>
        </sourceSystem>
        <committees />
      </item>
      <item>
        <actionDate>2020-09-23</actionDate>
        <actionTime>13:02:51</actionTime>
        <links />
        <text>Considered under suspension of the rules. (consideration: CR H4752-4754)</text>
        <type>Floor</type>
        <actionCode>H30000</actionCode>
        <sourceSystem>
          <code>2</code>
          <name>House floor actions</name>
        </sourceSystem>
        <committees />
      </item>
      <item>
        <actionDate>2020-09-23</actionDate>
        <actionTime>13:02:17</actionTime>
        <links />
        <text>Mr. Takano moved to suspend the rules and pass the bill, as amended.</text>
        <type>Floor</type>
        <actionCode>H30300</actionCode>
        <sourceSystem>
          <code>2</code>
          <name>House floor actions</name>
        </sourceSystem>
        <committees />
      </item>
      <item>
        <actionDate>2020-07-30</actionDate>
        <committees>
          <item>
            <systemCode>hsvr00</systemCode>
            <name>Veterans' Affairs Committee</name>
          </item>
        </committees>
        <links />
        <sourceSystem>
          <code>1</code>
          <name>House committee actions</name>
        </sourceSystem>
        <text>Ordered to be Reported (Amended) by Voice Vote.</text>
        <type>Committee</type>
      </item>
      <item>
        <actionDate>2020-07-30</actionDate>
        <committees>
          <item>
            <systemCode>hsvr00</systemCode>
            <name>Veterans' Affairs Committee</name>
          </item>
        </committees>
        <links />
        <sourceSystem>
          <code>1</code>
          <name>House committee actions</name>
        </sourceSystem>
        <text>Committee Consideration and Mark-up Session Held.</text>
        <type>Committee</type>
      </item>
      <item>
        <actionDate>2020-07-30</actionDate>
        <committees>
          <item>
            <systemCode>hsvr00</systemCode>
            <name>Veterans' Affairs Committee</name>
          </item>
        </committees>
        <links />
        <sourceSystem>
          <code>1</code>
          <name>House committee actions</name>
        </sourceSystem>
        <text>Subcommittee on Oversight and Investigations Discharged.</text>
        <type>Committee</type>
      </item>
      <item>
        <actionDate>2020-03-10</actionDate>
        <committees>
          <item>
            <systemCode>hsvr08</systemCode>
            <name>Oversight and Investigations Subcommittee</name>
          </item>
        </committees>
        <links />
        <sourceSystem>
          <code>1</code>
          <name>House committee actions</name>
        </sourceSystem>
        <text>Subcommittee Hearings Held.</text>
        <type>Committee</type>
      </item>
      <item>
        <actionDate>2019-12-19</actionDate>
        <committees>
          <item>
            <systemCode>hsvr08</systemCode>
            <name>Oversight and Investigations Subcommittee</name>
          </item>
        </committees>
        <links />
        <sourceSystem>
          <code>1</code>
          <name>House committee actions</name>
        </sourceSystem>
        <text>Referred to the Subcommittee on Oversight and Investigations.</text>
        <type>Committee</type>
      </item>
      <item>
        <actionDate>2019-11-21</actionDate>
        <links />
        <text>Referred to the House Committee on Veterans' Affairs.</text>
        <type>IntroReferral</type>
        <actionCode>H11100</actionCode>
        <sourceSystem>
          <code>2</code>
          <name>House floor actions</name>
        </sourceSystem>
        <committees>
          <item>
            <systemCode>hsvr00</systemCode>
            <name>Veterans' Affairs Committee</name>
          </item>
        </committees>
      </item>
      <item>
        <actionDate>2019-11-21</actionDate>
        <links />
        <text>Introduced in House</text>
        <type>IntroReferral</type>
        <actionCode>Intro-H</actionCode>
        <sourceSystem>
          <code>9</code>
          <name>Library of Congress</name>
        </sourceSystem>
        <committees />
      </item>
      <item>
        <actionDate>2019-11-21</actionDate>
        <links />
        <text>Introduced in House</text>
        <type>IntroReferral</type>
        <actionCode>1000</actionCode>
        <sourceSystem>
          <code>9</code>
          <name>Library of Congress</name>
        </sourceSystem>
        <committees />
      </item>
      <actionTypeCounts>
        <placedOnCalendarSection>1</placedOnCalendarSection>
        <motionToReconsiderResults>1</motionToReconsiderResults>
        <finalPassageUnderSuspensionOfTheRulesResults>1</finalPassageUnderSuspensionOfTheRulesResults>
        <passedAgreedToInHouse>1</passedAgreedToInHouse>
        <generalDebate>1</generalDebate>
        <considerationByHouse>1</considerationByHouse>
        <motionMadeToSuspendTheRules>1</motionMadeToSuspendTheRules>
        <orderedToBeReported>1</orderedToBeReported>
        <committeeConsiderationMarkUp>1</committeeConsiderationMarkUp>
        <subcommitteeDischarged>1</subcommitteeDischarged>
        <prayer>1</prayer>
        <placeholderTextForH>1</placeholderTextForH>
        <billReferrals>1</billReferrals>
        <introducedInTheHouse>1</introducedInTheHouse>
        <introducedInHouse>1</introducedInHouse>
      </actionTypeCounts>
      <actionByCounts>
        <senate>1</senate>
        <houseOfRepresentatives>14</houseOfRepresentatives>
      </actionByCounts>
    </actions>
    <sponsors>
      <item>
        <bioguideId>P000614</bioguideId>
        <fullName>Rep. Pappas, Chris [D-NH-1]</fullName>
        <firstName>Chris</firstName>
        <middleName />
        <lastName>Pappas</lastName>
        <party>D</party>
        <state>NH</state>
        <identifiers>
          <lisID>2418</lisID>
          <bioguideId>P000614</bioguideId>
          <gpoId />
        </identifiers>
        <district>1</district>
        <byRequestType />
      </item>
    </sponsors>
    <cosponsors>
      <item>
        <bioguideId>R000613</bioguideId>
        <fullName>Rep. Rose, Max [D-NY-11]</fullName>
        <firstName>Max</firstName>
        <middleName />
        <lastName>Rose</lastName>
        <party>D</party>
        <state>NY</state>
        <identifiers>
          <lisID>2426</lisID>
          <bioguideId>R000613</bioguideId>
          <gpoId />
        </identifiers>
        <district>11</district>
        <sponsorshipDate>2019-11-21</sponsorshipDate>
        <isOriginalCosponsor>True</isOriginalCosponsor>
        <sponsorshipWithdrawnDate />
      </item>
      <item>
        <bioguideId>S001208</bioguideId>
        <fullName>Rep. Slotkin, Elissa [D-MI-8]</fullName>
        <firstName>Elissa</firstName>
        <middleName />
        <lastName>Slotkin</lastName>
        <party>D</party>
        <state>MI</state>
        <identifiers>
          <lisID>2407</lisID>
          <bioguideId>S001208</bioguideId>
          <gpoId />
        </identifiers>
        <district>8</district>
        <sponsorshipDate>2019-12-05</sponsorshipDate>
        <isOriginalCosponsor>False</isOriginalCosponsor>
        <sponsorshipWithdrawnDate />
      </item>
      <item>
        <bioguideId>N000147</bioguideId>
        <fullName>Del. Norton, Eleanor Holmes [D-DC-At Large]</fullName>
        <firstName>ELEANOR</firstName>
        <middleName>HOLMES</middleName>
        <lastName>NORTON</lastName>
        <party>D</party>
        <state>DC</state>
        <identifiers>
          <lisID>868</lisID>
          <bioguideId>N000147</bioguideId>
          <gpoId>7871</gpoId>
        </identifiers>
        <district>0</district>
        <sponsorshipDate>2019-12-17</sponsorshipDate>
        <isOriginalCosponsor>False</isOriginalCosponsor>
        <sponsorshipWithdrawnDate />
      </item>
    </cosponsors>
    <cboCostEstimates>
      <item>
        <pubDate>2020-09-21T21:24:00Z</pubDate>
        <title>CBO’s Estimate of the Statutory Pay-As-You-Go Effects of H.R. 5245, The Stopping Harm and Implementing Enhanced Lead-time for Debt for Veterans Act,</title>
        <url>https://www.cbo.gov/publication/56611</url>
      </item>
      <item>
        <pubDate>2020-09-21T21:24:00Z</pubDate>
        <title>Statutory Pay-As-You-Go Effects of H.R. 5245, The Stopping Harm and Implementing Enhanced Lead-time for Debt for Veterans Act,</title>
        <url>https://www.cbo.gov/publication/56611</url>
      </item>
      <item>
        <pubDate>2020-11-04T23:02:00Z</pubDate>
        <title>H.R. 5245, Stopping Harm and Implementing Enhanced Lead-time for Debts for Veterans Act</title>
        <url>https://www.cbo.gov/publication/56727</url>
      </item>
    </cboCostEstimates>
    <laws />
    <notes />
    <policyArea>
      <name>Armed Forces and National Security</name>
    </policyArea>
    <subjects>
      <billSubjects>
        <legislativeSubjects>
          <item>
            <name>Administrative remedies</name>
          </item>
          <item>
            <name>Congressional oversight</name>
          </item>
          <item>
            <name>Debt collection</name>
          </item>
          <item>
            <name>Department of Veterans Affairs</name>
          </item>
          <item>
            <name>Government information and archives</name>
          </item>
          <item>
            <name>Government lending and loan guarantees</name>
          </item>
          <item>
            <name>Health care costs and insurance</name>
          </item>
          <item>
            <name>Veterans' education, employment, rehabilitation</name>
          </item>
          <item>
            <name>Veterans' pensions and compensation</name>
          </item>
        </legislativeSubjects>
        <policyArea>
          <name>Armed Forces and National Security</name>
        </policyArea>
      </billSubjects>
    </subjects>
    <summaries>
      <billSummaries>
        <item>
          <versionCode>00</versionCode>
          <actionDate>2019-11-21</actionDate>
          <actionDesc>Introduced in House</actionDesc>
          <lastSummaryUpdateDate>2020-09-24T14:35:33Z</lastSummaryUpdateDate>
          <text><![CDATA[<p><b>Stopping Harm and Implementing Enhanced Lead-time for Debts for Veterans Act or the SHIELD for Veterans Act</b></p> <p>This bill updates debt collection and overpayment processes related to Department of Veterans Affairs (VA) benefits or programs.</p> <p>Specifically, the bill prohibits the VA from collecting all or any part of an amount owed under a VA program if the amount is owed for any payment or overpayment that was caused by the amount of time taken by the VA to process information provided by or on behalf of an individual.</p> <p>If the VA has made an overpayment to an individual, the VA must provide notice to the individual of the overpayment and any action the VA plans to take to collect repayment or reduce any benefit of the individual at least 90 days before taking such action. The notice must include an explanation of the right of the individual to dispute the overpayment or request a waiver of indebtedness. </p> <p>The VA must report on its plan for the improvement of the notification and communication processes for individuals who receive overpayments from the VA.</p> <p>The bill prohibits interest and administrative cost charges on delinquent payments of debt resulting from a person's participation in a VA disability compensation program, pension program, or an educational assistance program.</p>]]></text>
          <updateDate>2019-11-21T05:00:00Z</updateDate>
          <name>Introduced in House</name>
        </item>
        <item>
          <versionCode>53</versionCode>
          <actionDate>2020-09-23</actionDate>
          <actionDesc>Passed House</actionDesc>
          <lastSummaryUpdateDate>2021-09-27T11:06:54Z</lastSummaryUpdateDate>
          <text><![CDATA[<p><b>Stopping Harm and Implementing Enhanced Lead-time for Debts for Veterans Act or the SHIELD for Veterans Act</b> </p> <p>This bill updates debt collection and overpayment processes related to Department of Veterans Affairs benefits or programs.</p>]]></text>
          <updateDate>2020-09-23T16:36:38Z</updateDate>
          <name>Passed House</name>
        </item>
      </billSummaries>
    </summaries>
    <title>SHIELD for Veterans Act</title>
    <titles>
      <item>
        <titleType>Short Titles as Passed House</titleType>
        <parentTitleType>Short Titles House of Representatives</parentTitleType>
        <title>SHIELD for Veterans Act</title>
        <chamberCode>H</chamberCode>
        <chamberName>House</chamberName>
      </item>
      <item>
        <titleType>Short Titles as Passed House</titleType>
        <parentTitleType>Short Titles House of Representatives</parentTitleType>
        <title>Stopping Harm and Implementing Enhanced Lead-time for Debts for Veterans Act</title>
        <chamberCode>H</chamberCode>
        <chamberName>House</chamberName>
      </item>
      <item>
        <titleType>Display Title</titleType>
        <parentTitleType />
        <title>SHIELD for Veterans Act</title>
        <chamberCode />
        <chamberName />
      </item>
      <item>
        <titleType>Short Title(s) as Introduced</titleType>
        <parentTitleType>Short Title</parentTitleType>
        <title>SHIELD for Veterans Act</title>
        <chamberCode />
        <chamberName />
      </item>
      <item>
        <titleType>Short Title(s) as Introduced</titleType>
        <parentTitleType>Short Title</parentTitleType>
        <title>Stopping Harm and Implementing Enhanced Lead-time for Debts for Veterans Act</title>
        <chamberCode />
        <chamberName />
      </item>
      <item>
        <titleType>Official Title as Introduced</titleType>
        <parentTitleType />
        <title>To amend title 38, United States Code, to provide for a bar on the recovery of certain payments or overpayments made by the Department of Veterans Affairs by reason of delays in processing of certain information, and for other purposes.</title>
        <chamberCode />
        <chamberName />
      </item>
    </titles>
    <amendments />
    <textVersions>
      <item>
        <type>Placed on Calendar Senate</type>
        <date>2020-09-24T04:00:00Z</date>
        <formats>
          <item>
            <url>https://www.govinfo.gov/content/pkg/BILLS-116hr5245pcs/xml/BILLS-116hr5245pcs.xml</url>
          </item>
        </formats>
      </item>
      <item>
        <type>Engrossed in House</type>
        <date>2020-09-23T04:00:00Z</date>
        <formats>
          <item>
            <url>https://www.govinfo.gov/content/pkg/BILLS-116hr5245eh/xml/BILLS-116hr5245eh.xml</url>
          </item>
        </formats>
      </item>
      <item>
        <type>Introduced in House</type>
        <date>2019-11-21T05:00:00Z</date>
        <formats>
          <item>
            <url>https://www.govinfo.gov/content/pkg/BILLS-116hr5245ih/xml/BILLS-116hr5245ih.xml</url>
          </item>
        </formats>
      </item>
    </textVersions>
    <latestAction>
      <actionDate>2020-09-24</actionDate>
      <text>Received in the Senate. Read twice. Placed on Senate Legislative Calendar under General Orders. Calendar No. 555.</text>
      <links />
    </latestAction>
    <calendarNumbers>
      <item>
        <calendar>Senate Calendar of Business</calendar>
        <number>0555</number>
      </item>
    </calendarNumbers>
    <version>1.0.0</version>
  </bill>
  <dublinCore xmlns:dc="http://purl.org/dc/elements/1.1/">
    <dc:format>text/xml</dc:format>
    <dc:language>EN</dc:language>
    <dc:rights>Pursuant to Title 17 Section 105 of the United States Code, this file is not subject to copyright protection and is in the public domain.</dc:rights>
    <dc:contributor>Congressional Research Service, Library of Congress</dc:contributor>
    <dc:description>This file contains bill summaries and statuses for federal legislation. A bill summary describes the most significant provisions of a piece of legislation and details the effects the legislative text may have on current law and federal programs. Bill summaries are authored by the Congressional Research Service (CRS) of the Library of Congress. As stated in Public Law 91-510 (2 USC 166 (d)(6)), one of the duties of CRS is "to prepare summaries and digests of bills and resolutions of a public general nature introduced in the Senate or House of Representatives". For more information, refer to the User Guide that accompanies this file.</dc:description>
  </dublinCore>
</billStatus>

