<?xml version="1.0" encoding="UTF-8"?>
<billStatus>
  <bill>
    <billNumber>3661</billNumber>
    <createDate>2019-07-11T07:12:11Z</createDate>
    <updateDate>2021-07-12T19:56:15Z</updateDate>
    <originChamber>House</originChamber>
    <billType>HR</billType>
    <introducedDate>2019-07-10</introducedDate>
    <congress>116</congress>
    <constitutionalAuthorityStatementText><![CDATA[<pre>[Congressional Record Volume 165, Number 115 (Wednesday, July 10, 2019)][House]From the Congressional Record Online through the Government Publishing Office [<a href="http://www.gpo.gov">www.gpo.gov</a>]By Mr. KIM:H.R. 3661.Congress has the power to enact this legislation pursuantto the following:Article 1, Section 8[Page H5584]</pre>]]></constitutionalAuthorityStatementText>
    <recordedVotes />
    <committees>
      <billCommittees>
        <item>
          <systemCode>sssb00</systemCode>
          <name>Small Business and Entrepreneurship Committee</name>
          <chamber>Senate</chamber>
          <type>Standing</type>
          <subcommittees />
          <activities>
            <item>
              <name>Referred to</name>
              <date>2019-11-14T16:24:13Z</date>
            </item>
          </activities>
        </item>
        <item>
          <systemCode>hssm00</systemCode>
          <name>Small Business Committee</name>
          <chamber>House</chamber>
          <type>Standing</type>
          <subcommittees />
          <activities>
            <item>
              <name>Reported by</name>
              <date>2019-10-15T19:59:54Z</date>
            </item>
            <item>
              <name>Markup by</name>
              <date>2019-07-17T18:48:46Z</date>
            </item>
            <item>
              <name>Referred to</name>
              <date>2019-07-10T14:00:43Z</date>
            </item>
          </activities>
        </item>
      </billCommittees>
    </committees>
    <committeeReports>
      <committeeReport>
        <citation>H. Rept. 116-234</citation>
      </committeeReport>
    </committeeReports>
    <relatedBills />
    <actions>
      <item>
        <actionDate>2019-11-14</actionDate>
        <committees>
          <item>
            <systemCode>sssb00</systemCode>
            <name>Small Business and Entrepreneurship Committee</name>
          </item>
        </committees>
        <links />
        <sourceSystem>
          <code>0</code>
          <name>Senate</name>
        </sourceSystem>
        <text>Received in the Senate and Read twice and referred to the Committee on Small Business and Entrepreneurship.</text>
        <type>IntroReferral</type>
      </item>
      <item>
        <actionDate>2019-11-13</actionDate>
        <actionTime>13:12:19</actionTime>
        <links />
        <text>Motion to reconsider laid on the table Agreed to without objection.</text>
        <type>Floor</type>
        <actionCode>H38310</actionCode>
        <sourceSystem>
          <code>2</code>
          <name>House floor actions</name>
        </sourceSystem>
        <committees />
      </item>
      <item>
        <actionDate>2019-11-13</actionDate>
        <actionTime>13:12:17</actionTime>
        <links />
        <text>On motion to suspend the rules and pass the bill, as amended Agreed to by voice vote. (text: CR H8800)</text>
        <type>Floor</type>
        <actionCode>H37300</actionCode>
        <sourceSystem>
          <code>2</code>
          <name>House floor actions</name>
        </sourceSystem>
        <committees />
      </item>
      <item>
        <actionDate>2019-11-13</actionDate>
        <actionTime>13:12:17</actionTime>
        <links />
        <text>Passed/agreed to in House: On motion to suspend the rules and pass the bill, as amended Agreed to by voice vote.(text: CR H8800)</text>
        <type>Floor</type>
        <actionCode>8000</actionCode>
        <sourceSystem>
          <code>9</code>
          <name>Library of Congress</name>
        </sourceSystem>
        <committees />
      </item>
      <item>
        <actionDate>2019-11-13</actionDate>
        <actionTime>13:01:54</actionTime>
        <links />
        <text>DEBATE - The House proceeded with forty minutes of debate on H.R. 3661.</text>
        <type>Floor</type>
        <actionCode>H8D000</actionCode>
        <sourceSystem>
          <code>2</code>
          <name>House floor actions</name>
        </sourceSystem>
        <committees />
      </item>
      <item>
        <actionDate>2019-11-13</actionDate>
        <actionTime>13:01:52</actionTime>
        <links />
        <text>Considered under suspension of the rules. (consideration: CR H8800-8802)</text>
        <type>Floor</type>
        <actionCode>H30000</actionCode>
        <sourceSystem>
          <code>2</code>
          <name>House floor actions</name>
        </sourceSystem>
        <committees />
      </item>
      <item>
        <actionDate>2019-11-13</actionDate>
        <actionTime>13:01:10</actionTime>
        <links />
        <text>Mr. Schneider moved to suspend the rules and pass the bill, as amended.</text>
        <type>Floor</type>
        <actionCode>H30300</actionCode>
        <sourceSystem>
          <code>2</code>
          <name>House floor actions</name>
        </sourceSystem>
        <committees />
      </item>
      <item>
        <actionDate>2019-10-15</actionDate>
        <links />
        <text>Placed on the Union Calendar, Calendar No. 186.</text>
        <type>Calendars</type>
        <actionCode>H12410</actionCode>
        <sourceSystem>
          <code>2</code>
          <name>House floor actions</name>
        </sourceSystem>
        <committees />
      </item>
      <item>
        <actionDate>2019-10-15</actionDate>
        <links />
        <text>Reported by the Committee on Small Business. H. Rept. 116-234.</text>
        <type>Committee</type>
        <actionCode>H12200</actionCode>
        <sourceSystem>
          <code>2</code>
          <name>House floor actions</name>
        </sourceSystem>
        <committees>
          <item>
            <systemCode>hssm00</systemCode>
            <name>Small Business Committee</name>
          </item>
        </committees>
      </item>
      <item>
        <actionDate>2019-10-15</actionDate>
        <links />
        <text>Reported by the Committee on Small Business. H. Rept. 116-234.</text>
        <type>Committee</type>
        <actionCode>5000</actionCode>
        <sourceSystem>
          <code>9</code>
          <name>Library of Congress</name>
        </sourceSystem>
        <committees>
          <item>
            <systemCode>hssm00</systemCode>
            <name>Small Business Committee</name>
          </item>
        </committees>
      </item>
      <item>
        <actionDate>2019-07-17</actionDate>
        <committees>
          <item>
            <systemCode>hssm00</systemCode>
            <name>Small Business Committee</name>
          </item>
        </committees>
        <links />
        <sourceSystem>
          <code>1</code>
          <name>House committee actions</name>
        </sourceSystem>
        <text>Ordered to be Reported by Voice Vote.</text>
        <type>Committee</type>
      </item>
      <item>
        <actionDate>2019-07-17</actionDate>
        <committees>
          <item>
            <systemCode>hssm00</systemCode>
            <name>Small Business Committee</name>
          </item>
        </committees>
        <links />
        <sourceSystem>
          <code>1</code>
          <name>House committee actions</name>
        </sourceSystem>
        <text>Committee Consideration and Mark-up Session Held.</text>
        <type>Committee</type>
      </item>
      <item>
        <actionDate>2019-07-10</actionDate>
        <links />
        <text>Referred to the House Committee on Small Business.</text>
        <type>IntroReferral</type>
        <actionCode>H11100</actionCode>
        <sourceSystem>
          <code>2</code>
          <name>House floor actions</name>
        </sourceSystem>
        <committees>
          <item>
            <systemCode>hssm00</systemCode>
            <name>Small Business Committee</name>
          </item>
        </committees>
      </item>
      <item>
        <actionDate>2019-07-10</actionDate>
        <links />
        <text>Introduced in House</text>
        <type>IntroReferral</type>
        <actionCode>Intro-H</actionCode>
        <sourceSystem>
          <code>9</code>
          <name>Library of Congress</name>
        </sourceSystem>
        <committees />
      </item>
      <item>
        <actionDate>2019-07-10</actionDate>
        <links />
        <text>Introduced in House</text>
        <type>IntroReferral</type>
        <actionCode>1000</actionCode>
        <sourceSystem>
          <code>9</code>
          <name>Library of Congress</name>
        </sourceSystem>
        <committees />
      </item>
      <actionTypeCounts>
        <referredToCommittee>1</referredToCommittee>
        <motionToReconsiderResults>1</motionToReconsiderResults>
        <finalPassageUnderSuspensionOfTheRulesResults>1</finalPassageUnderSuspensionOfTheRulesResults>
        <passedAgreedToInHouse>1</passedAgreedToInHouse>
        <generalDebate>1</generalDebate>
        <considerationByHouse>1</considerationByHouse>
        <motionMadeToSuspendTheRules>1</motionMadeToSuspendTheRules>
        <unionCalendarAssignment>1</unionCalendarAssignment>
        <committeeReportOfABill>1</committeeReportOfABill>
        <reportedToHouse>1</reportedToHouse>
        <orderedToBeReported>1</orderedToBeReported>
        <committeeConsiderationMarkUp>1</committeeConsiderationMarkUp>
        <billReferrals>1</billReferrals>
        <introducedInTheHouse>1</introducedInTheHouse>
        <introducedInHouse>1</introducedInHouse>
      </actionTypeCounts>
      <actionByCounts>
        <senate>1</senate>
        <houseOfRepresentatives>14</houseOfRepresentatives>
      </actionByCounts>
    </actions>
    <sponsors>
      <item>
        <bioguideId>K000394</bioguideId>
        <fullName>Rep. Kim, Andy [D-NJ-3]</fullName>
        <firstName>Andy</firstName>
        <middleName />
        <lastName>Kim</lastName>
        <party>D</party>
        <state>NJ</state>
        <identifiers>
          <lisID>2420</lisID>
          <bioguideId>K000394</bioguideId>
          <gpoId />
        </identifiers>
        <district>3</district>
        <byRequestType />
      </item>
    </sponsors>
    <cosponsors>
      <item>
        <bioguideId>B001309</bioguideId>
        <fullName>Rep. Burchett, Tim [R-TN-2]</fullName>
        <firstName>Tim</firstName>
        <middleName />
        <lastName>Burchett</lastName>
        <party>R</party>
        <state>TN</state>
        <identifiers>
          <lisID>2440</lisID>
          <bioguideId>B001309</bioguideId>
          <gpoId />
        </identifiers>
        <district>2</district>
        <sponsorshipDate>2019-07-10</sponsorshipDate>
        <isOriginalCosponsor>True</isOriginalCosponsor>
        <sponsorshipWithdrawnDate />
      </item>
      <item>
        <bioguideId>S001190</bioguideId>
        <fullName>Rep. Schneider, Bradley Scott [D-IL-10]</fullName>
        <firstName>Bradley</firstName>
        <middleName>Scott</middleName>
        <lastName>Schneider</lastName>
        <party>D</party>
        <state>IL</state>
        <identifiers>
          <lisID>2124</lisID>
          <bioguideId>S001190</bioguideId>
          <gpoId />
        </identifiers>
        <district>10</district>
        <sponsorshipDate>2019-07-15</sponsorshipDate>
        <isOriginalCosponsor>False</isOriginalCosponsor>
        <sponsorshipWithdrawnDate />
      </item>
      <item>
        <bioguideId>F000467</bioguideId>
        <fullName>Rep. Finkenauer, Abby [D-IA-1]</fullName>
        <firstName>Abby</firstName>
        <middleName />
        <lastName>Finkenauer</lastName>
        <party>D</party>
        <state>IA</state>
        <identifiers>
          <lisID>2394</lisID>
          <bioguideId>F000467</bioguideId>
          <gpoId />
        </identifiers>
        <district>1</district>
        <sponsorshipDate>2019-07-16</sponsorshipDate>
        <isOriginalCosponsor>False</isOriginalCosponsor>
        <sponsorshipWithdrawnDate />
      </item>
      <item>
        <bioguideId>B001306</bioguideId>
        <fullName>Rep. Balderson, Troy [R-OH-12]</fullName>
        <firstName>Troy</firstName>
        <middleName />
        <lastName>Balderson</lastName>
        <party>R</party>
        <state>OH</state>
        <identifiers>
          <lisID>2370</lisID>
          <bioguideId>B001306</bioguideId>
          <gpoId />
        </identifiers>
        <district>12</district>
        <sponsorshipDate>2019-07-16</sponsorshipDate>
        <isOriginalCosponsor>False</isOriginalCosponsor>
        <sponsorshipWithdrawnDate />
      </item>
      <item>
        <bioguideId>F000466</bioguideId>
        <fullName>Rep. Fitzpatrick, Brian K. [R-PA-1]</fullName>
        <firstName>Brian</firstName>
        <middleName>K.</middleName>
        <lastName>Fitzpatrick</lastName>
        <party>R</party>
        <state>PA</state>
        <identifiers>
          <lisID>2345</lisID>
          <bioguideId>F000466</bioguideId>
          <gpoId />
        </identifiers>
        <district>1</district>
        <sponsorshipDate>2019-07-17</sponsorshipDate>
        <isOriginalCosponsor>False</isOriginalCosponsor>
        <sponsorshipWithdrawnDate />
      </item>
      <item>
        <bioguideId>C001121</bioguideId>
        <fullName>Rep. Crow, Jason [D-CO-6]</fullName>
        <firstName>Jason</firstName>
        <middleName />
        <lastName>Crow</lastName>
        <party>D</party>
        <state>CO</state>
        <identifiers>
          <lisID>2385</lisID>
          <bioguideId>C001121</bioguideId>
          <gpoId />
        </identifiers>
        <district>6</district>
        <sponsorshipDate>2019-07-17</sponsorshipDate>
        <isOriginalCosponsor>False</isOriginalCosponsor>
        <sponsorshipWithdrawnDate />
      </item>
      <item>
        <bioguideId>H001083</bioguideId>
        <fullName>Rep. Horn, Kendra S. [D-OK-5]</fullName>
        <firstName>Kendra</firstName>
        <middleName>S.</middleName>
        <lastName>Horn</lastName>
        <party>D</party>
        <state>OK</state>
        <identifiers>
          <lisID>2431</lisID>
          <bioguideId>H001083</bioguideId>
          <gpoId />
        </identifiers>
        <district>5</district>
        <sponsorshipDate>2019-07-30</sponsorshipDate>
        <isOriginalCosponsor>False</isOriginalCosponsor>
        <sponsorshipWithdrawnDate />
      </item>
      <item>
        <bioguideId>U000040</bioguideId>
        <fullName>Rep. Underwood, Lauren [D-IL-14]</fullName>
        <firstName>Lauren</firstName>
        <middleName />
        <lastName>Underwood</lastName>
        <party>D</party>
        <state>IL</state>
        <identifiers>
          <lisID>2399</lisID>
          <bioguideId>U000040</bioguideId>
          <gpoId />
        </identifiers>
        <district>14</district>
        <sponsorshipDate>2019-08-23</sponsorshipDate>
        <isOriginalCosponsor>False</isOriginalCosponsor>
        <sponsorshipWithdrawnDate />
      </item>
      <item>
        <bioguideId>H001090</bioguideId>
        <fullName>Rep. Harder, Josh [D-CA-10]</fullName>
        <firstName>Josh</firstName>
        <middleName />
        <lastName>Harder</lastName>
        <party>D</party>
        <state>CA</state>
        <identifiers>
          <lisID>2377</lisID>
          <bioguideId>H001090</bioguideId>
          <gpoId />
        </identifiers>
        <district>10</district>
        <sponsorshipDate>2019-09-03</sponsorshipDate>
        <isOriginalCosponsor>False</isOriginalCosponsor>
        <sponsorshipWithdrawnDate />
      </item>
    </cosponsors>
    <cboCostEstimates>
      <item>
        <pubDate>2019-08-12T12:59:00Z</pubDate>
        <title>H.R. 3661, Patriotic Employer Protection Act of 2019</title>
        <url>https://www.cbo.gov/publication/55549</url>
      </item>
    </cboCostEstimates>
    <laws />
    <notes />
    <policyArea>
      <name>Commerce</name>
    </policyArea>
    <subjects>
      <billSubjects>
        <legislativeSubjects>
          <item>
            <name>Conflicts and wars</name>
          </item>
          <item>
            <name>Congressional oversight</name>
          </item>
          <item>
            <name>Disaster relief and insurance</name>
          </item>
          <item>
            <name>Government lending and loan guarantees</name>
          </item>
          <item>
            <name>Military personnel and dependents</name>
          </item>
          <item>
            <name>National Guard and reserves</name>
          </item>
          <item>
            <name>Small business</name>
          </item>
        </legislativeSubjects>
        <policyArea>
          <name>Commerce</name>
        </policyArea>
      </billSubjects>
    </subjects>
    <summaries>
      <billSummaries>
        <item>
          <versionCode>00</versionCode>
          <actionDate>2019-07-10</actionDate>
          <actionDesc>Introduced in House</actionDesc>
          <lastSummaryUpdateDate>2020-04-24T14:36:24Z</lastSummaryUpdateDate>
          <text><![CDATA[<p><b>Patriotic Employer Protection Act of 2019 </b></p> <p>This bill makes various Small Business Administration programs currently available to active duty members of the U.S. Armed Forces also available to those on full-time National Guard duty. </p>]]></text>
          <updateDate>2019-07-10T04:00:00Z</updateDate>
          <name>Introduced in House</name>
        </item>
        <item>
          <versionCode>07</versionCode>
          <actionDate>2019-10-15</actionDate>
          <actionDesc>Reported to House</actionDesc>
          <lastSummaryUpdateDate>2020-04-28T17:42:41Z</lastSummaryUpdateDate>
          <text><![CDATA[<p><b>Patriotic Employer Protection Act of 2019 </b></p> <p>This bill makes various Small Business Administration programs currently available to active duty members of the U.S. Armed Forces also available to those on full-time National Guard duty. </p>]]></text>
          <updateDate>2019-10-15T15:02:58Z</updateDate>
          <name>Reported to House</name>
        </item>
        <item>
          <versionCode>53</versionCode>
          <actionDate>2019-11-13</actionDate>
          <actionDesc>Passed House</actionDesc>
          <lastSummaryUpdateDate>2020-04-28T12:25:50Z</lastSummaryUpdateDate>
          <text><![CDATA[<p><b>Patriotic Employer Protection Act of 2019 </b></p> <p>This bill makes various Small Business Administration programs currently available to active duty members of the U.S. Armed Forces also available to those on full-time National Guard duty. </p>]]></text>
          <updateDate>2019-11-13T15:43:40Z</updateDate>
          <name>Passed House</name>
        </item>
      </billSummaries>
    </summaries>
    <title>Patriotic Employer Protection Act of 2019</title>
    <titles>
      <item>
        <titleType>Short Title(s) as Introduced</titleType>
        <parentTitleType>Short Title</parentTitleType>
        <title>Patriotic Employer Protection Act of 2019</title>
        <chamberCode />
        <chamberName />
      </item>
      <item>
        <titleType>Short Titles as Passed House</titleType>
        <parentTitleType>Short Titles House of Representatives</parentTitleType>
        <title>Patriotic Employer Protection Act of 2019</title>
        <chamberCode>H</chamberCode>
        <chamberName>House</chamberName>
      </item>
      <item>
        <titleType>Official Title as Introduced</titleType>
        <parentTitleType />
        <title>To support entrepreneurs serving in the National Guard and Reserve, and for other purposes.</title>
        <chamberCode />
        <chamberName />
      </item>
      <item>
        <titleType>Display Title</titleType>
        <parentTitleType />
        <title>Patriotic Employer Protection Act of 2019</title>
        <chamberCode />
        <chamberName />
      </item>
      <item>
        <titleType>Short Title(s) as Reported to House</titleType>
        <parentTitleType>Short Title</parentTitleType>
        <title>Patriotic Employer Protection Act of 2019</title>
        <chamberCode>H</chamberCode>
        <chamberName>House</chamberName>
      </item>
    </titles>
    <amendments />
    <textVersions>
      <item>
        <type>Referred in Senate</type>
        <date>2019-11-14T05:00:00Z</date>
        <formats>
          <item>
            <url>https://www.govinfo.gov/content/pkg/BILLS-116hr3661rfs/xml/BILLS-116hr3661rfs.xml</url>
          </item>
        </formats>
      </item>
      <item>
        <type>Engrossed in House</type>
        <date>2019-11-13T05:00:00Z</date>
        <formats>
          <item>
            <url>https://www.govinfo.gov/content/pkg/BILLS-116hr3661eh/xml/BILLS-116hr3661eh.xml</url>
          </item>
        </formats>
      </item>
      <item>
        <type>Reported in House</type>
        <date>2019-10-15T04:00:00Z</date>
        <formats>
          <item>
            <url>https://www.govinfo.gov/content/pkg/BILLS-116hr3661rh/xml/BILLS-116hr3661rh.xml</url>
          </item>
        </formats>
      </item>
      <item>
        <type>Introduced in House</type>
        <date>2019-07-10T04:00:00Z</date>
        <formats>
          <item>
            <url>https://www.govinfo.gov/content/pkg/BILLS-116hr3661ih/xml/BILLS-116hr3661ih.xml</url>
          </item>
        </formats>
      </item>
    </textVersions>
    <latestAction>
      <actionDate>2019-11-14</actionDate>
      <text>Received in the Senate and Read twice and referred to the Committee on Small Business and Entrepreneurship.</text>
      <links />
    </latestAction>
    <calendarNumbers>
      <item>
        <calendar>U00186</calendar>
        <number />
      </item>
    </calendarNumbers>
    <version>1.0.0</version>
  </bill>
  <dublinCore xmlns:dc="http://purl.org/dc/elements/1.1/">
    <dc:format>text/xml</dc:format>
    <dc:language>EN</dc:language>
    <dc:rights>Pursuant to Title 17 Section 105 of the United States Code, this file is not subject to copyright protection and is in the public domain.</dc:rights>
    <dc:contributor>Congressional Research Service, Library of Congress</dc:contributor>
    <dc:description>This file contains bill summaries and statuses for federal legislation. A bill summary describes the most significant provisions of a piece of legislation and details the effects the legislative text may have on current law and federal programs. Bill summaries are authored by the Congressional Research Service (CRS) of the Library of Congress. As stated in Public Law 91-510 (2 USC 166 (d)(6)), one of the duties of CRS is "to prepare summaries and digests of bills and resolutions of a public general nature introduced in the Senate or House of Representatives". For more information, refer to the User Guide that accompanies this file.</dc:description>
  </dublinCore>
</billStatus>

