<?xml version="1.0" encoding="UTF-8"?>
<billStatus>
  <bill>
    <billNumber>297</billNumber>
    <createDate>2019-01-09T08:10:17Z</createDate>
    <updateDate>2021-07-10T20:17:32Z</updateDate>
    <originChamber>House</originChamber>
    <billType>HR</billType>
    <introducedDate>2019-01-08</introducedDate>
    <congress>116</congress>
    <constitutionalAuthorityStatementText><![CDATA[<pre>[Congressional Record Volume 165, Number 3 (Tuesday, January 8, 2019)][House]From the Congressional Record Online through the Government Publishing Office [<a href="http://www.gpo.gov">www.gpo.gov</a>]By Mr. GIANFORTE:H.R. 297.Congress has the power to enact this legislation pursuantto the following:Article I, Section 8, Clause 3.[Page H286]</pre>]]></constitutionalAuthorityStatementText>
    <recordedVotes>
      <recordedVote>
        <rollNumber>129</rollNumber>
        <url>https://clerk.house.gov/evs/2019/roll129.xml</url>
        <fullActionName>Final Passage Under Suspension of the Rules Results</fullActionName>
        <chamber>House</chamber>
        <congress>116</congress>
        <date>2019-03-26T18:40:28Z</date>
        <sessionNumber>1</sessionNumber>
      </recordedVote>
    </recordedVotes>
    <committees>
      <billCommittees>
        <item>
          <systemCode>hsii00</systemCode>
          <name>Natural Resources Committee</name>
          <chamber>House</chamber>
          <type>Standing</type>
          <subcommittees>
            <item>
              <systemCode>hsii24</systemCode>
              <name>Indigenous Peoples of the United States Subcommittee</name>
              <activities>
                <item>
                  <name>Referred to</name>
                  <date>2019-02-05T18:07:44Z</date>
                </item>
              </activities>
            </item>
          </subcommittees>
          <activities>
            <item>
              <name>Referred to</name>
              <date>2019-01-08T17:04:40Z</date>
            </item>
          </activities>
        </item>
      </billCommittees>
    </committees>
    <committeeReports />
    <relatedBills>
      <item>
        <latestTitle>Little Shell Tribe of Chippewa Indians Restoration Act of 2019</latestTitle>
        <congress>116</congress>
        <number>51</number>
        <type>S</type>
        <latestAction>
          <actionDate>2020-01-06</actionDate>
          <text>Placed on Senate Legislative Calendar under General Orders. Calendar No. 399.</text>
        </latestAction>
        <relationshipDetails>
          <item>
            <type>Related bill</type>
            <identifiedBy>CRS</identifiedBy>
          </item>
        </relationshipDetails>
      </item>
      <item>
        <latestTitle>National Defense Authorization Act for Fiscal Year 2020</latestTitle>
        <congress>116</congress>
        <number>1790</number>
        <type>S</type>
        <latestAction>
          <actionDate>2019-12-20</actionDate>
          <text>Became Public Law No: 116-92.</text>
        </latestAction>
        <relationshipDetails>
          <item>
            <type>Related bill</type>
            <identifiedBy>CRS</identifiedBy>
          </item>
        </relationshipDetails>
      </item>
    </relatedBills>
    <actions>
      <item>
        <actionDate>2019-03-28</actionDate>
        <committees />
        <links />
        <sourceSystem>
          <code>0</code>
          <name>Senate</name>
        </sourceSystem>
        <text>Read the second time. Placed on Senate Legislative Calendar under General Orders. Calendar No. 48.</text>
        <type>Calendars</type>
      </item>
      <item>
        <actionDate>2019-03-27</actionDate>
        <committees />
        <links />
        <sourceSystem>
          <code>0</code>
          <name>Senate</name>
        </sourceSystem>
        <text>Received in the Senate. Read the first time. Placed on Senate Legislative Calendar under Read the First Time.</text>
        <type>Calendars</type>
      </item>
      <item>
        <actionDate>2019-03-26</actionDate>
        <actionTime>14:40:29</actionTime>
        <links />
        <text>Motion to reconsider laid on the table Agreed to without objection.</text>
        <type>Floor</type>
        <actionCode>H38310</actionCode>
        <sourceSystem>
          <code>2</code>
          <name>House floor actions</name>
        </sourceSystem>
        <committees />
      </item>
      <item>
        <actionDate>2019-03-26</actionDate>
        <actionTime>14:40:28</actionTime>
        <links />
        <text>On motion to suspend the rules and pass the bill Agreed to by the Yeas and Nays: (2/3 required): 403 - 21 (Roll no. 129). (text: CR H2813-2814)</text>
        <type>Floor</type>
        <actionCode>H37300</actionCode>
        <sourceSystem>
          <code>2</code>
          <name>House floor actions</name>
        </sourceSystem>
        <committees />
      </item>
      <item>
        <actionDate>2019-03-26</actionDate>
        <actionTime>14:40:28</actionTime>
        <links />
        <text>Passed/agreed to in House: On motion to suspend the rules and pass the bill Agreed to by the Yeas and Nays: (2/3 required): 403 - 21 (Roll no. 129).(text: CR H2813-2814)</text>
        <type>Floor</type>
        <actionCode>8000</actionCode>
        <sourceSystem>
          <code>9</code>
          <name>Library of Congress</name>
        </sourceSystem>
        <committees />
      </item>
      <item>
        <actionDate>2019-03-26</actionDate>
        <actionTime>14:33:08</actionTime>
        <links />
        <text>Considered as unfinished business. (consideration: CR H2816-2817)</text>
        <type>Floor</type>
        <actionCode>H30000</actionCode>
        <sourceSystem>
          <code>2</code>
          <name>House floor actions</name>
        </sourceSystem>
        <committees />
      </item>
      <item>
        <actionDate>2019-03-26</actionDate>
        <actionTime>13:39:03</actionTime>
        <links />
        <text>At the conclusion of debate, the Yeas and Nays were demanded and ordered. Pursuant to the provisions of clause 8, rule XX, the Chair announced that further proceedings on the motion would be postponed.</text>
        <type>Floor</type>
        <actionCode>H37220</actionCode>
        <sourceSystem>
          <code>2</code>
          <name>House floor actions</name>
        </sourceSystem>
        <committees />
      </item>
      <item>
        <actionDate>2019-03-26</actionDate>
        <actionTime>13:33:28</actionTime>
        <links />
        <text>DEBATE - The House proceeded with forty minutes of debate on H.R. 297.</text>
        <type>Floor</type>
        <actionCode>H8D000</actionCode>
        <sourceSystem>
          <code>2</code>
          <name>House floor actions</name>
        </sourceSystem>
        <committees />
      </item>
      <item>
        <actionDate>2019-03-26</actionDate>
        <actionTime>13:33:27</actionTime>
        <links />
        <text>Considered under suspension of the rules. (consideration: CR H2813-2814)</text>
        <type>Floor</type>
        <actionCode>H30000</actionCode>
        <sourceSystem>
          <code>2</code>
          <name>House floor actions</name>
        </sourceSystem>
        <committees />
      </item>
      <item>
        <actionDate>2019-03-26</actionDate>
        <actionTime>13:33:26</actionTime>
        <links />
        <text>Mr. Grijalva moved to suspend the rules and pass the bill.</text>
        <type>Floor</type>
        <actionCode>H30300</actionCode>
        <sourceSystem>
          <code>2</code>
          <name>House floor actions</name>
        </sourceSystem>
        <committees />
      </item>
      <item>
        <actionDate>2019-02-05</actionDate>
        <committees>
          <item>
            <systemCode>hsii24</systemCode>
            <name>Indigenous Peoples of the United States Subcommittee</name>
          </item>
        </committees>
        <links />
        <sourceSystem>
          <code>1</code>
          <name>House committee actions</name>
        </sourceSystem>
        <text>Referred to the Subcommittee for Indigenous Peoples of the United States.</text>
        <type>Committee</type>
      </item>
      <item>
        <actionDate>2019-01-08</actionDate>
        <links />
        <text>Referred to the House Committee on Natural Resources.</text>
        <type>IntroReferral</type>
        <actionCode>H11100</actionCode>
        <sourceSystem>
          <code>2</code>
          <name>House floor actions</name>
        </sourceSystem>
        <committees>
          <item>
            <systemCode>hsii00</systemCode>
            <name>Natural Resources Committee</name>
          </item>
        </committees>
      </item>
      <item>
        <actionDate>2019-01-08</actionDate>
        <links />
        <text>Introduced in House</text>
        <type>IntroReferral</type>
        <actionCode>Intro-H</actionCode>
        <sourceSystem>
          <code>9</code>
          <name>Library of Congress</name>
        </sourceSystem>
        <committees />
      </item>
      <item>
        <actionDate>2019-01-08</actionDate>
        <links />
        <text>Introduced in House</text>
        <type>IntroReferral</type>
        <actionCode>1000</actionCode>
        <sourceSystem>
          <code>9</code>
          <name>Library of Congress</name>
        </sourceSystem>
        <committees />
      </item>
      <actionTypeCounts>
        <placedOnCalendarSection>2</placedOnCalendarSection>
        <motionToReconsiderResults>1</motionToReconsiderResults>
        <finalPassageUnderSuspensionOfTheRulesResults>1</finalPassageUnderSuspensionOfTheRulesResults>
        <passedAgreedToInHouse>1</passedAgreedToInHouse>
        <considerationByHouse>2</considerationByHouse>
        <placeholderTextForH>2</placeholderTextForH>
        <generalDebate>1</generalDebate>
        <motionMadeToSuspendTheRules>1</motionMadeToSuspendTheRules>
        <billReferrals>1</billReferrals>
        <introducedInTheHouse>1</introducedInTheHouse>
        <introducedInHouse>1</introducedInHouse>
      </actionTypeCounts>
      <actionByCounts>
        <senate>2</senate>
        <houseOfRepresentatives>12</houseOfRepresentatives>
      </actionByCounts>
    </actions>
    <sponsors>
      <item>
        <bioguideId>G000584</bioguideId>
        <fullName>Rep. Gianforte, Greg [R-MT-At Large]</fullName>
        <firstName>Greg</firstName>
        <middleName />
        <lastName>Gianforte</lastName>
        <party>R</party>
        <state>MT</state>
        <identifiers>
          <lisID>2359</lisID>
          <bioguideId>G000584</bioguideId>
          <gpoId />
        </identifiers>
        <district>0</district>
        <byRequestType />
      </item>
    </sponsors>
    <cosponsors />
    <cboCostEstimates />
    <laws />
    <notes />
    <policyArea>
      <name>Native Americans</name>
    </policyArea>
    <subjects>
      <billSubjects>
        <legislativeSubjects>
          <item>
            <name>Federal-Indian relations</name>
          </item>
          <item>
            <name>Indian lands and resources rights</name>
          </item>
          <item>
            <name>Indian social and development programs</name>
          </item>
          <item>
            <name>Land transfers</name>
          </item>
          <item>
            <name>Montana</name>
          </item>
        </legislativeSubjects>
        <policyArea>
          <name>Native Americans</name>
        </policyArea>
      </billSubjects>
    </subjects>
    <summaries>
      <billSummaries>
        <item>
          <versionCode>00</versionCode>
          <actionDate>2019-01-08</actionDate>
          <actionDesc>Introduced in House</actionDesc>
          <lastSummaryUpdateDate>2019-02-11T22:36:34Z</lastSummaryUpdateDate>
          <text><![CDATA[<p><b>Little Shell Tribe of Chippewa Indians Restoration Act of 2019</b></p> <p> This bill extends federal recognition to the Little Shell Tribe of Chippewa Indians of Montana.</p> <p>The bill makes the tribe and its members eligible for services and benefits provided to federally recognized tribes and their members, without regard to the existence of a reservation or the location of the residence of any member. The service area of the tribe is considered to be the area comprised of Blaine, Cascade, Glacier, and Hill Counties, Montana.</p> <p> The tribe must submit a membership roll to the Department of the Interior as a condition of receiving recognition, services, and benefits. The tribe must maintain the membership roll.</p> <p>Interior must take into trust for the benefit of the tribe 200 acres of land within the tribe's service area to be used for a tribal land base.</p>]]></text>
          <updateDate>2019-01-08T05:00:00Z</updateDate>
          <name>Introduced in House</name>
        </item>
        <item>
          <versionCode>53</versionCode>
          <actionDate>2019-03-26</actionDate>
          <actionDesc>Passed House</actionDesc>
          <lastSummaryUpdateDate>2019-04-11T21:16:42Z</lastSummaryUpdateDate>
          <text><![CDATA[<p><b>Little Shell Tribe of Chippewa Indians Restoration Act of 2019</b></p> <p> This bill extends federal recognition to the Little Shell Tribe of Chippewa Indians of Montana.</p> <p>The bill makes the tribe and its members eligible for services and benefits provided to federally recognized tribes and their members, without regard to the existence of a reservation or the location of the residence of any member. The service area of the tribe is considered to be the area comprised of Blaine, Cascade, Glacier, and Hill Counties, Montana.</p> <p> The tribe must submit a membership roll to the Department of the Interior as a condition of receiving recognition, services, and benefits. The tribe must maintain the membership roll.</p> <p>Interior must take into trust for the benefit of the tribe 200 acres of land within the tribe's service area to be used for a tribal land base.</p>]]></text>
          <updateDate>2019-03-26T13:48:23Z</updateDate>
          <name>Passed House</name>
        </item>
      </billSummaries>
    </summaries>
    <title>Little Shell Tribe of Chippewa Indians Restoration Act of 2019</title>
    <titles>
      <item>
        <titleType>Official Title as Introduced</titleType>
        <parentTitleType />
        <title>To extend the Federal recognition to the Little Shell Tribe of Chippewa Indians of Montana, and for other purposes.</title>
        <chamberCode />
        <chamberName />
      </item>
      <item>
        <titleType>Short Titles as Passed House</titleType>
        <parentTitleType>Short Titles House of Representatives</parentTitleType>
        <title>Little Shell Tribe of Chippewa Indians Restoration Act of 2019</title>
        <chamberCode>H</chamberCode>
        <chamberName>House</chamberName>
      </item>
      <item>
        <titleType>Display Title</titleType>
        <parentTitleType />
        <title>Little Shell Tribe of Chippewa Indians Restoration Act of 2019</title>
        <chamberCode />
        <chamberName />
      </item>
      <item>
        <titleType>Short Title(s) as Introduced</titleType>
        <parentTitleType>Short Title</parentTitleType>
        <title>Little Shell Tribe of Chippewa Indians Restoration Act of 2019</title>
        <chamberCode />
        <chamberName />
      </item>
    </titles>
    <amendments />
    <textVersions>
      <item>
        <type>Placed on Calendar Senate</type>
        <date>2019-03-28T04:00:00Z</date>
        <formats>
          <item>
            <url>https://www.govinfo.gov/content/pkg/BILLS-116hr297pcs/xml/BILLS-116hr297pcs.xml</url>
          </item>
        </formats>
      </item>
      <item>
        <type>Engrossed in House</type>
        <date>2019-03-26T04:00:00Z</date>
        <formats>
          <item>
            <url>https://www.govinfo.gov/content/pkg/BILLS-116hr297eh/xml/BILLS-116hr297eh.xml</url>
          </item>
        </formats>
      </item>
      <item>
        <type>Introduced in House</type>
        <date>2019-01-08T05:00:00Z</date>
        <formats>
          <item>
            <url>https://www.govinfo.gov/content/pkg/BILLS-116hr297ih/xml/BILLS-116hr297ih.xml</url>
          </item>
        </formats>
      </item>
    </textVersions>
    <latestAction>
      <actionDate>2019-03-28</actionDate>
      <text>Read the second time. Placed on Senate Legislative Calendar under General Orders. Calendar No. 48.</text>
      <links />
    </latestAction>
    <calendarNumbers>
      <item>
        <calendar>Senate Calendar of Business</calendar>
        <number>0048</number>
      </item>
      <item>
        <calendar>Senate Calendar of Business</calendar>
        <number />
      </item>
    </calendarNumbers>
    <version>1.0.0</version>
  </bill>
  <dublinCore xmlns:dc="http://purl.org/dc/elements/1.1/">
    <dc:format>text/xml</dc:format>
    <dc:language>EN</dc:language>
    <dc:rights>Pursuant to Title 17 Section 105 of the United States Code, this file is not subject to copyright protection and is in the public domain.</dc:rights>
    <dc:contributor>Congressional Research Service, Library of Congress</dc:contributor>
    <dc:description>This file contains bill summaries and statuses for federal legislation. A bill summary describes the most significant provisions of a piece of legislation and details the effects the legislative text may have on current law and federal programs. Bill summaries are authored by the Congressional Research Service (CRS) of the Library of Congress. As stated in Public Law 91-510 (2 USC 166 (d)(6)), one of the duties of CRS is "to prepare summaries and digests of bills and resolutions of a public general nature introduced in the Senate or House of Representatives". For more information, refer to the User Guide that accompanies this file.</dc:description>
  </dublinCore>
</billStatus>

