<?xml version="1.0" encoding="UTF-8"?>
<billStatus>
  <bill>
    <billNumber>188</billNumber>
    <createDate>2019-01-04T13:32:56Z</createDate>
    <updateDate>2021-07-10T20:20:46Z</updateDate>
    <originChamber>House</originChamber>
    <billType>HR</billType>
    <introducedDate>2019-01-03</introducedDate>
    <congress>116</congress>
    <constitutionalAuthorityStatementText><![CDATA[<pre>[Congressional Record Volume 165, Number 1 (Thursday, January 3, 2019)][House]From the Congressional Record Online through the Government Publishing Office [<a href="http://www.gpo.gov">www.gpo.gov</a>]By Mrs. LOWEY:H.R. 188.Congress has the power to enact this legislation pursuantto the following:Article I, Section 8, Clause 1[Page H216]</pre>]]></constitutionalAuthorityStatementText>
    <recordedVotes />
    <committees>
      <billCommittees>
        <item>
          <systemCode>hswm00</systemCode>
          <name>Ways and Means Committee</name>
          <chamber>House</chamber>
          <type>Standing</type>
          <subcommittees />
          <activities>
            <item>
              <name>Referred to</name>
              <date>2019-01-03T16:10:00Z</date>
            </item>
          </activities>
        </item>
      </billCommittees>
    </committees>
    <committeeReports />
    <relatedBills>
      <item>
        <latestTitle>SALT Fairness Act of 2019</latestTitle>
        <congress>116</congress>
        <number>257</number>
        <type>HR</type>
        <latestAction>
          <actionDate>2019-01-04</actionDate>
          <text>Referred to the House Committee on Ways and Means.</text>
        </latestAction>
        <relationshipDetails>
          <item>
            <type>Related bill</type>
            <identifiedBy>CRS</identifiedBy>
          </item>
        </relationshipDetails>
      </item>
      <item>
        <latestTitle>State And Local Tax Deduction Fairness Act of 2019</latestTitle>
        <congress>116</congress>
        <number>515</number>
        <type>HR</type>
        <latestAction>
          <actionDate>2019-01-11</actionDate>
          <text>Referred to the House Committee on Ways and Means.</text>
        </latestAction>
        <relationshipDetails>
          <item>
            <type>Related bill</type>
            <identifiedBy>CRS</identifiedBy>
          </item>
        </relationshipDetails>
      </item>
    </relatedBills>
    <actions>
      <item>
        <actionDate>2019-01-03</actionDate>
        <links />
        <text>Referred to the House Committee on Ways and Means.</text>
        <type>IntroReferral</type>
        <actionCode>H11100</actionCode>
        <sourceSystem>
          <code>2</code>
          <name>House floor actions</name>
        </sourceSystem>
        <committees>
          <item>
            <systemCode>hswm00</systemCode>
            <name>Ways and Means Committee</name>
          </item>
        </committees>
      </item>
      <item>
        <actionDate>2019-01-03</actionDate>
        <links />
        <text>Introduced in House</text>
        <type>IntroReferral</type>
        <actionCode>Intro-H</actionCode>
        <sourceSystem>
          <code>9</code>
          <name>Library of Congress</name>
        </sourceSystem>
        <committees />
      </item>
      <item>
        <actionDate>2019-01-03</actionDate>
        <links />
        <text>Introduced in House</text>
        <type>IntroReferral</type>
        <actionCode>1000</actionCode>
        <sourceSystem>
          <code>9</code>
          <name>Library of Congress</name>
        </sourceSystem>
        <committees />
      </item>
      <actionTypeCounts>
        <billReferrals>1</billReferrals>
        <introducedInTheHouse>1</introducedInTheHouse>
        <introducedInHouse>1</introducedInHouse>
      </actionTypeCounts>
      <actionByCounts>
        <houseOfRepresentatives>3</houseOfRepresentatives>
      </actionByCounts>
    </actions>
    <sponsors>
      <item>
        <bioguideId>L000480</bioguideId>
        <fullName>Rep. Lowey, Nita M. [D-NY-17]</fullName>
        <firstName>NITA</firstName>
        <middleName>M.</middleName>
        <lastName>LOWEY</lastName>
        <party>D</party>
        <state>NY</state>
        <identifiers>
          <lisID>709</lisID>
          <bioguideId>L000480</bioguideId>
          <gpoId>8079</gpoId>
        </identifiers>
        <district>17</district>
        <byRequestType />
      </item>
    </sponsors>
    <cosponsors>
      <item>
        <bioguideId>K000210</bioguideId>
        <fullName>Rep. King, Peter T. [R-NY-2]</fullName>
        <firstName>PETER</firstName>
        <middleName>T.</middleName>
        <lastName>KING</lastName>
        <party>R</party>
        <state>NY</state>
        <identifiers>
          <lisID>635</lisID>
          <bioguideId>K000210</bioguideId>
          <gpoId>8064</gpoId>
        </identifiers>
        <district>2</district>
        <sponsorshipDate>2019-01-03</sponsorshipDate>
        <isOriginalCosponsor>True</isOriginalCosponsor>
        <sponsorshipWithdrawnDate />
      </item>
      <item>
        <bioguideId>S001201</bioguideId>
        <fullName>Rep. Suozzi, Thomas R. [D-NY-3]</fullName>
        <firstName>Thomas</firstName>
        <middleName>R.</middleName>
        <lastName>Suozzi</lastName>
        <party>D</party>
        <state>NY</state>
        <identifiers>
          <lisID>2341</lisID>
          <bioguideId>S001201</bioguideId>
          <gpoId />
        </identifiers>
        <district>3</district>
        <sponsorshipDate>2019-01-11</sponsorshipDate>
        <isOriginalCosponsor>False</isOriginalCosponsor>
        <sponsorshipWithdrawnDate />
      </item>
      <item>
        <bioguideId>S001196</bioguideId>
        <fullName>Rep. Stefanik, Elise M. [R-NY-21]</fullName>
        <firstName>Elise</firstName>
        <middleName>M.</middleName>
        <lastName>Stefanik</lastName>
        <party>R</party>
        <state>NY</state>
        <identifiers>
          <lisID>2263</lisID>
          <bioguideId>S001196</bioguideId>
          <gpoId />
        </identifiers>
        <district>21</district>
        <sponsorshipDate>2019-01-11</sponsorshipDate>
        <isOriginalCosponsor>False</isOriginalCosponsor>
        <sponsorshipWithdrawnDate />
      </item>
      <item>
        <bioguideId>N000147</bioguideId>
        <fullName>Del. Norton, Eleanor Holmes [D-DC-At Large]</fullName>
        <firstName>ELEANOR</firstName>
        <middleName>HOLMES</middleName>
        <lastName>NORTON</lastName>
        <party>D</party>
        <state>DC</state>
        <identifiers>
          <lisID>868</lisID>
          <bioguideId>N000147</bioguideId>
          <gpoId>7871</gpoId>
        </identifiers>
        <district>0</district>
        <sponsorshipDate>2019-01-11</sponsorshipDate>
        <isOriginalCosponsor>False</isOriginalCosponsor>
        <sponsorshipWithdrawnDate />
      </item>
      <item>
        <bioguideId>E000215</bioguideId>
        <fullName>Rep. Eshoo, Anna G. [D-CA-18]</fullName>
        <firstName>ANNA</firstName>
        <middleName>G.</middleName>
        <lastName>ESHOO</lastName>
        <party>D</party>
        <state>CA</state>
        <identifiers>
          <lisID>355</lisID>
          <bioguideId>E000215</bioguideId>
          <gpoId>7819</gpoId>
        </identifiers>
        <district>18</district>
        <sponsorshipDate>2019-01-11</sponsorshipDate>
        <isOriginalCosponsor>False</isOriginalCosponsor>
        <sponsorshipWithdrawnDate />
      </item>
      <item>
        <bioguideId>R000613</bioguideId>
        <fullName>Rep. Rose, Max [D-NY-11]</fullName>
        <firstName>Max</firstName>
        <middleName />
        <lastName>Rose</lastName>
        <party>D</party>
        <state>NY</state>
        <identifiers>
          <lisID>2426</lisID>
          <bioguideId>R000613</bioguideId>
          <gpoId />
        </identifiers>
        <district>11</district>
        <sponsorshipDate>2019-01-11</sponsorshipDate>
        <isOriginalCosponsor>False</isOriginalCosponsor>
        <sponsorshipWithdrawnDate />
      </item>
      <item>
        <bioguideId>N000188</bioguideId>
        <fullName>Rep. Norcross, Donald [D-NJ-1]</fullName>
        <firstName>Donald</firstName>
        <middleName />
        <lastName>Norcross</lastName>
        <party>D</party>
        <state>NJ</state>
        <identifiers>
          <lisID>2202</lisID>
          <bioguideId>N000188</bioguideId>
          <gpoId />
        </identifiers>
        <district>1</district>
        <sponsorshipDate>2019-01-11</sponsorshipDate>
        <isOriginalCosponsor>False</isOriginalCosponsor>
        <sponsorshipWithdrawnDate />
      </item>
      <item>
        <bioguideId>S000522</bioguideId>
        <fullName>Rep. Smith, Christopher H. [R-NJ-4]</fullName>
        <firstName>CHRISTOPHER</firstName>
        <middleName>H.</middleName>
        <lastName>SMITH</lastName>
        <party>R</party>
        <state>NJ</state>
        <identifiers>
          <lisID>1071</lisID>
          <bioguideId>S000522</bioguideId>
          <gpoId>8046</gpoId>
        </identifiers>
        <district>4</district>
        <sponsorshipDate>2019-02-07</sponsorshipDate>
        <isOriginalCosponsor>False</isOriginalCosponsor>
        <sponsorshipWithdrawnDate />
      </item>
      <item>
        <bioguideId>Z000017</bioguideId>
        <fullName>Rep. Zeldin, Lee M. [R-NY-1]</fullName>
        <firstName>Lee</firstName>
        <middleName>M.</middleName>
        <lastName>Zeldin</lastName>
        <party>R</party>
        <state>NY</state>
        <identifiers>
          <lisID>2261</lisID>
          <bioguideId>Z000017</bioguideId>
          <gpoId />
        </identifiers>
        <district>1</district>
        <sponsorshipDate>2019-02-07</sponsorshipDate>
        <isOriginalCosponsor>False</isOriginalCosponsor>
        <sponsorshipWithdrawnDate />
      </item>
      <item>
        <bioguideId>S001207</bioguideId>
        <fullName>Rep. Sherrill, Mikie [D-NJ-11]</fullName>
        <firstName>Mikie</firstName>
        <middleName />
        <lastName>Sherrill</lastName>
        <party>D</party>
        <state>NJ</state>
        <identifiers>
          <lisID>2422</lisID>
          <bioguideId>S001207</bioguideId>
          <gpoId />
        </identifiers>
        <district>11</district>
        <sponsorshipDate>2019-02-13</sponsorshipDate>
        <isOriginalCosponsor>False</isOriginalCosponsor>
        <sponsorshipWithdrawnDate />
      </item>
      <item>
        <bioguideId>D000630</bioguideId>
        <fullName>Rep. Delgado, Antonio [D-NY-19]</fullName>
        <firstName>Antonio</firstName>
        <middleName />
        <lastName>Delgado</lastName>
        <party>D</party>
        <state>NY</state>
        <identifiers>
          <lisID>2428</lisID>
          <bioguideId>D000630</bioguideId>
          <gpoId />
        </identifiers>
        <district>19</district>
        <sponsorshipDate>2019-02-13</sponsorshipDate>
        <isOriginalCosponsor>False</isOriginalCosponsor>
        <sponsorshipWithdrawnDate />
      </item>
      <item>
        <bioguideId>P000618</bioguideId>
        <fullName>Rep. Porter, Katie [D-CA-45]</fullName>
        <firstName>Katie</firstName>
        <middleName />
        <lastName>Porter</lastName>
        <party>D</party>
        <state>CA</state>
        <identifiers>
          <lisID>2381</lisID>
          <bioguideId>P000618</bioguideId>
          <gpoId />
        </identifiers>
        <district>45</district>
        <sponsorshipDate>2019-02-28</sponsorshipDate>
        <isOriginalCosponsor>False</isOriginalCosponsor>
        <sponsorshipWithdrawnDate />
      </item>
      <item>
        <bioguideId>S001190</bioguideId>
        <fullName>Rep. Schneider, Bradley Scott [D-IL-10]</fullName>
        <firstName>Bradley</firstName>
        <middleName>Scott</middleName>
        <lastName>Schneider</lastName>
        <party>D</party>
        <state>IL</state>
        <identifiers>
          <lisID>2124</lisID>
          <bioguideId>S001190</bioguideId>
          <gpoId />
        </identifiers>
        <district>10</district>
        <sponsorshipDate>2019-03-05</sponsorshipDate>
        <isOriginalCosponsor>False</isOriginalCosponsor>
        <sponsorshipWithdrawnDate />
      </item>
      <item>
        <bioguideId>M000087</bioguideId>
        <fullName>Rep. Maloney, Carolyn B. [D-NY-12]</fullName>
        <firstName>CAROLYN</firstName>
        <middleName>B.</middleName>
        <lastName>MALONEY</lastName>
        <party>D</party>
        <state>NY</state>
        <identifiers>
          <lisID>729</lisID>
          <bioguideId>M000087</bioguideId>
          <gpoId>8075</gpoId>
        </identifiers>
        <district>12</district>
        <sponsorshipDate>2019-05-07</sponsorshipDate>
        <isOriginalCosponsor>False</isOriginalCosponsor>
        <sponsorshipWithdrawnDate />
      </item>
      <item>
        <bioguideId>L000593</bioguideId>
        <fullName>Rep. Levin, Mike [D-CA-49]</fullName>
        <firstName>Mike</firstName>
        <middleName />
        <lastName>Levin</lastName>
        <party>D</party>
        <state>CA</state>
        <identifiers>
          <lisID>2383</lisID>
          <bioguideId>L000593</bioguideId>
          <gpoId />
        </identifiers>
        <district>49</district>
        <sponsorshipDate>2019-06-18</sponsorshipDate>
        <isOriginalCosponsor>False</isOriginalCosponsor>
        <sponsorshipWithdrawnDate />
      </item>
      <item>
        <bioguideId>S001216</bioguideId>
        <fullName>Rep. Schrier, Kim [D-WA-8]</fullName>
        <firstName>Kim</firstName>
        <middleName />
        <lastName>Schrier</lastName>
        <party>D</party>
        <state>WA</state>
        <identifiers>
          <lisID>2458</lisID>
          <bioguideId>S001216</bioguideId>
          <gpoId />
        </identifiers>
        <district>8</district>
        <sponsorshipDate>2019-10-22</sponsorshipDate>
        <isOriginalCosponsor>False</isOriginalCosponsor>
        <sponsorshipWithdrawnDate />
      </item>
    </cosponsors>
    <cboCostEstimates />
    <laws />
    <notes />
    <policyArea>
      <name>Taxation</name>
    </policyArea>
    <subjects>
      <billSubjects>
        <legislativeSubjects>
          <item>
            <name>Income tax deductions</name>
          </item>
          <item>
            <name>Property tax</name>
          </item>
          <item>
            <name>State and local taxation</name>
          </item>
        </legislativeSubjects>
        <policyArea>
          <name>Taxation</name>
        </policyArea>
      </billSubjects>
    </subjects>
    <summaries>
      <billSummaries>
        <item>
          <versionCode>00</versionCode>
          <actionDate>2019-01-03</actionDate>
          <actionDesc>Introduced in House</actionDesc>
          <lastSummaryUpdateDate>2019-01-22T14:38:30Z</lastSummaryUpdateDate>
          <text><![CDATA[<p><b>Securing Access to Lower Taxes by ensuring Deductibility Act or the SALT Deductibility Act</b></p> <p> This bill repeals the limitation on individual tax deductions for certain state and local taxes. (For tax years 2018-2025, the deduction for certain state and local taxes is currently limited to $10,000 per year for individuals or $5,000 for married individuals filing a separate return.) </p>]]></text>
          <updateDate>2019-01-03T05:00:00Z</updateDate>
          <name>Introduced in House</name>
        </item>
      </billSummaries>
    </summaries>
    <title>SALT Deductibility Act</title>
    <titles>
      <item>
        <titleType>Short Title(s) as Introduced</titleType>
        <parentTitleType>Short Title</parentTitleType>
        <title>SALT Deductibility Act</title>
        <chamberCode />
        <chamberName />
      </item>
      <item>
        <titleType>Short Title(s) as Introduced</titleType>
        <parentTitleType>Short Title</parentTitleType>
        <title>Securing Access to Lower Taxes by ensuring Deductibility Act</title>
        <chamberCode />
        <chamberName />
      </item>
      <item>
        <titleType>Official Title as Introduced</titleType>
        <parentTitleType />
        <title>To amend the Internal Revenue Code of 1986 to repeal the limitation on the deduction for certain taxes, including State and local property and income taxes.</title>
        <chamberCode />
        <chamberName />
      </item>
      <item>
        <titleType>Display Title</titleType>
        <parentTitleType />
        <title>SALT Deductibility Act</title>
        <chamberCode />
        <chamberName />
      </item>
    </titles>
    <amendments />
    <textVersions>
      <item>
        <type>Introduced in House</type>
        <date>2019-01-03T05:00:00Z</date>
        <formats>
          <item>
            <url>https://www.govinfo.gov/content/pkg/BILLS-116hr188ih/xml/BILLS-116hr188ih.xml</url>
          </item>
        </formats>
      </item>
    </textVersions>
    <latestAction>
      <actionDate>2019-01-03</actionDate>
      <text>Referred to the House Committee on Ways and Means.</text>
      <links />
    </latestAction>
    <calendarNumbers />
    <version>1.0.0</version>
  </bill>
  <dublinCore xmlns:dc="http://purl.org/dc/elements/1.1/">
    <dc:format>text/xml</dc:format>
    <dc:language>EN</dc:language>
    <dc:rights>Pursuant to Title 17 Section 105 of the United States Code, this file is not subject to copyright protection and is in the public domain.</dc:rights>
    <dc:contributor>Congressional Research Service, Library of Congress</dc:contributor>
    <dc:description>This file contains bill summaries and statuses for federal legislation. A bill summary describes the most significant provisions of a piece of legislation and details the effects the legislative text may have on current law and federal programs. Bill summaries are authored by the Congressional Research Service (CRS) of the Library of Congress. As stated in Public Law 91-510 (2 USC 166 (d)(6)), one of the duties of CRS is "to prepare summaries and digests of bills and resolutions of a public general nature introduced in the Senate or House of Representatives". For more information, refer to the User Guide that accompanies this file.</dc:description>
  </dublinCore>
</billStatus>

