<?xml version="1.0" encoding="UTF-8"?>
<billStatus>
  <bill>
    <billNumber>265</billNumber>
    <createDate>2019-01-09T08:10:16Z</createDate>
    <updateDate>2021-08-05T19:18:39Z</updateDate>
    <originChamber>House</originChamber>
    <billType>HR</billType>
    <introducedDate>2019-01-08</introducedDate>
    <congress>116</congress>
    <constitutionalAuthorityStatementText><![CDATA[<pre>[Congressional Record Volume 165, Number 3 (Tuesday, January 8, 2019)][House]From the Congressional Record Online through the Government Publishing Office [<a href="http://www.gpo.gov">www.gpo.gov</a>]By Mr. BISHOP of Georgia:H.R. 265.Congress has the power to enact this legislation pursuantto the following:The principal constitutional authority for this legislationis clause 7 of section 9 of article I of the Constitution ofthe United States (the appropriation power), which states:``No Money shall be drawn from the Treasury, but inConsequence of Appropriations made by Law . . . .''In addition, clause 1 of section 8 of article I of theConstitution (the spending power) provides:``The Congress shall have the Power . . . to pay the Debtsand provide for the common Defence and general Welfare of theUnited States . . .''Together, these specific constitutional provisionsestablish the congressional power of the purse, grantingCongress the authority to appropriate funds, to determinetheir purpose, amount, and period of availability, and to setforth terms and conditions governing their use.[Page H285]</pre>]]></constitutionalAuthorityStatementText>
    <recordedVotes>
      <recordedVote>
        <rollNumber>25</rollNumber>
        <url>https://clerk.house.gov/evs/2019/roll025.xml</url>
        <fullActionName>Passage of a Measure</fullActionName>
        <chamber>House</chamber>
        <congress>116</congress>
        <date>2019-01-10T21:34:15Z</date>
        <sessionNumber>1</sessionNumber>
      </recordedVote>
      <recordedVote>
        <rollNumber>24</rollNumber>
        <url>https://clerk.house.gov/evs/2019/roll024.xml</url>
        <fullActionName>Motion to Commit/Recommit With Instructions Results</fullActionName>
        <chamber>House</chamber>
        <congress>116</congress>
        <date>2019-01-10T21:25:30Z</date>
        <sessionNumber>1</sessionNumber>
      </recordedVote>
    </recordedVotes>
    <committees>
      <billCommittees>
        <item>
          <systemCode>ssap00</systemCode>
          <name>Appropriations Committee</name>
          <chamber>Senate</chamber>
          <type>Standing</type>
          <subcommittees />
          <activities>
            <item>
              <name>Referred to</name>
              <date>2019-01-11T15:30:34Z</date>
            </item>
          </activities>
        </item>
        <item>
          <systemCode>hsap00</systemCode>
          <name>Appropriations Committee</name>
          <chamber>House</chamber>
          <type>Standing</type>
          <subcommittees />
          <activities>
            <item>
              <name>Referred to</name>
              <date>2019-01-09T01:01:30Z</date>
            </item>
          </activities>
        </item>
      </billCommittees>
    </committees>
    <committeeReports />
    <relatedBills>
      <item>
        <latestTitle>Consolidated Appropriations Act, 2019</latestTitle>
        <congress>116</congress>
        <number>648</number>
        <type>HR</type>
        <latestAction>
          <actionDate>2019-01-28</actionDate>
          <text>Read the second time. Placed on Senate Legislative Calendar under General Orders. Calendar No. 16.</text>
        </latestAction>
        <relationshipDetails>
          <item>
            <type>Related bill</type>
            <identifiedBy>CRS</identifiedBy>
          </item>
        </relationshipDetails>
      </item>
      <item>
        <latestTitle>Consolidated Appropriations Act, 2019</latestTitle>
        <congress>116</congress>
        <number>31</number>
        <type>HJRES</type>
        <latestAction>
          <actionDate>2019-02-15</actionDate>
          <text>Became Public Law No: 116-6.</text>
        </latestAction>
        <relationshipDetails>
          <item>
            <type>Related bill</type>
            <identifiedBy>CRS</identifiedBy>
          </item>
        </relationshipDetails>
      </item>
      <item>
        <latestTitle>Consolidated Appropriations Act, 2019</latestTitle>
        <congress>116</congress>
        <number>21</number>
        <type>HR</type>
        <latestAction>
          <actionDate>2019-01-08</actionDate>
          <text>Read the second time. Placed on Senate Legislative Calendar under General Orders. Calendar No. 5.</text>
        </latestAction>
        <relationshipDetails>
          <item>
            <type>Related bill</type>
            <identifiedBy>CRS</identifiedBy>
          </item>
        </relationshipDetails>
      </item>
      <item>
        <latestTitle>Providing for consideration of the bill (H.R. 264) making appropriations for financial services and general government for the fiscal year ending September 30, 2019, and for other purposes; providing for consideration of the bill (H.R. 265) making appropriations for Agriculture, Rural Development, Food and Drug Administration, and Related Agencies programs for the fiscal year ending September 30, 2019, and for other purposes; providing for consideration of the bill (H.R. 266) making appropriations for the Department of the Interior, environment, and related agencies for the fiscal year ending September 30, 2019, and for other purposes; providing for consideration of the bill (H.R. 267) making appropriations for the Department of Transportation, and Housing and Urban Development, and related agencies for the fiscal year ending September 30, 2019, and for other purposes; and waiving a requirement of clause 6(a) of rule XIII with respect to consideration of certain resolutions reported from the Committee on Rules.</latestTitle>
        <congress>116</congress>
        <number>28</number>
        <type>HRES</type>
        <latestAction>
          <actionDate>2019-01-09</actionDate>
          <text>Motion to reconsider laid on the table Agreed to without objection.</text>
          <actionTime>14:04:30</actionTime>
        </latestAction>
        <relationshipDetails>
          <item>
            <type>Related bill</type>
            <identifiedBy>House</identifiedBy>
          </item>
          <item>
            <type>Procedurally-related</type>
            <identifiedBy>House</identifiedBy>
          </item>
        </relationshipDetails>
      </item>
    </relatedBills>
    <actions>
      <item>
        <actionDate>2019-01-11</actionDate>
        <committees>
          <item>
            <systemCode>ssap00</systemCode>
            <name>Appropriations Committee</name>
          </item>
        </committees>
        <links />
        <sourceSystem>
          <code>0</code>
          <name>Senate</name>
        </sourceSystem>
        <text>Received in the Senate and Read twice and referred to the Committee on Appropriations.</text>
        <type>IntroReferral</type>
      </item>
      <item>
        <actionDate>2019-01-10</actionDate>
        <actionTime>16:34:16</actionTime>
        <links />
        <text>Motion to reconsider laid on the table Agreed to without objection.</text>
        <type>Floor</type>
        <actionCode>H38310</actionCode>
        <sourceSystem>
          <code>2</code>
          <name>House floor actions</name>
        </sourceSystem>
        <committees />
      </item>
      <item>
        <actionDate>2019-01-10</actionDate>
        <actionTime>16:34:15</actionTime>
        <links />
        <text>On passage Passed by the Yeas and Nays: 243 - 183 (Roll no. 25). (text: CR H376-388)</text>
        <type>Floor</type>
        <actionCode>H37100</actionCode>
        <sourceSystem>
          <code>2</code>
          <name>House floor actions</name>
        </sourceSystem>
        <committees />
      </item>
      <item>
        <actionDate>2019-01-10</actionDate>
        <actionTime>16:34:15</actionTime>
        <links />
        <text>Passed/agreed to in House: On passage Passed by the Yeas and Nays: 243 - 183 (Roll no. 25).(text: CR H376-388)</text>
        <type>Floor</type>
        <actionCode>8000</actionCode>
        <sourceSystem>
          <code>9</code>
          <name>Library of Congress</name>
        </sourceSystem>
        <committees />
      </item>
      <item>
        <actionDate>2019-01-10</actionDate>
        <actionTime>16:25:30</actionTime>
        <links />
        <text>On motion to recommit with instructions Failed by the Yeas and Nays: 197 - 229 (Roll no. 24).</text>
        <type>Floor</type>
        <actionCode>H36110</actionCode>
        <sourceSystem>
          <code>2</code>
          <name>House floor actions</name>
        </sourceSystem>
        <committees>
          <item>
            <systemCode>hsap00</systemCode>
            <name>Appropriations Committee</name>
          </item>
        </committees>
      </item>
      <item>
        <actionDate>2019-01-10</actionDate>
        <actionTime>16:16:55</actionTime>
        <links />
        <text>Considered as unfinished business. (consideration: CR H438-440)</text>
        <type>Floor</type>
        <actionCode>H30000</actionCode>
        <sourceSystem>
          <code>2</code>
          <name>House floor actions</name>
        </sourceSystem>
        <committees />
      </item>
      <item>
        <actionDate>2019-01-10</actionDate>
        <actionTime>13:49:37</actionTime>
        <links />
        <text>POSTPONED PROCEEDINGS - At the conclusion of debate on the motion to recommit with instructions, the Chair put the question on the motion, and by voice vote, announced that the ayes had prevailed. Mr. Aderholt demanded the yeas and nays and the Chair postponed further proceedings on the motion to recommit with instructions until a time to be announced.</text>
        <type>Floor</type>
        <actionCode>H8D000</actionCode>
        <sourceSystem>
          <code>2</code>
          <name>House floor actions</name>
        </sourceSystem>
        <committees />
      </item>
      <item>
        <actionDate>2019-01-10</actionDate>
        <actionTime>13:49:26</actionTime>
        <links />
        <text>The previous question on the motion to recommit with instructions was ordered without objection.</text>
        <type>Floor</type>
        <actionCode>H8A000</actionCode>
        <sourceSystem>
          <code>2</code>
          <name>House floor actions</name>
        </sourceSystem>
        <committees />
      </item>
      <item>
        <actionDate>2019-01-10</actionDate>
        <actionTime>13:44:04</actionTime>
        <links />
        <text>DEBATE - The House proceeded with 10 minutes of debate on the Aderholt motion to recommit with instructions, pending the reservation of a point of order. The instructions contained in the motion seek to require the bill to be reported back to the House with an amendment to make various reductions throughout the bill and increase funds for Rural Utilities Service - Distance Learning, Telemedicine, and Broadband Program. Subsequently, the point of order was withdrawn.</text>
        <type>Floor</type>
        <actionCode>H8D000</actionCode>
        <sourceSystem>
          <code>2</code>
          <name>House floor actions</name>
        </sourceSystem>
        <committees />
      </item>
      <item>
        <actionDate>2019-01-10</actionDate>
        <actionTime>13:43:34</actionTime>
        <links />
        <text>Mr. Aderholt moved to recommit with instructions to the Committee on Appropriations. (text: CR H397)</text>
        <type>Floor</type>
        <actionCode>H36100</actionCode>
        <sourceSystem>
          <code>2</code>
          <name>House floor actions</name>
        </sourceSystem>
        <committees>
          <item>
            <systemCode>hsap00</systemCode>
            <name>Appropriations Committee</name>
          </item>
        </committees>
      </item>
      <item>
        <actionDate>2019-01-10</actionDate>
        <actionTime>13:43:01</actionTime>
        <links />
        <text>The previous question was ordered pursuant to the rule.</text>
        <type>Floor</type>
        <actionCode>H35000</actionCode>
        <sourceSystem>
          <code>2</code>
          <name>House floor actions</name>
        </sourceSystem>
        <committees />
      </item>
      <item>
        <actionDate>2019-01-10</actionDate>
        <actionTime>12:35:59</actionTime>
        <links />
        <text>DEBATE - The House proceeded with one hour of debate on H.R. 265.</text>
        <type>Floor</type>
        <actionCode>H8D000</actionCode>
        <sourceSystem>
          <code>2</code>
          <name>House floor actions</name>
        </sourceSystem>
        <committees />
      </item>
      <item>
        <actionDate>2019-01-10</actionDate>
        <actionTime>12:35:40</actionTime>
        <links />
        <text>Rule provides for consideration of H.R. 264, H.R. 265, H.R. 266 and H.R. 267. Measure will be considered read. Bill is closed to amendments. The rule provides one hour of debate, orders the previous question, and allows one motion to commit on each bill. The rule waives the requirement of clause 6(a) of rule XIII for a two-thirds vote to consider a report from the Committee on Rules on the same day it is presented to the House with respect to any resolution reported through the legislative day of January 15, 2019, relating to a measure making or continuing appropriations for the fiscal year ending September 30, 2019.</text>
        <type>Floor</type>
        <actionCode>H8D000</actionCode>
        <sourceSystem>
          <code>2</code>
          <name>House floor actions</name>
        </sourceSystem>
        <committees />
      </item>
      <item>
        <actionDate>2019-01-10</actionDate>
        <actionTime>12:35:35</actionTime>
        <links />
        <text>Considered under the provisions of rule H. Res. 28. (consideration: CR H375-398)</text>
        <type>Floor</type>
        <actionCode>H30000</actionCode>
        <sourceSystem>
          <code>2</code>
          <name>House floor actions</name>
        </sourceSystem>
        <committees />
      </item>
      <item>
        <actionDate>2019-01-08</actionDate>
        <links />
        <text>Referred to the House Committee on Appropriations.</text>
        <type>IntroReferral</type>
        <actionCode>H11100</actionCode>
        <sourceSystem>
          <code>2</code>
          <name>House floor actions</name>
        </sourceSystem>
        <committees>
          <item>
            <systemCode>hsap00</systemCode>
            <name>Appropriations Committee</name>
          </item>
        </committees>
      </item>
      <item>
        <actionDate>2019-01-08</actionDate>
        <actionTime>19:39:10</actionTime>
        <links />
        <text>Rules Committee Resolution H. Res. 28 Reported to House. Rule provides for consideration of H.R. 264, H.R. 265, H.R. 266 and H.R. 267. Measure will be considered read. Bill is closed to amendments. The rule provides one hour of debate, orders the previous question, and allows one motion to commit on each bill. The rule waives the requirement of clause 6(a) of rule XIII for a two-thirds vote to consider a report from the Committee on Rules on the same day it is presented to the House with respect to any resolution reported through the legislative day of January 15, 2019, relating to a measure making or continuing appropriations for the fiscal year ending September 30, 2019.</text>
        <type>Floor</type>
        <actionCode>H1L210</actionCode>
        <sourceSystem>
          <code>2</code>
          <name>House floor actions</name>
        </sourceSystem>
        <committees />
      </item>
      <item>
        <actionDate>2019-01-08</actionDate>
        <links />
        <text>Introduced in House</text>
        <type>IntroReferral</type>
        <actionCode>Intro-H</actionCode>
        <sourceSystem>
          <code>9</code>
          <name>Library of Congress</name>
        </sourceSystem>
        <committees />
      </item>
      <item>
        <actionDate>2019-01-08</actionDate>
        <links />
        <text>Introduced in House</text>
        <type>IntroReferral</type>
        <actionCode>1000</actionCode>
        <sourceSystem>
          <code>9</code>
          <name>Library of Congress</name>
        </sourceSystem>
        <committees />
      </item>
      <actionTypeCounts>
        <referredToCommittee>1</referredToCommittee>
        <motionToReconsiderResults>1</motionToReconsiderResults>
        <passageOfAMeasure>1</passageOfAMeasure>
        <passedAgreedToInHouse>1</passedAgreedToInHouse>
        <motionToCommitRecommitWithInstructionsResults>1</motionToCommitRecommitWithInstructionsResults>
        <considerationByHouse>2</considerationByHouse>
        <generalDebate>4</generalDebate>
        <placeholderTextForHA>1</placeholderTextForHA>
        <motionToCommitRecommitWithInstructionsOffered>1</motionToCommitRecommitWithInstructionsOffered>
        <motionForPreviousQuestion>1</motionForPreviousQuestion>
        <billReferrals>1</billReferrals>
        <ruleForConsiderationOfBillReportedToHouse>1</ruleForConsiderationOfBillReportedToHouse>
        <introducedInTheHouse>1</introducedInTheHouse>
        <introducedInHouse>1</introducedInHouse>
      </actionTypeCounts>
      <actionByCounts>
        <senate>1</senate>
        <houseOfRepresentatives>17</houseOfRepresentatives>
      </actionByCounts>
    </actions>
    <sponsors>
      <item>
        <bioguideId>B000490</bioguideId>
        <fullName>Rep. Bishop, Sanford D., Jr. [D-GA-2]</fullName>
        <firstName>SANFORD</firstName>
        <middleName>D.</middleName>
        <lastName>BISHOP</lastName>
        <party>D</party>
        <state>GA</state>
        <identifiers>
          <lisID>91</lisID>
          <bioguideId>B000490</bioguideId>
          <gpoId>7899</gpoId>
        </identifiers>
        <district>2</district>
        <byRequestType />
      </item>
    </sponsors>
    <cosponsors />
    <cboCostEstimates />
    <laws />
    <notes />
    <policyArea>
      <name>Economics and Public Finance</name>
    </policyArea>
    <subjects>
      <billSubjects>
        <legislativeSubjects>
          <item>
            <name>Advisory bodies</name>
          </item>
          <item>
            <name>Agricultural conservation and pollution</name>
          </item>
          <item>
            <name>Agricultural education</name>
          </item>
          <item>
            <name>Agricultural marketing and promotion</name>
          </item>
          <item>
            <name>Agricultural prices, subsidies, credit</name>
          </item>
          <item>
            <name>Agricultural research</name>
          </item>
          <item>
            <name>Alcoholic beverages</name>
          </item>
          <item>
            <name>Animal and plant health</name>
          </item>
          <item>
            <name>Appropriations</name>
          </item>
          <item>
            <name>Cell biology and embryology</name>
          </item>
          <item>
            <name>Child health</name>
          </item>
          <item>
            <name>Computers and information technology</name>
          </item>
          <item>
            <name>Congressional oversight</name>
          </item>
          <item>
            <name>Department of Agriculture</name>
          </item>
          <item>
            <name>Department of Health and Human Services</name>
          </item>
          <item>
            <name>Drug safety, medical device, and laboratory regulation</name>
          </item>
          <item>
            <name>Drug trafficking and controlled substances</name>
          </item>
          <item>
            <name>Drug, alcohol, tobacco use</name>
          </item>
          <item>
            <name>Educational technology and distance education</name>
          </item>
          <item>
            <name>Elementary and secondary education</name>
          </item>
          <item>
            <name>Energy efficiency and conservation</name>
          </item>
          <item>
            <name>Executive agency funding and structure</name>
          </item>
          <item>
            <name>Farm Credit Administration</name>
          </item>
          <item>
            <name>Food and Drug Administration (FDA)</name>
          </item>
          <item>
            <name>Food assistance and relief</name>
          </item>
          <item>
            <name>Food supply, safety, and labeling</name>
          </item>
          <item>
            <name>Foreign aid and international relief</name>
          </item>
          <item>
            <name>Forests, forestry, trees</name>
          </item>
          <item>
            <name>Fruit and vegetables</name>
          </item>
          <item>
            <name>Genetics</name>
          </item>
          <item>
            <name>Government employee pay, benefits, personnel management</name>
          </item>
          <item>
            <name>Government information and archives</name>
          </item>
          <item>
            <name>Government lending and loan guarantees</name>
          </item>
          <item>
            <name>Grain</name>
          </item>
          <item>
            <name>Health technology, devices, supplies</name>
          </item>
          <item>
            <name>Housing supply and affordability</name>
          </item>
          <item>
            <name>Internet and video services</name>
          </item>
          <item>
            <name>Kansas</name>
          </item>
          <item>
            <name>Livestock</name>
          </item>
          <item>
            <name>Mammals</name>
          </item>
          <item>
            <name>Marine and coastal resources, fisheries</name>
          </item>
          <item>
            <name>Natural disasters</name>
          </item>
          <item>
            <name>Nutrition and diet</name>
          </item>
          <item>
            <name>Poverty and welfare assistance</name>
          </item>
          <item>
            <name>Prescription drugs</name>
          </item>
          <item>
            <name>Public utilities and utility rates</name>
          </item>
          <item>
            <name>Retail and wholesale trades</name>
          </item>
          <item>
            <name>Rural conditions and development</name>
          </item>
          <item>
            <name>Small business</name>
          </item>
          <item>
            <name>Solid waste and recycling</name>
          </item>
          <item>
            <name>State and local government operations</name>
          </item>
          <item>
            <name>Tax administration and collection, taxpayers</name>
          </item>
          <item>
            <name>User charges and fees</name>
          </item>
          <item>
            <name>Veterans' education, employment, rehabilitation</name>
          </item>
          <item>
            <name>Water use and supply</name>
          </item>
          <item>
            <name>Wildlife conservation and habitat protection</name>
          </item>
          <item>
            <name>Women's health</name>
          </item>
        </legislativeSubjects>
        <policyArea>
          <name>Economics and Public Finance</name>
        </policyArea>
      </billSubjects>
    </subjects>
    <summaries>
      <billSummaries>
        <item>
          <versionCode>00</versionCode>
          <actionDate>2019-01-08</actionDate>
          <actionDesc>Introduced in House</actionDesc>
          <lastSummaryUpdateDate>2019-01-09T21:34:14Z</lastSummaryUpdateDate>
          <text><![CDATA[<p><b>Agriculture, Rural Development, Food and Drug Administration, and Related Agencies Appropriations Act, 2019</b></p> <p>This bill provides FY2019 appropriations for the Department of Agriculture (USDA), the Food and Drug Administration, and Related Agencies. </p> <p>The bill provides funding to USDA for Agricultural Programs, including</p> <ul> <li> the Office of the Secretary, </li> <li>Executive Operations,</li> <li>the Office of the Chief Information Officer, </li> <li>the Office of the Chief Financial Officer, </li> <li>the Office of Civil Rights,</li> <li>Agriculture Buildings and Facilities, </li> <li>Hazardous Materials Management, </li> <li>the Office of Inspector General,</li> <li>the Office of the General Counsel,</li> <li>the Office of Ethics,</li> <li>the Economic Research Service, </li> <li>the National Agricultural Statistics Service,</li> <li>the Agricultural Research Service,</li> <li>the National Institute of Food and Agriculture, </li> <li>the Animal and Plant Health Inspection Service, </li> <li>the Agricultural Marketing Service, and</li> <li>the Food Safety and Inspection Service.</li> </ul> <p>The bill also provides funding to USDA for Farm Production and Conservation Programs, including</p> <ul> <li>the Farm Production and Conservation Business Center, </li> <li>the Farm Service Agency, </li> <li>the Risk Management Agency, and</li> <li> the Natural Resources Conservation Service.</li> </ul> <p>The bill provides appropriations to the Federal Crop Insurance Corporation Fund and the Commodity Credit Corporation Fund.</p> <p>For USDA Rural Development programs, the bill includes funding for</p> <ul> <li>Rural Development Salaries and Expenses, </li> <li>the Rural Housing Service, </li> <li>the Rural Business-Cooperative Service, and</li> <li>the Rural Utilities Service.</li> </ul> <p>Within the Food and Nutrition Service budget, the bill includes funding for</p> <ul> <li> Child Nutrition Programs; </li> <li>the Special Supplemental Nutrition Program for Women, Infants, and Children (WIC); </li> <li>the Supplemental Nutrition Assistance Program (SNAP, formerly known as the food stamp program); </li> <li>the Commodity Assistance Program; and </li> <li>Nutrition Programs Administration. </li> </ul> <p>Within the Foreign Agricultural Service budget, the bill provides appropriations for Food for Peace Title II Grants and McGovern-Dole International Food for Education and Child Nutrition Program Grants. </p> <p>The bill also provides appropriations for the Food and Drug Administration and the Farm Credit Administration. </p> <p>Additionally, the bill sets forth requirements and restrictions for using funds provided by this and other appropriations Acts. </p>]]></text>
          <updateDate>2019-01-08T05:00:00Z</updateDate>
          <name>Introduced in House</name>
        </item>
        <item>
          <versionCode>53</versionCode>
          <actionDate>2019-01-10</actionDate>
          <actionDesc>Passed House</actionDesc>
          <lastSummaryUpdateDate>2019-01-17T15:55:18Z</lastSummaryUpdateDate>
          <text><![CDATA[<p><b>Highlights: </b></p> <p>This bill provides FY2019 appropriations for the Department of Agriculture (USDA), except for the Forest Service, which is included in the Department of the Interior, Environment, and Related Agencies appropriations bill.</p> <p>The bill also provides appropriations for the Food and Drug Administration (FDA) and the Farm Credit Administration. </p> <p>The bill includes both discretionary and mandatory funding. The mandatory funding levels are generally set by authorizing legislation such as the farm bill and are frequently limited in the agriculture appropriations bill. </p> <p><b>Full Summary:</b></p> <p><b>Agriculture, Rural Development, Food and Drug Administration, and Related Agencies Appropriations Act, 2019 </b></p> <p>TITLE I--AGRICULTURAL PROGRAMS </p> <p>This title provides appropriations for the following agricultural programs and services</p> <ul> <li> the Office of the Secretary; </li> <li> Executive Operations; </li> <li> the Office of the Chief Information Officer; </li> <li> the Office of the Chief Financial Officer; </li> <li> the Office of the Assistant Secretary for Civil Rights; </li> <li> the Office of Civil Rights; </li> <li> Agriculture Buildings and Facilities; </li> <li> Hazardous Materials Management; </li> <li> the Office of Inspector General; </li> <li> the Office of the General Counsel; </li> <li> the Office of Ethics; </li> <li> the Office of the Under Secretary for Research, Education, and Economics; </li> <li> the Economic Research Service;</li> <li> the National Agricultural Statistics Service; </li> <li> the Agricultural Research Service; </li> <li> the National Institute of Food and Agriculture; </li> <li> the Office of the Under Secretary for Marketing and Regulatory Programs; </li> <li> the Animal and Plant Health Inspection Service; </li> <li> the Agricultural Marketing Service; </li> <li> the Office of the Under Secretary for Food Safety; and </li> <li> the Food Safety and Inspection Service. </li> </ul> <p>TITLE II--FARM PRODUCTION AND CONSERVATION PROGRAMS </p> <p>This title provides appropriations for Farm Production and Conservation programs, including</p> <ul> <li> the Office of the Under Secretary for Farm Production and Conservation, </li> <li> the Farm Production and Conservation Business Center, </li> <li> the Farm Service Agency, </li> <li> the Risk Management Agency, and </li> <li> the Natural Resources Conservation Service. </li> </ul> <p>The title also provides appropriations for (1) the Federal Crop Insurance Corporation Fund, and (2) the Commodity Credit Corporation Fund. </p> <p>TITLE III--RURAL DEVELOPMENT PROGRAMS </p> <p>This title provides appropriations for Rural Development Programs including</p> <ul> <li>Rural Development Salaries and Expenses, </li> <li>the Rural Housing Service, </li> <li> the Rural Business--Cooperative Service, and </li> <li> the Rural Utilities Service. </li> </ul> <p>TITLE IV--DOMESTIC FOOD PROGRAMS </p> <p>This title provides appropriations for the Office of the Under Secretary for Food, Nutrition, and Consumer Services. </p> <p>The title provides appropriations for the Food and Nutrition Service for</p> <ul> <li> Child Nutrition Programs; </li> <li> the Special Supplemental Nutrition Program for Women, Infants, and Children (WIC); </li> <li> the Supplemental Nutrition Assistance Program (SNAP, formerly known as the food stamp program); </li> <li> the Commodity Assistance Program; and </li> <li> Nutrition Programs Administration. </li> </ul> <p>TITLE V--FOREIGN ASSISTANCE AND RELATED PROGRAMS </p> <p>The title provides appropriations to the Office of the Under Secretary for Trade and Foreign Agricultural Affairs. </p> <p>It also provides appropriations to the Foreign Agricultural Service for </p> <ul> <li> the Food for Peace Act (P.L. 480), </li> <li> the McGovern-Dole International Food for Education and Child Nutrition Program, and </li> <li> the Commodity Credit Corporation Export (loans) Credit Guarantee Program Account. </li> </ul> <p>TITLE VI--RELATED AGENCY AND FOOD AND DRUG ADMINISTRATION </p> <p>This title provides appropriations to</p> <ul> <li> the Department of Health and Human Services for the Food and Drug Administration (FDA), and </li> <li> the Farm Credit Administration. </li> </ul> <p>TITLE VII--GENERAL PROVISIONS </p> <p>(Sec. 701) This section permits USDA to use funds provided by this bill for the purchase, replacement, and hire of passenger motor vehicles. </p> <p>(Sec. 702) This section permits USDA to transfer unobligated balances to the Working Capital Fund for the acquisition of plant and capital equipment for financial, administrative, and information technology services. It permits the transferred funds to remain available until expended and specifies restrictions on the use of the funds. </p> <p>(Sec. 703) This section prohibits appropriations provided by this bill from remaining available for obligation beyond the current fiscal year unless the bill expressly provides otherwise. </p> <p>(Sec. 704) This section limits negotiated indirect costs on cooperative agreements between USDA and nonprofit institutions to 10% of the total direct cost of the agreement when the purpose of the agreement is to carry out programs of mutual interest between the two parties. </p> <p>(Sec. 705) This section permits appropriations for direct and guaranteed loans to remain available until expended to disburse obligations made in the current fiscal year for (1) the Rural Development Loan Fund program account, (2) the Rural Electrification and Telecommunication Loans program account, and (3) the Rural Housing Insurance Fund program account.</p> <p>(Sec. 706) This section prohibits USDA from using funds provided by this bill to acquire new information technology systems or significant upgrades without approval of the Chief Information Officer (CIO) and the Executive Information Technology Investment Review Board. It also (1) restricts the transfer of funds made available by this bill to the CIO without prior approval of Congress, and (2) prohibits funds from being used for specified information technology projects without the approval of the CIO. </p> <p>(Sec. 707) This section permits specified funds provided under the Federal Crop Insurance Act for the Agricultural Management Assistance Program in the current fiscal year to remain available until expended to disburse obligations made in the current fiscal year. </p> <p>(Sec. 708) This section makes a former Rural Utility Service borrower who has repaid or prepaid a loan under the Rural Electrification Act of 1936 or any not-for-profit utility qualified to receive a loan under the Act eligible for rural economic development and job creation assistance in the same manner as a borrower. </p> <p>(Sec. 709) This section permits specified unobligated balances of appropriations provided by this bill for salaries and expenses of the Farm Service Agency and the Rural Development mission area to remain available through FY2020 for information technology expenses.</p> <p> (Sec. 710) This section prohibits funds provided by this bill from being used for first-class travel by employees of agencies funded by this bill in contravention of specified regulations. </p> <p>(Sec. 711) This section provides that Commodity Credit Corporation funds authorized or required to be used for specified programs included in the Agricultural Act of 2014 (1) shall be available for salaries and administrative expenses associated with the programs without regard to allotment and transfer limits, and (2) the use of the funds for this purpose shall not be considered to be a fund transfer or allotment for purposes of applying the limits.</p> <p>(Sec. 712) This section limits funds available for USDA advisory committees, panels, commissions, and task forces, except for panels used to comply with negotiated rulemakings or to evaluate competitively awarded grants. </p> <p>(Sec. 713) This section prohibits funds provided by this bill from being used to pay indirect costs charged against any agricultural research, education, or extension grant awards issued by the National Institute of Food and Agriculture (NIFA) that exceed 30% of total federal funds provided under each award. </p> <p>It also permits funds provided by this bill for grants awarded competitively by NIFA to be used to pay full allowable indirect costs for specified research and development grants awarded under the Small Business Act. </p> <p>(Sec. 714) This section prohibits funds provided by this bill from being used for a computer network unless pornography is blocked, with the exception of law enforcement, prosecution, or adjudication activities. </p> <p>(Sec. 715) This section limits the amount of Section 32 funds that may be used for certain domestic food assistance programs, including </p> <ul> <li>Child Nutrition Programs Entitlement Commodities, </li> <li>State Option Contracts, </li> <li> Removal of Defective Commodities, and </li> <li> Administration of Section 32 Commodity Purchases. </li> </ul> <p>(Section 32 is a program created to assist producers of agricultural commodities not supported by other mandatory farm support programs. It is funded by a permanent appropriation of a portion of the previous year's customs receipts less certain mandatory transfers to child nutrition and other programs.)</p> <p>This section also prohibits the use of Section 32 funds to reestablish farmers' purchasing power by making payments in connection with the normal production of any agricultural commodity for domestic consumption. It includes an exception for a limited amount of carryover funds. <p>(Sec. 716) This section prohibits funds from being used to prepare proposals for the President's budget that assume savings from certain user fee proposals without identifying additional spending reductions that should occur if the proposals are not enacted. <p>(Sec. 717) This section sets forth procedures, requirements, and restrictions for reprogramming and transferring funds provided by this bill. </p> <p>(Sec. 718) This section permits USDA to assess a one-time fee for any guaranteed business and industry loan and limits the fee to 3% of the guaranteed principal portion of the loan. </p> <p>(Sec. 719) This section prohibits funds from being used to provide reports, questions, or responses to questions that are a result of information requested for the appropriations hearing process to anyone not employed by USDA, the Department of Health and Human Services, or the Farm Credit Administration. </p> <p>(Sec. 720) This section prohibits any executive branch agency from using funds provided by this bill to produce a prepackaged news story for U.S. broadcast or distribution unless the story includes a clear notification that it was prepared or funded by the agency. </p> <p>(Sec. 721) This section prohibits USDA employees from being detailed or assigned from an agency funded by this bill to any other USDA agency or office for more than 60 days in a fiscal year unless the individual's employing agency is reimbursed by the receiving agency for the salary and expenses of the employee. </p> <p>(Sec. 722) This section provides appropriations for a pilot program to provide competitive grants to state departments of agriculture, state cooperative extension services, and nonprofit organizations to carry out programs to address farmer stress and suicide. </p> <p>(Sec. 723) This section directs the agencies funded by this bill to submit spending plans to Congress. </p> <p>(Sec. 724) This section rescinds specified unobligated balances from the Special Supplemental Nutrition Program for Women, Infants, and Children (WIC). </p> <p>(Sec. 725) This section requires USDA to continue an intermediary loan packaging program based on the FY2013 pilot program for packaging and reviewing section 502 single family direct loans. (The loan program assists low-income applicants in purchasing homes in rural areas. Funds may also be used to build, repair, or renovate a house, including providing water and sewage facilities.) </p> <p>(Sec. 726) This section permits USDA to increase the program level by up to 25% for certain loans and loan guarantees that do not require budget authority and have program levels established by this bill. USDA must notify Congress before implementing an increase under this section. </p> <p>(Sec. 727) This section provides that certain credit card refunds or rebates transferred to the Working Capital Fund (1) shall not be available for obligation without congressional approval; and (2) shall only be available for the acquisition of plant and capital equipment for USDA financial, administrative, and information technology services. </p> <p>(Sec. 728) This section prohibits funds provided by this bill from be used for the variety requirements of the final USDA rule titled "Enhancing Retailer Standards in the Supplemental Nutrition Assistance Program (SNAP)" until USDA amends the definition of "variety" to increase the number of items that qualify as acceptable varieties in each staple food category so that the total number of such items in each staple food category exceeds the number of such items in each staple food category included in the final rule. </p> <p>Until the amendments are promulgated, USDA must apply the requirements regarding acceptable varieties and breadth of stock to SNAP retailers that were in effect on the day before the enactment of the Agricultural Act of 2014. </p> <p>(Sec. 729) This section prohibits funds provided by this bill from being used (1) in contravention of a provision of the Agricultural Act of 2014 that permits an institution of higher education or a state department of agriculture to grow or cultivate industrial hemp for research purposes; or (2) to prohibit the transportation, processing, sale, or use of industrial hemp or seeds of such plant, that is grown or cultivated in accordance with the Agricultural Act of 2014, within or outside the state in which it is grown or cultivated. </p> <p>(Sec. 730) This section specifies the matching requirements that apply to funds appropriated for the Agriculture and Food Research Initiative. </p> <p>(Sec. 731) This section sets forth the authorities that apply for USDA to provide loans for housing and buildings on adequate farms. </p> <p>(Sec. 732) This section prohibits funds provided by this bill from being used for regulations to allow or require information intended for a prescribing health care professional, in the case of a drug or biological product, to be distributed electronically (in lieu of in paper form) until a federal law is enacted to allow or require electronic distribution. </p> <p>(Sec. 733) This section prohibits the FDA from acknowledging applications for an exemption for investigational use of a drug or biological product in research in which a human embryo is intentionally created or modified to include a heritable genetic modification. Such a submission is deemed not to have been received, and the exemption may not go into effect. </p> <p>(Sec. 734) This section prohibits funds from being used to carry out provisions of the final FDA rule titled "Current Good Manufacturing Practice and Hazard Analysis and Risk-Based Preventive Controls for Food for Animals" with respect to certain requirements that apply to the production, distribution, sale, or receipt of dried spent grain by-products of the alcoholic beverage production process. </p> <p>(Sec. 735) This section appropriates funds for direct reimbursement payments for geographically disadvantaged farmers or ranchers to transport agricultural commodities. </p> <p>(Sec. 736) This section prohibits the FDA from deeming partially hydrogenated oils to be unsafe or any food containing a partially hydrogenated oil to be adulterated prior to June 18, 2018. </p> <p>(Sec. 737) This section provides additional funds to remain available until expended for the Rural Energy Savings Program. (The program helps rural families and small businesses achieve cost savings by providing loans to consumers to implement durable cost-effective energy efficiency measures.) </p> <p>USDA may allow eligible entities to offer loans to (1) customers in any part of their service territory; and (2) to replace a manufactured housing unit with another manufactured housing unit, if replacement would be more cost effective in saving energy. </p> <p>(Sec. 738) This section permits the Agricultural Research Service and the Animal and Plant Health Inspection Service to make up to 50 appointments in any fiscal year during FY2019-FY2025 for employees of the agencies at the National Bio- and Agro-defense Facility in Manhattan, Kansas. </p> <p>(Sec. 739) This section provides appropriations for USDA to carry out a pilot program that provides forestry inventory analysis, forest management, and economic outcomes modeling for certain currently enrolled Conservation Reserve Program participants. </p> <p>(Sec. 740) This section prohibits the FDA from allowing the introduction or delivery for introduction into interstate commerce of any food that contains genetically engineered salmon until the FDA publishes final labeling guidelines for informing consumers of the content. </p> <p>(Sec. 741) This section provides appropriations to remain available until expended for implementing non-renewable agreements for wetlands preservation on eligible lands, including flooded agricultural lands. </p> <p>(Sec. 742) This section prohibits funds provided for the rural water, waste water, waste disposal, and solid waste management programs authorized by the Consolidated Farm and Rural Development Act from being used for the construction, alteration, maintenance, or repair of a public water or wastewater system unless all of the iron and steel products used in the project are produced in the United States. The section also specifies exceptions and waiver procedures. </p> <p>(Sec. 743) This section directs USDA to set aside specified additional funds for Rural Economic Area Partnership (REAP) Zones. </p> <p>(Sec. 744) This section prohibits USDA from including incarcerated prison populations to determine eligibility or the level of program assistance for Rural Development programs. </p> <p>(Sec. 745) This section provides appropriations to remain available until expended for a pilot program for USDA to award grants to non-profit organizations and public housing authorities to provide technical assistance to Rural Housing Service (RHS) multi-family housing borrowers to facilitate the acquisition of RHS multi-family housing properties in areas where there is a risk of loss of affordable housing. The grants must be used to assist acquisitions by non-profit housing organizations and public housing authorities that commit to keep the properties in the RHS multi-family housing program for a period of time determined by USDA. </p> <p>(Sec. 746) This section prohibits funds provided by this bill from being used to influence congressional action on any legislation or appropriation matters pending before Congress. </p> <p>(Sec. 747) This section requires USDA to establish a pilot program to permit state Farm Service Agency offices to make county-level payments to agricultural producers under the Agriculture Risk Coverage Program using an alternate calculation method if it is necessary to ensure that there are not significant yield calculation disparities between comparable counties in the state. It also specifies requirements for the alternative calculation method and provides appropriations for the program. </p> <p>(Sec. 748) This section permits USDA to receive access to certain information from federal tax returns to verify the income for individuals participating in loan programs under the Housing Act of 1949. </p> <p>(Sec. 749) This section provides appropriations for the Farm to School Grant Program. (The program provides competitive grants and technical assistance to implement farm-to-school programs that improve access to local foods in eligible schools.) </p> <p>(Sec. 750) This section prohibits the FDA from using funds provided by this bill to develop, issue, promote, or advance any regulations applicable to food manufacturers for population-wide sodium reduction actions or to develop, issue, promote or advance final guidance applicable to food manufacturers for long term population-wide sodium reduction actions until the dietary reference intake report with respect to sodium is completed. </p> <p>(Sec. 751) This section provides additional funds to USDA for loans and grants that are consistent with the Healthy Food Financing Initiative and that support projects to provide access to healthy food in underserved areas, create and preserve quality jobs, and revitalize low-income communities. </p> <p>(Sec. 752) This section provides additional funds to the Animal and Plant Health Inspection Service to remain available through FY2020 for one-time control and management and associated activities directly related to the multiple-agency response to citrus greening. </p> <p>(Sec. 753) This section prohibits the FDA from using funds to enforce the rule titled "Standards for the Growing, Harvesting, Packing, and Holding of Produce for Human Consumption" with respect to the regulation of the production, distribution, sale, or receipt of grapes that are grown, harvested, and used solely for wine and receive commercial processing that adequately reduces the presence of microorganisms of public health significance. </p> <p>(Sec. 754) This section provides appropriations for telemedicine and distance learning services in rural area to help address the opioid epidemic in rural America. </p> <p>(Sec. 755) This section provides appropriations to the National Institute of Food and Agriculture to remain available through FY2020 for a pilot program to provide grants to nonprofit organizations for programs and services to establish and enhance farming and ranching opportunities for military veterans. </p> <p>(Sec. 756) This section provides addition appropriations for the broadband loan and grant pilot program that was established in the Consolidated Appropriations Act, 2018. </p> (Sec. 757) This section provides additional appropriations for direct loans and grants made under the Rural Water and Waste Disposal Program account. <p>(Sec. 758) This section prohibits funds from being used to inspect horses for slaughter purposes. </p> <p>(Sec. 759) This section prohibits funds provided by this bill from being used to revoke an exception made (1) under the Grain Inspection, Packers and Stockyards Administration rule titled "Exceptions to Geographic Areas for Official Agencies Under the USGSA"; and (2) before April 14, 2017. (The rule established criteria to allow more than one designated official agency to inspect or weigh grain within a single geographic area.) </p> <p>(Sec. 760) This section requires USDA to provide technical assistance to any state or county impacted by a volcanic eruption covered by major disaster declared by the President in 2018. The technical assistance is for (1) assessing damage to agricultural production and rural infrastructure, and (2) developing recovery plans for impacted farmers, ranchers, and rural communities. </p> <p>(Sec. 761) This section requires USDA, in coordination with the National Oceanic and Atmospheric Administration, to establish a working group to study and report to Congress on specified issues related to ocean farming practices. </p> <p>(Sec. 762) This section requires USDA to report to Congress on (1) ways in which conservation programs administered by the Natural Resources Conservation Service (NRCS) may be better used for the conservation of ocelots (Leopardus pardalis), and (2) actions taken by the NRCS relating to the conservation of ocelots. </p> <p>(Sec. 763) This section requires the Rural Housing Service (RHS) to submit to Congress a report including</p> <ul> <li> specified details regarding properties assisted under title V of the Housing Act of 1949 that are reaching the end of their loan term, </li> <li> the strategy to preserve the long-term affordability of the properties when the loan matures, and </li> <li> a description of the resources and tools that the RHS needs from Congress preserve the long-term affordability of the properties.</li> </ul> <p> (Sec. 764) This section requires the FDA to use funds to revise the advice provided in the notice of availability titled "Advice About Eating Fish, From the Environmental Protection Agency and Food and Drug Administration; Revised Fish Advice; Availability" in a manner that is consistent with nutrition science recognized by FDA on the net effects of seafood consumption. </p> <p>(Sec. 765) This section specifies requirements for administering the broadband loan and grant pilot program established by the Consolidated Appropriations Act, 2018. USDA must (1) allow applicants that are determined to be ineligible for the program to appeal the determination in a timely fashion, and (2) exclude certain loans when determining whether an entity may overbuild or duplicate broadband expansion efforts made by any entity that has received a broadband loan from the Rural Utilities Service. </p> <p>(Sec. 767) This section increases the funding provided by this bill for extension programs and agricultural research at 1890 land-grant colleges, including Tuskegee University. It also decreases the funding provided by this bill for Agriculture Buildings and Facilities </p> <p>(Sec. 768) This section prohibits funds provided by this bill from being used to enforce the requirement in the rule titled "Food Labeling: Revision of the Nutrition and Supplement Facts Labels" that any single ingredient sugar, honey, agave, or syrup (including maple syrup) that is packaged and offered for sale as a single ingredient food bear the declaration "Includes 'X'g Added Sugars." </p> <p>(Sec. 769) This section specifies that the explanatory statement printed in the Congressional Record regarding division C (Agriculture, Rural Development, Food and Drug Administration, and Related Agencies Appropriations Act, 2019) of H.R. 21 (Consolidated Appropriations Act, 2019) has the same effect, with respect to this bill, as if it were a joint explanatory statement of a conference committee. </p> (Sec. 770) This section compensates federal employees furloughed as a result of a lapse in appropriations that began on or about December 22, 2018, and ended upon the enactment of this bill. It also ratifies and approves certain obligations incurred in anticipation of the appropriations made and the authority granted by this bill. <p>(Sec. 771) This section reimburses or compensates certain states, federal grantees, and furloughed state employees for any period in FY2019 in which a lapse in appropriations occurs.]]></text>
          <updateDate>2019-01-10T13:02:27Z</updateDate>
          <name>Passed House</name>
        </item>
      </billSummaries>
    </summaries>
    <title>Agriculture, Rural Development, Food and Drug Administration, and Related Agencies Appropriations Act, 2019</title>
    <titles>
      <item>
        <titleType>Official Title as Introduced</titleType>
        <parentTitleType />
        <title>Making appropriations for Agriculture, Rural Development, Food and Drug Administration, and Related Agencies programs for the fiscal year ending September 30, 2019, and for other purposes.</title>
        <chamberCode />
        <chamberName />
      </item>
      <item>
        <titleType>Short Titles as Passed House</titleType>
        <parentTitleType>Short Titles House of Representatives</parentTitleType>
        <title>Agriculture, Rural Development, Food and Drug Administration, and Related Agencies Appropriations Act, 2019</title>
        <chamberCode>H</chamberCode>
        <chamberName>House</chamberName>
      </item>
      <item>
        <titleType>Display Title</titleType>
        <parentTitleType />
        <title>Agriculture, Rural Development, Food and Drug Administration, and Related Agencies Appropriations Act, 2019</title>
        <chamberCode />
        <chamberName />
      </item>
      <item>
        <titleType>Short Title(s) as Introduced</titleType>
        <parentTitleType>Short Title</parentTitleType>
        <title>Agriculture, Rural Development, Food and Drug Administration, and Related Agencies Appropriations Act, 2019</title>
        <chamberCode />
        <chamberName />
      </item>
    </titles>
    <amendments />
    <textVersions>
      <item>
        <type>Referred in Senate</type>
        <date>2019-01-11T05:00:00Z</date>
        <formats>
          <item>
            <url>https://www.govinfo.gov/content/pkg/BILLS-116hr265rfs/xml/BILLS-116hr265rfs.xml</url>
          </item>
        </formats>
      </item>
      <item>
        <type>Engrossed in House</type>
        <date>2019-01-10T05:00:00Z</date>
        <formats>
          <item>
            <url>https://www.govinfo.gov/content/pkg/BILLS-116hr265eh/xml/BILLS-116hr265eh.xml</url>
          </item>
        </formats>
      </item>
      <item>
        <type>Introduced in House</type>
        <date>2019-01-08T05:00:00Z</date>
        <formats>
          <item>
            <url>https://www.govinfo.gov/content/pkg/BILLS-116hr265ih/xml/BILLS-116hr265ih.xml</url>
          </item>
        </formats>
      </item>
    </textVersions>
    <latestAction>
      <actionDate>2019-01-11</actionDate>
      <text>Received in the Senate and Read twice and referred to the Committee on Appropriations.</text>
      <links />
    </latestAction>
    <calendarNumbers />
    <version>1.0.0</version>
  </bill>
  <dublinCore xmlns:dc="http://purl.org/dc/elements/1.1/">
    <dc:format>text/xml</dc:format>
    <dc:language>EN</dc:language>
    <dc:rights>Pursuant to Title 17 Section 105 of the United States Code, this file is not subject to copyright protection and is in the public domain.</dc:rights>
    <dc:contributor>Congressional Research Service, Library of Congress</dc:contributor>
    <dc:description>This file contains bill summaries and statuses for federal legislation. A bill summary describes the most significant provisions of a piece of legislation and details the effects the legislative text may have on current law and federal programs. Bill summaries are authored by the Congressional Research Service (CRS) of the Library of Congress. As stated in Public Law 91-510 (2 USC 166 (d)(6)), one of the duties of CRS is "to prepare summaries and digests of bills and resolutions of a public general nature introduced in the Senate or House of Representatives". For more information, refer to the User Guide that accompanies this file.</dc:description>
  </dublinCore>
</billStatus>

