<?xml version="1.0" encoding="UTF-8"?>
<billStatus>
  <bill>
    <billNumber>381</billNumber>
    <createDate>2019-01-10T08:10:16Z</createDate>
    <updateDate>2021-07-10T20:19:37Z</updateDate>
    <originChamber>House</originChamber>
    <billType>HR</billType>
    <introducedDate>2019-01-09</introducedDate>
    <congress>116</congress>
    <constitutionalAuthorityStatementText><![CDATA[<pre>[Congressional Record Volume 165, Number 4 (Wednesday, January 9, 2019)][House]From the Congressional Record Online through the Government Publishing Office [<a href="http://www.gpo.gov">www.gpo.gov</a>]By Mr. JEFFRIES:H.R. 381.Congress has the power to enact this legislation pursuantto the following:Article I, Section 8 of the U.S. Constitution.[Page H359]</pre>]]></constitutionalAuthorityStatementText>
    <recordedVotes />
    <committees>
      <billCommittees>
        <item>
          <systemCode>hsag00</systemCode>
          <name>Agriculture Committee</name>
          <chamber>House</chamber>
          <type>Standing</type>
          <subcommittees>
            <item>
              <systemCode>hsag22</systemCode>
              <name>Commodity Exchanges, Energy, and Credit Subcommittee</name>
              <activities>
                <item>
                  <name>Referred to</name>
                  <date>2019-02-08T20:18:39Z</date>
                </item>
              </activities>
            </item>
          </subcommittees>
          <activities>
            <item>
              <name>Referred to</name>
              <date>2019-01-09T15:02:05Z</date>
            </item>
          </activities>
        </item>
        <item>
          <systemCode>hsii00</systemCode>
          <name>Natural Resources Committee</name>
          <chamber>House</chamber>
          <type>Standing</type>
          <subcommittees />
          <activities>
            <item>
              <name>Referred to</name>
              <date>2019-01-09T15:02:00Z</date>
            </item>
          </activities>
        </item>
      </billCommittees>
    </committees>
    <committeeReports />
    <relatedBills>
      <item>
        <latestTitle>John D. Dingell, Jr. Conservation, Management, and Recreation Act</latestTitle>
        <congress>116</congress>
        <number>47</number>
        <type>S</type>
        <latestAction>
          <actionDate>2019-03-12</actionDate>
          <text>Became Public Law No: 116-9.</text>
        </latestAction>
        <relationshipDetails>
          <item>
            <type>Related bill</type>
            <identifiedBy>CRS</identifiedBy>
          </item>
        </relationshipDetails>
      </item>
    </relatedBills>
    <actions>
      <item>
        <actionDate>2019-02-08</actionDate>
        <committees>
          <item>
            <systemCode>hsag22</systemCode>
            <name>Commodity Exchanges, Energy, and Credit Subcommittee</name>
          </item>
        </committees>
        <links />
        <sourceSystem>
          <code>1</code>
          <name>House committee actions</name>
        </sourceSystem>
        <text>Referred to the Subcommittee on Commodity Exchanges, Energy, and Credit.</text>
        <type>Committee</type>
      </item>
      <item>
        <actionDate>2019-01-09</actionDate>
        <links />
        <text>Referred to the Committee on Natural Resources, and in addition to the Committee on Agriculture, for a period to be subsequently determined by the Speaker, in each case for consideration of such provisions as fall within the jurisdiction of the committee concerned.</text>
        <type>IntroReferral</type>
        <actionCode>H11100</actionCode>
        <sourceSystem>
          <code>2</code>
          <name>House floor actions</name>
        </sourceSystem>
        <committees>
          <item>
            <systemCode>hsag00</systemCode>
            <name>Agriculture Committee</name>
          </item>
        </committees>
      </item>
      <item>
        <actionDate>2019-01-09</actionDate>
        <links />
        <text>Referred to the Committee on Natural Resources, and in addition to the Committee on Agriculture, for a period to be subsequently determined by the Speaker, in each case for consideration of such provisions as fall within the jurisdiction of the committee concerned.</text>
        <type>IntroReferral</type>
        <actionCode>H11100</actionCode>
        <sourceSystem>
          <code>2</code>
          <name>House floor actions</name>
        </sourceSystem>
        <committees>
          <item>
            <systemCode>hsii00</systemCode>
            <name>Natural Resources Committee</name>
          </item>
        </committees>
      </item>
      <item>
        <actionDate>2019-01-09</actionDate>
        <links />
        <text>Introduced in House</text>
        <type>IntroReferral</type>
        <actionCode>Intro-H</actionCode>
        <sourceSystem>
          <code>9</code>
          <name>Library of Congress</name>
        </sourceSystem>
        <committees />
      </item>
      <item>
        <actionDate>2019-01-09</actionDate>
        <links />
        <text>Introduced in House</text>
        <type>IntroReferral</type>
        <actionCode>1000</actionCode>
        <sourceSystem>
          <code>9</code>
          <name>Library of Congress</name>
        </sourceSystem>
        <committees />
      </item>
      <actionTypeCounts>
        <placeholderTextForH>1</placeholderTextForH>
        <billReferrals>2</billReferrals>
        <introducedInTheHouse>1</introducedInTheHouse>
        <introducedInHouse>1</introducedInHouse>
      </actionTypeCounts>
      <actionByCounts>
        <houseOfRepresentatives>5</houseOfRepresentatives>
      </actionByCounts>
    </actions>
    <sponsors>
      <item>
        <bioguideId>J000294</bioguideId>
        <fullName>Rep. Jeffries, Hakeem S. [D-NY-8]</fullName>
        <firstName>Hakeem</firstName>
        <middleName>S.</middleName>
        <lastName>Jeffries</lastName>
        <party>D</party>
        <state>NY</state>
        <identifiers>
          <lisID>2149</lisID>
          <bioguideId>J000294</bioguideId>
          <gpoId />
        </identifiers>
        <district>8</district>
        <byRequestType />
      </item>
    </sponsors>
    <cosponsors>
      <item>
        <bioguideId>C000266</bioguideId>
        <fullName>Rep. Chabot, Steve [R-OH-1]</fullName>
        <firstName>STEVE</firstName>
        <middleName />
        <lastName>CHABOT</lastName>
        <party>R</party>
        <state>OH</state>
        <identifiers>
          <lisID>186</lisID>
          <bioguideId>C000266</bioguideId>
          <gpoId>8091</gpoId>
        </identifiers>
        <district>1</district>
        <sponsorshipDate>2019-01-09</sponsorshipDate>
        <isOriginalCosponsor>True</isOriginalCosponsor>
        <sponsorshipWithdrawnDate />
      </item>
      <item>
        <bioguideId>L000591</bioguideId>
        <fullName>Rep. Luria, Elaine G. [D-VA-2]</fullName>
        <firstName>Elaine</firstName>
        <middleName>G.</middleName>
        <lastName>Luria</lastName>
        <party>D</party>
        <state>VA</state>
        <identifiers>
          <lisID>2453</lisID>
          <bioguideId>L000591</bioguideId>
          <gpoId />
        </identifiers>
        <district>2</district>
        <sponsorshipDate>2020-07-09</sponsorshipDate>
        <isOriginalCosponsor>False</isOriginalCosponsor>
        <sponsorshipWithdrawnDate />
      </item>
    </cosponsors>
    <cboCostEstimates />
    <laws />
    <notes />
    <policyArea>
      <name>Civil Rights and Liberties, Minority Issues</name>
    </policyArea>
    <subjects>
      <billSubjects>
        <legislativeSubjects>
          <item>
            <name>Administrative law and regulatory procedures</name>
          </item>
          <item>
            <name>Agricultural prices, subsidies, credit</name>
          </item>
          <item>
            <name>Alaska Natives and Hawaiians</name>
          </item>
          <item>
            <name>Department of Agriculture</name>
          </item>
          <item>
            <name>District of Columbia</name>
          </item>
          <item>
            <name>Economic development</name>
          </item>
          <item>
            <name>General Services Administration</name>
          </item>
          <item>
            <name>Government lending and loan guarantees</name>
          </item>
          <item>
            <name>Housing finance and home ownership</name>
          </item>
          <item>
            <name>Racial and ethnic relations</name>
          </item>
          <item>
            <name>Rural conditions and development</name>
          </item>
        </legislativeSubjects>
        <policyArea>
          <name>Civil Rights and Liberties, Minority Issues</name>
        </policyArea>
      </billSubjects>
    </subjects>
    <summaries>
      <billSummaries>
        <item>
          <versionCode>00</versionCode>
          <actionDate>2019-01-09</actionDate>
          <actionDesc>Introduced in House</actionDesc>
          <lastSummaryUpdateDate>2019-06-20T13:51:36Z</lastSummaryUpdateDate>
          <text><![CDATA[<p><b>21st Century Respect Act</b></p> <p>This bill requires the Department of Agriculture (USDA) and the General Services Administration to change the terminology used to describe the racial background or place of origin of people in regulations concerning (1) USDA programs for financing and insuring loans for properties in rural areas, and (2) the 1974 development plan for Pennsylvania Avenue in Washington, DC.</p>]]></text>
          <updateDate>2019-01-09T05:00:00Z</updateDate>
          <name>Introduced in House</name>
        </item>
      </billSummaries>
    </summaries>
    <title>21st Century Respect Act</title>
    <titles>
      <item>
        <titleType>Official Title as Introduced</titleType>
        <parentTitleType />
        <title>To direct the Secretary of Agriculture and the Administrator of General Services to modernize terms in certain regulations.</title>
        <chamberCode />
        <chamberName />
      </item>
      <item>
        <titleType>Display Title</titleType>
        <parentTitleType />
        <title>21st Century Respect Act</title>
        <chamberCode />
        <chamberName />
      </item>
      <item>
        <titleType>Short Title(s) as Introduced</titleType>
        <parentTitleType>Short Title</parentTitleType>
        <title>21st Century Respect Act</title>
        <chamberCode />
        <chamberName />
      </item>
    </titles>
    <amendments />
    <textVersions>
      <item>
        <type>Introduced in House</type>
        <date>2019-01-09T05:00:00Z</date>
        <formats>
          <item>
            <url>https://www.govinfo.gov/content/pkg/BILLS-116hr381ih/xml/BILLS-116hr381ih.xml</url>
          </item>
        </formats>
      </item>
    </textVersions>
    <latestAction>
      <actionDate>2019-02-08</actionDate>
      <text>Referred to the Subcommittee on Commodity Exchanges, Energy, and Credit.</text>
      <links />
    </latestAction>
    <calendarNumbers />
    <version>1.0.0</version>
  </bill>
  <dublinCore xmlns:dc="http://purl.org/dc/elements/1.1/">
    <dc:format>text/xml</dc:format>
    <dc:language>EN</dc:language>
    <dc:rights>Pursuant to Title 17 Section 105 of the United States Code, this file is not subject to copyright protection and is in the public domain.</dc:rights>
    <dc:contributor>Congressional Research Service, Library of Congress</dc:contributor>
    <dc:description>This file contains bill summaries and statuses for federal legislation. A bill summary describes the most significant provisions of a piece of legislation and details the effects the legislative text may have on current law and federal programs. Bill summaries are authored by the Congressional Research Service (CRS) of the Library of Congress. As stated in Public Law 91-510 (2 USC 166 (d)(6)), one of the duties of CRS is "to prepare summaries and digests of bills and resolutions of a public general nature introduced in the Senate or House of Representatives". For more information, refer to the User Guide that accompanies this file.</dc:description>
  </dublinCore>
</billStatus>

