<?xml version="1.0" encoding="UTF-8"?>
<billStatus>
  <bill>
    <billNumber>2440</billNumber>
    <createDate>2019-05-02T07:12:10Z</createDate>
    <updateDate>2021-09-24T14:23:23Z</updateDate>
    <originChamber>House</originChamber>
    <billType>HR</billType>
    <introducedDate>2019-05-01</introducedDate>
    <congress>116</congress>
    <constitutionalAuthorityStatementText><![CDATA[<pre>[Congressional Record Volume 165, Number 71 (Wednesday, May 1, 2019)][House]From the Congressional Record Online through the Government Publishing Office [<a href="http://www.gpo.gov">www.gpo.gov</a>]By Mr. DeFAZIO:H.R. 2440.Congress has the power to enact this legislation pursuantto the following:Article I, Section 8, Clause 1, Clause 3, and Clause 18 ofthe Constitution.[Page H3405]</pre>]]></constitutionalAuthorityStatementText>
    <recordedVotes>
      <recordedVote>
        <rollNumber>585</rollNumber>
        <url>https://clerk.house.gov/evs/2019/roll585.xml</url>
        <fullActionName>Final Passage Under Suspension of the Rules Results</fullActionName>
        <chamber>House</chamber>
        <congress>116</congress>
        <date>2019-10-28T23:08:52Z</date>
        <sessionNumber>1</sessionNumber>
      </recordedVote>
    </recordedVotes>
    <committees>
      <billCommittees>
        <item>
          <systemCode>ssbu00</systemCode>
          <name>Budget Committee</name>
          <chamber>Senate</chamber>
          <type>Standing</type>
          <subcommittees />
          <activities>
            <item>
              <name>Referred to</name>
              <date>2019-10-29T21:09:50Z</date>
            </item>
          </activities>
        </item>
        <item>
          <systemCode>hsbu00</systemCode>
          <name>Budget Committee</name>
          <chamber>House</chamber>
          <type>Standing</type>
          <subcommittees />
          <activities>
            <item>
              <name>Discharged from</name>
              <date>2019-07-02T16:10:45Z</date>
            </item>
            <item>
              <name>Referred to</name>
              <date>2019-05-01T14:03:40Z</date>
            </item>
          </activities>
        </item>
        <item>
          <systemCode>hspw00</systemCode>
          <name>Transportation and Infrastructure Committee</name>
          <chamber>House</chamber>
          <type>Standing</type>
          <subcommittees>
            <item>
              <systemCode>hspw02</systemCode>
              <name>Water Resources and Environment Subcommittee</name>
              <activities>
                <item>
                  <name>Discharged from</name>
                  <date>2019-05-08T15:22:14Z</date>
                </item>
                <item>
                  <name>Referred to</name>
                  <date>2019-05-02T14:13:42Z</date>
                </item>
              </activities>
            </item>
          </subcommittees>
          <activities>
            <item>
              <name>Reported by</name>
              <date>2019-07-02T16:10:28Z</date>
            </item>
            <item>
              <name>Markup by</name>
              <date>2019-05-08T15:22:28Z</date>
            </item>
            <item>
              <name>Referred to</name>
              <date>2019-05-01T14:03:35Z</date>
            </item>
          </activities>
        </item>
      </billCommittees>
    </committees>
    <committeeReports>
      <committeeReport>
        <citation>H. Rept. 116-136</citation>
      </committeeReport>
    </committeeReports>
    <relatedBills>
      <item>
        <latestTitle>Full Utilization of the Harbor Maintenance Trust Fund Act</latestTitle>
        <congress>116</congress>
        <number>2396</number>
        <type>HR</type>
        <latestAction>
          <actionDate>2019-05-01</actionDate>
          <text>Referred to the Subcommittee on Water Resources and Environment.</text>
        </latestAction>
        <relationshipDetails>
          <item>
            <type>Identical bill</type>
            <identifiedBy>CRS</identifiedBy>
          </item>
        </relationshipDetails>
      </item>
    </relatedBills>
    <actions>
      <item>
        <actionDate>2019-10-29</actionDate>
        <committees>
          <item>
            <systemCode>ssbu00</systemCode>
            <name>Budget Committee</name>
          </item>
        </committees>
        <links />
        <sourceSystem>
          <code>0</code>
          <name>Senate</name>
        </sourceSystem>
        <text>Received in the Senate and Read twice and referred to the Committee on the Budget.</text>
        <type>IntroReferral</type>
      </item>
      <item>
        <actionDate>2019-10-28</actionDate>
        <actionTime>19:08:53</actionTime>
        <links />
        <text>Motion to reconsider laid on the table Agreed to without objection.</text>
        <type>Floor</type>
        <actionCode>H38310</actionCode>
        <sourceSystem>
          <code>2</code>
          <name>House floor actions</name>
        </sourceSystem>
        <committees />
      </item>
      <item>
        <actionDate>2019-10-28</actionDate>
        <actionTime>19:08:52</actionTime>
        <links />
        <text>On motion to suspend the rules and pass the bill, as amended Agreed to by the Yeas and Nays: (2/3 required): 296 - 109 (Roll no. 585). (text: CR H8479-8480)</text>
        <type>Floor</type>
        <actionCode>H37300</actionCode>
        <sourceSystem>
          <code>2</code>
          <name>House floor actions</name>
        </sourceSystem>
        <committees />
      </item>
      <item>
        <actionDate>2019-10-28</actionDate>
        <actionTime>19:08:52</actionTime>
        <links />
        <text>Passed/agreed to in House: On motion to suspend the rules and pass the bill, as amended Agreed to by the Yeas and Nays: (2/3 required): 296 - 109 (Roll no. 585).(text: CR H8479-8480)</text>
        <type>Floor</type>
        <actionCode>8000</actionCode>
        <sourceSystem>
          <code>9</code>
          <name>Library of Congress</name>
        </sourceSystem>
        <committees />
      </item>
      <item>
        <actionDate>2019-10-28</actionDate>
        <actionTime>18:40:42</actionTime>
        <links />
        <text>Considered as unfinished business. (consideration: CR H8519-8520)</text>
        <type>Floor</type>
        <actionCode>H30000</actionCode>
        <sourceSystem>
          <code>2</code>
          <name>House floor actions</name>
        </sourceSystem>
        <committees />
      </item>
      <item>
        <actionDate>2019-10-28</actionDate>
        <actionTime>15:45:15</actionTime>
        <links />
        <text>At the conclusion of debate, the Yeas and Nays were demanded and ordered. Pursuant to the provisions of clause 8, rule XX, the Chair announced that further proceedings on the motion would be postponed.</text>
        <type>Floor</type>
        <actionCode>H37220</actionCode>
        <sourceSystem>
          <code>2</code>
          <name>House floor actions</name>
        </sourceSystem>
        <committees />
      </item>
      <item>
        <actionDate>2019-10-28</actionDate>
        <actionTime>15:09:20</actionTime>
        <links />
        <text>DEBATE - The House proceeded with forty minutes of debate on H.R. 2440.</text>
        <type>Floor</type>
        <actionCode>H8D000</actionCode>
        <sourceSystem>
          <code>2</code>
          <name>House floor actions</name>
        </sourceSystem>
        <committees />
      </item>
      <item>
        <actionDate>2019-10-28</actionDate>
        <actionTime>15:09:19</actionTime>
        <links />
        <text>Considered under suspension of the rules. (consideration: CR H8479-8484)</text>
        <type>Floor</type>
        <actionCode>H30000</actionCode>
        <sourceSystem>
          <code>2</code>
          <name>House floor actions</name>
        </sourceSystem>
        <committees />
      </item>
      <item>
        <actionDate>2019-10-28</actionDate>
        <actionTime>15:08:16</actionTime>
        <links />
        <text>Mr. DeFazio moved to suspend the rules and pass the bill, as amended.</text>
        <type>Floor</type>
        <actionCode>H30300</actionCode>
        <sourceSystem>
          <code>2</code>
          <name>House floor actions</name>
        </sourceSystem>
        <committees />
      </item>
      <item>
        <actionDate>2019-07-02</actionDate>
        <links />
        <text>Placed on the Union Calendar, Calendar No. 100.</text>
        <type>Calendars</type>
        <actionCode>H12410</actionCode>
        <sourceSystem>
          <code>2</code>
          <name>House floor actions</name>
        </sourceSystem>
        <committees />
      </item>
      <item>
        <actionDate>2019-07-02</actionDate>
        <links />
        <text>Committee on the Budget discharged.</text>
        <type>Discharge</type>
        <actionCode>H12300</actionCode>
        <sourceSystem>
          <code>2</code>
          <name>House floor actions</name>
        </sourceSystem>
        <committees>
          <item>
            <systemCode>hsbu00</systemCode>
            <name>Budget Committee</name>
          </item>
        </committees>
      </item>
      <item>
        <actionDate>2019-07-02</actionDate>
        <links />
        <text>Committee on the Budget discharged.</text>
        <type>Committee</type>
        <actionCode>5500</actionCode>
        <sourceSystem>
          <code>9</code>
          <name>Library of Congress</name>
        </sourceSystem>
        <committees>
          <item>
            <systemCode>hsbu00</systemCode>
            <name>Budget Committee</name>
          </item>
        </committees>
      </item>
      <item>
        <actionDate>2019-07-02</actionDate>
        <links />
        <text>Reported by the Committee on Transportation and Infrastructure. H. Rept. 116-136, Part I.</text>
        <type>Committee</type>
        <actionCode>H12200</actionCode>
        <sourceSystem>
          <code>2</code>
          <name>House floor actions</name>
        </sourceSystem>
        <committees>
          <item>
            <systemCode>hspw00</systemCode>
            <name>Transportation and Infrastructure Committee</name>
          </item>
        </committees>
      </item>
      <item>
        <actionDate>2019-07-02</actionDate>
        <links />
        <text>Reported by the Committee on Transportation and Infrastructure. H. Rept. 116-136, Part I.</text>
        <type>Committee</type>
        <actionCode>5000</actionCode>
        <sourceSystem>
          <code>9</code>
          <name>Library of Congress</name>
        </sourceSystem>
        <committees>
          <item>
            <systemCode>hspw00</systemCode>
            <name>Transportation and Infrastructure Committee</name>
          </item>
        </committees>
      </item>
      <item>
        <actionDate>2019-05-08</actionDate>
        <committees>
          <item>
            <systemCode>hspw00</systemCode>
            <name>Transportation and Infrastructure Committee</name>
          </item>
        </committees>
        <links />
        <sourceSystem>
          <code>1</code>
          <name>House committee actions</name>
        </sourceSystem>
        <text>Ordered to be Reported by Voice Vote.</text>
        <type>Committee</type>
      </item>
      <item>
        <actionDate>2019-05-08</actionDate>
        <committees>
          <item>
            <systemCode>hspw00</systemCode>
            <name>Transportation and Infrastructure Committee</name>
          </item>
        </committees>
        <links />
        <sourceSystem>
          <code>1</code>
          <name>House committee actions</name>
        </sourceSystem>
        <text>Committee Consideration and Mark-up Session Held.</text>
        <type>Committee</type>
      </item>
      <item>
        <actionDate>2019-05-08</actionDate>
        <committees>
          <item>
            <systemCode>hspw00</systemCode>
            <name>Transportation and Infrastructure Committee</name>
          </item>
        </committees>
        <links />
        <sourceSystem>
          <code>1</code>
          <name>House committee actions</name>
        </sourceSystem>
        <text>Subcommittee on Water Resources and Environment Discharged.</text>
        <type>Committee</type>
      </item>
      <item>
        <actionDate>2019-05-02</actionDate>
        <committees>
          <item>
            <systemCode>hspw02</systemCode>
            <name>Water Resources and Environment Subcommittee</name>
          </item>
        </committees>
        <links />
        <sourceSystem>
          <code>1</code>
          <name>House committee actions</name>
        </sourceSystem>
        <text>Referred to the Subcommittee on Water Resources and Environment.</text>
        <type>Committee</type>
      </item>
      <item>
        <actionDate>2019-05-01</actionDate>
        <links />
        <text>Referred to the Committee on Transportation and Infrastructure, and in addition to the Committee on the Budget, for a period to be subsequently determined by the Speaker, in each case for consideration of such provisions as fall within the jurisdiction of the committee concerned.</text>
        <type>IntroReferral</type>
        <actionCode>H11100</actionCode>
        <sourceSystem>
          <code>2</code>
          <name>House floor actions</name>
        </sourceSystem>
        <committees>
          <item>
            <systemCode>hsbu00</systemCode>
            <name>Budget Committee</name>
          </item>
        </committees>
      </item>
      <item>
        <actionDate>2019-05-01</actionDate>
        <links />
        <text>Referred to the Committee on Transportation and Infrastructure, and in addition to the Committee on the Budget, for a period to be subsequently determined by the Speaker, in each case for consideration of such provisions as fall within the jurisdiction of the committee concerned.</text>
        <type>IntroReferral</type>
        <actionCode>H11100</actionCode>
        <sourceSystem>
          <code>2</code>
          <name>House floor actions</name>
        </sourceSystem>
        <committees>
          <item>
            <systemCode>hspw00</systemCode>
            <name>Transportation and Infrastructure Committee</name>
          </item>
        </committees>
      </item>
      <item>
        <actionDate>2019-05-01</actionDate>
        <links />
        <text>Introduced in House</text>
        <type>IntroReferral</type>
        <actionCode>Intro-H</actionCode>
        <sourceSystem>
          <code>9</code>
          <name>Library of Congress</name>
        </sourceSystem>
        <committees />
      </item>
      <item>
        <actionDate>2019-05-01</actionDate>
        <links />
        <text>Introduced in House</text>
        <type>IntroReferral</type>
        <actionCode>1000</actionCode>
        <sourceSystem>
          <code>9</code>
          <name>Library of Congress</name>
        </sourceSystem>
        <committees />
      </item>
      <actionTypeCounts>
        <referredToCommittee>1</referredToCommittee>
        <motionToReconsiderResults>1</motionToReconsiderResults>
        <finalPassageUnderSuspensionOfTheRulesResults>1</finalPassageUnderSuspensionOfTheRulesResults>
        <passedAgreedToInHouse>1</passedAgreedToInHouse>
        <considerationByHouse>2</considerationByHouse>
        <placeholderTextForH>2</placeholderTextForH>
        <generalDebate>1</generalDebate>
        <motionMadeToSuspendTheRules>1</motionMadeToSuspendTheRules>
        <unionCalendarAssignment>1</unionCalendarAssignment>
        <committeeDischarged>1</committeeDischarged>
        <houseCommitteeDischarged>1</houseCommitteeDischarged>
        <committeeReportOfABill>1</committeeReportOfABill>
        <reportedToHouse>1</reportedToHouse>
        <orderedToBeReported>1</orderedToBeReported>
        <committeeConsiderationMarkUp>1</committeeConsiderationMarkUp>
        <subcommitteeDischarged>1</subcommitteeDischarged>
        <billReferrals>2</billReferrals>
        <introducedInTheHouse>1</introducedInTheHouse>
        <introducedInHouse>1</introducedInHouse>
      </actionTypeCounts>
      <actionByCounts>
        <senate>1</senate>
        <houseOfRepresentatives>21</houseOfRepresentatives>
      </actionByCounts>
    </actions>
    <sponsors>
      <item>
        <bioguideId>D000191</bioguideId>
        <fullName>Rep. DeFazio, Peter A. [D-OR-4]</fullName>
        <firstName>PETER</firstName>
        <middleName>A.</middleName>
        <lastName>DEFAZIO</lastName>
        <party>D</party>
        <state>OR</state>
        <identifiers>
          <lisID>279</lisID>
          <bioguideId>D000191</bioguideId>
          <gpoId>8117</gpoId>
        </identifiers>
        <district>4</district>
        <byRequestType />
      </item>
    </sponsors>
    <cosponsors>
      <item>
        <bioguideId>G000546</bioguideId>
        <fullName>Rep. Graves, Sam [R-MO-6]</fullName>
        <firstName>SAM</firstName>
        <middleName />
        <lastName>GRAVES</lastName>
        <party>R</party>
        <state>MO</state>
        <identifiers>
          <lisID>1656</lisID>
          <bioguideId>G000546</bioguideId>
          <gpoId>8014</gpoId>
        </identifiers>
        <district>6</district>
        <sponsorshipDate>2019-05-01</sponsorshipDate>
        <isOriginalCosponsor>True</isOriginalCosponsor>
        <sponsorshipWithdrawnDate />
      </item>
      <item>
        <bioguideId>N000179</bioguideId>
        <fullName>Rep. Napolitano, Grace F. [D-CA-32]</fullName>
        <firstName>GRACE</firstName>
        <middleName>F.</middleName>
        <lastName>NAPOLITANO</lastName>
        <party>D</party>
        <state>CA</state>
        <identifiers>
          <lisID>1602</lisID>
          <bioguideId>N000179</bioguideId>
          <gpoId>7843</gpoId>
        </identifiers>
        <district>32</district>
        <sponsorshipDate>2019-05-01</sponsorshipDate>
        <isOriginalCosponsor>True</isOriginalCosponsor>
        <sponsorshipWithdrawnDate />
      </item>
      <item>
        <bioguideId>W000821</bioguideId>
        <fullName>Rep. Westerman, Bruce [R-AR-4]</fullName>
        <firstName>Bruce</firstName>
        <middleName />
        <lastName>Westerman</lastName>
        <party>R</party>
        <state>AR</state>
        <identifiers>
          <lisID>2224</lisID>
          <bioguideId>W000821</bioguideId>
          <gpoId />
        </identifiers>
        <district>4</district>
        <sponsorshipDate>2019-05-01</sponsorshipDate>
        <isOriginalCosponsor>True</isOriginalCosponsor>
        <sponsorshipWithdrawnDate />
      </item>
      <item>
        <bioguideId>K000376</bioguideId>
        <fullName>Rep. Kelly, Mike [R-PA-16]</fullName>
        <firstName>Mike</firstName>
        <middleName />
        <lastName>Kelly</lastName>
        <party>R</party>
        <state>PA</state>
        <identifiers>
          <lisID>2051</lisID>
          <bioguideId>K000376</bioguideId>
          <gpoId>8708</gpoId>
        </identifiers>
        <district>16</district>
        <sponsorshipDate>2019-05-01</sponsorshipDate>
        <isOriginalCosponsor>True</isOriginalCosponsor>
        <sponsorshipWithdrawnDate />
      </item>
      <item>
        <bioguideId>G000563</bioguideId>
        <fullName>Rep. Gibbs, Bob [R-OH-7]</fullName>
        <firstName>Bob</firstName>
        <middleName />
        <lastName>Gibbs</lastName>
        <party>R</party>
        <state>OH</state>
        <identifiers>
          <lisID>2049</lisID>
          <bioguideId>G000563</bioguideId>
          <gpoId>8108</gpoId>
        </identifiers>
        <district>7</district>
        <sponsorshipDate>2019-05-07</sponsorshipDate>
        <isOriginalCosponsor>False</isOriginalCosponsor>
        <sponsorshipWithdrawnDate />
      </item>
      <item>
        <bioguideId>S001180</bioguideId>
        <fullName>Rep. Schrader, Kurt [D-OR-5]</fullName>
        <firstName>Kurt</firstName>
        <middleName />
        <lastName>Schrader</lastName>
        <party>D</party>
        <state>OR</state>
        <identifiers>
          <lisID>1950</lisID>
          <bioguideId>S001180</bioguideId>
          <gpoId>8118</gpoId>
        </identifiers>
        <district>5</district>
        <sponsorshipDate>2019-05-07</sponsorshipDate>
        <isOriginalCosponsor>False</isOriginalCosponsor>
        <sponsorshipWithdrawnDate />
      </item>
      <item>
        <bioguideId>G000577</bioguideId>
        <fullName>Rep. Graves, Garret [R-LA-6]</fullName>
        <firstName>Garret</firstName>
        <middleName />
        <lastName>Graves</lastName>
        <party>R</party>
        <state>LA</state>
        <identifiers>
          <lisID>2245</lisID>
          <bioguideId>G000577</bioguideId>
          <gpoId />
        </identifiers>
        <district>6</district>
        <sponsorshipDate>2019-05-07</sponsorshipDate>
        <isOriginalCosponsor>False</isOriginalCosponsor>
        <sponsorshipWithdrawnDate />
      </item>
      <item>
        <bioguideId>G000582</bioguideId>
        <fullName>Resident Commissioner González-Colón, Jenniffer [R-PR-At Large]</fullName>
        <firstName>Jenniffer</firstName>
        <middleName />
        <lastName>Gonzalez-Colon</lastName>
        <party>R</party>
        <state>PR</state>
        <identifiers>
          <lisID>2347</lisID>
          <bioguideId>G000582</bioguideId>
          <gpoId />
        </identifiers>
        <district>0</district>
        <sponsorshipDate>2019-05-07</sponsorshipDate>
        <isOriginalCosponsor>False</isOriginalCosponsor>
        <sponsorshipWithdrawnDate />
      </item>
      <item>
        <bioguideId>B001278</bioguideId>
        <fullName>Rep. Bonamici, Suzanne [D-OR-1]</fullName>
        <firstName>Suzanne</firstName>
        <middleName />
        <lastName>Bonamici</lastName>
        <party>D</party>
        <state>OR</state>
        <identifiers>
          <lisID>2092</lisID>
          <bioguideId>B001278</bioguideId>
          <gpoId>8367</gpoId>
        </identifiers>
        <district>1</district>
        <sponsorshipDate>2019-05-07</sponsorshipDate>
        <isOriginalCosponsor>False</isOriginalCosponsor>
        <sponsorshipWithdrawnDate />
      </item>
      <item>
        <bioguideId>W000808</bioguideId>
        <fullName>Rep. Wilson, Frederica S. [D-FL-24]</fullName>
        <firstName>Frederica</firstName>
        <middleName>S.</middleName>
        <lastName>Wilson</lastName>
        <party>D</party>
        <state>FL</state>
        <identifiers>
          <lisID>2004</lisID>
          <bioguideId>W000808</bioguideId>
          <gpoId>7889</gpoId>
        </identifiers>
        <district>24</district>
        <sponsorshipDate>2019-05-07</sponsorshipDate>
        <isOriginalCosponsor>False</isOriginalCosponsor>
        <sponsorshipWithdrawnDate />
      </item>
      <item>
        <bioguideId>M001185</bioguideId>
        <fullName>Rep. Maloney, Sean Patrick [D-NY-18]</fullName>
        <firstName>Sean</firstName>
        <middleName>Patrick</middleName>
        <lastName>Maloney</lastName>
        <party>D</party>
        <state>NY</state>
        <identifiers>
          <lisID>2150</lisID>
          <bioguideId>M001185</bioguideId>
          <gpoId />
        </identifiers>
        <district>18</district>
        <sponsorshipDate>2019-05-07</sponsorshipDate>
        <isOriginalCosponsor>False</isOriginalCosponsor>
        <sponsorshipWithdrawnDate />
      </item>
      <item>
        <bioguideId>C001119</bioguideId>
        <fullName>Rep. Craig, Angie [D-MN-2]</fullName>
        <firstName>Angie</firstName>
        <middleName />
        <lastName>Craig</lastName>
        <party>D</party>
        <state>MN</state>
        <identifiers>
          <lisID>2412</lisID>
          <bioguideId>C001119</bioguideId>
          <gpoId />
        </identifiers>
        <district>2</district>
        <sponsorshipDate>2019-05-08</sponsorshipDate>
        <isOriginalCosponsor>False</isOriginalCosponsor>
        <sponsorshipWithdrawnDate />
      </item>
      <item>
        <bioguideId>C001112</bioguideId>
        <fullName>Rep. Carbajal, Salud O. [D-CA-24]</fullName>
        <firstName>Salud</firstName>
        <middleName>O.</middleName>
        <lastName>Carbajal</lastName>
        <party>D</party>
        <state>CA</state>
        <identifiers>
          <lisID>2310</lisID>
          <bioguideId>C001112</bioguideId>
          <gpoId />
        </identifiers>
        <district>24</district>
        <sponsorshipDate>2019-05-08</sponsorshipDate>
        <isOriginalCosponsor>False</isOriginalCosponsor>
        <sponsorshipWithdrawnDate />
      </item>
      <item>
        <bioguideId>F000468</bioguideId>
        <fullName>Rep. Fletcher, Lizzie [D-TX-7]</fullName>
        <firstName>Lizzie</firstName>
        <middleName />
        <lastName>Fletcher</lastName>
        <party>D</party>
        <state>TX</state>
        <identifiers>
          <lisID>2447</lisID>
          <bioguideId>F000468</bioguideId>
          <gpoId />
        </identifiers>
        <district>7</district>
        <sponsorshipDate>2019-05-08</sponsorshipDate>
        <isOriginalCosponsor>False</isOriginalCosponsor>
        <sponsorshipWithdrawnDate />
      </item>
      <item>
        <bioguideId>H001053</bioguideId>
        <fullName>Rep. Hartzler, Vicky [R-MO-4]</fullName>
        <firstName>Vicky</firstName>
        <middleName />
        <lastName>Hartzler</lastName>
        <party>R</party>
        <state>MO</state>
        <identifiers>
          <lisID>2032</lisID>
          <bioguideId>H001053</bioguideId>
          <gpoId>8012</gpoId>
        </identifiers>
        <district>4</district>
        <sponsorshipDate>2019-06-11</sponsorshipDate>
        <isOriginalCosponsor>False</isOriginalCosponsor>
        <sponsorshipWithdrawnDate />
      </item>
      <item>
        <bioguideId>F000466</bioguideId>
        <fullName>Rep. Fitzpatrick, Brian K. [R-PA-1]</fullName>
        <firstName>Brian</firstName>
        <middleName>K.</middleName>
        <lastName>Fitzpatrick</lastName>
        <party>R</party>
        <state>PA</state>
        <identifiers>
          <lisID>2345</lisID>
          <bioguideId>F000466</bioguideId>
          <gpoId />
        </identifiers>
        <district>1</district>
        <sponsorshipDate>2019-06-11</sponsorshipDate>
        <isOriginalCosponsor>False</isOriginalCosponsor>
        <sponsorshipWithdrawnDate />
      </item>
      <item>
        <bioguideId>W000804</bioguideId>
        <fullName>Rep. Wittman, Robert J. [R-VA-1]</fullName>
        <firstName>Robert</firstName>
        <middleName>J.</middleName>
        <lastName>Wittman</lastName>
        <party>R</party>
        <state>VA</state>
        <identifiers>
          <lisID>1886</lisID>
          <bioguideId>W000804</bioguideId>
          <gpoId>8192</gpoId>
        </identifiers>
        <district>1</district>
        <sponsorshipDate>2019-06-11</sponsorshipDate>
        <isOriginalCosponsor>False</isOriginalCosponsor>
        <sponsorshipWithdrawnDate />
      </item>
      <item>
        <bioguideId>B000574</bioguideId>
        <fullName>Rep. Blumenauer, Earl [D-OR-3]</fullName>
        <firstName>EARL</firstName>
        <middleName />
        <lastName>BLUMENAUER</lastName>
        <party>D</party>
        <state>OR</state>
        <identifiers>
          <lisID>99</lisID>
          <bioguideId>B000574</bioguideId>
          <gpoId>8116</gpoId>
        </identifiers>
        <district>3</district>
        <sponsorshipDate>2019-06-11</sponsorshipDate>
        <isOriginalCosponsor>False</isOriginalCosponsor>
        <sponsorshipWithdrawnDate />
      </item>
      <item>
        <bioguideId>D000619</bioguideId>
        <fullName>Rep. Davis, Rodney [R-IL-13]</fullName>
        <firstName>Rodney</firstName>
        <middleName />
        <lastName>Davis</lastName>
        <party>R</party>
        <state>IL</state>
        <identifiers>
          <lisID>2126</lisID>
          <bioguideId>D000619</bioguideId>
          <gpoId />
        </identifiers>
        <district>13</district>
        <sponsorshipDate>2019-06-11</sponsorshipDate>
        <isOriginalCosponsor>False</isOriginalCosponsor>
        <sponsorshipWithdrawnDate />
      </item>
      <item>
        <bioguideId>S001212</bioguideId>
        <fullName>Rep. Stauber, Pete [R-MN-8]</fullName>
        <firstName>Pete</firstName>
        <middleName />
        <lastName>Stauber</lastName>
        <party>R</party>
        <state>MN</state>
        <identifiers>
          <lisID>2415</lisID>
          <bioguideId>S001212</bioguideId>
          <gpoId />
        </identifiers>
        <district>8</district>
        <sponsorshipDate>2019-06-11</sponsorshipDate>
        <isOriginalCosponsor>False</isOriginalCosponsor>
        <sponsorshipWithdrawnDate />
      </item>
      <item>
        <bioguideId>W000814</bioguideId>
        <fullName>Rep. Weber, Randy K., Sr. [R-TX-14]</fullName>
        <firstName>Randy</firstName>
        <middleName>K.</middleName>
        <lastName>Weber</lastName>
        <party>R</party>
        <state>TX</state>
        <identifiers>
          <lisID>2161</lisID>
          <bioguideId>W000814</bioguideId>
          <gpoId />
        </identifiers>
        <district>14</district>
        <sponsorshipDate>2019-06-11</sponsorshipDate>
        <isOriginalCosponsor>False</isOriginalCosponsor>
        <sponsorshipWithdrawnDate />
      </item>
    </cosponsors>
    <cboCostEstimates>
      <item>
        <pubDate>2019-05-28T15:23:00Z</pubDate>
        <title>H.R. 2440, Full Utilization of the Harbor Maintenance Trust Fund Act</title>
        <url>https://www.cbo.gov/publication/55300</url>
      </item>
    </cboCostEstimates>
    <laws />
    <notes />
    <policyArea>
      <name>Transportation and Public Works</name>
    </policyArea>
    <subjects>
      <billSubjects>
        <legislativeSubjects>
          <item>
            <name>Appropriations</name>
          </item>
          <item>
            <name>Budget deficits and national debt</name>
          </item>
          <item>
            <name>Congressional oversight</name>
          </item>
          <item>
            <name>Government trust funds</name>
          </item>
          <item>
            <name>Navigation, waterways, harbors</name>
          </item>
          <item>
            <name>Sales and excise taxes</name>
          </item>
          <item>
            <name>Transportation programs funding</name>
          </item>
          <item>
            <name>User charges and fees</name>
          </item>
          <item>
            <name>Water resources funding</name>
          </item>
        </legislativeSubjects>
        <policyArea>
          <name>Transportation and Public Works</name>
        </policyArea>
      </billSubjects>
    </subjects>
    <summaries>
      <billSummaries>
        <item>
          <versionCode>00</versionCode>
          <actionDate>2019-05-01</actionDate>
          <actionDesc>Introduced in House</actionDesc>
          <lastSummaryUpdateDate>2019-09-24T19:15:00Z</lastSummaryUpdateDate>
          <text><![CDATA[<p><b>Full Utilization of the Harbor Maintenance Trust Fund Act</b></p> <p>This bill provides a discretionary spending limit adjustment for full utilization of the Harbor Maintenance Trust Fund to ensure that funds are used to support navigation and maintain federally authorized harbors.</p> <p>The bill makes certain amounts in the trust fund available, without appropriation, to pay</p> <ul> <li>100% of the eligible operations and maintenance costs of specified portions of the Saint Lawrence Seaway (a system of locks, canals, and channels in Canada and the United States that permits oceangoing vessels to travel from the Atlantic Ocean to the Great Lakes); and</li> <li>up to 100% of the eligible operations and maintenance costs assigned to commercial navigation of all U.S. harbors and inland harbors.</li> </ul> <p>The discretionary spending adjustment in a given fiscal year may not exceed the amount within the Harbor Maintenance Trust Fund on the last day of the fiscal year that is two years prior to such fiscal year.</p>]]></text>
          <updateDate>2019-05-01T04:00:00Z</updateDate>
          <name>Introduced in House</name>
        </item>
        <item>
          <versionCode>08</versionCode>
          <actionDate>2019-07-02</actionDate>
          <actionDesc>Reported to House, Part I</actionDesc>
          <lastSummaryUpdateDate>2019-11-07T19:06:17Z</lastSummaryUpdateDate>
          <text><![CDATA[<p><b>Full Utilization of the Harbor Maintenance Trust Fund Act</b></p> <p>This bill provides a discretionary spending limit adjustment for full utilization of the Harbor Maintenance Trust Fund to ensure that funds are used to support navigation and maintain federally authorized harbors.</p> <p>The bill makes certain amounts in the trust fund available, without appropriation, to pay</p> <ul> <li>100% of the eligible operations and maintenance costs of specified portions of the Saint Lawrence Seaway (a system of locks, canals, and channels in Canada and the United States that permits oceangoing vessels to travel from the Atlantic Ocean to the Great Lakes); and</li> <li>up to 100% of the eligible operations and maintenance costs assigned to commercial navigation of all U.S. harbors and inland harbors.</li> </ul> <p>The discretionary spending adjustment in a given fiscal year may not exceed the amount within the Harbor Maintenance Trust Fund on the last day of the fiscal year that is two years prior to such fiscal year.</p>]]></text>
          <updateDate>2019-07-02T13:51:41Z</updateDate>
          <name>Reported to House, Part I</name>
        </item>
        <item>
          <versionCode>53</versionCode>
          <actionDate>2019-10-28</actionDate>
          <actionDesc>Passed House</actionDesc>
          <lastSummaryUpdateDate>2020-01-28T16:13:47Z</lastSummaryUpdateDate>
          <text><![CDATA[<p><b>Full Utilization of the Harbor Maintenance Trust Fund Act</b></p> <p>This bill provides a discretionary spending limit adjustment for full utilization of the Harbor Maintenance Trust Fund to ensure that funds are used to support navigation and maintain federally authorized harbors.</p> <p>The bill makes certain amounts in the trust fund available, without appropriation, to pay</p> <ul> <li>100% of the eligible operations and maintenance costs of specified portions of the Saint Lawrence Seaway (a system of locks, canals, and channels in Canada and the United States that permits oceangoing vessels to travel from the Atlantic Ocean to the Great Lakes); and</li> <li>up to 100% of the eligible operations and maintenance costs assigned to commercial navigation of all U.S. harbors and inland harbors.</li> </ul> <p>The discretionary spending adjustment in a given fiscal year may not exceed the amount within the Harbor Maintenance Trust Fund on the last day of the fiscal year that is two years prior to such fiscal year.</p>]]></text>
          <updateDate>2019-10-28T12:47:40Z</updateDate>
          <name>Passed House</name>
        </item>
      </billSummaries>
    </summaries>
    <title>Full Utilization of the Harbor Maintenance Trust Fund Act</title>
    <titles>
      <item>
        <titleType>Official Title as Introduced</titleType>
        <parentTitleType />
        <title>To provide for the use of funds in the Harbor Maintenance Trust Fund for the purposes for which the funds were collected and to ensure that funds credited to the Harbor Maintenance Trust Fund are used to support navigation, and for other purposes.</title>
        <chamberCode />
        <chamberName />
      </item>
      <item>
        <titleType>Short Titles as Passed House</titleType>
        <parentTitleType>Short Titles House of Representatives</parentTitleType>
        <title>Full Utilization of the Harbor Maintenance Trust Fund Act</title>
        <chamberCode>H</chamberCode>
        <chamberName>House</chamberName>
      </item>
      <item>
        <titleType>Display Title</titleType>
        <parentTitleType />
        <title>Full Utilization of the Harbor Maintenance Trust Fund Act</title>
        <chamberCode />
        <chamberName />
      </item>
      <item>
        <titleType>Short Title(s) as Reported to House</titleType>
        <parentTitleType>Short Title</parentTitleType>
        <title>Full Utilization of the Harbor Maintenance Trust Fund Act</title>
        <chamberCode>H</chamberCode>
        <chamberName>House</chamberName>
      </item>
      <item>
        <titleType>Short Title(s) as Introduced</titleType>
        <parentTitleType>Short Title</parentTitleType>
        <title>Full Utilization of the Harbor Maintenance Trust Fund Act</title>
        <chamberCode />
        <chamberName />
      </item>
    </titles>
    <amendments />
    <textVersions>
      <item>
        <type>Referred in Senate</type>
        <date>2019-10-29T04:00:00Z</date>
        <formats>
          <item>
            <url>https://www.govinfo.gov/content/pkg/BILLS-116hr2440rfs/xml/BILLS-116hr2440rfs.xml</url>
          </item>
        </formats>
      </item>
      <item>
        <type>Engrossed in House</type>
        <date>2019-10-28T04:00:00Z</date>
        <formats>
          <item>
            <url>https://www.govinfo.gov/content/pkg/BILLS-116hr2440eh/xml/BILLS-116hr2440eh.xml</url>
          </item>
        </formats>
      </item>
      <item>
        <type>Reported in House</type>
        <date>2019-07-02T04:00:00Z</date>
        <formats>
          <item>
            <url>https://www.govinfo.gov/content/pkg/BILLS-116hr2440rh/xml/BILLS-116hr2440rh.xml</url>
          </item>
        </formats>
      </item>
      <item>
        <type>Introduced in House</type>
        <date>2019-05-01T04:00:00Z</date>
        <formats>
          <item>
            <url>https://www.govinfo.gov/content/pkg/BILLS-116hr2440ih/xml/BILLS-116hr2440ih.xml</url>
          </item>
        </formats>
      </item>
    </textVersions>
    <latestAction>
      <actionDate>2019-10-29</actionDate>
      <text>Received in the Senate and Read twice and referred to the Committee on the Budget.</text>
      <links />
    </latestAction>
    <calendarNumbers>
      <item>
        <calendar>U00100</calendar>
        <number />
      </item>
    </calendarNumbers>
    <version>1.0.0</version>
  </bill>
  <dublinCore xmlns:dc="http://purl.org/dc/elements/1.1/">
    <dc:format>text/xml</dc:format>
    <dc:language>EN</dc:language>
    <dc:rights>Pursuant to Title 17 Section 105 of the United States Code, this file is not subject to copyright protection and is in the public domain.</dc:rights>
    <dc:contributor>Congressional Research Service, Library of Congress</dc:contributor>
    <dc:description>This file contains bill summaries and statuses for federal legislation. A bill summary describes the most significant provisions of a piece of legislation and details the effects the legislative text may have on current law and federal programs. Bill summaries are authored by the Congressional Research Service (CRS) of the Library of Congress. As stated in Public Law 91-510 (2 USC 166 (d)(6)), one of the duties of CRS is "to prepare summaries and digests of bills and resolutions of a public general nature introduced in the Senate or House of Representatives". For more information, refer to the User Guide that accompanies this file.</dc:description>
  </dublinCore>
</billStatus>

