<?xml version="1.0" encoding="UTF-8"?>
<billStatus>
  <bill>
    <billNumber>190</billNumber>
    <createDate>2019-01-04T13:32:56Z</createDate>
    <updateDate>2021-07-10T20:18:44Z</updateDate>
    <originChamber>House</originChamber>
    <billType>HR</billType>
    <introducedDate>2019-01-03</introducedDate>
    <congress>116</congress>
    <constitutionalAuthorityStatementText><![CDATA[<pre>[Congressional Record Volume 165, Number 1 (Thursday, January 3, 2019)][House]From the Congressional Record Online through the Government Publishing Office [<a href="http://www.gpo.gov">www.gpo.gov</a>]By Mr. MARSHALL:H.R. 190.Congress has the power to enact this legislation pursuantto the following:Section 8, Clause 3[Page H216]</pre>]]></constitutionalAuthorityStatementText>
    <recordedVotes>
      <recordedVote>
        <rollNumber>36</rollNumber>
        <url>https://clerk.house.gov/evs/2019/roll036.xml</url>
        <fullActionName>Final Passage Under Suspension of the Rules Results</fullActionName>
        <chamber>House</chamber>
        <congress>116</congress>
        <date>2019-01-16T19:13:31Z</date>
        <sessionNumber>1</sessionNumber>
      </recordedVote>
    </recordedVotes>
    <committees>
      <billCommittees>
        <item>
          <systemCode>sssb00</systemCode>
          <name>Small Business and Entrepreneurship Committee</name>
          <chamber>Senate</chamber>
          <type>Standing</type>
          <subcommittees />
          <activities>
            <item>
              <name>Referred to</name>
              <date>2019-01-17T21:47:02Z</date>
            </item>
          </activities>
        </item>
        <item>
          <systemCode>hssm00</systemCode>
          <name>Small Business Committee</name>
          <chamber>House</chamber>
          <type>Standing</type>
          <subcommittees />
          <activities>
            <item>
              <name>Referred to</name>
              <date>2019-01-03T16:02:15Z</date>
            </item>
          </activities>
        </item>
      </billCommittees>
    </committees>
    <committeeReports />
    <relatedBills>
      <item>
        <latestTitle>Expanding Contracting Opportunities for Small Businesses Act of 2019</latestTitle>
        <congress>116</congress>
        <number>673</number>
        <type>S</type>
        <latestAction>
          <actionDate>2019-06-12</actionDate>
          <text>Committee on Small Business and Entrepreneurship. Hearings held.</text>
        </latestAction>
        <relationshipDetails>
          <item>
            <type>Related bill</type>
            <identifiedBy>CRS</identifiedBy>
          </item>
        </relationshipDetails>
      </item>
    </relatedBills>
    <actions>
      <item>
        <actionDate>2019-01-17</actionDate>
        <committees>
          <item>
            <systemCode>sssb00</systemCode>
            <name>Small Business and Entrepreneurship Committee</name>
          </item>
        </committees>
        <links />
        <sourceSystem>
          <code>0</code>
          <name>Senate</name>
        </sourceSystem>
        <text>Received in the Senate and Read twice and referred to the Committee on Small Business and Entrepreneurship.</text>
        <type>IntroReferral</type>
      </item>
      <item>
        <actionDate>2019-01-16</actionDate>
        <actionTime>14:13:32</actionTime>
        <links />
        <text>Motion to reconsider laid on the table Agreed to without objection.</text>
        <type>Floor</type>
        <actionCode>H38310</actionCode>
        <sourceSystem>
          <code>2</code>
          <name>House floor actions</name>
        </sourceSystem>
        <committees />
      </item>
      <item>
        <actionDate>2019-01-16</actionDate>
        <actionTime>14:13:31</actionTime>
        <links />
        <text>On motion to suspend the rules and pass the bill Agreed to by the Yeas and Nays: (2/3 required): 415 - 6 (Roll no. 36). (text: CR 1/14/2019 H528-529)</text>
        <type>Floor</type>
        <actionCode>H37300</actionCode>
        <sourceSystem>
          <code>2</code>
          <name>House floor actions</name>
        </sourceSystem>
        <committees />
      </item>
      <item>
        <actionDate>2019-01-16</actionDate>
        <actionTime>14:13:31</actionTime>
        <links />
        <text>Passed/agreed to in House: On motion to suspend the rules and pass the bill Agreed to by the Yeas and Nays: (2/3 required): 415 - 6 (Roll no. 36).(text: CR 1/14/2019 H528-529)</text>
        <type>Floor</type>
        <actionCode>8000</actionCode>
        <sourceSystem>
          <code>9</code>
          <name>Library of Congress</name>
        </sourceSystem>
        <committees />
      </item>
      <item>
        <actionDate>2019-01-16</actionDate>
        <actionTime>14:04:48</actionTime>
        <links />
        <text>Considered as unfinished business. (consideration: CR H626)</text>
        <type>Floor</type>
        <actionCode>H30000</actionCode>
        <sourceSystem>
          <code>2</code>
          <name>House floor actions</name>
        </sourceSystem>
        <committees />
      </item>
      <item>
        <actionDate>2019-01-14</actionDate>
        <actionTime>16:48:15</actionTime>
        <links />
        <text>At the conclusion of debate, the Yeas and Nays were demanded and ordered. Pursuant to the provisions of clause 8, rule XX, the Chair announced that further proceedings on the motion would be postponed.</text>
        <type>Floor</type>
        <actionCode>H37220</actionCode>
        <sourceSystem>
          <code>2</code>
          <name>House floor actions</name>
        </sourceSystem>
        <committees />
      </item>
      <item>
        <actionDate>2019-01-14</actionDate>
        <actionTime>16:38:10</actionTime>
        <links />
        <text>DEBATE - The House proceeded with forty minutes of debate on H.R. 190.</text>
        <type>Floor</type>
        <actionCode>H8D000</actionCode>
        <sourceSystem>
          <code>2</code>
          <name>House floor actions</name>
        </sourceSystem>
        <committees />
      </item>
      <item>
        <actionDate>2019-01-14</actionDate>
        <actionTime>16:38:08</actionTime>
        <links />
        <text>Considered under suspension of the rules. (consideration: CR H528-531)</text>
        <type>Floor</type>
        <actionCode>H30000</actionCode>
        <sourceSystem>
          <code>2</code>
          <name>House floor actions</name>
        </sourceSystem>
        <committees />
      </item>
      <item>
        <actionDate>2019-01-14</actionDate>
        <actionTime>16:37:31</actionTime>
        <links />
        <text>Ms. Velazquez moved to suspend the rules and pass the bill.</text>
        <type>Floor</type>
        <actionCode>H30300</actionCode>
        <sourceSystem>
          <code>2</code>
          <name>House floor actions</name>
        </sourceSystem>
        <committees />
      </item>
      <item>
        <actionDate>2019-01-03</actionDate>
        <links />
        <text>Referred to the House Committee on Small Business.</text>
        <type>IntroReferral</type>
        <actionCode>H11100</actionCode>
        <sourceSystem>
          <code>2</code>
          <name>House floor actions</name>
        </sourceSystem>
        <committees>
          <item>
            <systemCode>hssm00</systemCode>
            <name>Small Business Committee</name>
          </item>
        </committees>
      </item>
      <item>
        <actionDate>2019-01-03</actionDate>
        <links />
        <text>Introduced in House</text>
        <type>IntroReferral</type>
        <actionCode>Intro-H</actionCode>
        <sourceSystem>
          <code>9</code>
          <name>Library of Congress</name>
        </sourceSystem>
        <committees />
      </item>
      <item>
        <actionDate>2019-01-03</actionDate>
        <links />
        <text>Introduced in House</text>
        <type>IntroReferral</type>
        <actionCode>1000</actionCode>
        <sourceSystem>
          <code>9</code>
          <name>Library of Congress</name>
        </sourceSystem>
        <committees />
      </item>
      <actionTypeCounts>
        <referredToCommittee>1</referredToCommittee>
        <motionToReconsiderResults>1</motionToReconsiderResults>
        <finalPassageUnderSuspensionOfTheRulesResults>1</finalPassageUnderSuspensionOfTheRulesResults>
        <passedAgreedToInHouse>1</passedAgreedToInHouse>
        <considerationByHouse>2</considerationByHouse>
        <placeholderTextForH>1</placeholderTextForH>
        <generalDebate>1</generalDebate>
        <motionMadeToSuspendTheRules>1</motionMadeToSuspendTheRules>
        <billReferrals>1</billReferrals>
        <introducedInTheHouse>1</introducedInTheHouse>
        <introducedInHouse>1</introducedInHouse>
      </actionTypeCounts>
      <actionByCounts>
        <senate>1</senate>
        <houseOfRepresentatives>11</houseOfRepresentatives>
      </actionByCounts>
    </actions>
    <sponsors>
      <item>
        <bioguideId>M001198</bioguideId>
        <fullName>Rep. Marshall, Roger W. [R-KS-1]</fullName>
        <firstName>Roger</firstName>
        <middleName>W.</middleName>
        <lastName>Marshall</lastName>
        <party>R</party>
        <state>KS</state>
        <identifiers>
          <lisID>2328</lisID>
          <bioguideId>M001198</bioguideId>
          <gpoId />
        </identifiers>
        <district>1</district>
        <byRequestType />
      </item>
    </sponsors>
    <cosponsors>
      <item>
        <bioguideId>S001190</bioguideId>
        <fullName>Rep. Schneider, Bradley Scott [D-IL-10]</fullName>
        <firstName>Bradley</firstName>
        <middleName>Scott</middleName>
        <lastName>Schneider</lastName>
        <party>D</party>
        <state>IL</state>
        <identifiers>
          <lisID>2124</lisID>
          <bioguideId>S001190</bioguideId>
          <gpoId />
        </identifiers>
        <district>10</district>
        <sponsorshipDate>2019-01-03</sponsorshipDate>
        <isOriginalCosponsor>True</isOriginalCosponsor>
        <sponsorshipWithdrawnDate />
      </item>
      <item>
        <bioguideId>H001090</bioguideId>
        <fullName>Rep. Harder, Josh [D-CA-10]</fullName>
        <firstName>Josh</firstName>
        <middleName />
        <lastName>Harder</lastName>
        <party>D</party>
        <state>CA</state>
        <identifiers>
          <lisID>2377</lisID>
          <bioguideId>H001090</bioguideId>
          <gpoId />
        </identifiers>
        <district>10</district>
        <sponsorshipDate>2019-01-14</sponsorshipDate>
        <isOriginalCosponsor>False</isOriginalCosponsor>
        <sponsorshipWithdrawnDate />
      </item>
    </cosponsors>
    <cboCostEstimates />
    <laws />
    <notes />
    <policyArea>
      <name>Commerce</name>
    </policyArea>
    <subjects>
      <billSubjects>
        <legislativeSubjects>
          <item>
            <name>Economic development</name>
          </item>
          <item>
            <name>Government studies and investigations</name>
          </item>
          <item>
            <name>Public contracts and procurement</name>
          </item>
          <item>
            <name>Small business</name>
          </item>
          <item>
            <name>Urban and suburban affairs and development</name>
          </item>
          <item>
            <name>Veterans' education, employment, rehabilitation</name>
          </item>
          <item>
            <name>Women in business</name>
          </item>
        </legislativeSubjects>
        <policyArea>
          <name>Commerce</name>
        </policyArea>
      </billSubjects>
    </subjects>
    <summaries>
      <billSummaries>
        <item>
          <versionCode>00</versionCode>
          <actionDate>2019-01-03</actionDate>
          <actionDesc>Introduced in House</actionDesc>
          <lastSummaryUpdateDate>2019-07-30T14:56:26Z</lastSummaryUpdateDate>
          <text><![CDATA[<p><b>Expanding Contracting Opportunities for Small Businesses Act of 2019</b></p> <p>This bill eliminates the inclusion of option years in the award price for certain sole source contracts (i.e., contracts awarded without a competitive process). Under current law, option years in the award price for such contracts limit their dollar award threshold.</p> <p>Specifically, the bill revises requirements for the award of these contracts to (1) qualified Historically Underutilized Business Zone (HUBZone) small businesses, (2) small businesses owned and controlled by service-disabled veterans, (3) economically disadvantaged small businesses owned and controlled by women, and (4) small businesses owned and controlled by women in substantially underrepresented industries.</p> <p>The Government Accountability Office must evaluate the policies and practices used by the Small Business Administration and other federal agencies to ensure that contracting officers are properly classifying sole source contracts under procurement programs for businesses owned by women and disabled veterans in the Federal Procurement Data System.</p>]]></text>
          <updateDate>2019-01-03T05:00:00Z</updateDate>
          <name>Introduced in House</name>
        </item>
        <item>
          <versionCode>53</versionCode>
          <actionDate>2019-01-16</actionDate>
          <actionDesc>Passed House</actionDesc>
          <lastSummaryUpdateDate>2019-07-31T18:15:43Z</lastSummaryUpdateDate>
          <text><![CDATA[<p><b>Expanding Contracting Opportunities for Small Businesses Act of 2019</b></p> <p>This bill eliminates the inclusion of option years in the award price for certain sole source contracts (i.e., contracts awarded without a competitive process). Under current law, option years in the award price for such contracts limit their dollar award threshold.</p> <p>Specifically, the bill revises requirements for the award of these contracts to (1) qualified Historically Underutilized Business Zone (HUBZone) small businesses, (2) small businesses owned and controlled by service-disabled veterans, (3) economically disadvantaged small businesses owned and controlled by women, and (4) small businesses owned and controlled by women in substantially underrepresented industries.</p> <p>The Government Accountability Office must evaluate the policies and practices used by the Small Business Administration and other federal agencies to ensure that contracting officers are properly classifying sole source contracts under procurement programs for businesses owned by women and disabled veterans in the Federal Procurement Data System.</p>]]></text>
          <updateDate>2019-01-16T13:51:25Z</updateDate>
          <name>Passed House</name>
        </item>
      </billSummaries>
    </summaries>
    <title>Expanding Contracting Opportunities for Small Businesses Act of 2019</title>
    <titles>
      <item>
        <titleType>Official Title as Introduced</titleType>
        <parentTitleType />
        <title>To amend the Small Business Act to eliminate the inclusion of option years in the award price for sole source contracts, and for other purposes.</title>
        <chamberCode />
        <chamberName />
      </item>
      <item>
        <titleType>Short Titles as Passed House</titleType>
        <parentTitleType>Short Titles House of Representatives</parentTitleType>
        <title>Expanding Contracting Opportunities for Small Businesses Act of 2019</title>
        <chamberCode>H</chamberCode>
        <chamberName>House</chamberName>
      </item>
      <item>
        <titleType>Display Title</titleType>
        <parentTitleType />
        <title>Expanding Contracting Opportunities for Small Businesses Act of 2019</title>
        <chamberCode />
        <chamberName />
      </item>
      <item>
        <titleType>Short Title(s) as Introduced</titleType>
        <parentTitleType>Short Title</parentTitleType>
        <title>Expanding Contracting Opportunities for Small Businesses Act of 2019</title>
        <chamberCode />
        <chamberName />
      </item>
    </titles>
    <amendments />
    <textVersions>
      <item>
        <type>Referred in Senate</type>
        <date>2019-01-17T05:00:00Z</date>
        <formats>
          <item>
            <url>https://www.govinfo.gov/content/pkg/BILLS-116hr190rfs/xml/BILLS-116hr190rfs.xml</url>
          </item>
        </formats>
      </item>
      <item>
        <type>Engrossed in House</type>
        <date>2019-01-16T05:00:00Z</date>
        <formats>
          <item>
            <url>https://www.govinfo.gov/content/pkg/BILLS-116hr190eh/xml/BILLS-116hr190eh.xml</url>
          </item>
        </formats>
      </item>
      <item>
        <type>Introduced in House</type>
        <date>2019-01-03T05:00:00Z</date>
        <formats>
          <item>
            <url>https://www.govinfo.gov/content/pkg/BILLS-116hr190ih/xml/BILLS-116hr190ih.xml</url>
          </item>
        </formats>
      </item>
    </textVersions>
    <latestAction>
      <actionDate>2019-01-17</actionDate>
      <text>Received in the Senate and Read twice and referred to the Committee on Small Business and Entrepreneurship.</text>
      <links />
    </latestAction>
    <calendarNumbers />
    <version>1.0.0</version>
  </bill>
  <dublinCore xmlns:dc="http://purl.org/dc/elements/1.1/">
    <dc:format>text/xml</dc:format>
    <dc:language>EN</dc:language>
    <dc:rights>Pursuant to Title 17 Section 105 of the United States Code, this file is not subject to copyright protection and is in the public domain.</dc:rights>
    <dc:contributor>Congressional Research Service, Library of Congress</dc:contributor>
    <dc:description>This file contains bill summaries and statuses for federal legislation. A bill summary describes the most significant provisions of a piece of legislation and details the effects the legislative text may have on current law and federal programs. Bill summaries are authored by the Congressional Research Service (CRS) of the Library of Congress. As stated in Public Law 91-510 (2 USC 166 (d)(6)), one of the duties of CRS is "to prepare summaries and digests of bills and resolutions of a public general nature introduced in the Senate or House of Representatives". For more information, refer to the User Guide that accompanies this file.</dc:description>
  </dublinCore>
</billStatus>

