<?xml version="1.0" encoding="UTF-8"?>
<billStatus>
  <bill>
    <billNumber>219</billNumber>
    <createDate>2019-01-04T13:32:57Z</createDate>
    <updateDate>2021-07-10T20:19:37Z</updateDate>
    <originChamber>House</originChamber>
    <billType>HR</billType>
    <introducedDate>2019-01-03</introducedDate>
    <congress>116</congress>
    <constitutionalAuthorityStatementText><![CDATA[<pre>[Congressional Record Volume 165, Number 1 (Thursday, January 3, 2019)][House]From the Congressional Record Online through the Government Publishing Office [<a href="http://www.gpo.gov">www.gpo.gov</a>]By Mr. SMITH of Missouri:H.R. 219.Congress has the power to enact this legislation pursuantto the following:Article 1, Section 8, Clause 1 of the United StatesConstitution.[Page H217]</pre>]]></constitutionalAuthorityStatementText>
    <recordedVotes />
    <committees>
      <billCommittees>
        <item>
          <systemCode>hswm00</systemCode>
          <name>Ways and Means Committee</name>
          <chamber>House</chamber>
          <type>Standing</type>
          <subcommittees />
          <activities>
            <item>
              <name>Referred to</name>
              <date>2019-01-03T16:13:10Z</date>
            </item>
          </activities>
        </item>
      </billCommittees>
    </committees>
    <committeeReports />
    <relatedBills />
    <actions>
      <item>
        <actionDate>2019-01-03</actionDate>
        <links />
        <text>Referred to the House Committee on Ways and Means.</text>
        <type>IntroReferral</type>
        <actionCode>H11100</actionCode>
        <sourceSystem>
          <code>2</code>
          <name>House floor actions</name>
        </sourceSystem>
        <committees>
          <item>
            <systemCode>hswm00</systemCode>
            <name>Ways and Means Committee</name>
          </item>
        </committees>
      </item>
      <item>
        <actionDate>2019-01-03</actionDate>
        <links />
        <text>Introduced in House</text>
        <type>IntroReferral</type>
        <actionCode>Intro-H</actionCode>
        <sourceSystem>
          <code>9</code>
          <name>Library of Congress</name>
        </sourceSystem>
        <committees />
      </item>
      <item>
        <actionDate>2019-01-03</actionDate>
        <links />
        <text>Introduced in House</text>
        <type>IntroReferral</type>
        <actionCode>1000</actionCode>
        <sourceSystem>
          <code>9</code>
          <name>Library of Congress</name>
        </sourceSystem>
        <committees />
      </item>
      <actionTypeCounts>
        <billReferrals>1</billReferrals>
        <introducedInTheHouse>1</introducedInTheHouse>
        <introducedInHouse>1</introducedInHouse>
      </actionTypeCounts>
      <actionByCounts>
        <houseOfRepresentatives>3</houseOfRepresentatives>
      </actionByCounts>
    </actions>
    <sponsors>
      <item>
        <bioguideId>S001195</bioguideId>
        <fullName>Rep. Smith, Jason [R-MO-8]</fullName>
        <firstName>Jason</firstName>
        <middleName />
        <lastName>Smith</lastName>
        <party>R</party>
        <state>MO</state>
        <identifiers>
          <lisID>2191</lisID>
          <bioguideId>S001195</bioguideId>
          <gpoId />
        </identifiers>
        <district>8</district>
        <byRequestType />
      </item>
    </sponsors>
    <cosponsors>
      <item>
        <bioguideId>H001077</bioguideId>
        <fullName>Rep. Higgins, Clay [R-LA-3]</fullName>
        <firstName>Clay</firstName>
        <middleName />
        <lastName>Higgins</lastName>
        <party>R</party>
        <state>LA</state>
        <identifiers>
          <lisID>2329</lisID>
          <bioguideId>H001077</bioguideId>
          <gpoId />
        </identifiers>
        <district>3</district>
        <sponsorshipDate>2019-01-03</sponsorshipDate>
        <isOriginalCosponsor>True</isOriginalCosponsor>
        <sponsorshipWithdrawnDate />
      </item>
      <item>
        <bioguideId>W000821</bioguideId>
        <fullName>Rep. Westerman, Bruce [R-AR-4]</fullName>
        <firstName>Bruce</firstName>
        <middleName />
        <lastName>Westerman</lastName>
        <party>R</party>
        <state>AR</state>
        <identifiers>
          <lisID>2224</lisID>
          <bioguideId>W000821</bioguideId>
          <gpoId />
        </identifiers>
        <district>4</district>
        <sponsorshipDate>2019-01-03</sponsorshipDate>
        <isOriginalCosponsor>True</isOriginalCosponsor>
        <sponsorshipWithdrawnDate />
      </item>
      <item>
        <bioguideId>B001257</bioguideId>
        <fullName>Rep. Bilirakis, Gus M. [R-FL-12]</fullName>
        <firstName>Gus</firstName>
        <middleName>M.</middleName>
        <lastName>Bilirakis</lastName>
        <party>R</party>
        <state>FL</state>
        <identifiers>
          <lisID>1838</lisID>
          <bioguideId>B001257</bioguideId>
          <gpoId>7881</gpoId>
        </identifiers>
        <district>12</district>
        <sponsorshipDate>2019-01-03</sponsorshipDate>
        <isOriginalCosponsor>True</isOriginalCosponsor>
        <sponsorshipWithdrawnDate />
      </item>
      <item>
        <bioguideId>M001187</bioguideId>
        <fullName>Rep. Meadows, Mark [R-NC-11]</fullName>
        <firstName>Mark</firstName>
        <middleName />
        <lastName>Meadows</lastName>
        <party>R</party>
        <state>NC</state>
        <identifiers>
          <lisID>2142</lisID>
          <bioguideId>M001187</bioguideId>
          <gpoId />
        </identifiers>
        <district>11</district>
        <sponsorshipDate>2019-01-03</sponsorshipDate>
        <isOriginalCosponsor>True</isOriginalCosponsor>
        <sponsorshipWithdrawnDate />
      </item>
      <item>
        <bioguideId>G000560</bioguideId>
        <fullName>Rep. Graves, Tom [R-GA-14]</fullName>
        <firstName>Tom</firstName>
        <middleName />
        <lastName>Graves</lastName>
        <party>R</party>
        <state>GA</state>
        <identifiers>
          <lisID>1979</lisID>
          <bioguideId>G000560</bioguideId>
          <gpoId>7906</gpoId>
        </identifiers>
        <district>14</district>
        <sponsorshipDate>2019-01-03</sponsorshipDate>
        <isOriginalCosponsor>True</isOriginalCosponsor>
        <sponsorshipWithdrawnDate />
      </item>
      <item>
        <bioguideId>F000459</bioguideId>
        <fullName>Rep. Fleischmann, Charles J. "Chuck" [R-TN-3]</fullName>
        <firstName>Charles</firstName>
        <middleName>J. "Chuck"</middleName>
        <lastName>Fleischmann</lastName>
        <party>R</party>
        <state>TN</state>
        <identifiers>
          <lisID>2061</lisID>
          <bioguideId>F000459</bioguideId>
          <gpoId>8150</gpoId>
        </identifiers>
        <district>3</district>
        <sponsorshipDate>2019-01-03</sponsorshipDate>
        <isOriginalCosponsor>True</isOriginalCosponsor>
        <sponsorshipWithdrawnDate />
      </item>
      <item>
        <bioguideId>H001071</bioguideId>
        <fullName>Rep. Hice, Jody B. [R-GA-10]</fullName>
        <firstName>Jody</firstName>
        <middleName>B.</middleName>
        <lastName>Hice</lastName>
        <party>R</party>
        <state>GA</state>
        <identifiers>
          <lisID>2237</lisID>
          <bioguideId>H001071</bioguideId>
          <gpoId />
        </identifiers>
        <district>10</district>
        <sponsorshipDate>2019-01-03</sponsorshipDate>
        <isOriginalCosponsor>True</isOriginalCosponsor>
        <sponsorshipWithdrawnDate />
      </item>
      <item>
        <bioguideId>B001295</bioguideId>
        <fullName>Rep. Bost, Mike [R-IL-12]</fullName>
        <firstName>Mike</firstName>
        <middleName />
        <lastName>Bost</lastName>
        <party>R</party>
        <state>IL</state>
        <identifiers>
          <lisID>2243</lisID>
          <bioguideId>B001295</bioguideId>
          <gpoId />
        </identifiers>
        <district>12</district>
        <sponsorshipDate>2019-01-03</sponsorshipDate>
        <isOriginalCosponsor>True</isOriginalCosponsor>
        <sponsorshipWithdrawnDate />
      </item>
      <item>
        <bioguideId>D000615</bioguideId>
        <fullName>Rep. Duncan, Jeff [R-SC-3]</fullName>
        <firstName>Jeff</firstName>
        <middleName />
        <lastName>Duncan</lastName>
        <party>R</party>
        <state>SC</state>
        <identifiers>
          <lisID>2057</lisID>
          <bioguideId>D000615</bioguideId>
          <gpoId>8143</gpoId>
        </identifiers>
        <district>3</district>
        <sponsorshipDate>2019-01-03</sponsorshipDate>
        <isOriginalCosponsor>True</isOriginalCosponsor>
        <sponsorshipWithdrawnDate />
      </item>
      <item>
        <bioguideId>W000814</bioguideId>
        <fullName>Rep. Weber, Randy K., Sr. [R-TX-14]</fullName>
        <firstName>Randy</firstName>
        <middleName>K.</middleName>
        <lastName>Weber</lastName>
        <party>R</party>
        <state>TX</state>
        <identifiers>
          <lisID>2161</lisID>
          <bioguideId>W000814</bioguideId>
          <gpoId />
        </identifiers>
        <district>14</district>
        <sponsorshipDate>2019-01-03</sponsorshipDate>
        <isOriginalCosponsor>True</isOriginalCosponsor>
        <sponsorshipWithdrawnDate />
      </item>
      <item>
        <bioguideId>P000601</bioguideId>
        <fullName>Rep. Palazzo, Steven M. [R-MS-4]</fullName>
        <firstName>Steven</firstName>
        <middleName>M.</middleName>
        <lastName>Palazzo</lastName>
        <party>R</party>
        <state>MS</state>
        <identifiers>
          <lisID>2035</lisID>
          <bioguideId>P000601</bioguideId>
          <gpoId>8022</gpoId>
        </identifiers>
        <district>4</district>
        <sponsorshipDate>2019-01-03</sponsorshipDate>
        <isOriginalCosponsor>True</isOriginalCosponsor>
        <sponsorshipWithdrawnDate />
      </item>
      <item>
        <bioguideId>H001053</bioguideId>
        <fullName>Rep. Hartzler, Vicky [R-MO-4]</fullName>
        <firstName>Vicky</firstName>
        <middleName />
        <lastName>Hartzler</lastName>
        <party>R</party>
        <state>MO</state>
        <identifiers>
          <lisID>2032</lisID>
          <bioguideId>H001053</bioguideId>
          <gpoId>8012</gpoId>
        </identifiers>
        <district>4</district>
        <sponsorshipDate>2019-01-03</sponsorshipDate>
        <isOriginalCosponsor>True</isOriginalCosponsor>
        <sponsorshipWithdrawnDate />
      </item>
      <item>
        <bioguideId>B001302</bioguideId>
        <fullName>Rep. Biggs, Andy [R-AZ-5]</fullName>
        <firstName>Andy</firstName>
        <middleName />
        <lastName>Biggs</lastName>
        <party>R</party>
        <state>AZ</state>
        <identifiers>
          <lisID>2307</lisID>
          <bioguideId>B001302</bioguideId>
          <gpoId />
        </identifiers>
        <district>5</district>
        <sponsorshipDate>2019-01-03</sponsorshipDate>
        <isOriginalCosponsor>True</isOriginalCosponsor>
        <sponsorshipWithdrawnDate />
      </item>
      <item>
        <bioguideId>W000804</bioguideId>
        <fullName>Rep. Wittman, Robert J. [R-VA-1]</fullName>
        <firstName>Robert</firstName>
        <middleName>J.</middleName>
        <lastName>Wittman</lastName>
        <party>R</party>
        <state>VA</state>
        <identifiers>
          <lisID>1886</lisID>
          <bioguideId>W000804</bioguideId>
          <gpoId>8192</gpoId>
        </identifiers>
        <district>1</district>
        <sponsorshipDate>2019-01-03</sponsorshipDate>
        <isOriginalCosponsor>True</isOriginalCosponsor>
        <sponsorshipWithdrawnDate />
      </item>
      <item>
        <bioguideId>N000190</bioguideId>
        <fullName>Rep. Norman, Ralph [R-SC-5]</fullName>
        <firstName>Ralph</firstName>
        <middleName />
        <lastName>Norman</lastName>
        <party>R</party>
        <state>SC</state>
        <identifiers>
          <lisID>2361</lisID>
          <bioguideId>N000190</bioguideId>
          <gpoId />
        </identifiers>
        <district>5</district>
        <sponsorshipDate>2019-01-03</sponsorshipDate>
        <isOriginalCosponsor>True</isOriginalCosponsor>
        <sponsorshipWithdrawnDate />
      </item>
      <item>
        <bioguideId>R000582</bioguideId>
        <fullName>Rep. Roe, David P. [R-TN-1]</fullName>
        <firstName>David</firstName>
        <middleName>P.</middleName>
        <lastName>Roe</lastName>
        <party>R</party>
        <state>TN</state>
        <identifiers>
          <lisID>1954</lisID>
          <bioguideId>R000582</bioguideId>
          <gpoId>8148</gpoId>
        </identifiers>
        <district>1</district>
        <sponsorshipDate>2019-01-03</sponsorshipDate>
        <isOriginalCosponsor>True</isOriginalCosponsor>
        <sponsorshipWithdrawnDate />
      </item>
      <item>
        <bioguideId>R000601</bioguideId>
        <fullName>Rep. Ratcliffe, John [R-TX-4]</fullName>
        <firstName>John</firstName>
        <middleName />
        <lastName>Ratcliffe</lastName>
        <party>R</party>
        <state>TX</state>
        <identifiers>
          <lisID>2268</lisID>
          <bioguideId>R000601</bioguideId>
          <gpoId />
        </identifiers>
        <district>4</district>
        <sponsorshipDate>2019-01-03</sponsorshipDate>
        <isOriginalCosponsor>True</isOriginalCosponsor>
        <sponsorshipWithdrawnDate />
      </item>
      <item>
        <bioguideId>L000576</bioguideId>
        <fullName>Rep. Long, Billy [R-MO-7]</fullName>
        <firstName>Billy</firstName>
        <middleName />
        <lastName>Long</lastName>
        <party>R</party>
        <state>MO</state>
        <identifiers>
          <lisID>2033</lisID>
          <bioguideId>L000576</bioguideId>
          <gpoId>8015</gpoId>
        </identifiers>
        <district>7</district>
        <sponsorshipDate>2019-01-03</sponsorshipDate>
        <isOriginalCosponsor>True</isOriginalCosponsor>
        <sponsorshipWithdrawnDate />
      </item>
      <item>
        <bioguideId>R000609</bioguideId>
        <fullName>Rep. Rutherford, John H. [R-FL-4]</fullName>
        <firstName>John</firstName>
        <middleName>H.</middleName>
        <lastName>Rutherford</lastName>
        <party>R</party>
        <state>FL</state>
        <identifiers>
          <lisID>2316</lisID>
          <bioguideId>R000609</bioguideId>
          <gpoId />
        </identifiers>
        <district>4</district>
        <sponsorshipDate>2019-01-09</sponsorshipDate>
        <isOriginalCosponsor>False</isOriginalCosponsor>
        <sponsorshipWithdrawnDate />
      </item>
      <item>
        <bioguideId>G000563</bioguideId>
        <fullName>Rep. Gibbs, Bob [R-OH-7]</fullName>
        <firstName>Bob</firstName>
        <middleName />
        <lastName>Gibbs</lastName>
        <party>R</party>
        <state>OH</state>
        <identifiers>
          <lisID>2049</lisID>
          <bioguideId>G000563</bioguideId>
          <gpoId>8108</gpoId>
        </identifiers>
        <district>7</district>
        <sponsorshipDate>2019-01-09</sponsorshipDate>
        <isOriginalCosponsor>False</isOriginalCosponsor>
        <sponsorshipWithdrawnDate />
      </item>
      <item>
        <bioguideId>F000450</bioguideId>
        <fullName>Rep. Foxx, Virginia [R-NC-5]</fullName>
        <firstName>Virginia</firstName>
        <middleName />
        <lastName>Foxx</lastName>
        <party>R</party>
        <state>NC</state>
        <identifiers>
          <lisID>1791</lisID>
          <bioguideId>F000450</bioguideId>
          <gpoId>8028</gpoId>
        </identifiers>
        <district>5</district>
        <sponsorshipDate>2019-01-09</sponsorshipDate>
        <isOriginalCosponsor>False</isOriginalCosponsor>
        <sponsorshipWithdrawnDate />
      </item>
      <item>
        <bioguideId>O000168</bioguideId>
        <fullName>Rep. Olson, Pete [R-TX-22]</fullName>
        <firstName>Pete</firstName>
        <middleName />
        <lastName>Olson</lastName>
        <party>R</party>
        <state>TX</state>
        <identifiers>
          <lisID>1955</lisID>
          <bioguideId>O000168</bioguideId>
          <gpoId>8178</gpoId>
        </identifiers>
        <district>22</district>
        <sponsorshipDate>2019-01-09</sponsorshipDate>
        <isOriginalCosponsor>False</isOriginalCosponsor>
        <sponsorshipWithdrawnDate />
      </item>
      <item>
        <bioguideId>D000614</bioguideId>
        <fullName>Rep. Duffy, Sean P. [R-WI-7]</fullName>
        <firstName>Sean</firstName>
        <middleName>P.</middleName>
        <lastName>Duffy</lastName>
        <party>R</party>
        <state>WI</state>
        <identifiers>
          <lisID>2072</lisID>
          <bioguideId>D000614</bioguideId>
          <gpoId>8220</gpoId>
        </identifiers>
        <district>7</district>
        <sponsorshipDate>2019-01-09</sponsorshipDate>
        <isOriginalCosponsor>False</isOriginalCosponsor>
        <sponsorshipWithdrawnDate />
      </item>
      <item>
        <bioguideId>L000569</bioguideId>
        <fullName>Rep. Luetkemeyer, Blaine [R-MO-3]</fullName>
        <firstName>Blaine</firstName>
        <middleName />
        <lastName>Luetkemeyer</lastName>
        <party>R</party>
        <state>MO</state>
        <identifiers>
          <lisID>1931</lisID>
          <bioguideId>L000569</bioguideId>
          <gpoId>8017</gpoId>
        </identifiers>
        <district>3</district>
        <sponsorshipDate>2019-01-09</sponsorshipDate>
        <isOriginalCosponsor>False</isOriginalCosponsor>
        <sponsorshipWithdrawnDate />
      </item>
      <item>
        <bioguideId>E000294</bioguideId>
        <fullName>Rep. Emmer, Tom [R-MN-6]</fullName>
        <firstName>Tom</firstName>
        <middleName />
        <lastName>Emmer</lastName>
        <party>R</party>
        <state>MN</state>
        <identifiers>
          <lisID>2253</lisID>
          <bioguideId>E000294</bioguideId>
          <gpoId />
        </identifiers>
        <district>6</district>
        <sponsorshipDate>2019-01-09</sponsorshipDate>
        <isOriginalCosponsor>False</isOriginalCosponsor>
        <sponsorshipWithdrawnDate />
      </item>
      <item>
        <bioguideId>G000552</bioguideId>
        <fullName>Rep. Gohmert, Louie [R-TX-1]</fullName>
        <firstName>Louie</firstName>
        <middleName />
        <lastName>Gohmert</lastName>
        <party>R</party>
        <state>TX</state>
        <identifiers>
          <lisID>1801</lisID>
          <bioguideId>G000552</bioguideId>
          <gpoId>8157</gpoId>
        </identifiers>
        <district>1</district>
        <sponsorshipDate>2019-01-09</sponsorshipDate>
        <isOriginalCosponsor>False</isOriginalCosponsor>
        <sponsorshipWithdrawnDate />
      </item>
      <item>
        <bioguideId>E000298</bioguideId>
        <fullName>Rep. Estes, Ron [R-KS-4]</fullName>
        <firstName>Ron</firstName>
        <middleName />
        <lastName>Estes</lastName>
        <party>R</party>
        <state>KS</state>
        <identifiers>
          <lisID>2358</lisID>
          <bioguideId>E000298</bioguideId>
          <gpoId />
        </identifiers>
        <district>4</district>
        <sponsorshipDate>2019-01-09</sponsorshipDate>
        <isOriginalCosponsor>False</isOriginalCosponsor>
        <sponsorshipWithdrawnDate />
      </item>
      <item>
        <bioguideId>G000565</bioguideId>
        <fullName>Rep. Gosar, Paul A. [R-AZ-4]</fullName>
        <firstName>Paul</firstName>
        <middleName>A.</middleName>
        <lastName>Gosar</lastName>
        <party>R</party>
        <state>AZ</state>
        <identifiers>
          <lisID>1992</lisID>
          <bioguideId>G000565</bioguideId>
          <gpoId>7798</gpoId>
        </identifiers>
        <district>4</district>
        <sponsorshipDate>2019-01-09</sponsorshipDate>
        <isOriginalCosponsor>False</isOriginalCosponsor>
        <sponsorshipWithdrawnDate />
      </item>
      <item>
        <bioguideId>F000449</bioguideId>
        <fullName>Rep. Fortenberry, Jeff [R-NE-1]</fullName>
        <firstName>Jeff</firstName>
        <middleName />
        <lastName>Fortenberry</lastName>
        <party>R</party>
        <state>NE</state>
        <identifiers>
          <lisID>1793</lisID>
          <bioguideId>F000449</bioguideId>
          <gpoId>8038</gpoId>
        </identifiers>
        <district>1</district>
        <sponsorshipDate>2019-01-09</sponsorshipDate>
        <isOriginalCosponsor>False</isOriginalCosponsor>
        <sponsorshipWithdrawnDate />
      </item>
      <item>
        <bioguideId>M001195</bioguideId>
        <fullName>Rep. Mooney, Alexander X. [R-WV-2]</fullName>
        <firstName>Alexander</firstName>
        <middleName>X.</middleName>
        <lastName>Mooney</lastName>
        <party>R</party>
        <state>WV</state>
        <identifiers>
          <lisID>2277</lisID>
          <bioguideId>M001195</bioguideId>
          <gpoId />
        </identifiers>
        <district>2</district>
        <sponsorshipDate>2019-01-09</sponsorshipDate>
        <isOriginalCosponsor>False</isOriginalCosponsor>
        <sponsorshipWithdrawnDate />
      </item>
      <item>
        <bioguideId>P000609</bioguideId>
        <fullName>Rep. Palmer, Gary J. [R-AL-6]</fullName>
        <firstName>Gary</firstName>
        <middleName>J.</middleName>
        <lastName>Palmer</lastName>
        <party>R</party>
        <state>AL</state>
        <identifiers>
          <lisID>2221</lisID>
          <bioguideId>P000609</bioguideId>
          <gpoId />
        </identifiers>
        <district>6</district>
        <sponsorshipDate>2019-01-09</sponsorshipDate>
        <isOriginalCosponsor>False</isOriginalCosponsor>
        <sponsorshipWithdrawnDate />
      </item>
      <item>
        <bioguideId>G000578</bioguideId>
        <fullName>Rep. Gaetz, Matt [R-FL-1]</fullName>
        <firstName>Matt</firstName>
        <middleName />
        <lastName>Gaetz</lastName>
        <party>R</party>
        <state>FL</state>
        <identifiers>
          <lisID>2314</lisID>
          <bioguideId>G000578</bioguideId>
          <gpoId />
        </identifiers>
        <district>1</district>
        <sponsorshipDate>2019-01-09</sponsorshipDate>
        <isOriginalCosponsor>False</isOriginalCosponsor>
        <sponsorshipWithdrawnDate />
      </item>
      <item>
        <bioguideId>H001067</bioguideId>
        <fullName>Rep. Hudson, Richard [R-NC-8]</fullName>
        <firstName>Richard</firstName>
        <middleName />
        <lastName>Hudson</lastName>
        <party>R</party>
        <state>NC</state>
        <identifiers>
          <lisID>2140</lisID>
          <bioguideId>H001067</bioguideId>
          <gpoId />
        </identifiers>
        <district>8</district>
        <sponsorshipDate>2019-01-09</sponsorshipDate>
        <isOriginalCosponsor>False</isOriginalCosponsor>
        <sponsorshipWithdrawnDate />
      </item>
      <item>
        <bioguideId>J000255</bioguideId>
        <fullName>Rep. Jones, Walter B., Jr. [R-NC-3]</fullName>
        <firstName>WALTER</firstName>
        <middleName>B.</middleName>
        <lastName>JONES</lastName>
        <party>R</party>
        <state>NC</state>
        <identifiers>
          <lisID>612</lisID>
          <bioguideId>J000255</bioguideId>
          <gpoId>8026</gpoId>
        </identifiers>
        <district>3</district>
        <sponsorshipDate>2019-01-09</sponsorshipDate>
        <isOriginalCosponsor>False</isOriginalCosponsor>
        <sponsorshipWithdrawnDate />
      </item>
      <item>
        <bioguideId>G000576</bioguideId>
        <fullName>Rep. Grothman, Glenn [R-WI-6]</fullName>
        <firstName>Glenn</firstName>
        <middleName />
        <lastName>Grothman</lastName>
        <party>R</party>
        <state>WI</state>
        <identifiers>
          <lisID>2276</lisID>
          <bioguideId>G000576</bioguideId>
          <gpoId />
        </identifiers>
        <district>6</district>
        <sponsorshipDate>2019-01-09</sponsorshipDate>
        <isOriginalCosponsor>False</isOriginalCosponsor>
        <sponsorshipWithdrawnDate />
      </item>
      <item>
        <bioguideId>C000266</bioguideId>
        <fullName>Rep. Chabot, Steve [R-OH-1]</fullName>
        <firstName>STEVE</firstName>
        <middleName />
        <lastName>CHABOT</lastName>
        <party>R</party>
        <state>OH</state>
        <identifiers>
          <lisID>186</lisID>
          <bioguideId>C000266</bioguideId>
          <gpoId>8091</gpoId>
        </identifiers>
        <district>1</district>
        <sponsorshipDate>2019-01-09</sponsorshipDate>
        <isOriginalCosponsor>False</isOriginalCosponsor>
        <sponsorshipWithdrawnDate />
      </item>
      <item>
        <bioguideId>L000566</bioguideId>
        <fullName>Rep. Latta, Robert E. [R-OH-5]</fullName>
        <firstName>Robert</firstName>
        <middleName>E.</middleName>
        <lastName>Latta</lastName>
        <party>R</party>
        <state>OH</state>
        <identifiers>
          <lisID>1885</lisID>
          <bioguideId>L000566</bioguideId>
          <gpoId>8095</gpoId>
        </identifiers>
        <district>5</district>
        <sponsorshipDate>2019-01-09</sponsorshipDate>
        <isOriginalCosponsor>False</isOriginalCosponsor>
        <sponsorshipWithdrawnDate />
      </item>
      <item>
        <bioguideId>L000564</bioguideId>
        <fullName>Rep. Lamborn, Doug [R-CO-5]</fullName>
        <firstName>Doug</firstName>
        <middleName />
        <lastName>Lamborn</lastName>
        <party>R</party>
        <state>CO</state>
        <identifiers>
          <lisID>1834</lisID>
          <bioguideId>L000564</bioguideId>
          <gpoId>7863</gpoId>
        </identifiers>
        <district>5</district>
        <sponsorshipDate>2019-01-09</sponsorshipDate>
        <isOriginalCosponsor>False</isOriginalCosponsor>
        <sponsorshipWithdrawnDate />
      </item>
      <item>
        <bioguideId>L000589</bioguideId>
        <fullName>Rep. Lesko, Debbie [R-AZ-8]</fullName>
        <firstName>Debbie</firstName>
        <middleName />
        <lastName>Lesko</lastName>
        <party>R</party>
        <state>AZ</state>
        <identifiers>
          <lisID>2368</lisID>
          <bioguideId>L000589</bioguideId>
          <gpoId />
        </identifiers>
        <district>8</district>
        <sponsorshipDate>2019-01-09</sponsorshipDate>
        <isOriginalCosponsor>False</isOriginalCosponsor>
        <sponsorshipWithdrawnDate />
      </item>
      <item>
        <bioguideId>A000372</bioguideId>
        <fullName>Rep. Allen, Rick W. [R-GA-12]</fullName>
        <firstName>Rick</firstName>
        <middleName>W.</middleName>
        <lastName>Allen</lastName>
        <party>R</party>
        <state>GA</state>
        <identifiers>
          <lisID>2239</lisID>
          <bioguideId>A000372</bioguideId>
          <gpoId />
        </identifiers>
        <district>12</district>
        <sponsorshipDate>2019-01-09</sponsorshipDate>
        <isOriginalCosponsor>False</isOriginalCosponsor>
        <sponsorshipWithdrawnDate />
      </item>
      <item>
        <bioguideId>L000583</bioguideId>
        <fullName>Rep. Loudermilk, Barry [R-GA-11]</fullName>
        <firstName>Barry</firstName>
        <middleName />
        <lastName>Loudermilk</lastName>
        <party>R</party>
        <state>GA</state>
        <identifiers>
          <lisID>2238</lisID>
          <bioguideId>L000583</bioguideId>
          <gpoId />
        </identifiers>
        <district>11</district>
        <sponsorshipDate>2019-01-09</sponsorshipDate>
        <isOriginalCosponsor>False</isOriginalCosponsor>
        <sponsorshipWithdrawnDate />
      </item>
      <item>
        <bioguideId>S001189</bioguideId>
        <fullName>Rep. Scott, Austin [R-GA-8]</fullName>
        <firstName>Austin</firstName>
        <middleName />
        <lastName>Scott</lastName>
        <party>R</party>
        <state>GA</state>
        <identifiers>
          <lisID>2009</lisID>
          <bioguideId>S001189</bioguideId>
          <gpoId>7905</gpoId>
        </identifiers>
        <district>8</district>
        <sponsorshipDate>2019-01-09</sponsorshipDate>
        <isOriginalCosponsor>False</isOriginalCosponsor>
        <sponsorshipWithdrawnDate />
      </item>
      <item>
        <bioguideId>M001194</bioguideId>
        <fullName>Rep. Moolenaar, John R. [R-MI-4]</fullName>
        <firstName>John</firstName>
        <middleName>R.</middleName>
        <lastName>Moolenaar</lastName>
        <party>R</party>
        <state>MI</state>
        <identifiers>
          <lisID>2248</lisID>
          <bioguideId>M001194</bioguideId>
          <gpoId />
        </identifiers>
        <district>4</district>
        <sponsorshipDate>2019-01-16</sponsorshipDate>
        <isOriginalCosponsor>False</isOriginalCosponsor>
        <sponsorshipWithdrawnDate />
      </item>
      <item>
        <bioguideId>B001291</bioguideId>
        <fullName>Rep. Babin, Brian [R-TX-36]</fullName>
        <firstName>Brian</firstName>
        <middleName />
        <lastName>Babin</lastName>
        <party>R</party>
        <state>TX</state>
        <identifiers>
          <lisID>2270</lisID>
          <bioguideId>B001291</bioguideId>
          <gpoId />
        </identifiers>
        <district>36</district>
        <sponsorshipDate>2019-01-16</sponsorshipDate>
        <isOriginalCosponsor>False</isOriginalCosponsor>
        <sponsorshipWithdrawnDate />
      </item>
      <item>
        <bioguideId>G000579</bioguideId>
        <fullName>Rep. Gallagher, Mike [R-WI-8]</fullName>
        <firstName>Mike</firstName>
        <middleName />
        <lastName>Gallagher</lastName>
        <party>R</party>
        <state>WI</state>
        <identifiers>
          <lisID>2355</lisID>
          <bioguideId>G000579</bioguideId>
          <gpoId />
        </identifiers>
        <district>8</district>
        <sponsorshipDate>2019-01-16</sponsorshipDate>
        <isOriginalCosponsor>False</isOriginalCosponsor>
        <sponsorshipWithdrawnDate />
      </item>
      <item>
        <bioguideId>W000812</bioguideId>
        <fullName>Rep. Wagner, Ann [R-MO-2]</fullName>
        <firstName>Ann</firstName>
        <middleName />
        <lastName>Wagner</lastName>
        <party>R</party>
        <state>MO</state>
        <identifiers>
          <lisID>2137</lisID>
          <bioguideId>W000812</bioguideId>
          <gpoId />
        </identifiers>
        <district>2</district>
        <sponsorshipDate>2019-01-16</sponsorshipDate>
        <isOriginalCosponsor>False</isOriginalCosponsor>
        <sponsorshipWithdrawnDate />
      </item>
      <item>
        <bioguideId>A000375</bioguideId>
        <fullName>Rep. Arrington, Jodey C. [R-TX-19]</fullName>
        <firstName>Jodey</firstName>
        <middleName>C.</middleName>
        <lastName>Arrington</lastName>
        <party>R</party>
        <state>TX</state>
        <identifiers>
          <lisID>2350</lisID>
          <bioguideId>A000375</bioguideId>
          <gpoId />
        </identifiers>
        <district>19</district>
        <sponsorshipDate>2019-01-16</sponsorshipDate>
        <isOriginalCosponsor>False</isOriginalCosponsor>
        <sponsorshipWithdrawnDate />
      </item>
      <item>
        <bioguideId>H001082</bioguideId>
        <fullName>Rep. Hern, Kevin [R-OK-1]</fullName>
        <firstName>Kevin</firstName>
        <middleName />
        <lastName>Hern</lastName>
        <party>R</party>
        <state>OK</state>
        <identifiers>
          <lisID>2372</lisID>
          <bioguideId>H001082</bioguideId>
          <gpoId />
        </identifiers>
        <district>1</district>
        <sponsorshipDate>2019-01-16</sponsorshipDate>
        <isOriginalCosponsor>False</isOriginalCosponsor>
        <sponsorshipWithdrawnDate />
      </item>
      <item>
        <bioguideId>W000824</bioguideId>
        <fullName>Rep. Watkins, Steve [R-KS-2]</fullName>
        <firstName>Steven</firstName>
        <middleName>C.</middleName>
        <lastName>Watkins</lastName>
        <party>R</party>
        <state>KS</state>
        <identifiers>
          <lisID>2402</lisID>
          <bioguideId>W000824</bioguideId>
          <gpoId />
        </identifiers>
        <district>2</district>
        <sponsorshipDate>2019-01-16</sponsorshipDate>
        <isOriginalCosponsor>False</isOriginalCosponsor>
        <sponsorshipWithdrawnDate />
      </item>
      <item>
        <bioguideId>M001198</bioguideId>
        <fullName>Rep. Marshall, Roger W. [R-KS-1]</fullName>
        <firstName>Roger</firstName>
        <middleName>W.</middleName>
        <lastName>Marshall</lastName>
        <party>R</party>
        <state>KS</state>
        <identifiers>
          <lisID>2328</lisID>
          <bioguideId>M001198</bioguideId>
          <gpoId />
        </identifiers>
        <district>1</district>
        <sponsorshipDate>2019-01-16</sponsorshipDate>
        <isOriginalCosponsor>False</isOriginalCosponsor>
        <sponsorshipWithdrawnDate />
      </item>
      <item>
        <bioguideId>J000299</bioguideId>
        <fullName>Rep. Johnson, Mike [R-LA-4]</fullName>
        <firstName>Mike</firstName>
        <middleName />
        <lastName>Johnson</lastName>
        <party>R</party>
        <state>LA</state>
        <identifiers>
          <lisID>2330</lisID>
          <bioguideId>J000299</bioguideId>
          <gpoId />
        </identifiers>
        <district>4</district>
        <sponsorshipDate>2019-01-16</sponsorshipDate>
        <isOriginalCosponsor>False</isOriginalCosponsor>
        <sponsorshipWithdrawnDate />
      </item>
      <item>
        <bioguideId>J000302</bioguideId>
        <fullName>Rep. Joyce, John [R-PA-13]</fullName>
        <firstName>John</firstName>
        <middleName />
        <lastName>Joyce</lastName>
        <party>R</party>
        <state>PA</state>
        <identifiers>
          <lisID>2435</lisID>
          <bioguideId>J000302</bioguideId>
          <gpoId />
        </identifiers>
        <district>13</district>
        <sponsorshipDate>2019-01-16</sponsorshipDate>
        <isOriginalCosponsor>False</isOriginalCosponsor>
        <sponsorshipWithdrawnDate />
      </item>
      <item>
        <bioguideId>W000827</bioguideId>
        <fullName>Rep. Wright, Ron [R-TX-6]</fullName>
        <firstName>Ron</firstName>
        <middleName />
        <lastName>Wright</lastName>
        <party>R</party>
        <state>TX</state>
        <identifiers>
          <lisID>2446</lisID>
          <bioguideId>W000827</bioguideId>
          <gpoId />
        </identifiers>
        <district>6</district>
        <sponsorshipDate>2019-01-16</sponsorshipDate>
        <isOriginalCosponsor>False</isOriginalCosponsor>
        <sponsorshipWithdrawnDate />
      </item>
      <item>
        <bioguideId>C001062</bioguideId>
        <fullName>Rep. Conaway, K. Michael [R-TX-11]</fullName>
        <firstName>K.</firstName>
        <middleName>Michael</middleName>
        <lastName>Conaway</lastName>
        <party>R</party>
        <state>TX</state>
        <identifiers>
          <lisID>1805</lisID>
          <bioguideId>C001062</bioguideId>
          <gpoId>8167</gpoId>
        </identifiers>
        <district>11</district>
        <sponsorshipDate>2019-01-16</sponsorshipDate>
        <isOriginalCosponsor>False</isOriginalCosponsor>
        <sponsorshipWithdrawnDate />
      </item>
      <item>
        <bioguideId>W000816</bioguideId>
        <fullName>Rep. Williams, Roger [R-TX-25]</fullName>
        <firstName>Roger</firstName>
        <middleName />
        <lastName>Williams</lastName>
        <party>R</party>
        <state>TX</state>
        <identifiers>
          <lisID>2165</lisID>
          <bioguideId>W000816</bioguideId>
          <gpoId />
        </identifiers>
        <district>25</district>
        <sponsorshipDate>2019-01-16</sponsorshipDate>
        <isOriginalCosponsor>False</isOriginalCosponsor>
        <sponsorshipWithdrawnDate />
      </item>
      <item>
        <bioguideId>T000467</bioguideId>
        <fullName>Rep. Thompson, Glenn [R-PA-15]</fullName>
        <firstName>Glenn</firstName>
        <middleName />
        <lastName>Thompson</lastName>
        <party>R</party>
        <state>PA</state>
        <identifiers>
          <lisID>1952</lisID>
          <bioguideId>T000467</bioguideId>
          <gpoId>8123</gpoId>
        </identifiers>
        <district>15</district>
        <sponsorshipDate>2019-01-16</sponsorshipDate>
        <isOriginalCosponsor>False</isOriginalCosponsor>
        <sponsorshipWithdrawnDate />
      </item>
      <item>
        <bioguideId>H001052</bioguideId>
        <fullName>Rep. Harris, Andy [R-MD-1]</fullName>
        <firstName>Andy</firstName>
        <middleName />
        <lastName>Harris</lastName>
        <party>R</party>
        <state>MD</state>
        <identifiers>
          <lisID>2026</lisID>
          <bioguideId>H001052</bioguideId>
          <gpoId>7976</gpoId>
        </identifiers>
        <district>1</district>
        <sponsorshipDate>2019-01-17</sponsorshipDate>
        <isOriginalCosponsor>False</isOriginalCosponsor>
        <sponsorshipWithdrawnDate />
      </item>
      <item>
        <bioguideId>J000289</bioguideId>
        <fullName>Rep. Jordan, Jim [R-OH-4]</fullName>
        <firstName>Jim</firstName>
        <middleName />
        <lastName>Jordan</lastName>
        <party>R</party>
        <state>OH</state>
        <identifiers>
          <lisID>1868</lisID>
          <bioguideId>J000289</bioguideId>
          <gpoId>8094</gpoId>
        </identifiers>
        <district>4</district>
        <sponsorshipDate>2019-01-17</sponsorshipDate>
        <isOriginalCosponsor>False</isOriginalCosponsor>
        <sponsorshipWithdrawnDate />
      </item>
      <item>
        <bioguideId>K000392</bioguideId>
        <fullName>Rep. Kustoff, David [R-TN-8]</fullName>
        <firstName>David</firstName>
        <middleName />
        <lastName>Kustoff</lastName>
        <party>R</party>
        <state>TN</state>
        <identifiers>
          <lisID>2348</lisID>
          <bioguideId>K000392</bioguideId>
          <gpoId />
        </identifiers>
        <district>8</district>
        <sponsorshipDate>2019-01-28</sponsorshipDate>
        <isOriginalCosponsor>False</isOriginalCosponsor>
        <sponsorshipWithdrawnDate />
      </item>
      <item>
        <bioguideId>C001115</bioguideId>
        <fullName>Rep. Cloud, Michael [R-TX-27]</fullName>
        <firstName>Michael</firstName>
        <middleName />
        <lastName>Cloud</lastName>
        <party>R</party>
        <state>TX</state>
        <identifiers>
          <lisID>2369</lisID>
          <bioguideId>C001115</bioguideId>
          <gpoId />
        </identifiers>
        <district>27</district>
        <sponsorshipDate>2019-01-28</sponsorshipDate>
        <isOriginalCosponsor>False</isOriginalCosponsor>
        <sponsorshipWithdrawnDate />
      </item>
      <item>
        <bioguideId>B001299</bioguideId>
        <fullName>Rep. Banks, Jim [R-IN-3]</fullName>
        <firstName>Jim</firstName>
        <middleName />
        <lastName>Banks</lastName>
        <party>R</party>
        <state>IN</state>
        <identifiers>
          <lisID>2326</lisID>
          <bioguideId>B001299</bioguideId>
          <gpoId />
        </identifiers>
        <district>3</district>
        <sponsorshipDate>2019-01-28</sponsorshipDate>
        <isOriginalCosponsor>False</isOriginalCosponsor>
        <sponsorshipWithdrawnDate />
      </item>
      <item>
        <bioguideId>W000823</bioguideId>
        <fullName>Rep. Waltz, Michael [R-FL-6]</fullName>
        <firstName>Michael</firstName>
        <middleName />
        <lastName>Waltz</lastName>
        <party>R</party>
        <state>FL</state>
        <identifiers>
          <lisID>2387</lisID>
          <bioguideId>W000823</bioguideId>
          <gpoId />
        </identifiers>
        <district>6</district>
        <sponsorshipDate>2019-01-30</sponsorshipDate>
        <isOriginalCosponsor>False</isOriginalCosponsor>
        <sponsorshipWithdrawnDate />
      </item>
      <item>
        <bioguideId>J000292</bioguideId>
        <fullName>Rep. Johnson, Bill [R-OH-6]</fullName>
        <firstName>Bill</firstName>
        <middleName />
        <lastName>Johnson</lastName>
        <party>R</party>
        <state>OH</state>
        <identifiers>
          <lisID>2046</lisID>
          <bioguideId>J000292</bioguideId>
          <gpoId>8096</gpoId>
        </identifiers>
        <district>6</district>
        <sponsorshipDate>2019-02-07</sponsorshipDate>
        <isOriginalCosponsor>False</isOriginalCosponsor>
        <sponsorshipWithdrawnDate />
      </item>
      <item>
        <bioguideId>B001297</bioguideId>
        <fullName>Rep. Buck, Ken [R-CO-4]</fullName>
        <firstName>Ken</firstName>
        <middleName />
        <lastName>Buck</lastName>
        <party>R</party>
        <state>CO</state>
        <identifiers>
          <lisID>2233</lisID>
          <bioguideId>B001297</bioguideId>
          <gpoId />
        </identifiers>
        <district>4</district>
        <sponsorshipDate>2019-02-07</sponsorshipDate>
        <isOriginalCosponsor>False</isOriginalCosponsor>
        <sponsorshipWithdrawnDate />
      </item>
      <item>
        <bioguideId>B001282</bioguideId>
        <fullName>Rep. Barr, Andy [R-KY-6]</fullName>
        <firstName>Andy</firstName>
        <middleName />
        <lastName>Barr</lastName>
        <party>R</party>
        <state>KY</state>
        <identifiers>
          <lisID>2131</lisID>
          <bioguideId>B001282</bioguideId>
          <gpoId />
        </identifiers>
        <district>6</district>
        <sponsorshipDate>2019-02-07</sponsorshipDate>
        <isOriginalCosponsor>False</isOriginalCosponsor>
        <sponsorshipWithdrawnDate />
      </item>
      <item>
        <bioguideId>F000461</bioguideId>
        <fullName>Rep. Flores, Bill [R-TX-17]</fullName>
        <firstName>Bill</firstName>
        <middleName />
        <lastName>Flores</lastName>
        <party>R</party>
        <state>TX</state>
        <identifiers>
          <lisID>2065</lisID>
          <bioguideId>F000461</bioguideId>
          <gpoId>8173</gpoId>
        </identifiers>
        <district>17</district>
        <sponsorshipDate>2019-02-11</sponsorshipDate>
        <isOriginalCosponsor>False</isOriginalCosponsor>
        <sponsorshipWithdrawnDate />
      </item>
      <item>
        <bioguideId>W000795</bioguideId>
        <fullName>Rep. Wilson, Joe [R-SC-2]</fullName>
        <firstName>Joe</firstName>
        <middleName />
        <lastName>Wilson</lastName>
        <party>R</party>
        <state>SC</state>
        <identifiers>
          <lisID>1688</lisID>
          <bioguideId>W000795</bioguideId>
          <gpoId>8142</gpoId>
        </identifiers>
        <district>2</district>
        <sponsorshipDate>2019-02-13</sponsorshipDate>
        <isOriginalCosponsor>False</isOriginalCosponsor>
        <sponsorshipWithdrawnDate />
      </item>
      <item>
        <bioguideId>R000607</bioguideId>
        <fullName>Rep. Rooney, Francis [R-FL-19]</fullName>
        <firstName>Francis</firstName>
        <middleName />
        <lastName>Rooney</lastName>
        <party>R</party>
        <state>FL</state>
        <identifiers>
          <lisID>2323</lisID>
          <bioguideId>R000607</bioguideId>
          <gpoId />
        </identifiers>
        <district>19</district>
        <sponsorshipDate>2019-02-13</sponsorshipDate>
        <isOriginalCosponsor>False</isOriginalCosponsor>
        <sponsorshipWithdrawnDate />
      </item>
      <item>
        <bioguideId>M001158</bioguideId>
        <fullName>Rep. Marchant, Kenny [R-TX-24]</fullName>
        <firstName>Kenny</firstName>
        <middleName />
        <lastName>Marchant</lastName>
        <party>R</party>
        <state>TX</state>
        <identifiers>
          <lisID>1806</lisID>
          <bioguideId>M001158</bioguideId>
          <gpoId>8766</gpoId>
        </identifiers>
        <district>24</district>
        <sponsorshipDate>2019-02-13</sponsorshipDate>
        <isOriginalCosponsor>False</isOriginalCosponsor>
        <sponsorshipWithdrawnDate />
      </item>
      <item>
        <bioguideId>H001058</bioguideId>
        <fullName>Rep. Huizenga, Bill [R-MI-2]</fullName>
        <firstName>Bill</firstName>
        <middleName />
        <lastName>Huizenga</lastName>
        <party>R</party>
        <state>MI</state>
        <identifiers>
          <lisID>2028</lisID>
          <bioguideId>H001058</bioguideId>
          <gpoId>7987</gpoId>
        </identifiers>
        <district>2</district>
        <sponsorshipDate>2019-02-13</sponsorshipDate>
        <isOriginalCosponsor>False</isOriginalCosponsor>
        <sponsorshipWithdrawnDate />
      </item>
      <item>
        <bioguideId>P000605</bioguideId>
        <fullName>Rep. Perry, Scott [R-PA-10]</fullName>
        <firstName>Scott</firstName>
        <middleName />
        <lastName>Perry</lastName>
        <party>R</party>
        <state>PA</state>
        <identifiers>
          <lisID>2157</lisID>
          <bioguideId>P000605</bioguideId>
          <gpoId />
        </identifiers>
        <district>10</district>
        <sponsorshipDate>2019-02-26</sponsorshipDate>
        <isOriginalCosponsor>False</isOriginalCosponsor>
        <sponsorshipWithdrawnDate />
      </item>
      <item>
        <bioguideId>W000819</bioguideId>
        <fullName>Rep. Walker, Mark [R-NC-6]</fullName>
        <firstName>Mark</firstName>
        <middleName />
        <lastName>Walker</lastName>
        <party>R</party>
        <state>NC</state>
        <identifiers>
          <lisID>2255</lisID>
          <bioguideId>W000819</bioguideId>
          <gpoId />
        </identifiers>
        <district>6</district>
        <sponsorshipDate>2019-03-07</sponsorshipDate>
        <isOriginalCosponsor>False</isOriginalCosponsor>
        <sponsorshipWithdrawnDate />
      </item>
      <item>
        <bioguideId>B001305</bioguideId>
        <fullName>Rep. Budd, Ted [R-NC-13]</fullName>
        <firstName>Ted</firstName>
        <middleName />
        <lastName>Budd</lastName>
        <party>R</party>
        <state>NC</state>
        <identifiers>
          <lisID>2336</lisID>
          <bioguideId>B001305</bioguideId>
          <gpoId />
        </identifiers>
        <district>13</district>
        <sponsorshipDate>2019-04-29</sponsorshipDate>
        <isOriginalCosponsor>False</isOriginalCosponsor>
        <sponsorshipWithdrawnDate />
      </item>
      <item>
        <bioguideId>A000374</bioguideId>
        <fullName>Rep. Abraham, Ralph Lee [R-LA-5]</fullName>
        <firstName>Ralph</firstName>
        <middleName>Lee</middleName>
        <lastName>Abraham</lastName>
        <party>R</party>
        <state>LA</state>
        <identifiers>
          <lisID>2244</lisID>
          <bioguideId>A000374</bioguideId>
          <gpoId />
        </identifiers>
        <district>5</district>
        <sponsorshipDate>2020-01-10</sponsorshipDate>
        <isOriginalCosponsor>False</isOriginalCosponsor>
        <sponsorshipWithdrawnDate />
      </item>
      <item>
        <bioguideId>G000589</bioguideId>
        <fullName>Rep. Gooden, Lance [R-TX-5]</fullName>
        <firstName>Lance</firstName>
        <middleName />
        <lastName>Gooden</lastName>
        <party>R</party>
        <state>TX</state>
        <identifiers>
          <lisID>2445</lisID>
          <bioguideId>G000589</bioguideId>
          <gpoId />
        </identifiers>
        <district>5</district>
        <sponsorshipDate>2020-01-10</sponsorshipDate>
        <isOriginalCosponsor>False</isOriginalCosponsor>
        <sponsorshipWithdrawnDate />
      </item>
      <item>
        <bioguideId>A000055</bioguideId>
        <fullName>Rep. Aderholt, Robert B. [R-AL-4]</fullName>
        <firstName>ROBERT</firstName>
        <middleName>B.</middleName>
        <lastName>ADERHOLT</lastName>
        <party>R</party>
        <state>AL</state>
        <identifiers>
          <lisID>1460</lisID>
          <bioguideId>A000055</bioguideId>
          <gpoId>7789</gpoId>
        </identifiers>
        <district>4</district>
        <sponsorshipDate>2020-01-10</sponsorshipDate>
        <isOriginalCosponsor>False</isOriginalCosponsor>
        <sponsorshipWithdrawnDate />
      </item>
      <item>
        <bioguideId>M001190</bioguideId>
        <fullName>Rep. Mullin, Markwayne [R-OK-2]</fullName>
        <firstName>Markwayne</firstName>
        <middleName />
        <lastName>Mullin</lastName>
        <party>R</party>
        <state>OK</state>
        <identifiers>
          <lisID>2156</lisID>
          <bioguideId>M001190</bioguideId>
          <gpoId />
        </identifiers>
        <district>2</district>
        <sponsorshipDate>2020-01-10</sponsorshipDate>
        <isOriginalCosponsor>False</isOriginalCosponsor>
        <sponsorshipWithdrawnDate />
      </item>
      <item>
        <bioguideId>S001214</bioguideId>
        <fullName>Rep. Steube, W. Gregory [R-FL-17]</fullName>
        <firstName>W.</firstName>
        <middleName>Gregory</middleName>
        <lastName>Steube</lastName>
        <party>R</party>
        <state>FL</state>
        <identifiers>
          <lisID>2389</lisID>
          <bioguideId>S001214</bioguideId>
          <gpoId />
        </identifiers>
        <district>17</district>
        <sponsorshipDate>2020-01-10</sponsorshipDate>
        <isOriginalCosponsor>False</isOriginalCosponsor>
        <sponsorshipWithdrawnDate />
      </item>
      <item>
        <bioguideId>K000395</bioguideId>
        <fullName>Rep. Keller, Fred [R-PA-12]</fullName>
        <firstName>Fred</firstName>
        <middleName />
        <lastName>Keller</lastName>
        <party>R</party>
        <state>PA</state>
        <identifiers>
          <lisID>2471</lisID>
          <bioguideId>K000395</bioguideId>
          <gpoId />
        </identifiers>
        <district>12</district>
        <sponsorshipDate>2020-01-15</sponsorshipDate>
        <isOriginalCosponsor>False</isOriginalCosponsor>
        <sponsorshipWithdrawnDate />
      </item>
      <item>
        <bioguideId>S000364</bioguideId>
        <fullName>Rep. Shimkus, John [R-IL-15]</fullName>
        <firstName>JOHN</firstName>
        <middleName>M.</middleName>
        <lastName>SHIMKUS</lastName>
        <party>R</party>
        <state>IL</state>
        <identifiers>
          <lisID>1527</lisID>
          <bioguideId>S000364</bioguideId>
          <gpoId>7939</gpoId>
        </identifiers>
        <district>15</district>
        <sponsorshipDate>2020-01-16</sponsorshipDate>
        <isOriginalCosponsor>False</isOriginalCosponsor>
        <sponsorshipWithdrawnDate />
      </item>
      <item>
        <bioguideId>R000610</bioguideId>
        <fullName>Rep. Reschenthaler, Guy [R-PA-14]</fullName>
        <firstName>Guy</firstName>
        <middleName />
        <lastName>Reschenthaler</lastName>
        <party>R</party>
        <state>PA</state>
        <identifiers>
          <lisID>2436</lisID>
          <bioguideId>R000610</bioguideId>
          <gpoId />
        </identifiers>
        <district>14</district>
        <sponsorshipDate>2020-01-16</sponsorshipDate>
        <isOriginalCosponsor>False</isOriginalCosponsor>
        <sponsorshipWithdrawnDate />
      </item>
      <item>
        <bioguideId>B001275</bioguideId>
        <fullName>Rep. Bucshon, Larry [R-IN-8]</fullName>
        <firstName>Larry</firstName>
        <middleName />
        <lastName>Bucshon</lastName>
        <party>R</party>
        <state>IN</state>
        <identifiers>
          <lisID>2018</lisID>
          <bioguideId>B001275</bioguideId>
          <gpoId>7947</gpoId>
        </identifiers>
        <district>8</district>
        <sponsorshipDate>2020-02-04</sponsorshipDate>
        <isOriginalCosponsor>False</isOriginalCosponsor>
        <sponsorshipWithdrawnDate />
      </item>
      <item>
        <bioguideId>R000603</bioguideId>
        <fullName>Rep. Rouzer, David [R-NC-7]</fullName>
        <firstName>David</firstName>
        <middleName />
        <lastName>Rouzer</lastName>
        <party>R</party>
        <state>NC</state>
        <identifiers>
          <lisID>2256</lisID>
          <bioguideId>R000603</bioguideId>
          <gpoId />
        </identifiers>
        <district>7</district>
        <sponsorshipDate>2020-02-12</sponsorshipDate>
        <isOriginalCosponsor>False</isOriginalCosponsor>
        <sponsorshipWithdrawnDate />
      </item>
    </cosponsors>
    <cboCostEstimates />
    <laws />
    <notes />
    <policyArea>
      <name>Taxation</name>
    </policyArea>
    <subjects>
      <billSubjects>
        <legislativeSubjects>
          <item>
            <name>Abortion</name>
          </item>
          <item>
            <name>Government information and archives</name>
          </item>
          <item>
            <name>Health facilities and institutions</name>
          </item>
          <item>
            <name>Income tax credits</name>
          </item>
          <item>
            <name>Securities</name>
          </item>
          <item>
            <name>State and local finance</name>
          </item>
        </legislativeSubjects>
        <policyArea>
          <name>Taxation</name>
        </policyArea>
      </billSubjects>
    </subjects>
    <summaries>
      <billSummaries>
        <item>
          <versionCode>00</versionCode>
          <actionDate>2019-01-03</actionDate>
          <actionDesc>Introduced in House</actionDesc>
          <lastSummaryUpdateDate>2019-01-28T19:55:53Z</lastSummaryUpdateDate>
          <text><![CDATA[<p><b>No Abortion Bonds Act </b></p> <p>This bill imposes taxes on state and local bonds that are used to provide a facility owned or used (for any purpose) by an abortion provider for more than 30 days during a year in which interest is paid on the bond. </p> <p>An entity is not considered an abortion provider solely as a result of performing abortions if (1) the pregnancy is the result of an act of rape or incest; or (2) a woman suffers from a physical disorder, physical injury, or physical illness that would, as certified by a physician, place the woman in danger of death unless an abortion is performed, including a life-endangering physical condition caused by or arising from the pregnancy itself. </p> <p>The Department of the Treasury may exempt certain hospitals from being considered an abortion provider by making the name of the hospital available on Treasury's public website. </p>]]></text>
          <updateDate>2019-01-03T05:00:00Z</updateDate>
          <name>Introduced in House</name>
        </item>
      </billSummaries>
    </summaries>
    <title>No Abortion Bonds Act</title>
    <titles>
      <item>
        <titleType>Short Title(s) as Introduced</titleType>
        <parentTitleType>Short Title</parentTitleType>
        <title>No Abortion Bonds Act</title>
        <chamberCode />
        <chamberName />
      </item>
      <item>
        <titleType>Official Title as Introduced</titleType>
        <parentTitleType />
        <title>To amend the Internal Revenue Code of 1986 to impose Federal taxes on bonds used to provide facilities owned by abortion providers.</title>
        <chamberCode />
        <chamberName />
      </item>
      <item>
        <titleType>Display Title</titleType>
        <parentTitleType />
        <title>No Abortion Bonds Act</title>
        <chamberCode />
        <chamberName />
      </item>
    </titles>
    <amendments />
    <textVersions>
      <item>
        <type>Introduced in House</type>
        <date>2019-01-03T05:00:00Z</date>
        <formats>
          <item>
            <url>https://www.govinfo.gov/content/pkg/BILLS-116hr219ih/xml/BILLS-116hr219ih.xml</url>
          </item>
        </formats>
      </item>
    </textVersions>
    <latestAction>
      <actionDate>2019-01-03</actionDate>
      <text>Referred to the House Committee on Ways and Means.</text>
      <links />
    </latestAction>
    <calendarNumbers />
    <version>1.0.0</version>
  </bill>
  <dublinCore xmlns:dc="http://purl.org/dc/elements/1.1/">
    <dc:format>text/xml</dc:format>
    <dc:language>EN</dc:language>
    <dc:rights>Pursuant to Title 17 Section 105 of the United States Code, this file is not subject to copyright protection and is in the public domain.</dc:rights>
    <dc:contributor>Congressional Research Service, Library of Congress</dc:contributor>
    <dc:description>This file contains bill summaries and statuses for federal legislation. A bill summary describes the most significant provisions of a piece of legislation and details the effects the legislative text may have on current law and federal programs. Bill summaries are authored by the Congressional Research Service (CRS) of the Library of Congress. As stated in Public Law 91-510 (2 USC 166 (d)(6)), one of the duties of CRS is "to prepare summaries and digests of bills and resolutions of a public general nature introduced in the Senate or House of Representatives". For more information, refer to the User Guide that accompanies this file.</dc:description>
  </dublinCore>
</billStatus>

