<?xml version="1.0" encoding="UTF-8"?>
<billStatus>
  <bill>
    <billNumber>2745</billNumber>
    <createDate>2019-05-16T07:12:18Z</createDate>
    <updateDate>2021-08-18T07:36:49Z</updateDate>
    <originChamber>House</originChamber>
    <billType>HR</billType>
    <introducedDate>2019-05-15</introducedDate>
    <congress>116</congress>
    <constitutionalAuthorityStatementText />
    <recordedVotes />
    <committees>
      <billCommittees>
        <item>
          <systemCode>hsap00</systemCode>
          <name>Appropriations Committee</name>
          <chamber>House</chamber>
          <type>Standing</type>
          <subcommittees />
          <activities>
            <item>
              <name>Reported original measure</name>
              <date>2019-05-15T20:20:25Z</date>
            </item>
          </activities>
        </item>
      </billCommittees>
    </committees>
    <committeeReports>
      <committeeReport>
        <citation>H. Rept. 116-63</citation>
      </committeeReport>
    </committeeReports>
    <relatedBills>
      <item>
        <latestTitle>Further Consolidated Appropriations Act, 2020</latestTitle>
        <congress>116</congress>
        <number>1865</number>
        <type>HR</type>
        <latestAction>
          <actionDate>2019-12-20</actionDate>
          <text>Became Public Law No: 116-94.</text>
        </latestAction>
        <relationshipDetails>
          <item>
            <type>Related bill</type>
            <identifiedBy>CRS</identifiedBy>
          </item>
          <item>
            <type>Related bill</type>
            <identifiedBy>House</identifiedBy>
          </item>
        </relationshipDetails>
      </item>
      <item>
        <latestTitle>To improve the leasing projects of the Department of Veterans Affairs, and for other purposes.</latestTitle>
        <congress>116</congress>
        <number>3277</number>
        <type>HR</type>
        <latestAction>
          <actionDate>2019-07-16</actionDate>
          <text>Referred to the Subcommittee on Health.</text>
        </latestAction>
        <relationshipDetails>
          <item>
            <type>Related bill</type>
            <identifiedBy>CRS</identifiedBy>
          </item>
        </relationshipDetails>
      </item>
      <item>
        <latestTitle>Further Continuing Appropriations Act, 2020, and Further Health Extenders Act of 2019</latestTitle>
        <congress>116</congress>
        <number>3055</number>
        <type>HR</type>
        <latestAction>
          <actionDate>2019-11-21</actionDate>
          <text>Became Public Law No: 116-69.</text>
        </latestAction>
        <relationshipDetails>
          <item>
            <type>Related bill</type>
            <identifiedBy>CRS</identifiedBy>
          </item>
          <item>
            <type>Related bill</type>
            <identifiedBy>House</identifiedBy>
          </item>
        </relationshipDetails>
      </item>
    </relatedBills>
    <actions>
      <item>
        <actionDate>2019-05-15</actionDate>
        <links />
        <text>Placed on the Union Calendar, Calendar No. 40.</text>
        <type>Calendars</type>
        <actionCode>H12410</actionCode>
        <sourceSystem>
          <code>2</code>
          <name>House floor actions</name>
        </sourceSystem>
        <committees />
      </item>
      <item>
        <actionDate>2019-05-15</actionDate>
        <links />
        <text>The House Committee on Appropriations reported an original measure, H. Rept. 116-63, by Ms. Wasserman Schultz.</text>
        <type>Committee</type>
        <actionCode>H12100</actionCode>
        <sourceSystem>
          <code>2</code>
          <name>House floor actions</name>
        </sourceSystem>
        <committees>
          <item>
            <systemCode>hsap00</systemCode>
            <name>Appropriations Committee</name>
          </item>
        </committees>
      </item>
      <item>
        <actionDate>2019-05-15</actionDate>
        <links />
        <text>The House Committee on Appropriations reported an original measure, H. Rept. 116-63, by Ms. Wasserman Schultz.</text>
        <type>Committee</type>
        <actionCode>5000</actionCode>
        <sourceSystem>
          <code>9</code>
          <name>Library of Congress</name>
        </sourceSystem>
        <committees>
          <item>
            <systemCode>hsap00</systemCode>
            <name>Appropriations Committee</name>
          </item>
        </committees>
      </item>
      <item>
        <actionDate>2019-05-15</actionDate>
        <links />
        <text>Introduced in House</text>
        <type>IntroReferral</type>
        <actionCode>1000</actionCode>
        <sourceSystem>
          <code>9</code>
          <name>Library of Congress</name>
        </sourceSystem>
        <committees />
      </item>
      <actionTypeCounts>
        <unionCalendarAssignment>1</unionCalendarAssignment>
        <committeeReportOfAnOriginalMeasure>1</committeeReportOfAnOriginalMeasure>
        <reportedToHouse>1</reportedToHouse>
        <introducedInHouse>1</introducedInHouse>
      </actionTypeCounts>
      <actionByCounts>
        <houseOfRepresentatives>4</houseOfRepresentatives>
      </actionByCounts>
    </actions>
    <sponsors>
      <item>
        <bioguideId>W000797</bioguideId>
        <fullName>Rep. Wasserman Schultz, Debbie [D-FL-23]</fullName>
        <firstName>Debbie</firstName>
        <middleName />
        <lastName>Wasserman Schultz</lastName>
        <party>D</party>
        <state>FL</state>
        <identifiers>
          <lisID>1777</lisID>
          <bioguideId>W000797</bioguideId>
          <gpoId>7892</gpoId>
        </identifiers>
        <district>23</district>
        <byRequestType />
      </item>
    </sponsors>
    <cosponsors />
    <cboCostEstimates />
    <laws />
    <notes />
    <policyArea>
      <name>Armed Forces and National Security</name>
    </policyArea>
    <subjects>
      <billSubjects>
        <legislativeSubjects>
          <item>
            <name>Administrative remedies</name>
          </item>
          <item>
            <name>Adoption and foster care</name>
          </item>
          <item>
            <name>Alliances</name>
          </item>
          <item>
            <name>American Battle Monuments Commission</name>
          </item>
          <item>
            <name>Appropriations</name>
          </item>
          <item>
            <name>Armed Forces Retirement Home</name>
          </item>
          <item>
            <name>Building construction</name>
          </item>
          <item>
            <name>Cell biology and embryology</name>
          </item>
          <item>
            <name>Cemeteries and funerals</name>
          </item>
          <item>
            <name>Child care and development</name>
          </item>
          <item>
            <name>Congressional oversight</name>
          </item>
          <item>
            <name>Crimes against children</name>
          </item>
          <item>
            <name>Defense spending</name>
          </item>
          <item>
            <name>Department of Defense</name>
          </item>
          <item>
            <name>Department of Veterans Affairs</name>
          </item>
          <item>
            <name>Disaster relief and insurance</name>
          </item>
          <item>
            <name>Domestic violence and child abuse</name>
          </item>
          <item>
            <name>Europe</name>
          </item>
          <item>
            <name>Executive agency funding and structure</name>
          </item>
          <item>
            <name>Federal appellate courts</name>
          </item>
          <item>
            <name>Firearms and explosives</name>
          </item>
          <item>
            <name>Government information and archives</name>
          </item>
          <item>
            <name>Government trust funds</name>
          </item>
          <item>
            <name>Health care coverage and access</name>
          </item>
          <item>
            <name>Health facilities and institutions</name>
          </item>
          <item>
            <name>Health information and medical records</name>
          </item>
          <item>
            <name>Historic sites and heritage areas</name>
          </item>
          <item>
            <name>Long-term, rehabilitative, and terminal care</name>
          </item>
          <item>
            <name>Military facilities and property</name>
          </item>
          <item>
            <name>Military operations and strategy</name>
          </item>
          <item>
            <name>Military personnel and dependents</name>
          </item>
          <item>
            <name>National Guard and reserves</name>
          </item>
          <item>
            <name>Natural disasters</name>
          </item>
          <item>
            <name>Rural conditions and development</name>
          </item>
          <item>
            <name>Sex and reproductive health</name>
          </item>
          <item>
            <name>Sex offenses</name>
          </item>
          <item>
            <name>Specialized courts</name>
          </item>
          <item>
            <name>Terrorism</name>
          </item>
          <item>
            <name>Veterans' loans, housing, homeless programs</name>
          </item>
          <item>
            <name>Veterans' medical care</name>
          </item>
          <item>
            <name>Veterans' organizations and recognition</name>
          </item>
          <item>
            <name>Veterans' pensions and compensation</name>
          </item>
          <item>
            <name>Violent crime</name>
          </item>
        </legislativeSubjects>
        <policyArea>
          <name>Armed Forces and National Security</name>
        </policyArea>
      </billSubjects>
    </subjects>
    <summaries>
      <billSummaries>
        <item>
          <versionCode>00</versionCode>
          <actionDate>2019-05-15</actionDate>
          <actionDesc>Introduced in House</actionDesc>
          <lastSummaryUpdateDate>2021-08-09T11:31:21Z</lastSummaryUpdateDate>
          <text><![CDATA[<p><b>Military Construction, Veterans Affairs, and Related Agencies Appropriations Act, 2020</b></p> <p>This bill provides FY2020 appropriations for military construction, the Department of Veterans Affairs (VA), and related agencies. </p> <p>The bill provides appropriations to the Department of Defense (DOD) for military construction for</p> <ul> <li>the Army; </li> <li>the Navy and Marine Corps; </li> <li>the Air Force; </li> <li>Defense-wide agencies and activities; </li> <li>the Army and Air National Guard; and </li> <li>the Army, Navy, and Air Force Reserves. </li> </ul> <p>The bill also provides appropriations to DOD for</p> <ul> <li> the North Atlantic Treaty Organization (NATO) Security Investment Program; </li> <li>the Base Closure Account;</li> <li>Construction and Operation and Maintenance of Family Housing for the Army, the Navy and Marine Corps, the Air Force, and Defense-wide agencies and activities;</li> <li> the Family Housing Improvement Fund; and </li> <li>the Military Unaccompanied Housing Improvement Fund. </li> </ul> <p>The bill provides appropriations to the VA for</p> <ul> <li>the Veterans Benefits Administration, </li> <li>the Veterans Health Administration, </li> <li>the National Cemetery Administration, and </li> <li>Departmental Administration. </li> </ul> <p>The bill provides appropriations for related agencies and programs, including</p> <ul> <li>the American Battle Monuments Commission, </li> <li>the U.S. Court of Appeals for Veterans Claims, </li> <li>Cemeterial Expenses of the Army, and </li> <li>the Armed Forces Retirement Home. </li> </ul> <p>The bill provides appropriations to specified DOD military construction accounts for (1) Overseas Contingency Operations, and (2) Natural Disaster Relief. </p> <p>The bill also sets forth requirements and restrictions for using funds provided by this and other appropriations Acts. </p>]]></text>
          <updateDate>2019-05-15T04:00:00Z</updateDate>
          <name>Introduced in House</name>
        </item>
        <item>
          <versionCode>07</versionCode>
          <actionDate>2019-05-15</actionDate>
          <actionDesc>Reported to House</actionDesc>
          <lastSummaryUpdateDate>2021-08-09T11:33:40Z</lastSummaryUpdateDate>
          <text><![CDATA[<p><b>Military Construction, Veterans Affairs, and Related Agencies Appropriations Act, 2020</b></p> <p>This bill provides FY2020 appropriations for military construction, the Department of Veterans Affairs (VA), and related agencies. </p> <p>The bill provides appropriations to the Department of Defense (DOD) for military construction for</p> <ul> <li>the Army; </li> <li>the Navy and Marine Corps; </li> <li>the Air Force; </li> <li>Defense-wide agencies and activities; </li> <li>the Army and Air National Guard; and </li> <li>the Army, Navy, and Air Force Reserves. </li> </ul> <p>The bill also provides appropriations to DOD for</p> <ul> <li> the North Atlantic Treaty Organization (NATO) Security Investment Program; </li> <li>the Base Closure Account;</li> <li>Construction and Operation and Maintenance of Family Housing for the Army, the Navy and Marine Corps, the Air Force, and Defense-wide agencies and activities;</li> <li> the Family Housing Improvement Fund; and </li> <li>the Military Unaccompanied Housing Improvement Fund. </li> </ul> <p>The bill provides appropriations to the VA for</p> <ul> <li>the Veterans Benefits Administration, </li> <li>the Veterans Health Administration, </li> <li>the National Cemetery Administration, and </li> <li>Departmental Administration. </li> </ul> <p>The bill provides appropriations for related agencies and programs, including</p> <ul> <li>the American Battle Monuments Commission, </li> <li>the U.S. Court of Appeals for Veterans Claims, </li> <li>Cemeterial Expenses of the Army, and </li> <li>the Armed Forces Retirement Home. </li> </ul> <p>The bill provides appropriations to specified DOD military construction accounts for (1) Overseas Contingency Operations, and (2) Natural Disaster Relief. </p> <p>The bill also sets forth requirements and restrictions for using funds provided by this and other appropriations Acts. </p>]]></text>
          <updateDate>2019-05-15T14:21:23Z</updateDate>
          <name>Reported to House</name>
        </item>
      </billSummaries>
    </summaries>
    <title>Military Construction, Veterans Affairs, and Related Agencies Appropriations Act, 2020</title>
    <titles>
      <item>
        <titleType>Short Title(s) as Reported to House</titleType>
        <parentTitleType>Short Title</parentTitleType>
        <title>Military Construction, Veterans Affairs, and Related Agencies Appropriations Act, 2020</title>
        <chamberCode>H</chamberCode>
        <chamberName>House</chamberName>
      </item>
      <item>
        <titleType>Short Title(s) as Introduced</titleType>
        <parentTitleType>Short Title</parentTitleType>
        <title>Military Construction, Veterans Affairs, and Related Agencies Appropriations Act, 2020</title>
        <chamberCode />
        <chamberName />
      </item>
      <item>
        <titleType>Official Title as Introduced</titleType>
        <parentTitleType />
        <title>Making appropriations for military construction, the Department of Veterans Affairs, and related agencies for the fiscal year ending September 30, 2020, and for other purposes.</title>
        <chamberCode />
        <chamberName />
      </item>
      <item>
        <titleType>Display Title</titleType>
        <parentTitleType />
        <title>Military Construction, Veterans Affairs, and Related Agencies Appropriations Act, 2020</title>
        <chamberCode />
        <chamberName />
      </item>
    </titles>
    <amendments />
    <textVersions>
      <item>
        <type>Reported in House</type>
        <date>2019-05-15T04:00:00Z</date>
        <formats>
          <item>
            <url>https://www.govinfo.gov/content/pkg/BILLS-116hr2745rh/xml/BILLS-116hr2745rh.xml</url>
          </item>
        </formats>
      </item>
    </textVersions>
    <latestAction>
      <actionDate>2019-05-15</actionDate>
      <text>Placed on the Union Calendar, Calendar No. 40.</text>
      <links />
    </latestAction>
    <calendarNumbers>
      <item>
        <calendar>U00040</calendar>
        <number />
      </item>
    </calendarNumbers>
    <version>1.0.0</version>
  </bill>
  <dublinCore xmlns:dc="http://purl.org/dc/elements/1.1/">
    <dc:format>text/xml</dc:format>
    <dc:language>EN</dc:language>
    <dc:rights>Pursuant to Title 17 Section 105 of the United States Code, this file is not subject to copyright protection and is in the public domain.</dc:rights>
    <dc:contributor>Congressional Research Service, Library of Congress</dc:contributor>
    <dc:description>This file contains bill summaries and statuses for federal legislation. A bill summary describes the most significant provisions of a piece of legislation and details the effects the legislative text may have on current law and federal programs. Bill summaries are authored by the Congressional Research Service (CRS) of the Library of Congress. As stated in Public Law 91-510 (2 USC 166 (d)(6)), one of the duties of CRS is "to prepare summaries and digests of bills and resolutions of a public general nature introduced in the Senate or House of Representatives". For more information, refer to the User Guide that accompanies this file.</dc:description>
  </dublinCore>
</billStatus>

