<?xml version="1.0" encoding="UTF-8"?>
<billStatus>
  <bill>
    <billNumber>438</billNumber>
    <createDate>2019-01-11T08:10:15Z</createDate>
    <updateDate>2021-06-11T22:03:40Z</updateDate>
    <originChamber>House</originChamber>
    <billType>HR</billType>
    <introducedDate>2019-01-10</introducedDate>
    <congress>116</congress>
    <constitutionalAuthorityStatementText><![CDATA[<pre>[Congressional Record Volume 165, Number 5 (Thursday, January 10, 2019)][House]From the Congressional Record Online through the Government Publishing Office [<a href="http://www.gpo.gov">www.gpo.gov</a>]By Mr. CALVERT:H.R. 438.Congress has the power to enact this legislation pursuantto the following:Article 1, Section 8, Clause 18 of the United StatesConstitution relating to the power to make all laws necessaryand proper for carrying out the powers vested in Congress.[Page H463]</pre>]]></constitutionalAuthorityStatementText>
    <recordedVotes />
    <committees>
      <billCommittees>
        <item>
          <systemCode>hsju00</systemCode>
          <name>Judiciary Committee</name>
          <chamber>House</chamber>
          <type>Standing</type>
          <subcommittees>
            <item>
              <systemCode>hsju01</systemCode>
              <name>Immigration and Citizenship Subcommittee</name>
              <activities>
                <item>
                  <name>Referred to</name>
                  <date>2019-01-10T21:55:20Z</date>
                </item>
              </activities>
            </item>
          </subcommittees>
          <activities>
            <item>
              <name>Referred to</name>
              <date>2019-01-10T15:06:05Z</date>
            </item>
          </activities>
        </item>
      </billCommittees>
    </committees>
    <committeeReports />
    <relatedBills />
    <actions>
      <item>
        <actionDate>2019-01-10</actionDate>
        <committees>
          <item>
            <systemCode>hsju01</systemCode>
            <name>Immigration and Citizenship Subcommittee</name>
          </item>
        </committees>
        <links />
        <sourceSystem>
          <code>1</code>
          <name>House committee actions</name>
        </sourceSystem>
        <text>Referred to the Subcommittee on Immigration and Citizenship.</text>
        <type>Committee</type>
      </item>
      <item>
        <actionDate>2019-01-10</actionDate>
        <links />
        <text>Referred to the House Committee on the Judiciary.</text>
        <type>IntroReferral</type>
        <actionCode>H11100</actionCode>
        <sourceSystem>
          <code>2</code>
          <name>House floor actions</name>
        </sourceSystem>
        <committees>
          <item>
            <systemCode>hsju00</systemCode>
            <name>Judiciary Committee</name>
          </item>
        </committees>
      </item>
      <item>
        <actionDate>2019-01-10</actionDate>
        <links />
        <text>Introduced in House</text>
        <type>IntroReferral</type>
        <actionCode>Intro-H</actionCode>
        <sourceSystem>
          <code>9</code>
          <name>Library of Congress</name>
        </sourceSystem>
        <committees />
      </item>
      <item>
        <actionDate>2019-01-10</actionDate>
        <links />
        <text>Introduced in House</text>
        <type>IntroReferral</type>
        <actionCode>1000</actionCode>
        <sourceSystem>
          <code>9</code>
          <name>Library of Congress</name>
        </sourceSystem>
        <committees />
      </item>
      <actionTypeCounts>
        <placeholderTextForH>1</placeholderTextForH>
        <billReferrals>1</billReferrals>
        <introducedInTheHouse>1</introducedInTheHouse>
        <introducedInHouse>1</introducedInHouse>
      </actionTypeCounts>
      <actionByCounts>
        <houseOfRepresentatives>4</houseOfRepresentatives>
      </actionByCounts>
    </actions>
    <sponsors>
      <item>
        <bioguideId>C000059</bioguideId>
        <fullName>Rep. Calvert, Ken [R-CA-42]</fullName>
        <firstName>KEN</firstName>
        <middleName />
        <lastName>CALVERT</lastName>
        <party>R</party>
        <state>CA</state>
        <identifiers>
          <lisID>165</lisID>
          <bioguideId>C000059</bioguideId>
          <gpoId>7849</gpoId>
        </identifiers>
        <district>42</district>
        <byRequestType />
      </item>
    </sponsors>
    <cosponsors>
      <item>
        <bioguideId>C001094</bioguideId>
        <fullName>Rep. Cook, Paul [R-CA-8]</fullName>
        <firstName>Paul</firstName>
        <middleName />
        <lastName>Cook</lastName>
        <party>R</party>
        <state>CA</state>
        <identifiers>
          <lisID>2103</lisID>
          <bioguideId>C001094</bioguideId>
          <gpoId />
        </identifiers>
        <district>8</district>
        <sponsorshipDate>2019-01-10</sponsorshipDate>
        <isOriginalCosponsor>True</isOriginalCosponsor>
        <sponsorshipWithdrawnDate />
      </item>
      <item>
        <bioguideId>B001274</bioguideId>
        <fullName>Rep. Brooks, Mo [R-AL-5]</fullName>
        <firstName>Mo</firstName>
        <middleName />
        <lastName>Brooks</lastName>
        <party>R</party>
        <state>AL</state>
        <identifiers>
          <lisID>1987</lisID>
          <bioguideId>B001274</bioguideId>
          <gpoId>7790</gpoId>
        </identifiers>
        <district>5</district>
        <sponsorshipDate>2019-01-10</sponsorshipDate>
        <isOriginalCosponsor>True</isOriginalCosponsor>
        <sponsorshipWithdrawnDate />
      </item>
      <item>
        <bioguideId>M001177</bioguideId>
        <fullName>Rep. McClintock, Tom [R-CA-4]</fullName>
        <firstName>Tom</firstName>
        <middleName />
        <lastName>McClintock</lastName>
        <party>R</party>
        <state>CA</state>
        <identifiers>
          <lisID>1908</lisID>
          <bioguideId>M001177</bioguideId>
          <gpoId>7809</gpoId>
        </identifiers>
        <district>4</district>
        <sponsorshipDate>2019-01-15</sponsorshipDate>
        <isOriginalCosponsor>False</isOriginalCosponsor>
        <sponsorshipWithdrawnDate />
      </item>
      <item>
        <bioguideId>W000827</bioguideId>
        <fullName>Rep. Wright, Ron [R-TX-6]</fullName>
        <firstName>Ron</firstName>
        <middleName />
        <lastName>Wright</lastName>
        <party>R</party>
        <state>TX</state>
        <identifiers>
          <lisID>2446</lisID>
          <bioguideId>W000827</bioguideId>
          <gpoId />
        </identifiers>
        <district>6</district>
        <sponsorshipDate>2019-05-17</sponsorshipDate>
        <isOriginalCosponsor>False</isOriginalCosponsor>
        <sponsorshipWithdrawnDate />
      </item>
    </cosponsors>
    <cboCostEstimates />
    <laws />
    <notes />
    <policyArea>
      <name>Crime and Law Enforcement</name>
    </policyArea>
    <subjects>
      <billSubjects>
        <legislativeSubjects>
          <item>
            <name>Border security and unlawful immigration</name>
          </item>
          <item>
            <name>Detention of persons</name>
          </item>
          <item>
            <name>Immigration status and procedures</name>
          </item>
          <item>
            <name>Law enforcement administration and funding</name>
          </item>
          <item>
            <name>State and local government operations</name>
          </item>
        </legislativeSubjects>
        <policyArea>
          <name>Crime and Law Enforcement</name>
        </policyArea>
      </billSubjects>
    </subjects>
    <summaries>
      <billSummaries>
        <item>
          <versionCode>00</versionCode>
          <actionDate>2019-01-10</actionDate>
          <actionDesc>Introduced in House</actionDesc>
          <lastSummaryUpdateDate>2019-03-11T15:03:55Z</lastSummaryUpdateDate>
          <text><![CDATA[<p><b>Help Ensure Legal Detainers Act or the HELD Act</b></p> <p>This bill prohibits the use of federal funds by a state or local subdivision that has in effect a law, policy, or procedure that prevents or impedes (1) a timely response to a request by the Department of Homeland Security for information about an alien in custody, including the alien's estimated release date; or (2) compliance with a detainer request.</p>]]></text>
          <updateDate>2019-01-10T05:00:00Z</updateDate>
          <name>Introduced in House</name>
        </item>
      </billSummaries>
    </summaries>
    <title>HELD Act</title>
    <titles>
      <item>
        <titleType>Short Title(s) as Introduced</titleType>
        <parentTitleType>Short Title</parentTitleType>
        <title>HELD Act</title>
        <chamberCode />
        <chamberName />
      </item>
      <item>
        <titleType>Short Title(s) as Introduced</titleType>
        <parentTitleType>Short Title</parentTitleType>
        <title>Help Ensure Legal Detainers Act</title>
        <chamberCode />
        <chamberName />
      </item>
      <item>
        <titleType>Official Title as Introduced</titleType>
        <parentTitleType />
        <title>To deny Federal funding to any State or political subdivision of a State that has in effect any law, policy, or procedure that prevents or impedes a State or local law enforcement official from maintaining custody of an alien pursuant to an immigration detainer issued by the Secretary of Homeland Security, and for other purposes.</title>
        <chamberCode />
        <chamberName />
      </item>
      <item>
        <titleType>Display Title</titleType>
        <parentTitleType />
        <title>HELD Act</title>
        <chamberCode />
        <chamberName />
      </item>
    </titles>
    <amendments />
    <textVersions>
      <item>
        <type>Introduced in House</type>
        <date>2019-01-10T05:00:00Z</date>
        <formats>
          <item>
            <url>https://www.govinfo.gov/content/pkg/BILLS-116hr438ih/xml/BILLS-116hr438ih.xml</url>
          </item>
        </formats>
      </item>
    </textVersions>
    <latestAction>
      <actionDate>2019-01-10</actionDate>
      <text>Referred to the Subcommittee on Immigration and Citizenship.</text>
      <links />
    </latestAction>
    <calendarNumbers />
    <version>1.0.0</version>
  </bill>
  <dublinCore xmlns:dc="http://purl.org/dc/elements/1.1/">
    <dc:format>text/xml</dc:format>
    <dc:language>EN</dc:language>
    <dc:rights>Pursuant to Title 17 Section 105 of the United States Code, this file is not subject to copyright protection and is in the public domain.</dc:rights>
    <dc:contributor>Congressional Research Service, Library of Congress</dc:contributor>
    <dc:description>This file contains bill summaries and statuses for federal legislation. A bill summary describes the most significant provisions of a piece of legislation and details the effects the legislative text may have on current law and federal programs. Bill summaries are authored by the Congressional Research Service (CRS) of the Library of Congress. As stated in Public Law 91-510 (2 USC 166 (d)(6)), one of the duties of CRS is "to prepare summaries and digests of bills and resolutions of a public general nature introduced in the Senate or House of Representatives". For more information, refer to the User Guide that accompanies this file.</dc:description>
  </dublinCore>
</billStatus>

