<?xml version="1.0" encoding="UTF-8"?>
<billStatus>
  <bill>
    <billNumber>1499</billNumber>
    <createDate>2019-03-06T08:12:09Z</createDate>
    <updateDate>2021-09-12T15:30:17Z</updateDate>
    <originChamber>House</originChamber>
    <billType>HR</billType>
    <introducedDate>2019-03-05</introducedDate>
    <congress>116</congress>
    <constitutionalAuthorityStatementText>&lt;pre&gt;[Congressional Record Volume 165, Number 39 (Tuesday, March 5, 2019)][House]From the Congressional Record Online through the Government Publishing Office [&lt;a href="http://www.gpo.gov"&gt;www.gpo.gov&lt;/a&gt;]By Mr. RUSH:H.R. 1499.Congress has the power to enact this legislation pursuantto the following:Article 1, Section 8[Page H2368]&lt;/pre&gt;</constitutionalAuthorityStatementText>
    <recordedVotes />
    <committees>
      <billCommittees>
        <item>
          <systemCode>hsju00</systemCode>
          <name>Judiciary Committee</name>
          <chamber>House</chamber>
          <type>Standing</type>
          <subcommittees>
            <item>
              <systemCode>hsju05</systemCode>
              <name>Antitrust, Commercial, and Administrative Law Subcommittee</name>
              <activities>
                <item>
                  <name>Referred to</name>
                  <date>2019-04-08T20:38:28Z</date>
                </item>
              </activities>
            </item>
          </subcommittees>
          <activities>
            <item>
              <name>Discharged from</name>
              <date>2019-05-10T13:43:36Z</date>
            </item>
            <item>
              <name>Referred to</name>
              <date>2019-03-05T17:04:25Z</date>
            </item>
          </activities>
        </item>
        <item>
          <systemCode>hsif00</systemCode>
          <name>Energy and Commerce Committee</name>
          <chamber>House</chamber>
          <type>Standing</type>
          <subcommittees>
            <item>
              <systemCode>hsif14</systemCode>
              <name>Health Subcommittee</name>
              <activities>
                <item>
                  <name>Reported by</name>
                  <date>2019-03-27T16:25:08Z</date>
                </item>
                <item>
                  <name>Markup by</name>
                  <date>2019-03-27T16:25:00Z</date>
                </item>
                <item>
                  <name>Referred to</name>
                  <date>2019-03-06T17:15:38Z</date>
                </item>
              </activities>
            </item>
          </subcommittees>
          <activities>
            <item>
              <name>Reported by</name>
              <date>2019-05-10T13:42:57Z</date>
            </item>
            <item>
              <name>Markup by</name>
              <date>2019-04-03T20:01:18Z</date>
            </item>
            <item>
              <name>Referred to</name>
              <date>2019-03-05T17:04:20Z</date>
            </item>
          </activities>
        </item>
      </billCommittees>
    </committees>
    <committeeReports>
      <committeeReport>
        <citation>H. Rept. 116-52</citation>
      </committeeReport>
    </committeeReports>
    <relatedBills>
      <item>
        <latestTitle>Lower Costs, More Cures Act of 2019</latestTitle>
        <congress>116</congress>
        <number>19</number>
        <type>HR</type>
        <latestAction>
          <actionDate>2019-12-19</actionDate>
          <text>Referred to the Subcommittee on Antitrust, Commercial, and Administrative Law.</text>
        </latestAction>
        <relationshipDetails>
          <item>
            <type>Related bill</type>
            <identifiedBy>CRS</identifiedBy>
          </item>
        </relationshipDetails>
      </item>
      <item>
        <latestTitle>Strengthening Health Care and Lowering Prescription Drug Costs Act</latestTitle>
        <congress>116</congress>
        <number>987</number>
        <type>HR</type>
        <latestAction>
          <actionDate>2019-05-20</actionDate>
          <text>Received in the Senate and Read twice and referred to the Committee on Health, Education, Labor, and Pensions.</text>
        </latestAction>
        <relationshipDetails>
          <item>
            <type>Related bill</type>
            <identifiedBy>CRS</identifiedBy>
          </item>
        </relationshipDetails>
      </item>
      <item>
        <latestTitle>Lowering Prescription Drug Costs and Extending Community Health Centers and Other Public Health Priorities Act</latestTitle>
        <congress>116</congress>
        <number>2700</number>
        <type>HR</type>
        <latestAction>
          <actionDate>2019-06-26</actionDate>
          <text>Referred to the Subcommittee on Antitrust, Commercial, and Administrative Law.</text>
        </latestAction>
        <relationshipDetails>
          <item>
            <type>Related bill</type>
            <identifiedBy>CRS</identifiedBy>
          </item>
        </relationshipDetails>
      </item>
    </relatedBills>
    <actions>
      <item>
        <actionDate>2019-05-10</actionDate>
        <links />
        <text>Placed on the Union Calendar, Calendar No. 30.</text>
        <type>Calendars</type>
        <actionCode>H12410</actionCode>
        <sourceSystem>
          <code>2</code>
          <name>House floor actions</name>
        </sourceSystem>
        <committees />
      </item>
      <item>
        <actionDate>2019-05-10</actionDate>
        <links />
        <text>Committee on the Judiciary discharged.</text>
        <type>Discharge</type>
        <actionCode>H12300</actionCode>
        <sourceSystem>
          <code>2</code>
          <name>House floor actions</name>
        </sourceSystem>
        <committees>
          <item>
            <systemCode>hsju00</systemCode>
            <name>Judiciary Committee</name>
          </item>
        </committees>
      </item>
      <item>
        <actionDate>2019-05-10</actionDate>
        <links />
        <text>Committee on the Judiciary discharged.</text>
        <type>Committee</type>
        <actionCode>5500</actionCode>
        <sourceSystem>
          <code>9</code>
          <name>Library of Congress</name>
        </sourceSystem>
        <committees>
          <item>
            <systemCode>hsju00</systemCode>
            <name>Judiciary Committee</name>
          </item>
        </committees>
      </item>
      <item>
        <actionDate>2019-05-10</actionDate>
        <links />
        <text>Reported (Amended) by the Committee on Energy and Commerce. H. Rept. 116-52, Part I.</text>
        <type>Committee</type>
        <actionCode>H12200</actionCode>
        <sourceSystem>
          <code>2</code>
          <name>House floor actions</name>
        </sourceSystem>
        <committees>
          <item>
            <systemCode>hsif00</systemCode>
            <name>Energy and Commerce Committee</name>
          </item>
        </committees>
      </item>
      <item>
        <actionDate>2019-05-10</actionDate>
        <links />
        <text>Reported (Amended) by the Committee on Energy and Commerce. H. Rept. 116-52, Part I.</text>
        <type>Committee</type>
        <actionCode>5000</actionCode>
        <sourceSystem>
          <code>9</code>
          <name>Library of Congress</name>
        </sourceSystem>
        <committees>
          <item>
            <systemCode>hsif00</systemCode>
            <name>Energy and Commerce Committee</name>
          </item>
        </committees>
      </item>
      <item>
        <actionDate>2019-04-08</actionDate>
        <committees>
          <item>
            <systemCode>hsju05</systemCode>
            <name>Antitrust, Commercial, and Administrative Law Subcommittee</name>
          </item>
        </committees>
        <links />
        <sourceSystem>
          <code>1</code>
          <name>House committee actions</name>
        </sourceSystem>
        <text>Referred to the Subcommittee on Antitrust, Commercial, and Administrative Law.</text>
        <type>Committee</type>
      </item>
      <item>
        <actionDate>2019-04-03</actionDate>
        <committees>
          <item>
            <systemCode>hsif00</systemCode>
            <name>Energy and Commerce Committee</name>
          </item>
        </committees>
        <links />
        <sourceSystem>
          <code>1</code>
          <name>House committee actions</name>
        </sourceSystem>
        <text>Ordered to be Reported (Amended) by Voice Vote.</text>
        <type>Committee</type>
      </item>
      <item>
        <actionDate>2019-04-03</actionDate>
        <committees>
          <item>
            <systemCode>hsif00</systemCode>
            <name>Energy and Commerce Committee</name>
          </item>
        </committees>
        <links />
        <sourceSystem>
          <code>1</code>
          <name>House committee actions</name>
        </sourceSystem>
        <text>Committee Consideration and Mark-up Session Held.</text>
        <type>Committee</type>
      </item>
      <item>
        <actionDate>2019-03-27</actionDate>
        <committees>
          <item>
            <systemCode>hsif14</systemCode>
            <name>Health Subcommittee</name>
          </item>
        </committees>
        <links />
        <sourceSystem>
          <code>1</code>
          <name>House committee actions</name>
        </sourceSystem>
        <text>Forwarded by Subcommittee to Full Committee (Amended) by Voice Vote .</text>
        <type>Committee</type>
      </item>
      <item>
        <actionDate>2019-03-27</actionDate>
        <committees>
          <item>
            <systemCode>hsif14</systemCode>
            <name>Health Subcommittee</name>
          </item>
        </committees>
        <links />
        <sourceSystem>
          <code>1</code>
          <name>House committee actions</name>
        </sourceSystem>
        <text>Subcommittee Consideration and Mark-up Session Held.</text>
        <type>Committee</type>
      </item>
      <item>
        <actionDate>2019-03-06</actionDate>
        <committees>
          <item>
            <systemCode>hsif14</systemCode>
            <name>Health Subcommittee</name>
          </item>
        </committees>
        <links />
        <sourceSystem>
          <code>1</code>
          <name>House committee actions</name>
        </sourceSystem>
        <text>Referred to the Subcommittee on Health.</text>
        <type>Committee</type>
      </item>
      <item>
        <actionDate>2019-03-05</actionDate>
        <links />
        <text>Referred to the Committee on Energy and Commerce, and in addition to the Committee on the Judiciary, for a period to be subsequently determined by the Speaker, in each case for consideration of such provisions as fall within the jurisdiction of the committee concerned.</text>
        <type>IntroReferral</type>
        <actionCode>H11100</actionCode>
        <sourceSystem>
          <code>2</code>
          <name>House floor actions</name>
        </sourceSystem>
        <committees>
          <item>
            <systemCode>hsju00</systemCode>
            <name>Judiciary Committee</name>
          </item>
        </committees>
      </item>
      <item>
        <actionDate>2019-03-05</actionDate>
        <links />
        <text>Referred to the Committee on Energy and Commerce, and in addition to the Committee on the Judiciary, for a period to be subsequently determined by the Speaker, in each case for consideration of such provisions as fall within the jurisdiction of the committee concerned.</text>
        <type>IntroReferral</type>
        <actionCode>H11100</actionCode>
        <sourceSystem>
          <code>2</code>
          <name>House floor actions</name>
        </sourceSystem>
        <committees>
          <item>
            <systemCode>hsif00</systemCode>
            <name>Energy and Commerce Committee</name>
          </item>
        </committees>
      </item>
      <item>
        <actionDate>2019-03-05</actionDate>
        <links />
        <text>Introduced in House</text>
        <type>IntroReferral</type>
        <actionCode>Intro-H</actionCode>
        <sourceSystem>
          <code>9</code>
          <name>Library of Congress</name>
        </sourceSystem>
        <committees />
      </item>
      <item>
        <actionDate>2019-03-05</actionDate>
        <links />
        <text>Introduced in House</text>
        <type>IntroReferral</type>
        <actionCode>1000</actionCode>
        <sourceSystem>
          <code>9</code>
          <name>Library of Congress</name>
        </sourceSystem>
        <committees />
      </item>
      <actionTypeCounts>
        <unionCalendarAssignment>1</unionCalendarAssignment>
        <committeeDischarged>1</committeeDischarged>
        <houseCommitteeDischarged>1</houseCommitteeDischarged>
        <committeeReportOfABill>1</committeeReportOfABill>
        <reportedToHouse>1</reportedToHouse>
        <placeholderTextForH>2</placeholderTextForH>
        <orderedToBeReported>1</orderedToBeReported>
        <committeeConsiderationMarkUp>1</committeeConsiderationMarkUp>
        <forwardedBySubcommitteeToFullCommittee>1</forwardedBySubcommitteeToFullCommittee>
        <designationOfSpeakerProTempore>1</designationOfSpeakerProTempore>
        <billReferrals>2</billReferrals>
        <introducedInTheHouse>1</introducedInTheHouse>
        <introducedInHouse>1</introducedInHouse>
      </actionTypeCounts>
      <actionByCounts>
        <houseOfRepresentatives>15</houseOfRepresentatives>
      </actionByCounts>
    </actions>
    <sponsors>
      <item>
        <bioguideId>R000515</bioguideId>
        <fullName>Rep. Rush, Bobby L. [D-IL-1]</fullName>
        <firstName>BOBBY</firstName>
        <middleName>L.</middleName>
        <lastName>RUSH</lastName>
        <party>D</party>
        <state>IL</state>
        <identifiers>
          <lisID>1003</lisID>
          <bioguideId>R000515</bioguideId>
          <gpoId>7921</gpoId>
        </identifiers>
        <district>1</district>
        <byRequestType />
      </item>
    </sponsors>
    <cosponsors>
      <item>
        <bioguideId>P000034</bioguideId>
        <fullName>Rep. Pallone, Frank, Jr. [D-NJ-6]</fullName>
        <firstName>FRANK</firstName>
        <middleName />
        <lastName>PALLONE</lastName>
        <party>D</party>
        <state>NJ</state>
        <identifiers>
          <lisID>887</lisID>
          <bioguideId>P000034</bioguideId>
          <gpoId>8048</gpoId>
        </identifiers>
        <district>6</district>
        <sponsorshipDate>2019-03-26</sponsorshipDate>
        <isOriginalCosponsor>False</isOriginalCosponsor>
        <sponsorshipWithdrawnDate />
      </item>
      <item>
        <bioguideId>R000599</bioguideId>
        <fullName>Rep. Ruiz, Raul [D-CA-36]</fullName>
        <firstName>Raul</firstName>
        <middleName />
        <lastName>Ruiz</lastName>
        <party>D</party>
        <state>CA</state>
        <identifiers>
          <lisID>2109</lisID>
          <bioguideId>R000599</bioguideId>
          <gpoId />
        </identifiers>
        <district>36</district>
        <sponsorshipDate>2019-03-26</sponsorshipDate>
        <isOriginalCosponsor>False</isOriginalCosponsor>
        <sponsorshipWithdrawnDate />
      </item>
      <item>
        <bioguideId>D000624</bioguideId>
        <fullName>Rep. Dingell, Debbie [D-MI-12]</fullName>
        <firstName>Debbie</firstName>
        <middleName />
        <lastName>Dingell</lastName>
        <party>D</party>
        <state>MI</state>
        <identifiers>
          <lisID>2251</lisID>
          <bioguideId>D000624</bioguideId>
          <gpoId />
        </identifiers>
        <district>12</district>
        <sponsorshipDate>2019-03-26</sponsorshipDate>
        <isOriginalCosponsor>False</isOriginalCosponsor>
        <sponsorshipWithdrawnDate />
      </item>
      <item>
        <bioguideId>C001119</bioguideId>
        <fullName>Rep. Craig, Angie [D-MN-2]</fullName>
        <firstName>Angie</firstName>
        <middleName />
        <lastName>Craig</lastName>
        <party>D</party>
        <state>MN</state>
        <identifiers>
          <lisID>2412</lisID>
          <bioguideId>C001119</bioguideId>
          <gpoId />
        </identifiers>
        <district>2</district>
        <sponsorshipDate>2019-03-26</sponsorshipDate>
        <isOriginalCosponsor>False</isOriginalCosponsor>
        <sponsorshipWithdrawnDate />
      </item>
      <item>
        <bioguideId>E000215</bioguideId>
        <fullName>Rep. Eshoo, Anna G. [D-CA-18]</fullName>
        <firstName>ANNA</firstName>
        <middleName>G.</middleName>
        <lastName>ESHOO</lastName>
        <party>D</party>
        <state>CA</state>
        <identifiers>
          <lisID>355</lisID>
          <bioguideId>E000215</bioguideId>
          <gpoId>7819</gpoId>
        </identifiers>
        <district>18</district>
        <sponsorshipDate>2019-03-26</sponsorshipDate>
        <isOriginalCosponsor>False</isOriginalCosponsor>
        <sponsorshipWithdrawnDate />
      </item>
      <item>
        <bioguideId>K000379</bioguideId>
        <fullName>Rep. Kennedy, Joseph P., III [D-MA-4]</fullName>
        <firstName>Joseph</firstName>
        <middleName>P.</middleName>
        <lastName>Kennedy</lastName>
        <party>D</party>
        <state>MA</state>
        <identifiers>
          <lisID>2172</lisID>
          <bioguideId>K000379</bioguideId>
          <gpoId />
        </identifiers>
        <district>4</district>
        <sponsorshipDate>2019-03-26</sponsorshipDate>
        <isOriginalCosponsor>False</isOriginalCosponsor>
        <sponsorshipWithdrawnDate />
      </item>
      <item>
        <bioguideId>M001163</bioguideId>
        <fullName>Rep. Matsui, Doris O. [D-CA-6]</fullName>
        <firstName>Doris</firstName>
        <middleName>O.</middleName>
        <lastName>Matsui</lastName>
        <party>D</party>
        <state>CA</state>
        <identifiers>
          <lisID>1814</lisID>
          <bioguideId>M001163</bioguideId>
          <gpoId>7810</gpoId>
        </identifiers>
        <district>6</district>
        <sponsorshipDate>2019-03-27</sponsorshipDate>
        <isOriginalCosponsor>False</isOriginalCosponsor>
        <sponsorshipWithdrawnDate />
      </item>
      <item>
        <bioguideId>V000133</bioguideId>
        <fullName>Rep. Van Drew, Jefferson [D-NJ-2]</fullName>
        <firstName>Jefferson</firstName>
        <middleName />
        <lastName>Van Drew</lastName>
        <party>D</party>
        <state>NJ</state>
        <identifiers>
          <lisID>2419</lisID>
          <bioguideId>V000133</bioguideId>
          <gpoId />
        </identifiers>
        <district>2</district>
        <sponsorshipDate>2019-04-01</sponsorshipDate>
        <isOriginalCosponsor>False</isOriginalCosponsor>
        <sponsorshipWithdrawnDate />
      </item>
      <item>
        <bioguideId>C001067</bioguideId>
        <fullName>Rep. Clarke, Yvette D. [D-NY-9]</fullName>
        <firstName>Yvette</firstName>
        <middleName>D.</middleName>
        <lastName>Clarke</lastName>
        <party>D</party>
        <state>NY</state>
        <identifiers>
          <lisID>1864</lisID>
          <bioguideId>C001067</bioguideId>
          <gpoId>8072</gpoId>
        </identifiers>
        <district>9</district>
        <sponsorshipDate>2019-04-01</sponsorshipDate>
        <isOriginalCosponsor>False</isOriginalCosponsor>
        <sponsorshipWithdrawnDate />
      </item>
      <item>
        <bioguideId>K000389</bioguideId>
        <fullName>Rep. Khanna, Ro [D-CA-17]</fullName>
        <firstName>Ro</firstName>
        <middleName />
        <lastName>Khanna</lastName>
        <party>D</party>
        <state>CA</state>
        <identifiers>
          <lisID>2308</lisID>
          <bioguideId>K000389</bioguideId>
          <gpoId />
        </identifiers>
        <district>17</district>
        <sponsorshipDate>2019-04-03</sponsorshipDate>
        <isOriginalCosponsor>False</isOriginalCosponsor>
        <sponsorshipWithdrawnDate />
      </item>
      <item>
        <bioguideId>S001145</bioguideId>
        <fullName>Rep. Schakowsky, Janice D. [D-IL-9]</fullName>
        <firstName>JANICE</firstName>
        <middleName>D.</middleName>
        <lastName>SCHAKOWSKY</lastName>
        <party>D</party>
        <state>IL</state>
        <identifiers>
          <lisID>1588</lisID>
          <bioguideId>S001145</bioguideId>
          <gpoId>7929</gpoId>
        </identifiers>
        <district>9</district>
        <sponsorshipDate>2019-04-04</sponsorshipDate>
        <isOriginalCosponsor>False</isOriginalCosponsor>
        <sponsorshipWithdrawnDate />
      </item>
      <item>
        <bioguideId>P000614</bioguideId>
        <fullName>Rep. Pappas, Chris [D-NH-1]</fullName>
        <firstName>Chris</firstName>
        <middleName />
        <lastName>Pappas</lastName>
        <party>D</party>
        <state>NH</state>
        <identifiers>
          <lisID>2418</lisID>
          <bioguideId>P000614</bioguideId>
          <gpoId />
        </identifiers>
        <district>1</district>
        <sponsorshipDate>2019-04-04</sponsorshipDate>
        <isOriginalCosponsor>False</isOriginalCosponsor>
        <sponsorshipWithdrawnDate />
      </item>
      <item>
        <bioguideId>C001068</bioguideId>
        <fullName>Rep. Cohen, Steve [D-TN-9]</fullName>
        <firstName>Steve</firstName>
        <middleName />
        <lastName>Cohen</lastName>
        <party>D</party>
        <state>TN</state>
        <identifiers>
          <lisID>1878</lisID>
          <bioguideId>C001068</bioguideId>
          <gpoId>8156</gpoId>
        </identifiers>
        <district>9</district>
        <sponsorshipDate>2019-04-08</sponsorshipDate>
        <isOriginalCosponsor>False</isOriginalCosponsor>
        <sponsorshipWithdrawnDate />
      </item>
      <item>
        <bioguideId>W000800</bioguideId>
        <fullName>Rep. Welch, Peter [D-VT-At Large]</fullName>
        <firstName>Peter</firstName>
        <middleName />
        <lastName>Welch</lastName>
        <party>D</party>
        <state>VT</state>
        <identifiers>
          <lisID>1879</lisID>
          <bioguideId>W000800</bioguideId>
          <gpoId>8204</gpoId>
        </identifiers>
        <district>0</district>
        <sponsorshipDate>2019-04-08</sponsorshipDate>
        <isOriginalCosponsor>False</isOriginalCosponsor>
        <sponsorshipWithdrawnDate />
      </item>
      <item>
        <bioguideId>L000557</bioguideId>
        <fullName>Rep. Larson, John B. [D-CT-1]</fullName>
        <firstName>JOHN</firstName>
        <middleName>B.</middleName>
        <lastName>LARSON</lastName>
        <party>D</party>
        <state>CT</state>
        <identifiers>
          <lisID>1583</lisID>
          <bioguideId>L000557</bioguideId>
          <gpoId>7866</gpoId>
        </identifiers>
        <district>1</district>
        <sponsorshipDate>2019-04-09</sponsorshipDate>
        <isOriginalCosponsor>False</isOriginalCosponsor>
        <sponsorshipWithdrawnDate />
      </item>
      <item>
        <bioguideId>H000324</bioguideId>
        <fullName>Rep. Hastings, Alcee L. [D-FL-20]</fullName>
        <firstName>ALCEE</firstName>
        <middleName>L.</middleName>
        <lastName>HASTINGS</lastName>
        <party>D</party>
        <state>FL</state>
        <identifiers>
          <lisID>511</lisID>
          <bioguideId>H000324</bioguideId>
          <gpoId>7895</gpoId>
        </identifiers>
        <district>20</district>
        <sponsorshipDate>2019-04-09</sponsorshipDate>
        <isOriginalCosponsor>False</isOriginalCosponsor>
        <sponsorshipWithdrawnDate />
      </item>
      <item>
        <bioguideId>N000191</bioguideId>
        <fullName>Rep. Neguse, Joe [D-CO-2]</fullName>
        <firstName>Joe</firstName>
        <middleName />
        <lastName>Neguse</lastName>
        <party>D</party>
        <state>CO</state>
        <identifiers>
          <lisID>2384</lisID>
          <bioguideId>N000191</bioguideId>
          <gpoId />
        </identifiers>
        <district>2</district>
        <sponsorshipDate>2019-04-15</sponsorshipDate>
        <isOriginalCosponsor>False</isOriginalCosponsor>
        <sponsorshipWithdrawnDate />
      </item>
      <item>
        <bioguideId>F000467</bioguideId>
        <fullName>Rep. Finkenauer, Abby [D-IA-1]</fullName>
        <firstName>Abby</firstName>
        <middleName />
        <lastName>Finkenauer</lastName>
        <party>D</party>
        <state>IA</state>
        <identifiers>
          <lisID>2394</lisID>
          <bioguideId>F000467</bioguideId>
          <gpoId />
        </identifiers>
        <district>1</district>
        <sponsorshipDate>2019-04-15</sponsorshipDate>
        <isOriginalCosponsor>False</isOriginalCosponsor>
        <sponsorshipWithdrawnDate />
      </item>
      <item>
        <bioguideId>C001055</bioguideId>
        <fullName>Rep. Case, Ed [D-HI-1]</fullName>
        <firstName>Ed</firstName>
        <middleName />
        <lastName>Case</lastName>
        <party>D</party>
        <state>HI</state>
        <identifiers>
          <lisID>1693</lisID>
          <bioguideId>C001055</bioguideId>
          <gpoId />
        </identifiers>
        <district>1</district>
        <sponsorshipDate>2019-04-15</sponsorshipDate>
        <isOriginalCosponsor>False</isOriginalCosponsor>
        <sponsorshipWithdrawnDate />
      </item>
      <item>
        <bioguideId>Q000023</bioguideId>
        <fullName>Rep. Quigley, Mike [D-IL-5]</fullName>
        <firstName>Mike</firstName>
        <middleName />
        <lastName>Quigley</lastName>
        <party>D</party>
        <state>IL</state>
        <identifiers>
          <lisID>1967</lisID>
          <bioguideId>Q000023</bioguideId>
          <gpoId>7925</gpoId>
        </identifiers>
        <district>5</district>
        <sponsorshipDate>2019-04-25</sponsorshipDate>
        <isOriginalCosponsor>False</isOriginalCosponsor>
        <sponsorshipWithdrawnDate />
      </item>
      <item>
        <bioguideId>W000826</bioguideId>
        <fullName>Rep. Wild, Susan [D-PA-7]</fullName>
        <firstName>Susan</firstName>
        <middleName />
        <lastName>Wild</lastName>
        <party>D</party>
        <state>PA</state>
        <identifiers>
          <lisID>2374</lisID>
          <bioguideId>W000826</bioguideId>
          <gpoId />
        </identifiers>
        <district>7</district>
        <sponsorshipDate>2019-04-25</sponsorshipDate>
        <isOriginalCosponsor>False</isOriginalCosponsor>
        <sponsorshipWithdrawnDate />
      </item>
      <item>
        <bioguideId>L000559</bioguideId>
        <fullName>Rep. Langevin, James R. [D-RI-2]</fullName>
        <firstName>JAMES</firstName>
        <middleName>R.</middleName>
        <lastName>LANGEVIN</lastName>
        <party>D</party>
        <state>RI</state>
        <identifiers>
          <lisID>1668</lisID>
          <bioguideId>L000559</bioguideId>
          <gpoId>8140</gpoId>
        </identifiers>
        <district>2</district>
        <sponsorshipDate>2019-04-25</sponsorshipDate>
        <isOriginalCosponsor>False</isOriginalCosponsor>
        <sponsorshipWithdrawnDate />
      </item>
      <item>
        <bioguideId>C000754</bioguideId>
        <fullName>Rep. Cooper, Jim [D-TN-5]</fullName>
        <firstName>JAMES</firstName>
        <middleName>H.</middleName>
        <lastName>COOPER</lastName>
        <party>D</party>
        <state>TN</state>
        <identifiers>
          <lisID>231</lisID>
          <bioguideId>C000754</bioguideId>
          <gpoId>8152</gpoId>
        </identifiers>
        <district>5</district>
        <sponsorshipDate>2019-04-25</sponsorshipDate>
        <isOriginalCosponsor>False</isOriginalCosponsor>
        <sponsorshipWithdrawnDate />
      </item>
      <item>
        <bioguideId>R000606</bioguideId>
        <fullName>Rep. Raskin, Jamie [D-MD-8]</fullName>
        <firstName>Jamie</firstName>
        <middleName />
        <lastName>Raskin</lastName>
        <party>D</party>
        <state>MD</state>
        <identifiers>
          <lisID>2332</lisID>
          <bioguideId>R000606</bioguideId>
          <gpoId />
        </identifiers>
        <district>8</district>
        <sponsorshipDate>2019-04-29</sponsorshipDate>
        <isOriginalCosponsor>False</isOriginalCosponsor>
        <sponsorshipWithdrawnDate />
      </item>
      <item>
        <bioguideId>S001157</bioguideId>
        <fullName>Rep. Scott, David [D-GA-13]</fullName>
        <firstName>David</firstName>
        <middleName />
        <lastName>Scott</lastName>
        <party>D</party>
        <state>GA</state>
        <identifiers>
          <lisID>1722</lisID>
          <bioguideId>S001157</bioguideId>
          <gpoId>7910</gpoId>
        </identifiers>
        <district>13</district>
        <sponsorshipDate>2019-04-29</sponsorshipDate>
        <isOriginalCosponsor>False</isOriginalCosponsor>
        <sponsorshipWithdrawnDate />
      </item>
      <item>
        <bioguideId>M001207</bioguideId>
        <fullName>Rep. Mucarsel-Powell, Debbie [D-FL-26]</fullName>
        <firstName>Debbie</firstName>
        <middleName />
        <lastName>Mucarsel-Powell</lastName>
        <party>D</party>
        <state>FL</state>
        <identifiers>
          <lisID>2390</lisID>
          <bioguideId>M001207</bioguideId>
          <gpoId />
        </identifiers>
        <district>26</district>
        <sponsorshipDate>2019-04-29</sponsorshipDate>
        <isOriginalCosponsor>False</isOriginalCosponsor>
        <sponsorshipWithdrawnDate />
      </item>
      <item>
        <bioguideId>T000193</bioguideId>
        <fullName>Rep. Thompson, Bennie G. [D-MS-2]</fullName>
        <firstName>BENNIE</firstName>
        <middleName />
        <lastName>THOMPSON</lastName>
        <party>D</party>
        <state>MS</state>
        <identifiers>
          <lisID>1151</lisID>
          <bioguideId>T000193</bioguideId>
          <gpoId>8020</gpoId>
        </identifiers>
        <district>2</district>
        <sponsorshipDate>2019-05-01</sponsorshipDate>
        <isOriginalCosponsor>False</isOriginalCosponsor>
        <sponsorshipWithdrawnDate />
      </item>
      <item>
        <bioguideId>S001215</bioguideId>
        <fullName>Rep. Stevens, Haley M. [D-MI-11]</fullName>
        <firstName>Haley</firstName>
        <middleName>M.</middleName>
        <lastName>Stevens</lastName>
        <party>D</party>
        <state>MI</state>
        <identifiers>
          <lisID>2409</lisID>
          <bioguideId>S001215</bioguideId>
          <gpoId />
        </identifiers>
        <district>11</district>
        <sponsorshipDate>2019-05-01</sponsorshipDate>
        <isOriginalCosponsor>False</isOriginalCosponsor>
        <sponsorshipWithdrawnDate />
      </item>
      <item>
        <bioguideId>C001123</bioguideId>
        <fullName>Rep. Cisneros, Gilbert Ray, Jr. [D-CA-39]</fullName>
        <firstName>Gilbert</firstName>
        <middleName>Ray</middleName>
        <lastName>Cisneros</lastName>
        <party>D</party>
        <state>CA</state>
        <identifiers>
          <lisID>2380</lisID>
          <bioguideId>C001123</bioguideId>
          <gpoId />
        </identifiers>
        <district>39</district>
        <sponsorshipDate>2019-05-01</sponsorshipDate>
        <isOriginalCosponsor>False</isOriginalCosponsor>
        <sponsorshipWithdrawnDate />
      </item>
      <item>
        <bioguideId>K000385</bioguideId>
        <fullName>Rep. Kelly, Robin L. [D-IL-2]</fullName>
        <firstName>Robin</firstName>
        <middleName>L.</middleName>
        <lastName>Kelly</lastName>
        <party>D</party>
        <state>IL</state>
        <identifiers>
          <lisID>2190</lisID>
          <bioguideId>K000385</bioguideId>
          <gpoId />
        </identifiers>
        <district>2</district>
        <sponsorshipDate>2019-05-07</sponsorshipDate>
        <isOriginalCosponsor>False</isOriginalCosponsor>
        <sponsorshipWithdrawnDate />
      </item>
      <item>
        <bioguideId>C001117</bioguideId>
        <fullName>Rep. Casten, Sean [D-IL-6]</fullName>
        <firstName>Sean</firstName>
        <middleName />
        <lastName>Casten</lastName>
        <party>D</party>
        <state>IL</state>
        <identifiers>
          <lisID>2398</lisID>
          <bioguideId>C001117</bioguideId>
          <gpoId />
        </identifiers>
        <district>6</district>
        <sponsorshipDate>2019-05-07</sponsorshipDate>
        <isOriginalCosponsor>False</isOriginalCosponsor>
        <sponsorshipWithdrawnDate />
      </item>
      <item>
        <bioguideId>H001085</bioguideId>
        <fullName>Rep. Houlahan, Chrissy [D-PA-6]</fullName>
        <firstName>Chrissy</firstName>
        <middleName />
        <lastName>Houlahan</lastName>
        <party>D</party>
        <state>PA</state>
        <identifiers>
          <lisID>2433</lisID>
          <bioguideId>H001085</bioguideId>
          <gpoId />
        </identifiers>
        <district>6</district>
        <sponsorshipDate>2019-05-07</sponsorshipDate>
        <isOriginalCosponsor>False</isOriginalCosponsor>
        <sponsorshipWithdrawnDate />
      </item>
      <item>
        <bioguideId>C001072</bioguideId>
        <fullName>Rep. Carson, Andre [D-IN-7]</fullName>
        <firstName>Andre</firstName>
        <middleName />
        <lastName>Carson</lastName>
        <party>D</party>
        <state>IN</state>
        <identifiers>
          <lisID>1889</lisID>
          <bioguideId>C001072</bioguideId>
          <gpoId>7946</gpoId>
        </identifiers>
        <district>7</district>
        <sponsorshipDate>2019-05-07</sponsorshipDate>
        <isOriginalCosponsor>False</isOriginalCosponsor>
        <sponsorshipWithdrawnDate />
      </item>
      <item>
        <bioguideId>C001112</bioguideId>
        <fullName>Rep. Carbajal, Salud O. [D-CA-24]</fullName>
        <firstName>Salud</firstName>
        <middleName>O.</middleName>
        <lastName>Carbajal</lastName>
        <party>D</party>
        <state>CA</state>
        <identifiers>
          <lisID>2310</lisID>
          <bioguideId>C001112</bioguideId>
          <gpoId />
        </identifiers>
        <district>24</district>
        <sponsorshipDate>2019-05-07</sponsorshipDate>
        <isOriginalCosponsor>False</isOriginalCosponsor>
        <sponsorshipWithdrawnDate />
      </item>
      <item>
        <bioguideId>D000629</bioguideId>
        <fullName>Rep. Davids, Sharice [D-KS-3]</fullName>
        <firstName>Sharice</firstName>
        <middleName />
        <lastName>Davids</lastName>
        <party>D</party>
        <state>KS</state>
        <identifiers>
          <lisID>2403</lisID>
          <bioguideId>D000629</bioguideId>
          <gpoId />
        </identifiers>
        <district>3</district>
        <sponsorshipDate>2019-05-07</sponsorshipDate>
        <isOriginalCosponsor>False</isOriginalCosponsor>
        <sponsorshipWithdrawnDate />
      </item>
      <item>
        <bioguideId>S000510</bioguideId>
        <fullName>Rep. Smith, Adam [D-WA-9]</fullName>
        <firstName>ADAM</firstName>
        <middleName />
        <lastName>SMITH</lastName>
        <party>D</party>
        <state>WA</state>
        <identifiers>
          <lisID>1528</lisID>
          <bioguideId>S000510</bioguideId>
          <gpoId>8213</gpoId>
        </identifiers>
        <district>9</district>
        <sponsorshipDate>2019-05-09</sponsorshipDate>
        <isOriginalCosponsor>False</isOriginalCosponsor>
        <sponsorshipWithdrawnDate />
      </item>
      <item>
        <bioguideId>C001078</bioguideId>
        <fullName>Rep. Connolly, Gerald E. [D-VA-11]</fullName>
        <firstName>Gerald</firstName>
        <middleName>E.</middleName>
        <lastName>Connolly</lastName>
        <party>D</party>
        <state>VA</state>
        <identifiers>
          <lisID>1959</lisID>
          <bioguideId>C001078</bioguideId>
          <gpoId>8202</gpoId>
        </identifiers>
        <district>11</district>
        <sponsorshipDate>2019-05-09</sponsorshipDate>
        <isOriginalCosponsor>False</isOriginalCosponsor>
        <sponsorshipWithdrawnDate />
      </item>
      <item>
        <bioguideId>U000040</bioguideId>
        <fullName>Rep. Underwood, Lauren [D-IL-14]</fullName>
        <firstName>Lauren</firstName>
        <middleName />
        <lastName>Underwood</lastName>
        <party>D</party>
        <state>IL</state>
        <identifiers>
          <lisID>2399</lisID>
          <bioguideId>U000040</bioguideId>
          <gpoId />
        </identifiers>
        <district>14</district>
        <sponsorshipDate>2019-05-09</sponsorshipDate>
        <isOriginalCosponsor>False</isOriginalCosponsor>
        <sponsorshipWithdrawnDate />
      </item>
    </cosponsors>
    <cboCostEstimates>
      <item>
        <pubDate>2019-04-30T21:28:00Z</pubDate>
        <title>H.R. 1499, Protecting Consumer Access to Generic Drugs Act of 2019</title>
        <url>https://www.cbo.gov/publication/55183</url>
      </item>
    </cboCostEstimates>
    <laws />
    <notes />
    <policyArea>
      <name>Health</name>
    </policyArea>
    <subjects>
      <billSubjects>
        <legislativeSubjects>
          <item>
            <name>Administrative law and regulatory procedures</name>
          </item>
          <item>
            <name>Civil actions and liability</name>
          </item>
          <item>
            <name>Competition and antitrust</name>
          </item>
          <item>
            <name>Consumer affairs</name>
          </item>
          <item>
            <name>Drug safety, medical device, and laboratory regulation</name>
          </item>
          <item>
            <name>Federal Trade Commission (FTC)</name>
          </item>
          <item>
            <name>Intellectual property</name>
          </item>
          <item>
            <name>Judicial review and appeals</name>
          </item>
          <item>
            <name>Licensing and registrations</name>
          </item>
          <item>
            <name>Prescription drugs</name>
          </item>
        </legislativeSubjects>
        <policyArea>
          <name>Health</name>
        </policyArea>
      </billSubjects>
    </subjects>
    <summaries>
      <billSummaries>
        <item>
          <versionCode>00</versionCode>
          <actionDate>2019-03-05</actionDate>
          <actionDesc>Introduced in House</actionDesc>
          <lastSummaryUpdateDate>2021-09-12T15:14:48Z</lastSummaryUpdateDate>
          <text><![CDATA[<p><b>Protecting Consumer Access to Generic Drugs Act of 2019</b></p> <p>This bill prohibits the manufacturer of a brand-name, generic, or biosimilar drug from entering into certain agreements to resolve or settle a patent infringement claim in connection with the sale of a drug or biological product. </p> <p>Specifically, such an agreement shall, with some exceptions, be a violation of the bill if the filer of a subsequent application to market a drug or biological product receives anything of value and agrees to limit or forego research, development, manufacturing, marketing, or sales of the subsequent drug or biological product. (Typically, a subsequent application seeks to market a generic or biosimilar version of a patented drug or biological product.)</p> <p>Penalties for violations of the bill include civil penalties and loss of the 180-day exclusivity period for a generic drug. The Federal Trade Commission (FTC) shall have exclusive authority to litigate to enforce the bill. </p> <p>When a generic or biosimilar drug manufacturer enters into an agreement with another drug manufacturer related to the manufacturing, marketing or sale of a drug, the manufacturers must certify that the material they have given the FTC concerning the agreement contains (1) the complete agreement; and (2) any agreements related to the main agreement, including descriptions of any oral agreements or representations.</p>]]></text>
          <updateDate>2019-03-05T05:00:00Z</updateDate>
          <name>Introduced in House</name>
        </item>
        <item>
          <versionCode>08</versionCode>
          <actionDate>2019-05-10</actionDate>
          <actionDesc>Reported to House, Part I</actionDesc>
          <lastSummaryUpdateDate>2021-09-12T15:17:17Z</lastSummaryUpdateDate>
          <text><![CDATA[<p><b>Protecting Consumer Access to Generic Drugs Act of 20</b><strong>19</strong></p> <p>This bill prohibits the manufacturer of a brand-name, generic, or biosimilar drug from entering into certain agreements to resolve or settle a patent infringement claim in connection with the sale of a drug or biological product. </p> <p>Specifically, such an agreement shall, with some exceptions, be a violation of the bill if the filer of a subsequent application to market a drug or biological product receives anything of value and agrees to limit or forego research, development, manufacturing, marketing, or sales of the subsequent drug or biological product. (Typically, a subsequent application seeks to market a generic or biosimilar version of a patented drug or biological product.)</p> <p>Penalties for violations of the bill include civil penalties and loss of the 180-day exclusivity period for a generic drug. The Federal Trade Commission (FTC) shall have exclusive authority to litigate to enforce the bill. </p> <p>When a generic or biosimilar drug manufacturer enters into an agreement with another drug manufacturer related to the manufacturing, marketing or sale of a drug, the manufacturers must certify that the material they have given the FTC concerning the agreement contains (1) the complete agreement; and (2) any agreements related to the main agreement, including descriptions of any oral agreements or representations.</p>]]></text>
          <updateDate>2019-05-10T19:47:56Z</updateDate>
          <name>Reported to House, Part I</name>
        </item>
      </billSummaries>
    </summaries>
    <title>Protecting Consumer Access to Generic Drugs Act of 2019</title>
    <titles>
      <item>
        <titleType>Short Title(s) as Reported to House</titleType>
        <parentTitleType>Short Title</parentTitleType>
        <title>Protecting Consumer Access to Generic Drugs Act of 2019</title>
        <chamberCode>H</chamberCode>
        <chamberName>House</chamberName>
      </item>
      <item>
        <titleType>Official Title as Introduced</titleType>
        <parentTitleType />
        <title>To prohibit brand name drug manufacturers from compensating generic drug manufacturers to delay the entry of a generic drug into the market, and to prohibit biological product manufacturers from compensating biosimilar and interchangeable product manufacturers to delay entry of biosimilar and interchangeable products, and for other purposes.</title>
        <chamberCode />
        <chamberName />
      </item>
      <item>
        <titleType>Display Title</titleType>
        <parentTitleType />
        <title>Protecting Consumer Access to Generic Drugs Act of 2019</title>
        <chamberCode />
        <chamberName />
      </item>
      <item>
        <titleType>Short Title(s) as Introduced</titleType>
        <parentTitleType>Short Title</parentTitleType>
        <title>Protecting Consumer Access to Generic Drugs Act of 2019</title>
        <chamberCode />
        <chamberName />
      </item>
    </titles>
    <amendments />
    <textVersions>
      <item>
        <type>Reported in House</type>
        <date>2019-05-10T04:00:00Z</date>
        <formats>
          <item>
            <url>https://www.govinfo.gov/content/pkg/BILLS-116hr1499rh/xml/BILLS-116hr1499rh.xml</url>
          </item>
        </formats>
      </item>
      <item>
        <type>Introduced in House</type>
        <date>2019-03-05T05:00:00Z</date>
        <formats>
          <item>
            <url>https://www.govinfo.gov/content/pkg/BILLS-116hr1499ih/xml/BILLS-116hr1499ih.xml</url>
          </item>
        </formats>
      </item>
    </textVersions>
    <latestAction>
      <actionDate>2019-05-10</actionDate>
      <text>Placed on the Union Calendar, Calendar No. 30.</text>
      <links />
    </latestAction>
    <calendarNumbers>
      <item>
        <calendar>U00030</calendar>
        <number />
      </item>
    </calendarNumbers>
    <version>1.0.0</version>
  </bill>
  <dublinCore xmlns:dc="http://purl.org/dc/elements/1.1/">
    <dc:format>text/xml</dc:format>
    <dc:language>EN</dc:language>
    <dc:rights>Pursuant to Title 17 Section 105 of the United States Code, this file is not subject to copyright protection and is in the public domain.</dc:rights>
    <dc:contributor>Congressional Research Service, Library of Congress</dc:contributor>
    <dc:description>This file contains bill summaries and statuses for federal legislation. A bill summary describes the most significant provisions of a piece of legislation and details the effects the legislative text may have on current law and federal programs. Bill summaries are authored by the Congressional Research Service (CRS) of the Library of Congress. As stated in Public Law 91-510 (2 USC 166 (d)(6)), one of the duties of CRS is "to prepare summaries and digests of bills and resolutions of a public general nature introduced in the Senate or House of Representatives". For more information, refer to the User Guide that accompanies this file.</dc:description>
  </dublinCore>
</billStatus>

