<?xml version="1.0" encoding="UTF-8"?>
<billStatus>
  <bill>
    <billNumber>251</billNumber>
    <createDate>2019-01-05T08:10:16Z</createDate>
    <updateDate>2021-11-03T16:56:16Z</updateDate>
    <originChamber>House</originChamber>
    <billType>HR</billType>
    <introducedDate>2019-01-04</introducedDate>
    <congress>116</congress>
    <constitutionalAuthorityStatementText><![CDATA[<pre>[Congressional Record Volume 165, Number 2 (Friday, January 4, 2019)][House]From the Congressional Record Online through the Government Publishing Office [<a href="http://www.gpo.gov">www.gpo.gov</a>]By Mr. THOMPSON of Mississippi:H.R. 251.Congress has the power to enact this legislation pursuantto the following:Article I, section 8, clause 1; and Article I, section 8,clause 18 of the Constitution of the United States[Page H229]</pre>]]></constitutionalAuthorityStatementText>
    <recordedVotes>
      <recordedVote>
        <rollNumber>14</rollNumber>
        <url>https://clerk.house.gov/evs/2019/roll014.xml</url>
        <fullActionName>Final Passage Under Suspension of the Rules Results</fullActionName>
        <chamber>House</chamber>
        <congress>116</congress>
        <date>2019-01-09T00:18:47Z</date>
        <sessionNumber>1</sessionNumber>
      </recordedVote>
    </recordedVotes>
    <committees>
      <billCommittees>
        <item>
          <systemCode>hsif00</systemCode>
          <name>Energy and Commerce Committee</name>
          <chamber>House</chamber>
          <type>Standing</type>
          <subcommittees />
          <activities>
            <item>
              <name>Referred to</name>
              <date>2019-01-04T14:01:05Z</date>
            </item>
          </activities>
        </item>
        <item>
          <systemCode>hshm00</systemCode>
          <name>Homeland Security Committee</name>
          <chamber>House</chamber>
          <type>Standing</type>
          <subcommittees />
          <activities>
            <item>
              <name>Referred to</name>
              <date>2019-01-04T14:01:00Z</date>
            </item>
          </activities>
        </item>
      </billCommittees>
    </committees>
    <committeeReports />
    <relatedBills>
      <item>
        <latestTitle>A bill to extend the Chemical Facility Anti-Terrorism Standards Program of the Department of Homeland Security, and for other purposes.</latestTitle>
        <congress>116</congress>
        <number>4148</number>
        <type>S</type>
        <latestAction>
          <actionDate>2020-07-22</actionDate>
          <text>Became Public Law No: 116-150.</text>
        </latestAction>
        <relationshipDetails>
          <item>
            <type>Related bill</type>
            <identifiedBy>CRS</identifiedBy>
          </item>
        </relationshipDetails>
      </item>
      <item>
        <latestTitle>Protecting and Securing Chemical Facilities from Terrorist Attacks Act of 2019</latestTitle>
        <congress>116</congress>
        <number>3256</number>
        <type>HR</type>
        <latestAction>
          <actionDate>2020-09-21</actionDate>
          <text>Placed on the Union Calendar, Calendar No. 427.</text>
        </latestAction>
        <relationshipDetails>
          <item>
            <type>Related bill</type>
            <identifiedBy>CRS</identifiedBy>
          </item>
        </relationshipDetails>
      </item>
      <item>
        <latestTitle>To extend the chemical facility anti-terrorism standards program of the Department of Homeland Security.</latestTitle>
        <congress>116</congress>
        <number>6160</number>
        <type>HR</type>
        <latestAction>
          <actionDate>2020-03-16</actionDate>
          <text>Received in the Senate.</text>
        </latestAction>
        <relationshipDetails>
          <item>
            <type>Related bill</type>
            <identifiedBy>CRS</identifiedBy>
          </item>
        </relationshipDetails>
      </item>
      <item>
        <latestTitle>Chemical Facility Anti-Terrorism Standards Program Extension Act of 2020</latestTitle>
        <congress>116</congress>
        <number>3506</number>
        <type>S</type>
        <latestAction>
          <actionDate>2020-03-17</actionDate>
          <text>Read twice and referred to the Committee on Homeland Security and Governmental Affairs.</text>
        </latestAction>
        <relationshipDetails>
          <item>
            <type>Related bill</type>
            <identifiedBy>CRS</identifiedBy>
          </item>
        </relationshipDetails>
      </item>
      <item>
        <latestTitle>A bill to extend the Chemical Facility Anti-Terrorism Standards Program of the Department of Homeland Security, and for other purposes.</latestTitle>
        <congress>116</congress>
        <number>4197</number>
        <type>S</type>
        <latestAction>
          <actionDate>2020-07-02</actionDate>
          <text>Read twice and referred to the Committee on Homeland Security and Governmental Affairs.</text>
        </latestAction>
        <relationshipDetails>
          <item>
            <type>Related bill</type>
            <identifiedBy>CRS</identifiedBy>
          </item>
        </relationshipDetails>
      </item>
    </relatedBills>
    <actions>
      <item>
        <actionDate>2019-01-18</actionDate>
        <links />
        <text>Became Public Law No: 116-2.</text>
        <type>President</type>
        <actionCode>E40000</actionCode>
        <sourceSystem>
          <code>2</code>
          <name>House floor actions</name>
        </sourceSystem>
        <committees />
      </item>
      <item>
        <actionDate>2019-01-18</actionDate>
        <links />
        <text>Became Public Law No: 116-2.</text>
        <type>BecameLaw</type>
        <actionCode>36000</actionCode>
        <sourceSystem>
          <code>9</code>
          <name>Library of Congress</name>
        </sourceSystem>
        <committees />
      </item>
      <item>
        <actionDate>2019-01-18</actionDate>
        <links />
        <text>Signed by President.</text>
        <type>President</type>
        <actionCode>E30000</actionCode>
        <sourceSystem>
          <code>2</code>
          <name>House floor actions</name>
        </sourceSystem>
        <committees />
      </item>
      <item>
        <actionDate>2019-01-18</actionDate>
        <links />
        <text>Signed by President.</text>
        <type>BecameLaw</type>
        <actionCode>36000</actionCode>
        <sourceSystem>
          <code>9</code>
          <name>Library of Congress</name>
        </sourceSystem>
        <committees />
      </item>
      <item>
        <actionDate>2019-01-18</actionDate>
        <links />
        <text>Presented to President.</text>
        <type>Floor</type>
        <actionCode>E20000</actionCode>
        <sourceSystem>
          <code>2</code>
          <name>House floor actions</name>
        </sourceSystem>
        <committees />
      </item>
      <item>
        <actionDate>2019-01-18</actionDate>
        <links />
        <text>Presented to President.</text>
        <type>President</type>
        <actionCode>28000</actionCode>
        <sourceSystem>
          <code>9</code>
          <name>Library of Congress</name>
        </sourceSystem>
        <committees />
      </item>
      <item>
        <actionDate>2019-01-17</actionDate>
        <actionTime>12:12:33</actionTime>
        <links />
        <text>Motion to reconsider laid on the table Agreed to without objection.</text>
        <type>ResolvingDifferences</type>
        <actionCode>H41931</actionCode>
        <sourceSystem>
          <code>2</code>
          <name>House floor actions</name>
        </sourceSystem>
        <committees />
      </item>
      <item>
        <actionDate>2019-01-17</actionDate>
        <actionTime>12:12:32</actionTime>
        <links />
        <text>On motion that the House suspend the rules and agree to the Senate amendments Agreed to by voice vote. (text: CR H696)</text>
        <type>ResolvingDifferences</type>
        <actionCode>H41610</actionCode>
        <sourceSystem>
          <code>2</code>
          <name>House floor actions</name>
        </sourceSystem>
        <committees />
      </item>
      <item>
        <actionDate>2019-01-17</actionDate>
        <links />
        <text>Resolving differences -- House actions: On motion that the House suspend the rules and agree to the Senate amendments Agreed to by voice vote.(text: CR H696)</text>
        <type>NotUsed</type>
        <actionCode>19500</actionCode>
        <sourceSystem>
          <code>9</code>
          <name>Library of Congress</name>
        </sourceSystem>
        <committees />
      </item>
      <item>
        <actionDate>2019-01-17</actionDate>
        <actionTime>12:01:42</actionTime>
        <links />
        <text>The House proceeded with forty minutes of debate on the motion to suspend the rules and agree to the Senate amendments to H.R. 251.</text>
        <type>Floor</type>
        <actionCode>H8D000</actionCode>
        <sourceSystem>
          <code>2</code>
          <name>House floor actions</name>
        </sourceSystem>
        <committees />
      </item>
      <item>
        <actionDate>2019-01-17</actionDate>
        <actionTime>12:01:02</actionTime>
        <links />
        <text>Mr. Thompson (MS) moved that the House suspend the rules and agree to the Senate amendments. (consideration: CR H696-698)</text>
        <type>ResolvingDifferences</type>
        <actionCode>H40140</actionCode>
        <sourceSystem>
          <code>2</code>
          <name>House floor actions</name>
        </sourceSystem>
        <committees />
      </item>
      <item>
        <actionDate>2019-01-16</actionDate>
        <committees />
        <links />
        <sourceSystem>
          <code>0</code>
          <name>Senate</name>
        </sourceSystem>
        <text>Message on Senate action sent to the House.</text>
        <type>Floor</type>
      </item>
      <item>
        <actionDate>2019-01-16</actionDate>
        <committees />
        <links />
        <sourceSystem>
          <code>0</code>
          <name>Senate</name>
        </sourceSystem>
        <text>Passed Senate with an amendment and an amendment to the Title by Unanimous Consent.</text>
        <type>Floor</type>
      </item>
      <item>
        <actionDate>2019-01-16</actionDate>
        <links />
        <text>Passed/agreed to in Senate: Passed Senate with an amendment and an amendment to the Title by Unanimous Consent.</text>
        <type>Floor</type>
        <actionCode>17000</actionCode>
        <sourceSystem>
          <code>9</code>
          <name>Library of Congress</name>
        </sourceSystem>
        <committees />
      </item>
      <item>
        <actionDate>2019-01-16</actionDate>
        <committees />
        <links />
        <sourceSystem>
          <code>0</code>
          <name>Senate</name>
        </sourceSystem>
        <text>Measure laid before Senate by unanimous consent. (consideration: CR S279)</text>
        <type>Floor</type>
      </item>
      <item>
        <actionDate>2019-01-10</actionDate>
        <committees />
        <links />
        <sourceSystem>
          <code>0</code>
          <name>Senate</name>
        </sourceSystem>
        <text>Read the second time. Placed on Senate Legislative Calendar under General Orders. Calendar No. 8.</text>
        <type>Calendars</type>
      </item>
      <item>
        <actionDate>2019-01-09</actionDate>
        <committees />
        <links />
        <sourceSystem>
          <code>0</code>
          <name>Senate</name>
        </sourceSystem>
        <text>Received in the Senate. Read the first time. Placed on Senate Legislative Calendar under Read the First Time.</text>
        <type>Calendars</type>
      </item>
      <item>
        <actionDate>2019-01-08</actionDate>
        <actionTime>19:18:48</actionTime>
        <links />
        <text>Motion to reconsider laid on the table Agreed to without objection.</text>
        <type>Floor</type>
        <actionCode>H38310</actionCode>
        <sourceSystem>
          <code>2</code>
          <name>House floor actions</name>
        </sourceSystem>
        <committees />
      </item>
      <item>
        <actionDate>2019-01-08</actionDate>
        <actionTime>19:18:47</actionTime>
        <links />
        <text>On motion to suspend the rules and pass the bill Agreed to by the Yeas and Nays: (2/3 required): 414 - 3 (Roll no. 14). (text: CR H266)</text>
        <type>Floor</type>
        <actionCode>H37300</actionCode>
        <sourceSystem>
          <code>2</code>
          <name>House floor actions</name>
        </sourceSystem>
        <committees />
      </item>
      <item>
        <actionDate>2019-01-08</actionDate>
        <actionTime>19:18:47</actionTime>
        <links />
        <text>Passed/agreed to in House: On motion to suspend the rules and pass the bill Agreed to by the Yeas and Nays: (2/3 required): 414 - 3 (Roll no. 14).(text: CR H266)</text>
        <type>Floor</type>
        <actionCode>8000</actionCode>
        <sourceSystem>
          <code>9</code>
          <name>Library of Congress</name>
        </sourceSystem>
        <committees />
      </item>
      <item>
        <actionDate>2019-01-08</actionDate>
        <actionTime>19:08:33</actionTime>
        <links />
        <text>Considered as unfinished business. (consideration: CR H276-277)</text>
        <type>Floor</type>
        <actionCode>H30000</actionCode>
        <sourceSystem>
          <code>2</code>
          <name>House floor actions</name>
        </sourceSystem>
        <committees />
      </item>
      <item>
        <actionDate>2019-01-08</actionDate>
        <actionTime>17:00:36</actionTime>
        <links />
        <text>At the conclusion of debate, the Yeas and Nays were demanded and ordered. Pursuant to the provisions of clause 8, rule XX, the Chair announced that further proceedings on the motion would be postponed.</text>
        <type>Floor</type>
        <actionCode>H37220</actionCode>
        <sourceSystem>
          <code>2</code>
          <name>House floor actions</name>
        </sourceSystem>
        <committees />
      </item>
      <item>
        <actionDate>2019-01-08</actionDate>
        <actionTime>16:37:47</actionTime>
        <links />
        <text>DEBATE - The House proceeded with forty minutes of debate on H.R. 251.</text>
        <type>Floor</type>
        <actionCode>H8D000</actionCode>
        <sourceSystem>
          <code>2</code>
          <name>House floor actions</name>
        </sourceSystem>
        <committees />
      </item>
      <item>
        <actionDate>2019-01-08</actionDate>
        <actionTime>16:37:45</actionTime>
        <links />
        <text>Considered under suspension of the rules. (consideration: CR H266-270)</text>
        <type>Floor</type>
        <actionCode>H30000</actionCode>
        <sourceSystem>
          <code>2</code>
          <name>House floor actions</name>
        </sourceSystem>
        <committees />
      </item>
      <item>
        <actionDate>2019-01-08</actionDate>
        <actionTime>16:36:44</actionTime>
        <links />
        <text>Mr. Thompson (MS) moved to suspend the rules and pass the bill.</text>
        <type>Floor</type>
        <actionCode>H30300</actionCode>
        <sourceSystem>
          <code>2</code>
          <name>House floor actions</name>
        </sourceSystem>
        <committees />
      </item>
      <item>
        <actionDate>2019-01-04</actionDate>
        <links />
        <text>Referred to the Committee on Homeland Security, and in addition to the Committee on Energy and Commerce, for a period to be subsequently determined by the Speaker, in each case for consideration of such provisions as fall within the jurisdiction of the committee concerned.</text>
        <type>IntroReferral</type>
        <actionCode>H11100</actionCode>
        <sourceSystem>
          <code>2</code>
          <name>House floor actions</name>
        </sourceSystem>
        <committees>
          <item>
            <systemCode>hsif00</systemCode>
            <name>Energy and Commerce Committee</name>
          </item>
        </committees>
      </item>
      <item>
        <actionDate>2019-01-04</actionDate>
        <links />
        <text>Referred to the Committee on Homeland Security, and in addition to the Committee on Energy and Commerce, for a period to be subsequently determined by the Speaker, in each case for consideration of such provisions as fall within the jurisdiction of the committee concerned.</text>
        <type>IntroReferral</type>
        <actionCode>H11100</actionCode>
        <sourceSystem>
          <code>2</code>
          <name>House floor actions</name>
        </sourceSystem>
        <committees>
          <item>
            <systemCode>hshm00</systemCode>
            <name>Homeland Security Committee</name>
          </item>
        </committees>
      </item>
      <item>
        <actionDate>2019-01-04</actionDate>
        <links />
        <text>Introduced in House</text>
        <type>IntroReferral</type>
        <actionCode>Intro-H</actionCode>
        <sourceSystem>
          <code>9</code>
          <name>Library of Congress</name>
        </sourceSystem>
        <committees />
      </item>
      <item>
        <actionDate>2019-01-04</actionDate>
        <links />
        <text>Introduced in House</text>
        <type>IntroReferral</type>
        <actionCode>1000</actionCode>
        <sourceSystem>
          <code>9</code>
          <name>Library of Congress</name>
        </sourceSystem>
        <committees />
      </item>
      <actionTypeCounts>
        <publicLawOrPrivateLaw>1</publicLawOrPrivateLaw>
        <becamePublicLaw>2</becamePublicLaw>
        <signedByPresidentOrSentToArchivistOfTheUnitedStatesUnsignedOrVetoedByPresidentOrPocketVetoedByPresident>1</signedByPresidentOrSentToArchivistOfTheUnitedStatesUnsignedOrVetoedByPresidentOrPocketVetoedByPresident>
        <presentedToPresident>2</presentedToPresident>
        <motionToReconsiderResults>2</motionToReconsiderResults>
        <voteOnHouseAgreeingToTheSenateAction>1</voteOnHouseAgreeingToTheSenateAction>
        <resolvingDifferencesHouseActions>1</resolvingDifferencesHouseActions>
        <generalDebate>2</generalDebate>
        <lastSenateActionBeingConsideredUnderSuspensionOfTheRules>1</lastSenateActionBeingConsideredUnderSuspensionOfTheRules>
        <sentToHouse>1</sentToHouse>
        <passedSenate>1</passedSenate>
        <passedAgreedToInSenate>1</passedAgreedToInSenate>
        <measureLaidBeforeSenate>1</measureLaidBeforeSenate>
        <placedOnCalendarSection>2</placedOnCalendarSection>
        <finalPassageUnderSuspensionOfTheRulesResults>1</finalPassageUnderSuspensionOfTheRulesResults>
        <passedAgreedToInHouse>1</passedAgreedToInHouse>
        <considerationByHouse>2</considerationByHouse>
        <placeholderTextForH>1</placeholderTextForH>
        <motionMadeToSuspendTheRules>1</motionMadeToSuspendTheRules>
        <billReferrals>2</billReferrals>
        <introducedInTheHouse>1</introducedInTheHouse>
        <introducedInHouse>1</introducedInHouse>
      </actionTypeCounts>
      <actionByCounts>
        <houseOfRepresentatives>17</houseOfRepresentatives>
        <senate>6</senate>
      </actionByCounts>
    </actions>
    <sponsors>
      <item>
        <bioguideId>T000193</bioguideId>
        <fullName>Rep. Thompson, Bennie G. [D-MS-2]</fullName>
        <firstName>BENNIE</firstName>
        <middleName />
        <lastName>THOMPSON</lastName>
        <party>D</party>
        <state>MS</state>
        <identifiers>
          <lisID>1151</lisID>
          <bioguideId>T000193</bioguideId>
          <gpoId>8020</gpoId>
        </identifiers>
        <district>2</district>
        <byRequestType />
      </item>
    </sponsors>
    <cosponsors>
      <item>
        <bioguideId>R000575</bioguideId>
        <fullName>Rep. Rogers, Mike D. [R-AL-3]</fullName>
        <firstName>Mike</firstName>
        <middleName />
        <lastName>Rogers</lastName>
        <party>R</party>
        <state>AL</state>
        <identifiers>
          <lisID>1704</lisID>
          <bioguideId>R000575</bioguideId>
          <gpoId>7788</gpoId>
        </identifiers>
        <district>3</district>
        <sponsorshipDate>2019-01-04</sponsorshipDate>
        <isOriginalCosponsor>True</isOriginalCosponsor>
        <sponsorshipWithdrawnDate />
      </item>
      <item>
        <bioguideId>P000034</bioguideId>
        <fullName>Rep. Pallone, Frank, Jr. [D-NJ-6]</fullName>
        <firstName>FRANK</firstName>
        <middleName />
        <lastName>PALLONE</lastName>
        <party>D</party>
        <state>NJ</state>
        <identifiers>
          <lisID>887</lisID>
          <bioguideId>P000034</bioguideId>
          <gpoId>8048</gpoId>
        </identifiers>
        <district>6</district>
        <sponsorshipDate>2019-01-04</sponsorshipDate>
        <isOriginalCosponsor>True</isOriginalCosponsor>
        <sponsorshipWithdrawnDate />
      </item>
      <item>
        <bioguideId>W000791</bioguideId>
        <fullName>Rep. Walden, Greg [R-OR-2]</fullName>
        <firstName>GREG</firstName>
        <middleName />
        <lastName>WALDEN</lastName>
        <party>R</party>
        <state>OR</state>
        <identifiers>
          <lisID>1596</lisID>
          <bioguideId>W000791</bioguideId>
          <gpoId>8115</gpoId>
        </identifiers>
        <district>2</district>
        <sponsorshipDate>2019-01-04</sponsorshipDate>
        <isOriginalCosponsor>True</isOriginalCosponsor>
        <sponsorshipWithdrawnDate />
      </item>
      <item>
        <bioguideId>R000588</bioguideId>
        <fullName>Rep. Richmond, Cedric L. [D-LA-2]</fullName>
        <firstName>Cedric</firstName>
        <middleName>L.</middleName>
        <lastName>Richmond</lastName>
        <party>D</party>
        <state>LA</state>
        <identifiers>
          <lisID>2023</lisID>
          <bioguideId>R000588</bioguideId>
          <gpoId>7960</gpoId>
        </identifiers>
        <district>2</district>
        <sponsorshipDate>2019-01-04</sponsorshipDate>
        <isOriginalCosponsor>True</isOriginalCosponsor>
        <sponsorshipWithdrawnDate />
      </item>
      <item>
        <bioguideId>R000601</bioguideId>
        <fullName>Rep. Ratcliffe, John [R-TX-4]</fullName>
        <firstName>John</firstName>
        <middleName />
        <lastName>Ratcliffe</lastName>
        <party>R</party>
        <state>TX</state>
        <identifiers>
          <lisID>2268</lisID>
          <bioguideId>R000601</bioguideId>
          <gpoId />
        </identifiers>
        <district>4</district>
        <sponsorshipDate>2019-01-04</sponsorshipDate>
        <isOriginalCosponsor>True</isOriginalCosponsor>
        <sponsorshipWithdrawnDate />
      </item>
      <item>
        <bioguideId>T000469</bioguideId>
        <fullName>Rep. Tonko, Paul [D-NY-20]</fullName>
        <firstName>Paul</firstName>
        <middleName />
        <lastName>Tonko</lastName>
        <party>D</party>
        <state>NY</state>
        <identifiers>
          <lisID>1942</lisID>
          <bioguideId>T000469</bioguideId>
          <gpoId>8082</gpoId>
        </identifiers>
        <district>20</district>
        <sponsorshipDate>2019-01-04</sponsorshipDate>
        <isOriginalCosponsor>True</isOriginalCosponsor>
        <sponsorshipWithdrawnDate />
      </item>
      <item>
        <bioguideId>S000364</bioguideId>
        <fullName>Rep. Shimkus, John [R-IL-15]</fullName>
        <firstName>JOHN</firstName>
        <middleName>M.</middleName>
        <lastName>SHIMKUS</lastName>
        <party>R</party>
        <state>IL</state>
        <identifiers>
          <lisID>1527</lisID>
          <bioguideId>S000364</bioguideId>
          <gpoId>7939</gpoId>
        </identifiers>
        <district>15</district>
        <sponsorshipDate>2019-01-04</sponsorshipDate>
        <isOriginalCosponsor>True</isOriginalCosponsor>
        <sponsorshipWithdrawnDate />
      </item>
    </cosponsors>
    <cboCostEstimates />
    <laws>
      <item>
        <type>Public Law</type>
        <number>116-2</number>
      </item>
    </laws>
    <notes />
    <policyArea>
      <name>Emergency Management</name>
    </policyArea>
    <subjects>
      <billSubjects>
        <legislativeSubjects>
          <item>
            <name>Administrative law and regulatory procedures</name>
          </item>
          <item>
            <name>Civil actions and liability</name>
          </item>
          <item>
            <name>Criminal justice information and records</name>
          </item>
          <item>
            <name>Department of Homeland Security</name>
          </item>
          <item>
            <name>Hazardous wastes and toxic substances</name>
          </item>
          <item>
            <name>Homeland security</name>
          </item>
          <item>
            <name>Industrial facilities</name>
          </item>
          <item>
            <name>Performance measurement</name>
          </item>
          <item>
            <name>Personnel records</name>
          </item>
          <item>
            <name>Terrorism</name>
          </item>
        </legislativeSubjects>
        <policyArea>
          <name>Emergency Management</name>
        </policyArea>
      </billSubjects>
    </subjects>
    <summaries>
      <billSummaries>
        <item>
          <versionCode>00</versionCode>
          <actionDate>2019-01-04</actionDate>
          <actionDesc>Introduced in House</actionDesc>
          <lastSummaryUpdateDate>2019-01-09T14:57:41Z</lastSummaryUpdateDate>
          <text><![CDATA[<p><b>Chemical Facility Anti-Terrorism Standards Program Extension Act</b></p> <p>This bill extends by two years the Department of Homeland Security's Chemical Facility Anti-Terrorism Standards Program.</p>]]></text>
          <updateDate>2019-01-04T05:00:00Z</updateDate>
          <name>Introduced in House</name>
        </item>
        <item>
          <versionCode>53</versionCode>
          <actionDate>2019-01-08</actionDate>
          <actionDesc>Passed House</actionDesc>
          <lastSummaryUpdateDate>2019-01-28T21:47:33Z</lastSummaryUpdateDate>
          <text><![CDATA[<p><b>Chemical Facility Anti-Terrorism Standards Program Extension Act</b></p> <p>This bill extends by two years the Department of Homeland Security's Chemical Facility Anti-Terrorism Standards Program.</p>]]></text>
          <updateDate>2019-01-08T14:31:13Z</updateDate>
          <name>Passed House</name>
        </item>
        <item>
          <versionCode>55</versionCode>
          <actionDate>2019-01-16</actionDate>
          <actionDesc>Passed Senate</actionDesc>
          <lastSummaryUpdateDate>2019-01-29T15:27:35Z</lastSummaryUpdateDate>
          <text><![CDATA[<p><b>Chemical Facility Anti-Terrorism Standards Program Extension Act</b></p> <p>This bill extends by 15 months the Department of Homeland Security's Chemical Facility Anti-Terrorism Standards Program.</p>]]></text>
          <updateDate>2019-01-16T13:58:59Z</updateDate>
          <name>Passed Senate</name>
        </item>
        <item>
          <versionCode>54</versionCode>
          <actionDate>2019-01-17</actionDate>
          <actionDesc>Passed House, 2nd occurrence</actionDesc>
          <lastSummaryUpdateDate>2019-01-29T15:27:21Z</lastSummaryUpdateDate>
          <text><![CDATA[<p><b>Chemical Facility Anti-Terrorism Standards Program Extension Act</b></p> <p>This bill extends by 15 months the Department of Homeland Security's Chemical Facility Anti-Terrorism Standards Program.</p>]]></text>
          <updateDate>2019-01-17T15:58:04Z</updateDate>
          <name>Passed House, 2nd occurrence</name>
        </item>
        <item>
          <versionCode>49</versionCode>
          <actionDate>2019-01-18</actionDate>
          <actionDesc>Public Law</actionDesc>
          <lastSummaryUpdateDate>2019-01-29T15:27:47Z</lastSummaryUpdateDate>
          <text><![CDATA[<p><b>Chemical Facility Anti-Terrorism Standards Program Extension Act</b></p> <p>This bill extends by 15 months the Department of Homeland Security's Chemical Facility Anti-Terrorism Standards Program.</p>]]></text>
          <updateDate>2019-01-19T04:59:58Z</updateDate>
          <name>Public Law</name>
        </item>
      </billSummaries>
    </summaries>
    <title>Chemical Facility Anti-Terrorism Standards Program Extension Act</title>
    <titles>
      <item>
        <titleType>Official Title as Introduced</titleType>
        <parentTitleType />
        <title>To extend by two years the Chemical Facility Anti-Terrorism Standards Program of the Department of Homeland Security, and for other purposes.</title>
        <chamberCode />
        <chamberName />
      </item>
      <item>
        <titleType>Official Titles as Amended by House</titleType>
        <parentTitleType>Official Titles House of Representatives</parentTitleType>
        <title>To extend by 15 months the Chemical Facility Anti-Terrorism Standards Program of the Department of Homeland Security, and for other purposes.</title>
        <chamberCode>H</chamberCode>
        <chamberName>House</chamberName>
      </item>
      <item>
        <titleType>Official Titles as Amended by Senate</titleType>
        <parentTitleType>Official Titles Senate</parentTitleType>
        <title>An Act to extend by 15 months the Chemical Facility Anti-Terrorism Standards Program of the Department of Homeland Security, and for other purposes.</title>
        <chamberCode>S</chamberCode>
        <chamberName>Senate</chamberName>
      </item>
      <item>
        <titleType>Short Titles as Passed House</titleType>
        <parentTitleType>Short Titles House of Representatives</parentTitleType>
        <title>Chemical Facility Anti-Terrorism Standards Program Extension Act</title>
        <chamberCode>H</chamberCode>
        <chamberName>House</chamberName>
      </item>
      <item>
        <titleType>Short Titles as Passed Senate</titleType>
        <parentTitleType>Short Titles Senate</parentTitleType>
        <title>Chemical Facility Anti-Terrorism Standards Program Extension Act</title>
        <chamberCode>S</chamberCode>
        <chamberName>Senate</chamberName>
      </item>
      <item>
        <titleType>Short Titles as Enacted</titleType>
        <parentTitleType>Short Title</parentTitleType>
        <title>Chemical Facility Anti-Terrorism Standards Program Extension Act</title>
        <chamberCode />
        <chamberName />
      </item>
      <item>
        <titleType>Other Short Titles</titleType>
        <parentTitleType>Short Title</parentTitleType>
        <title>Chemical Facility Anti-Terrorism Standards Program Extension Act</title>
        <chamberCode />
        <chamberName />
      </item>
      <item>
        <titleType>Display Title</titleType>
        <parentTitleType />
        <title>Chemical Facility Anti-Terrorism Standards Program Extension Act</title>
        <chamberCode />
        <chamberName />
      </item>
      <item>
        <titleType>Short Title(s) as Introduced</titleType>
        <parentTitleType>Short Title</parentTitleType>
        <title>Chemical Facility Anti-Terrorism Standards Program Extension Act</title>
        <chamberCode />
        <chamberName />
      </item>
    </titles>
    <amendments>
      <amendment>
        <number>4</number>
        <description />
        <purpose>To amend the title.</purpose>
        <congress>116</congress>
        <type>SAMDT</type>
        <latestAction>
          <actionDate>2019-01-16</actionDate>
          <text>Amendment SA 4 agreed to in Senate by Unanimous Consent.</text>
        </latestAction>
        <number>4</number>
        <description />
        <purpose>To amend the title.</purpose>
        <congress>116</congress>
        <type>SAMDT</type>
        <createDate>2019-01-17T05:31:06Z</createDate>
        <updateDate>2020-12-15T15:28:57Z</updateDate>
        <sponsors>
          <item>
            <bioguideId>J000293</bioguideId>
            <fullName>Sen. Johnson, Ron [R-WI]</fullName>
            <firstName>Ron</firstName>
            <middleName />
            <lastName>Johnson</lastName>
            <party>R</party>
            <state>WI</state>
            <identifiers>
              <lisID>2086</lisID>
              <bioguideId>J000293</bioguideId>
              <gpoId>8355</gpoId>
            </identifiers>
          </item>
        </sponsors>
        <cosponsors>
          <totalCount>1</totalCount>
          <currentCount>1</currentCount>
          <item>
            <bioguideId>P000595</bioguideId>
            <fullName>Sen. Peters, Gary C. [D-MI]</fullName>
            <firstName>Gary</firstName>
            <middleName>C.</middleName>
            <lastName>Peters</lastName>
            <party>D</party>
            <state>MI</state>
            <identifiers>
              <lisID>1929</lisID>
              <bioguideId>P000595</bioguideId>
              <gpoId>7994</gpoId>
            </identifiers>
            <sponsorshipDate>2019-01-16</sponsorshipDate>
            <isOriginalCosponsor>True</isOriginalCosponsor>
            <sponsorshipWithdrawnDate />
          </item>
        </cosponsors>
        <titles />
        <proposedDate>2019-01-16T05:00:00Z</proposedDate>
        <submittedDate>2019-01-16T05:00:00Z</submittedDate>
        <chamber>Senate</chamber>
        <amendedBill>
          <congress>116</congress>
          <type>HR</type>
          <originChamber>House</originChamber>
          <originChamberCode>H</originChamberCode>
          <number>251</number>
          <title>Chemical Facility Anti-Terrorism Standards Program Extension Act</title>
        </amendedBill>
        <amendedAmendment />
        <amendments>
          <count>0</count>
        </amendments>
        <links />
        <notes />
        <actions>
          <count>6</count>
          <actions>
            <item>
              <actionDate>2019-01-16</actionDate>
              <links />
              <sourceSystem>
                <code>0</code>
                <name>Senate</name>
              </sourceSystem>
              <text>Amendment SA 4 agreed to in Senate by Unanimous Consent.</text>
              <type>Floor</type>
            </item>
            <item>
              <actionDate>2019-01-16</actionDate>
              <links />
              <sourceSystem>
                <code>0</code>
                <name>Senate</name>
              </sourceSystem>
              <text>Amendment SA 4 proposed by Senator McConnell for Senator Johnson. (consideration: CR S279; text: CR S279) To amend the title.</text>
              <type>Floor</type>
            </item>
            <item>
              <actionDate>2019-01-16</actionDate>
              <links />
              <text />
            </item>
            <item>
              <actionDate>2019-01-16</actionDate>
              <links />
              <text>Senate amendment agreed to: Amendment SA 4 agreed to in Senate by Unanimous Consent.</text>
              <type>Floor</type>
              <actionCode>94000</actionCode>
              <sourceSystem>
                <code>9</code>
                <name>Library of Congress</name>
              </sourceSystem>
              <committee />
            </item>
            <item>
              <actionDate>2019-01-16</actionDate>
              <links />
              <text>Senate amendment submitted</text>
              <type>Floor</type>
              <actionCode>91000</actionCode>
              <sourceSystem>
                <code>9</code>
                <name>Library of Congress</name>
              </sourceSystem>
              <committee />
            </item>
            <item>
              <actionDate>2019-01-16</actionDate>
              <links />
              <text>Senate amendment proposed (on the floor): Amendment SA 4 proposed by Senator McConnell for Senator Johnson.</text>
              <type>Floor</type>
              <actionCode>93000</actionCode>
              <sourceSystem>
                <code>9</code>
                <name>Library of Congress</name>
              </sourceSystem>
              <committee />
            </item>
          </actions>
          <actionTypeCounts>
            <amendmentAgreedTo>1</amendmentAgreedTo>
            <amendmentProposed>1</amendmentProposed>
            <senateAmendmentAgreedTo>1</senateAmendmentAgreedTo>
            <senateAmendmentSubmitted>1</senateAmendmentSubmitted>
            <senateAmendmentProposedOnTheFloor>1</senateAmendmentProposedOnTheFloor>
          </actionTypeCounts>
          <actionByCounts>
            <senate>5</senate>
          </actionByCounts>
        </actions>
        <version>1.0.0</version>
      </amendment>
      <amendment>
        <number>3</number>
        <description />
        <purpose>To extend by 15 months the Chemical Facility Anti-Terrorism Standards Program of the Department of Homeland Security.</purpose>
        <congress>116</congress>
        <type>SAMDT</type>
        <latestAction>
          <actionDate>2019-01-16</actionDate>
          <text>Amendment SA 3 agreed to in Senate by Unanimous Consent.</text>
        </latestAction>
        <number>3</number>
        <description />
        <purpose>To extend by 15 months the Chemical Facility Anti-Terrorism Standards Program of the Department of Homeland Security.</purpose>
        <congress>116</congress>
        <type>SAMDT</type>
        <createDate>2019-01-17T05:31:05Z</createDate>
        <updateDate>2020-12-15T15:28:57Z</updateDate>
        <sponsors>
          <item>
            <bioguideId>J000293</bioguideId>
            <fullName>Sen. Johnson, Ron [R-WI]</fullName>
            <firstName>Ron</firstName>
            <middleName />
            <lastName>Johnson</lastName>
            <party>R</party>
            <state>WI</state>
            <identifiers>
              <lisID>2086</lisID>
              <bioguideId>J000293</bioguideId>
              <gpoId>8355</gpoId>
            </identifiers>
          </item>
        </sponsors>
        <cosponsors>
          <totalCount>1</totalCount>
          <currentCount>1</currentCount>
          <item>
            <bioguideId>P000595</bioguideId>
            <fullName>Sen. Peters, Gary C. [D-MI]</fullName>
            <firstName>Gary</firstName>
            <middleName>C.</middleName>
            <lastName>Peters</lastName>
            <party>D</party>
            <state>MI</state>
            <identifiers>
              <lisID>1929</lisID>
              <bioguideId>P000595</bioguideId>
              <gpoId>7994</gpoId>
            </identifiers>
            <sponsorshipDate>2019-01-16</sponsorshipDate>
            <isOriginalCosponsor>True</isOriginalCosponsor>
            <sponsorshipWithdrawnDate />
          </item>
        </cosponsors>
        <titles />
        <proposedDate>2019-01-16T05:00:00Z</proposedDate>
        <submittedDate>2019-01-16T05:00:00Z</submittedDate>
        <chamber>Senate</chamber>
        <amendedBill>
          <congress>116</congress>
          <type>HR</type>
          <originChamber>House</originChamber>
          <originChamberCode>H</originChamberCode>
          <number>251</number>
          <title>Chemical Facility Anti-Terrorism Standards Program Extension Act</title>
        </amendedBill>
        <amendedAmendment />
        <amendments>
          <count>0</count>
        </amendments>
        <links />
        <notes />
        <actions>
          <count>6</count>
          <actions>
            <item>
              <actionDate>2019-01-16</actionDate>
              <links />
              <sourceSystem>
                <code>0</code>
                <name>Senate</name>
              </sourceSystem>
              <text>Amendment SA 3 agreed to in Senate by Unanimous Consent.</text>
              <type>Floor</type>
            </item>
            <item>
              <actionDate>2019-01-16</actionDate>
              <links />
              <sourceSystem>
                <code>0</code>
                <name>Senate</name>
              </sourceSystem>
              <text>Amendment SA 3 proposed by Senator McConnell for Senator Johnson. (consideration: CR S279; text: CR S279) To extend by 15 months the Chemical Facility Anti-Terrorism Standards Program of the Department of Homeland Security.</text>
              <type>Floor</type>
            </item>
            <item>
              <actionDate>2019-01-16</actionDate>
              <links />
              <text />
            </item>
            <item>
              <actionDate>2019-01-16</actionDate>
              <links />
              <text>Senate amendment proposed (on the floor): Amendment SA 3 proposed by Senator McConnell for Senator Johnson.</text>
              <type>Floor</type>
              <actionCode>93000</actionCode>
              <sourceSystem>
                <code>9</code>
                <name>Library of Congress</name>
              </sourceSystem>
              <committee />
            </item>
            <item>
              <actionDate>2019-01-16</actionDate>
              <links />
              <text>Senate amendment agreed to: Amendment SA 3 agreed to in Senate by Unanimous Consent.</text>
              <type>Floor</type>
              <actionCode>94000</actionCode>
              <sourceSystem>
                <code>9</code>
                <name>Library of Congress</name>
              </sourceSystem>
              <committee />
            </item>
            <item>
              <actionDate>2019-01-16</actionDate>
              <links />
              <text>Senate amendment submitted</text>
              <type>Floor</type>
              <actionCode>91000</actionCode>
              <sourceSystem>
                <code>9</code>
                <name>Library of Congress</name>
              </sourceSystem>
              <committee />
            </item>
          </actions>
          <actionTypeCounts>
            <amendmentAgreedTo>1</amendmentAgreedTo>
            <amendmentProposed>1</amendmentProposed>
            <senateAmendmentProposedOnTheFloor>1</senateAmendmentProposedOnTheFloor>
            <senateAmendmentAgreedTo>1</senateAmendmentAgreedTo>
            <senateAmendmentSubmitted>1</senateAmendmentSubmitted>
          </actionTypeCounts>
          <actionByCounts>
            <senate>5</senate>
          </actionByCounts>
        </actions>
        <version>1.0.0</version>
      </amendment>
    </amendments>
    <textVersions>
      <item>
        <type>Enrolled Bill</type>
        <date />
        <formats>
          <item>
            <url>https://www.govinfo.gov/content/pkg/BILLS-116hr251enr/xml/BILLS-116hr251enr.xml</url>
          </item>
        </formats>
      </item>
      <item>
        <type>Engrossed Amendment Senate</type>
        <date>2019-01-16T05:00:00Z</date>
        <formats>
          <item>
            <url>https://www.govinfo.gov/content/pkg/BILLS-116hr251eas/xml/BILLS-116hr251eas.xml</url>
          </item>
        </formats>
      </item>
      <item>
        <type>Placed on Calendar Senate</type>
        <date>2019-01-10T05:00:00Z</date>
        <formats>
          <item>
            <url>https://www.govinfo.gov/content/pkg/BILLS-116hr251pcs/xml/BILLS-116hr251pcs.xml</url>
          </item>
        </formats>
      </item>
      <item>
        <type>Engrossed in House</type>
        <date>2019-01-08T05:00:00Z</date>
        <formats>
          <item>
            <url>https://www.govinfo.gov/content/pkg/BILLS-116hr251eh/xml/BILLS-116hr251eh.xml</url>
          </item>
        </formats>
      </item>
      <item>
        <type>Introduced in House</type>
        <date>2019-01-04T05:00:00Z</date>
        <formats>
          <item>
            <url>https://www.govinfo.gov/content/pkg/BILLS-116hr251ih/xml/BILLS-116hr251ih.xml</url>
          </item>
        </formats>
      </item>
    </textVersions>
    <latestAction>
      <actionDate>2019-01-18</actionDate>
      <text>Became Public Law No: 116-2.</text>
      <links />
    </latestAction>
    <calendarNumbers>
      <item>
        <calendar>Senate Calendar of Business</calendar>
        <number />
      </item>
      <item>
        <calendar>Senate Calendar of Business</calendar>
        <number>0008</number>
      </item>
    </calendarNumbers>
    <version>1.0.0</version>
  </bill>
  <dublinCore xmlns:dc="http://purl.org/dc/elements/1.1/">
    <dc:format>text/xml</dc:format>
    <dc:language>EN</dc:language>
    <dc:rights>Pursuant to Title 17 Section 105 of the United States Code, this file is not subject to copyright protection and is in the public domain.</dc:rights>
    <dc:contributor>Congressional Research Service, Library of Congress</dc:contributor>
    <dc:description>This file contains bill summaries and statuses for federal legislation. A bill summary describes the most significant provisions of a piece of legislation and details the effects the legislative text may have on current law and federal programs. Bill summaries are authored by the Congressional Research Service (CRS) of the Library of Congress. As stated in Public Law 91-510 (2 USC 166 (d)(6)), one of the duties of CRS is "to prepare summaries and digests of bills and resolutions of a public general nature introduced in the Senate or House of Representatives". For more information, refer to the User Guide that accompanies this file.</dc:description>
  </dublinCore>
</billStatus>

