<?xml version="1.0" encoding="UTF-8"?>
<billStatus>
  <bill>
    <billNumber>3483</billNumber>
    <createDate>2019-06-26T07:12:09Z</createDate>
    <updateDate>2021-09-24T14:45:39Z</updateDate>
    <originChamber>House</originChamber>
    <billType>HR</billType>
    <introducedDate>2019-06-25</introducedDate>
    <congress>116</congress>
    <constitutionalAuthorityStatementText><![CDATA[<pre>[Congressional Record Volume 165, Number 107 (Tuesday, June 25, 2019)][House]From the Congressional Record Online through the Government Publishing Office [<a href="http://www.gpo.gov">www.gpo.gov</a>]By Mr. RICHMOND:H.R. 3483.Congress has the power to enact this legislation pursuantto the following:This bill is introduced pursuant to the powers granted toCongress under the General Welfare Clause (Art. 1 Sec. 8 Cl.1), the Commerce Clause (Art. 1 Sec. 8 Cl. 3), and theNecessary and Proper Clause (Art. 1 Sec. 8 Cl. 18).Further, this statement of constitutional authority is madefor the sole purpose of compliance with clause 7 of Rule XIIof the Rules of the House of Representatives and shall haveno bearing on judicial review of the accompanying bill.[Page H5168]</pre>]]></constitutionalAuthorityStatementText>
    <recordedVotes />
    <committees>
      <billCommittees>
        <item>
          <systemCode>hsba00</systemCode>
          <name>Financial Services Committee</name>
          <chamber>House</chamber>
          <type>Standing</type>
          <subcommittees />
          <activities>
            <item>
              <name>Referred to</name>
              <date>2019-06-25T14:03:45Z</date>
            </item>
          </activities>
        </item>
      </billCommittees>
    </committees>
    <committeeReports />
    <relatedBills>
      <item>
        <latestTitle>Integration of Baseball Commemorative Coin Act</latestTitle>
        <congress>116</congress>
        <number>1954</number>
        <type>S</type>
        <latestAction>
          <actionDate>2019-06-25</actionDate>
          <text>Read twice and referred to the Committee on Banking, Housing, and Urban Affairs.</text>
        </latestAction>
        <relationshipDetails>
          <item>
            <type>Identical bill</type>
            <identifiedBy>CRS</identifiedBy>
          </item>
        </relationshipDetails>
      </item>
    </relatedBills>
    <actions>
      <item>
        <actionDate>2019-06-25</actionDate>
        <links />
        <text>Referred to the House Committee on Financial Services.</text>
        <type>IntroReferral</type>
        <actionCode>H11100</actionCode>
        <sourceSystem>
          <code>2</code>
          <name>House floor actions</name>
        </sourceSystem>
        <committees>
          <item>
            <systemCode>hsba00</systemCode>
            <name>Financial Services Committee</name>
          </item>
        </committees>
      </item>
      <item>
        <actionDate>2019-06-25</actionDate>
        <links />
        <text>Introduced in House</text>
        <type>IntroReferral</type>
        <actionCode>Intro-H</actionCode>
        <sourceSystem>
          <code>9</code>
          <name>Library of Congress</name>
        </sourceSystem>
        <committees />
      </item>
      <item>
        <actionDate>2019-06-25</actionDate>
        <links />
        <text>Introduced in House</text>
        <type>IntroReferral</type>
        <actionCode>1000</actionCode>
        <sourceSystem>
          <code>9</code>
          <name>Library of Congress</name>
        </sourceSystem>
        <committees />
      </item>
      <actionTypeCounts>
        <billReferrals>1</billReferrals>
        <introducedInTheHouse>1</introducedInTheHouse>
        <introducedInHouse>1</introducedInHouse>
      </actionTypeCounts>
      <actionByCounts>
        <houseOfRepresentatives>3</houseOfRepresentatives>
      </actionByCounts>
    </actions>
    <sponsors>
      <item>
        <bioguideId>R000588</bioguideId>
        <fullName>Rep. Richmond, Cedric L. [D-LA-2]</fullName>
        <firstName>Cedric</firstName>
        <middleName>L.</middleName>
        <lastName>Richmond</lastName>
        <party>D</party>
        <state>LA</state>
        <identifiers>
          <lisID>2023</lisID>
          <bioguideId>R000588</bioguideId>
          <gpoId>7960</gpoId>
        </identifiers>
        <district>2</district>
        <byRequestType />
      </item>
    </sponsors>
    <cosponsors>
      <item>
        <bioguideId>W000816</bioguideId>
        <fullName>Rep. Williams, Roger [R-TX-25]</fullName>
        <firstName>Roger</firstName>
        <middleName />
        <lastName>Williams</lastName>
        <party>R</party>
        <state>TX</state>
        <identifiers>
          <lisID>2165</lisID>
          <bioguideId>W000816</bioguideId>
          <gpoId />
        </identifiers>
        <district>25</district>
        <sponsorshipDate>2019-06-25</sponsorshipDate>
        <isOriginalCosponsor>True</isOriginalCosponsor>
        <sponsorshipWithdrawnDate />
      </item>
      <item>
        <bioguideId>D000630</bioguideId>
        <fullName>Rep. Delgado, Antonio [D-NY-19]</fullName>
        <firstName>Antonio</firstName>
        <middleName />
        <lastName>Delgado</lastName>
        <party>D</party>
        <state>NY</state>
        <identifiers>
          <lisID>2428</lisID>
          <bioguideId>D000630</bioguideId>
          <gpoId />
        </identifiers>
        <district>19</district>
        <sponsorshipDate>2019-06-25</sponsorshipDate>
        <isOriginalCosponsor>True</isOriginalCosponsor>
        <sponsorshipWithdrawnDate />
      </item>
      <item>
        <bioguideId>K000386</bioguideId>
        <fullName>Rep. Katko, John [R-NY-24]</fullName>
        <firstName>John</firstName>
        <middleName />
        <lastName>Katko</lastName>
        <party>R</party>
        <state>NY</state>
        <identifiers>
          <lisID>2264</lisID>
          <bioguideId>K000386</bioguideId>
          <gpoId />
        </identifiers>
        <district>24</district>
        <sponsorshipDate>2019-06-25</sponsorshipDate>
        <isOriginalCosponsor>True</isOriginalCosponsor>
        <sponsorshipWithdrawnDate />
      </item>
      <item>
        <bioguideId>D000482</bioguideId>
        <fullName>Rep. Doyle, Michael F. [D-PA-18]</fullName>
        <firstName>MIKE</firstName>
        <middleName />
        <lastName>DOYLE</lastName>
        <party>D</party>
        <state>PA</state>
        <identifiers>
          <lisID>316</lisID>
          <bioguideId>D000482</bioguideId>
          <gpoId>8132</gpoId>
        </identifiers>
        <district>18</district>
        <sponsorshipDate>2019-06-25</sponsorshipDate>
        <isOriginalCosponsor>True</isOriginalCosponsor>
        <sponsorshipWithdrawnDate />
      </item>
      <item>
        <bioguideId>C001124</bioguideId>
        <fullName>Rep. Cox, TJ [D-CA-21]</fullName>
        <firstName>TJ</firstName>
        <middleName />
        <lastName>Cox</lastName>
        <party>D</party>
        <state>CA</state>
        <identifiers>
          <lisID>2378</lisID>
          <bioguideId>C001124</bioguideId>
          <gpoId />
        </identifiers>
        <district>21</district>
        <sponsorshipDate>2019-06-25</sponsorshipDate>
        <isOriginalCosponsor>True</isOriginalCosponsor>
        <sponsorshipWithdrawnDate />
      </item>
      <item>
        <bioguideId>C000754</bioguideId>
        <fullName>Rep. Cooper, Jim [D-TN-5]</fullName>
        <firstName>JAMES</firstName>
        <middleName>H.</middleName>
        <lastName>COOPER</lastName>
        <party>D</party>
        <state>TN</state>
        <identifiers>
          <lisID>231</lisID>
          <bioguideId>C000754</bioguideId>
          <gpoId>8152</gpoId>
        </identifiers>
        <district>5</district>
        <sponsorshipDate>2019-06-25</sponsorshipDate>
        <isOriginalCosponsor>True</isOriginalCosponsor>
        <sponsorshipWithdrawnDate />
      </item>
      <item>
        <bioguideId>R000577</bioguideId>
        <fullName>Rep. Ryan, Tim [D-OH-13]</fullName>
        <firstName>TIM</firstName>
        <middleName />
        <lastName>RYAN</lastName>
        <party>D</party>
        <state>OH</state>
        <identifiers>
          <lisID>1756</lisID>
          <bioguideId>R000577</bioguideId>
          <gpoId>8107</gpoId>
        </identifiers>
        <district>13</district>
        <sponsorshipDate>2019-06-25</sponsorshipDate>
        <isOriginalCosponsor>True</isOriginalCosponsor>
        <sponsorshipWithdrawnDate />
      </item>
      <item>
        <bioguideId>N000147</bioguideId>
        <fullName>Del. Norton, Eleanor Holmes [D-DC-At Large]</fullName>
        <firstName>ELEANOR</firstName>
        <middleName>HOLMES</middleName>
        <lastName>NORTON</lastName>
        <party>D</party>
        <state>DC</state>
        <identifiers>
          <lisID>868</lisID>
          <bioguideId>N000147</bioguideId>
          <gpoId>7871</gpoId>
        </identifiers>
        <district>0</district>
        <sponsorshipDate>2019-06-25</sponsorshipDate>
        <isOriginalCosponsor>True</isOriginalCosponsor>
        <sponsorshipWithdrawnDate />
      </item>
      <item>
        <bioguideId>R000599</bioguideId>
        <fullName>Rep. Ruiz, Raul [D-CA-36]</fullName>
        <firstName>Raul</firstName>
        <middleName />
        <lastName>Ruiz</lastName>
        <party>D</party>
        <state>CA</state>
        <identifiers>
          <lisID>2109</lisID>
          <bioguideId>R000599</bioguideId>
          <gpoId />
        </identifiers>
        <district>36</district>
        <sponsorshipDate>2019-06-25</sponsorshipDate>
        <isOriginalCosponsor>True</isOriginalCosponsor>
        <sponsorshipWithdrawnDate />
      </item>
      <item>
        <bioguideId>V000132</bioguideId>
        <fullName>Rep. Vela, Filemon [D-TX-34]</fullName>
        <firstName>Filemon</firstName>
        <middleName />
        <lastName>Vela</lastName>
        <party>D</party>
        <state>TX</state>
        <identifiers>
          <lisID>2167</lisID>
          <bioguideId>V000132</bioguideId>
          <gpoId />
        </identifiers>
        <district>34</district>
        <sponsorshipDate>2019-06-25</sponsorshipDate>
        <isOriginalCosponsor>True</isOriginalCosponsor>
        <sponsorshipWithdrawnDate />
      </item>
      <item>
        <bioguideId>E000179</bioguideId>
        <fullName>Rep. Engel, Eliot L. [D-NY-16]</fullName>
        <firstName>ELIOT</firstName>
        <middleName>L.</middleName>
        <lastName>ENGEL</lastName>
        <party>D</party>
        <state>NY</state>
        <identifiers>
          <lisID>344</lisID>
          <bioguideId>E000179</bioguideId>
          <gpoId>8078</gpoId>
        </identifiers>
        <district>16</district>
        <sponsorshipDate>2019-06-25</sponsorshipDate>
        <isOriginalCosponsor>True</isOriginalCosponsor>
        <sponsorshipWithdrawnDate />
      </item>
      <item>
        <bioguideId>J000288</bioguideId>
        <fullName>Rep. Johnson, Henry C. "Hank," Jr. [D-GA-4]</fullName>
        <firstName>Henry</firstName>
        <middleName>C. "Hank"</middleName>
        <lastName>Johnson</lastName>
        <party>D</party>
        <state>GA</state>
        <identifiers>
          <lisID>1843</lisID>
          <bioguideId>J000288</bioguideId>
          <gpoId>7901</gpoId>
        </identifiers>
        <district>4</district>
        <sponsorshipDate>2019-06-25</sponsorshipDate>
        <isOriginalCosponsor>True</isOriginalCosponsor>
        <sponsorshipWithdrawnDate />
      </item>
      <item>
        <bioguideId>D000627</bioguideId>
        <fullName>Rep. Demings, Val Butler [D-FL-10]</fullName>
        <firstName>Val</firstName>
        <middleName>Butler</middleName>
        <lastName>Demings</lastName>
        <party>D</party>
        <state>FL</state>
        <identifiers>
          <lisID>2320</lisID>
          <bioguideId>D000627</bioguideId>
          <gpoId />
        </identifiers>
        <district>10</district>
        <sponsorshipDate>2019-06-25</sponsorshipDate>
        <isOriginalCosponsor>True</isOriginalCosponsor>
        <sponsorshipWithdrawnDate />
      </item>
      <item>
        <bioguideId>K000389</bioguideId>
        <fullName>Rep. Khanna, Ro [D-CA-17]</fullName>
        <firstName>Ro</firstName>
        <middleName />
        <lastName>Khanna</lastName>
        <party>D</party>
        <state>CA</state>
        <identifiers>
          <lisID>2308</lisID>
          <bioguideId>K000389</bioguideId>
          <gpoId />
        </identifiers>
        <district>17</district>
        <sponsorshipDate>2019-06-25</sponsorshipDate>
        <isOriginalCosponsor>True</isOriginalCosponsor>
        <sponsorshipWithdrawnDate />
      </item>
      <item>
        <bioguideId>K000385</bioguideId>
        <fullName>Rep. Kelly, Robin L. [D-IL-2]</fullName>
        <firstName>Robin</firstName>
        <middleName>L.</middleName>
        <lastName>Kelly</lastName>
        <party>D</party>
        <state>IL</state>
        <identifiers>
          <lisID>2190</lisID>
          <bioguideId>K000385</bioguideId>
          <gpoId />
        </identifiers>
        <district>2</district>
        <sponsorshipDate>2019-06-25</sponsorshipDate>
        <isOriginalCosponsor>True</isOriginalCosponsor>
        <sponsorshipWithdrawnDate />
      </item>
      <item>
        <bioguideId>L000551</bioguideId>
        <fullName>Rep. Lee, Barbara [D-CA-13]</fullName>
        <firstName>BARBARA</firstName>
        <middleName />
        <lastName>LEE</lastName>
        <party>D</party>
        <state>CA</state>
        <identifiers>
          <lisID>1501</lisID>
          <bioguideId>L000551</bioguideId>
          <gpoId>7814</gpoId>
        </identifiers>
        <district>13</district>
        <sponsorshipDate>2019-06-25</sponsorshipDate>
        <isOriginalCosponsor>True</isOriginalCosponsor>
        <sponsorshipWithdrawnDate />
      </item>
      <item>
        <bioguideId>W000808</bioguideId>
        <fullName>Rep. Wilson, Frederica S. [D-FL-24]</fullName>
        <firstName>Frederica</firstName>
        <middleName>S.</middleName>
        <lastName>Wilson</lastName>
        <party>D</party>
        <state>FL</state>
        <identifiers>
          <lisID>2004</lisID>
          <bioguideId>W000808</bioguideId>
          <gpoId>7889</gpoId>
        </identifiers>
        <district>24</district>
        <sponsorshipDate>2019-06-25</sponsorshipDate>
        <isOriginalCosponsor>True</isOriginalCosponsor>
        <sponsorshipWithdrawnDate />
      </item>
      <item>
        <bioguideId>F000455</bioguideId>
        <fullName>Rep. Fudge, Marcia L. [D-OH-11]</fullName>
        <firstName>Marcia</firstName>
        <middleName>L.</middleName>
        <lastName>Fudge</lastName>
        <party>D</party>
        <state>OH</state>
        <identifiers>
          <lisID>1895</lisID>
          <bioguideId>F000455</bioguideId>
          <gpoId>8101</gpoId>
        </identifiers>
        <district>11</district>
        <sponsorshipDate>2019-06-25</sponsorshipDate>
        <isOriginalCosponsor>True</isOriginalCosponsor>
        <sponsorshipWithdrawnDate />
      </item>
      <item>
        <bioguideId>C001068</bioguideId>
        <fullName>Rep. Cohen, Steve [D-TN-9]</fullName>
        <firstName>Steve</firstName>
        <middleName />
        <lastName>Cohen</lastName>
        <party>D</party>
        <state>TN</state>
        <identifiers>
          <lisID>1878</lisID>
          <bioguideId>C001068</bioguideId>
          <gpoId>8156</gpoId>
        </identifiers>
        <district>9</district>
        <sponsorshipDate>2019-06-25</sponsorshipDate>
        <isOriginalCosponsor>True</isOriginalCosponsor>
        <sponsorshipWithdrawnDate />
      </item>
      <item>
        <bioguideId>V000131</bioguideId>
        <fullName>Rep. Veasey, Marc A. [D-TX-33]</fullName>
        <firstName>Marc</firstName>
        <middleName>A.</middleName>
        <lastName>Veasey</lastName>
        <party>D</party>
        <state>TX</state>
        <identifiers>
          <lisID>2166</lisID>
          <bioguideId>V000131</bioguideId>
          <gpoId />
        </identifiers>
        <district>33</district>
        <sponsorshipDate>2019-06-25</sponsorshipDate>
        <isOriginalCosponsor>True</isOriginalCosponsor>
        <sponsorshipWithdrawnDate />
      </item>
      <item>
        <bioguideId>F000459</bioguideId>
        <fullName>Rep. Fleischmann, Charles J. "Chuck" [R-TN-3]</fullName>
        <firstName>Charles</firstName>
        <middleName>J. "Chuck"</middleName>
        <lastName>Fleischmann</lastName>
        <party>R</party>
        <state>TN</state>
        <identifiers>
          <lisID>2061</lisID>
          <bioguideId>F000459</bioguideId>
          <gpoId>8150</gpoId>
        </identifiers>
        <district>3</district>
        <sponsorshipDate>2019-06-25</sponsorshipDate>
        <isOriginalCosponsor>True</isOriginalCosponsor>
        <sponsorshipWithdrawnDate />
      </item>
      <item>
        <bioguideId>F000466</bioguideId>
        <fullName>Rep. Fitzpatrick, Brian K. [R-PA-1]</fullName>
        <firstName>Brian</firstName>
        <middleName>K.</middleName>
        <lastName>Fitzpatrick</lastName>
        <party>R</party>
        <state>PA</state>
        <identifiers>
          <lisID>2345</lisID>
          <bioguideId>F000466</bioguideId>
          <gpoId />
        </identifiers>
        <district>1</district>
        <sponsorshipDate>2019-06-25</sponsorshipDate>
        <isOriginalCosponsor>True</isOriginalCosponsor>
        <sponsorshipWithdrawnDate />
      </item>
      <item>
        <bioguideId>S000364</bioguideId>
        <fullName>Rep. Shimkus, John [R-IL-15]</fullName>
        <firstName>JOHN</firstName>
        <middleName>M.</middleName>
        <lastName>SHIMKUS</lastName>
        <party>R</party>
        <state>IL</state>
        <identifiers>
          <lisID>1527</lisID>
          <bioguideId>S000364</bioguideId>
          <gpoId>7939</gpoId>
        </identifiers>
        <district>15</district>
        <sponsorshipDate>2019-06-25</sponsorshipDate>
        <isOriginalCosponsor>True</isOriginalCosponsor>
        <sponsorshipWithdrawnDate />
      </item>
      <item>
        <bioguideId>S000248</bioguideId>
        <fullName>Rep. Serrano, Jose E. [D-NY-15]</fullName>
        <firstName>JOSE</firstName>
        <middleName>E.</middleName>
        <lastName>SERRANO</lastName>
        <party>D</party>
        <state>NY</state>
        <identifiers>
          <lisID>1042</lisID>
          <bioguideId>S000248</bioguideId>
          <gpoId>8077</gpoId>
        </identifiers>
        <district>15</district>
        <sponsorshipDate>2019-06-25</sponsorshipDate>
        <isOriginalCosponsor>True</isOriginalCosponsor>
        <sponsorshipWithdrawnDate />
      </item>
      <item>
        <bioguideId>S001187</bioguideId>
        <fullName>Rep. Stivers, Steve [R-OH-15]</fullName>
        <firstName>Steve</firstName>
        <middleName />
        <lastName>Stivers</lastName>
        <party>R</party>
        <state>OH</state>
        <identifiers>
          <lisID>2047</lisID>
          <bioguideId>S001187</bioguideId>
          <gpoId>8105</gpoId>
        </identifiers>
        <district>15</district>
        <sponsorshipDate>2019-06-25</sponsorshipDate>
        <isOriginalCosponsor>True</isOriginalCosponsor>
        <sponsorshipWithdrawnDate />
      </item>
      <item>
        <bioguideId>D000619</bioguideId>
        <fullName>Rep. Davis, Rodney [R-IL-13]</fullName>
        <firstName>Rodney</firstName>
        <middleName />
        <lastName>Davis</lastName>
        <party>R</party>
        <state>IL</state>
        <identifiers>
          <lisID>2126</lisID>
          <bioguideId>D000619</bioguideId>
          <gpoId />
        </identifiers>
        <district>13</district>
        <sponsorshipDate>2019-06-25</sponsorshipDate>
        <isOriginalCosponsor>True</isOriginalCosponsor>
        <sponsorshipWithdrawnDate />
      </item>
      <item>
        <bioguideId>J000032</bioguideId>
        <fullName>Rep. Jackson Lee, Sheila [D-TX-18]</fullName>
        <firstName>SHEILA</firstName>
        <middleName />
        <lastName>JACKSON LEE</lastName>
        <party>D</party>
        <state>TX</state>
        <identifiers>
          <lisID>588</lisID>
          <bioguideId>J000032</bioguideId>
          <gpoId>8174</gpoId>
        </identifiers>
        <district>18</district>
        <sponsorshipDate>2019-06-25</sponsorshipDate>
        <isOriginalCosponsor>True</isOriginalCosponsor>
        <sponsorshipWithdrawnDate />
      </item>
      <item>
        <bioguideId>R000515</bioguideId>
        <fullName>Rep. Rush, Bobby L. [D-IL-1]</fullName>
        <firstName>BOBBY</firstName>
        <middleName>L.</middleName>
        <lastName>RUSH</lastName>
        <party>D</party>
        <state>IL</state>
        <identifiers>
          <lisID>1003</lisID>
          <bioguideId>R000515</bioguideId>
          <gpoId>7921</gpoId>
        </identifiers>
        <district>1</district>
        <sponsorshipDate>2019-06-25</sponsorshipDate>
        <isOriginalCosponsor>True</isOriginalCosponsor>
        <sponsorshipWithdrawnDate />
      </item>
      <item>
        <bioguideId>B000490</bioguideId>
        <fullName>Rep. Bishop, Sanford D., Jr. [D-GA-2]</fullName>
        <firstName>SANFORD</firstName>
        <middleName>D.</middleName>
        <lastName>BISHOP</lastName>
        <party>D</party>
        <state>GA</state>
        <identifiers>
          <lisID>91</lisID>
          <bioguideId>B000490</bioguideId>
          <gpoId>7899</gpoId>
        </identifiers>
        <district>2</district>
        <sponsorshipDate>2019-06-25</sponsorshipDate>
        <isOriginalCosponsor>True</isOriginalCosponsor>
        <sponsorshipWithdrawnDate />
      </item>
      <item>
        <bioguideId>T000193</bioguideId>
        <fullName>Rep. Thompson, Bennie G. [D-MS-2]</fullName>
        <firstName>BENNIE</firstName>
        <middleName />
        <lastName>THOMPSON</lastName>
        <party>D</party>
        <state>MS</state>
        <identifiers>
          <lisID>1151</lisID>
          <bioguideId>T000193</bioguideId>
          <gpoId>8020</gpoId>
        </identifiers>
        <district>2</district>
        <sponsorshipDate>2019-06-25</sponsorshipDate>
        <isOriginalCosponsor>True</isOriginalCosponsor>
        <sponsorshipWithdrawnDate />
      </item>
      <item>
        <bioguideId>Y000062</bioguideId>
        <fullName>Rep. Yarmuth, John A. [D-KY-3]</fullName>
        <firstName>John</firstName>
        <middleName>A.</middleName>
        <lastName>Yarmuth</lastName>
        <party>D</party>
        <state>KY</state>
        <identifiers>
          <lisID>1853</lisID>
          <bioguideId>Y000062</bioguideId>
          <gpoId>7955</gpoId>
        </identifiers>
        <district>3</district>
        <sponsorshipDate>2019-06-25</sponsorshipDate>
        <isOriginalCosponsor>True</isOriginalCosponsor>
        <sponsorshipWithdrawnDate />
      </item>
      <item>
        <bioguideId>R000600</bioguideId>
        <fullName>Del. Radewagen, Aumua Amata Coleman [R-AS-At Large]</fullName>
        <firstName>Aumua Amata</firstName>
        <middleName>Coleman</middleName>
        <lastName>Radewagen</lastName>
        <party>R</party>
        <state>AS</state>
        <identifiers>
          <lisID>2222</lisID>
          <bioguideId>R000600</bioguideId>
          <gpoId />
        </identifiers>
        <district>0</district>
        <sponsorshipDate>2019-06-25</sponsorshipDate>
        <isOriginalCosponsor>True</isOriginalCosponsor>
        <sponsorshipWithdrawnDate />
      </item>
      <item>
        <bioguideId>R000609</bioguideId>
        <fullName>Rep. Rutherford, John H. [R-FL-4]</fullName>
        <firstName>John</firstName>
        <middleName>H.</middleName>
        <lastName>Rutherford</lastName>
        <party>R</party>
        <state>FL</state>
        <identifiers>
          <lisID>2316</lisID>
          <bioguideId>R000609</bioguideId>
          <gpoId />
        </identifiers>
        <district>4</district>
        <sponsorshipDate>2019-06-25</sponsorshipDate>
        <isOriginalCosponsor>True</isOriginalCosponsor>
        <sponsorshipWithdrawnDate />
      </item>
      <item>
        <bioguideId>H000324</bioguideId>
        <fullName>Rep. Hastings, Alcee L. [D-FL-20]</fullName>
        <firstName>ALCEE</firstName>
        <middleName>L.</middleName>
        <lastName>HASTINGS</lastName>
        <party>D</party>
        <state>FL</state>
        <identifiers>
          <lisID>511</lisID>
          <bioguideId>H000324</bioguideId>
          <gpoId>7895</gpoId>
        </identifiers>
        <district>20</district>
        <sponsorshipDate>2019-06-25</sponsorshipDate>
        <isOriginalCosponsor>True</isOriginalCosponsor>
        <sponsorshipWithdrawnDate />
      </item>
      <item>
        <bioguideId>B001305</bioguideId>
        <fullName>Rep. Budd, Ted [R-NC-13]</fullName>
        <firstName>Ted</firstName>
        <middleName />
        <lastName>Budd</lastName>
        <party>R</party>
        <state>NC</state>
        <identifiers>
          <lisID>2336</lisID>
          <bioguideId>B001305</bioguideId>
          <gpoId />
        </identifiers>
        <district>13</district>
        <sponsorshipDate>2019-06-25</sponsorshipDate>
        <isOriginalCosponsor>True</isOriginalCosponsor>
        <sponsorshipWithdrawnDate />
      </item>
      <item>
        <bioguideId>W000809</bioguideId>
        <fullName>Rep. Womack, Steve [R-AR-3]</fullName>
        <firstName>Steve</firstName>
        <middleName />
        <lastName>Womack</lastName>
        <party>R</party>
        <state>AR</state>
        <identifiers>
          <lisID>1991</lisID>
          <bioguideId>W000809</bioguideId>
          <gpoId>7795</gpoId>
        </identifiers>
        <district>3</district>
        <sponsorshipDate>2019-06-25</sponsorshipDate>
        <isOriginalCosponsor>True</isOriginalCosponsor>
        <sponsorshipWithdrawnDate />
      </item>
      <item>
        <bioguideId>L000578</bioguideId>
        <fullName>Rep. LaMalfa, Doug [R-CA-1]</fullName>
        <firstName>Doug</firstName>
        <middleName />
        <lastName>LaMalfa</lastName>
        <party>R</party>
        <state>CA</state>
        <identifiers>
          <lisID>2100</lisID>
          <bioguideId>L000578</bioguideId>
          <gpoId />
        </identifiers>
        <district>1</district>
        <sponsorshipDate>2019-06-25</sponsorshipDate>
        <isOriginalCosponsor>True</isOriginalCosponsor>
        <sponsorshipWithdrawnDate />
      </item>
      <item>
        <bioguideId>M001194</bioguideId>
        <fullName>Rep. Moolenaar, John R. [R-MI-4]</fullName>
        <firstName>John</firstName>
        <middleName>R.</middleName>
        <lastName>Moolenaar</lastName>
        <party>R</party>
        <state>MI</state>
        <identifiers>
          <lisID>2248</lisID>
          <bioguideId>M001194</bioguideId>
          <gpoId />
        </identifiers>
        <district>4</district>
        <sponsorshipDate>2019-06-25</sponsorshipDate>
        <isOriginalCosponsor>True</isOriginalCosponsor>
        <sponsorshipWithdrawnDate />
      </item>
      <item>
        <bioguideId>K000210</bioguideId>
        <fullName>Rep. King, Peter T. [R-NY-2]</fullName>
        <firstName>PETER</firstName>
        <middleName>T.</middleName>
        <lastName>KING</lastName>
        <party>R</party>
        <state>NY</state>
        <identifiers>
          <lisID>635</lisID>
          <bioguideId>K000210</bioguideId>
          <gpoId>8064</gpoId>
        </identifiers>
        <district>2</district>
        <sponsorshipDate>2019-06-25</sponsorshipDate>
        <isOriginalCosponsor>True</isOriginalCosponsor>
        <sponsorshipWithdrawnDate />
      </item>
      <item>
        <bioguideId>B001306</bioguideId>
        <fullName>Rep. Balderson, Troy [R-OH-12]</fullName>
        <firstName>Troy</firstName>
        <middleName />
        <lastName>Balderson</lastName>
        <party>R</party>
        <state>OH</state>
        <identifiers>
          <lisID>2370</lisID>
          <bioguideId>B001306</bioguideId>
          <gpoId />
        </identifiers>
        <district>12</district>
        <sponsorshipDate>2019-06-25</sponsorshipDate>
        <isOriginalCosponsor>True</isOriginalCosponsor>
        <sponsorshipWithdrawnDate />
      </item>
      <item>
        <bioguideId>B001300</bioguideId>
        <fullName>Rep. Barragan, Nanette Diaz [D-CA-44]</fullName>
        <firstName>Nanette</firstName>
        <middleName>Diaz</middleName>
        <lastName>Barragan</lastName>
        <party>D</party>
        <state>CA</state>
        <identifiers>
          <lisID>2311</lisID>
          <bioguideId>B001300</bioguideId>
          <gpoId />
        </identifiers>
        <district>44</district>
        <sponsorshipDate>2019-06-25</sponsorshipDate>
        <isOriginalCosponsor>True</isOriginalCosponsor>
        <sponsorshipWithdrawnDate />
      </item>
      <item>
        <bioguideId>K000368</bioguideId>
        <fullName>Rep. Kirkpatrick, Ann [D-AZ-2]</fullName>
        <firstName>Ann</firstName>
        <middleName />
        <lastName>Kirkpatrick</lastName>
        <party>D</party>
        <state>AZ</state>
        <identifiers>
          <lisID>1907</lisID>
          <bioguideId>K000368</bioguideId>
          <gpoId>7220</gpoId>
        </identifiers>
        <district>2</district>
        <sponsorshipDate>2019-06-25</sponsorshipDate>
        <isOriginalCosponsor>True</isOriginalCosponsor>
        <sponsorshipWithdrawnDate />
      </item>
      <item>
        <bioguideId>L000591</bioguideId>
        <fullName>Rep. Luria, Elaine G. [D-VA-2]</fullName>
        <firstName>Elaine</firstName>
        <middleName>G.</middleName>
        <lastName>Luria</lastName>
        <party>D</party>
        <state>VA</state>
        <identifiers>
          <lisID>2453</lisID>
          <bioguideId>L000591</bioguideId>
          <gpoId />
        </identifiers>
        <district>2</district>
        <sponsorshipDate>2019-06-25</sponsorshipDate>
        <isOriginalCosponsor>True</isOriginalCosponsor>
        <sponsorshipWithdrawnDate />
      </item>
      <item>
        <bioguideId>M001160</bioguideId>
        <fullName>Rep. Moore, Gwen [D-WI-4]</fullName>
        <firstName>Gwen</firstName>
        <middleName />
        <lastName>Moore</lastName>
        <party>D</party>
        <state>WI</state>
        <identifiers>
          <lisID>1811</lisID>
          <bioguideId>M001160</bioguideId>
          <gpoId>8217</gpoId>
        </identifiers>
        <district>4</district>
        <sponsorshipDate>2019-06-25</sponsorshipDate>
        <isOriginalCosponsor>True</isOriginalCosponsor>
        <sponsorshipWithdrawnDate />
      </item>
      <item>
        <bioguideId>B001304</bioguideId>
        <fullName>Rep. Brown, Anthony G. [D-MD-4]</fullName>
        <firstName>Anthony</firstName>
        <middleName>G.</middleName>
        <lastName>Brown</lastName>
        <party>D</party>
        <state>MD</state>
        <identifiers>
          <lisID>2331</lisID>
          <bioguideId>B001304</bioguideId>
          <gpoId />
        </identifiers>
        <district>4</district>
        <sponsorshipDate>2019-06-25</sponsorshipDate>
        <isOriginalCosponsor>True</isOriginalCosponsor>
        <sponsorshipWithdrawnDate />
      </item>
      <item>
        <bioguideId>L000581</bioguideId>
        <fullName>Rep. Lawrence, Brenda L. [D-MI-14]</fullName>
        <firstName>Brenda</firstName>
        <middleName>L.</middleName>
        <lastName>Lawrence</lastName>
        <party>D</party>
        <state>MI</state>
        <identifiers>
          <lisID>2252</lisID>
          <bioguideId>L000581</bioguideId>
          <gpoId />
        </identifiers>
        <district>14</district>
        <sponsorshipDate>2019-06-25</sponsorshipDate>
        <isOriginalCosponsor>True</isOriginalCosponsor>
        <sponsorshipWithdrawnDate />
      </item>
      <item>
        <bioguideId>N000179</bioguideId>
        <fullName>Rep. Napolitano, Grace F. [D-CA-32]</fullName>
        <firstName>GRACE</firstName>
        <middleName>F.</middleName>
        <lastName>NAPOLITANO</lastName>
        <party>D</party>
        <state>CA</state>
        <identifiers>
          <lisID>1602</lisID>
          <bioguideId>N000179</bioguideId>
          <gpoId>7843</gpoId>
        </identifiers>
        <district>32</district>
        <sponsorshipDate>2019-06-25</sponsorshipDate>
        <isOriginalCosponsor>True</isOriginalCosponsor>
        <sponsorshipWithdrawnDate />
      </item>
      <item>
        <bioguideId>B001308</bioguideId>
        <fullName>Rep. Brindisi, Anthony [D-NY-22]</fullName>
        <firstName>Anthony</firstName>
        <middleName />
        <lastName>Brindisi</lastName>
        <party>D</party>
        <state>NY</state>
        <identifiers>
          <lisID>2429</lisID>
          <bioguideId>B001308</bioguideId>
          <gpoId />
        </identifiers>
        <district>22</district>
        <sponsorshipDate>2019-06-25</sponsorshipDate>
        <isOriginalCosponsor>True</isOriginalCosponsor>
        <sponsorshipWithdrawnDate />
      </item>
      <item>
        <bioguideId>P000597</bioguideId>
        <fullName>Rep. Pingree, Chellie [D-ME-1]</fullName>
        <firstName>Chellie</firstName>
        <middleName />
        <lastName>Pingree</lastName>
        <party>D</party>
        <state>ME</state>
        <identifiers>
          <lisID>1927</lisID>
          <bioguideId>P000597</bioguideId>
          <gpoId>7984</gpoId>
        </identifiers>
        <district>1</district>
        <sponsorshipDate>2019-06-25</sponsorshipDate>
        <isOriginalCosponsor>True</isOriginalCosponsor>
        <sponsorshipWithdrawnDate />
      </item>
      <item>
        <bioguideId>C001121</bioguideId>
        <fullName>Rep. Crow, Jason [D-CO-6]</fullName>
        <firstName>Jason</firstName>
        <middleName />
        <lastName>Crow</lastName>
        <party>D</party>
        <state>CO</state>
        <identifiers>
          <lisID>2385</lisID>
          <bioguideId>C001121</bioguideId>
          <gpoId />
        </identifiers>
        <district>6</district>
        <sponsorshipDate>2019-06-25</sponsorshipDate>
        <isOriginalCosponsor>True</isOriginalCosponsor>
        <sponsorshipWithdrawnDate />
      </item>
      <item>
        <bioguideId>C001092</bioguideId>
        <fullName>Rep. Collins, Chris [R-NY-27]</fullName>
        <firstName>Chris</firstName>
        <middleName />
        <lastName>Collins</lastName>
        <party>R</party>
        <state>NY</state>
        <identifiers>
          <lisID>2151</lisID>
          <bioguideId>C001092</bioguideId>
          <gpoId />
        </identifiers>
        <district>27</district>
        <sponsorshipDate>2019-06-25</sponsorshipDate>
        <isOriginalCosponsor>True</isOriginalCosponsor>
        <sponsorshipWithdrawnDate />
      </item>
      <item>
        <bioguideId>D000623</bioguideId>
        <fullName>Rep. DeSaulnier, Mark [D-CA-11]</fullName>
        <firstName>Mark</firstName>
        <middleName />
        <lastName>DeSaulnier</lastName>
        <party>D</party>
        <state>CA</state>
        <identifiers>
          <lisID>2227</lisID>
          <bioguideId>D000623</bioguideId>
          <gpoId />
        </identifiers>
        <district>11</district>
        <sponsorshipDate>2019-06-25</sponsorshipDate>
        <isOriginalCosponsor>True</isOriginalCosponsor>
        <sponsorshipWithdrawnDate />
      </item>
      <item>
        <bioguideId>G000586</bioguideId>
        <fullName>Rep. Garcia, Jesus G. "Chuy" [D-IL-4]</fullName>
        <firstName>Jesus</firstName>
        <middleName>G.</middleName>
        <lastName>Garcia</lastName>
        <party>D</party>
        <state>IL</state>
        <identifiers>
          <lisID>2397</lisID>
          <bioguideId>G000586</bioguideId>
          <gpoId />
        </identifiers>
        <district>4</district>
        <sponsorshipDate>2019-06-25</sponsorshipDate>
        <isOriginalCosponsor>True</isOriginalCosponsor>
        <sponsorshipWithdrawnDate />
      </item>
      <item>
        <bioguideId>N000002</bioguideId>
        <fullName>Rep. Nadler, Jerrold [D-NY-10]</fullName>
        <firstName>JERROLD</firstName>
        <middleName />
        <lastName>NADLER</lastName>
        <party>D</party>
        <state>NY</state>
        <identifiers>
          <lisID>850</lisID>
          <bioguideId>N000002</bioguideId>
          <gpoId>8069</gpoId>
        </identifiers>
        <district>10</district>
        <sponsorshipDate>2019-06-25</sponsorshipDate>
        <isOriginalCosponsor>True</isOriginalCosponsor>
        <sponsorshipWithdrawnDate />
      </item>
      <item>
        <bioguideId>T000468</bioguideId>
        <fullName>Rep. Titus, Dina [D-NV-1]</fullName>
        <firstName>Dina</firstName>
        <middleName />
        <lastName>Titus</lastName>
        <party>D</party>
        <state>NV</state>
        <identifiers>
          <lisID>1940</lisID>
          <bioguideId>T000468</bioguideId>
          <gpoId>7493</gpoId>
        </identifiers>
        <district>1</district>
        <sponsorshipDate>2019-06-25</sponsorshipDate>
        <isOriginalCosponsor>True</isOriginalCosponsor>
        <sponsorshipWithdrawnDate />
      </item>
      <item>
        <bioguideId>D000197</bioguideId>
        <fullName>Rep. DeGette, Diana [D-CO-1]</fullName>
        <firstName>DIANA</firstName>
        <middleName />
        <lastName>DEGETTE</lastName>
        <party>D</party>
        <state>CO</state>
        <identifiers>
          <lisID>1479</lisID>
          <bioguideId>D000197</bioguideId>
          <gpoId>7859</gpoId>
        </identifiers>
        <district>1</district>
        <sponsorshipDate>2019-06-25</sponsorshipDate>
        <isOriginalCosponsor>True</isOriginalCosponsor>
        <sponsorshipWithdrawnDate />
      </item>
      <item>
        <bioguideId>M001137</bioguideId>
        <fullName>Rep. Meeks, Gregory W. [D-NY-5]</fullName>
        <firstName>GREGORY</firstName>
        <middleName>W.</middleName>
        <lastName>MEEKS</lastName>
        <party>D</party>
        <state>NY</state>
        <identifiers>
          <lisID>1506</lisID>
          <bioguideId>M001137</bioguideId>
          <gpoId>8067</gpoId>
        </identifiers>
        <district>5</district>
        <sponsorshipDate>2019-06-25</sponsorshipDate>
        <isOriginalCosponsor>True</isOriginalCosponsor>
        <sponsorshipWithdrawnDate />
      </item>
      <item>
        <bioguideId>R000576</bioguideId>
        <fullName>Rep. Ruppersberger, C. A. Dutch [D-MD-2]</fullName>
        <firstName>C. A.</firstName>
        <middleName>Dutch</middleName>
        <lastName>Ruppersberger</lastName>
        <party>D</party>
        <state>MD</state>
        <identifiers>
          <lisID>1728</lisID>
          <bioguideId>R000576</bioguideId>
          <gpoId>7977</gpoId>
        </identifiers>
        <district>2</district>
        <sponsorshipDate>2019-06-25</sponsorshipDate>
        <isOriginalCosponsor>True</isOriginalCosponsor>
        <sponsorshipWithdrawnDate />
      </item>
      <item>
        <bioguideId>J000292</bioguideId>
        <fullName>Rep. Johnson, Bill [R-OH-6]</fullName>
        <firstName>Bill</firstName>
        <middleName />
        <lastName>Johnson</lastName>
        <party>R</party>
        <state>OH</state>
        <identifiers>
          <lisID>2046</lisID>
          <bioguideId>J000292</bioguideId>
          <gpoId>8096</gpoId>
        </identifiers>
        <district>6</district>
        <sponsorshipDate>2019-06-25</sponsorshipDate>
        <isOriginalCosponsor>True</isOriginalCosponsor>
        <sponsorshipWithdrawnDate />
      </item>
      <item>
        <bioguideId>A000375</bioguideId>
        <fullName>Rep. Arrington, Jodey C. [R-TX-19]</fullName>
        <firstName>Jodey</firstName>
        <middleName>C.</middleName>
        <lastName>Arrington</lastName>
        <party>R</party>
        <state>TX</state>
        <identifiers>
          <lisID>2350</lisID>
          <bioguideId>A000375</bioguideId>
          <gpoId />
        </identifiers>
        <district>19</district>
        <sponsorshipDate>2019-06-25</sponsorshipDate>
        <isOriginalCosponsor>True</isOriginalCosponsor>
        <sponsorshipWithdrawnDate />
      </item>
      <item>
        <bioguideId>O000171</bioguideId>
        <fullName>Rep. O'Halleran, Tom [D-AZ-1]</fullName>
        <firstName>Tom</firstName>
        <middleName />
        <lastName>O'Halleran</lastName>
        <party>D</party>
        <state>AZ</state>
        <identifiers>
          <lisID>2306</lisID>
          <bioguideId>O000171</bioguideId>
          <gpoId />
        </identifiers>
        <district>1</district>
        <sponsorshipDate>2019-06-25</sponsorshipDate>
        <isOriginalCosponsor>True</isOriginalCosponsor>
        <sponsorshipWithdrawnDate />
      </item>
      <item>
        <bioguideId>H001064</bioguideId>
        <fullName>Rep. Heck, Denny [D-WA-10]</fullName>
        <firstName>Denny</firstName>
        <middleName />
        <lastName>Heck</lastName>
        <party>D</party>
        <state>WA</state>
        <identifiers>
          <lisID>2170</lisID>
          <bioguideId>H001064</bioguideId>
          <gpoId />
        </identifiers>
        <district>10</district>
        <sponsorshipDate>2019-06-25</sponsorshipDate>
        <isOriginalCosponsor>True</isOriginalCosponsor>
        <sponsorshipWithdrawnDate />
      </item>
      <item>
        <bioguideId>W000815</bioguideId>
        <fullName>Rep. Wenstrup, Brad R. [R-OH-2]</fullName>
        <firstName>Brad</firstName>
        <middleName>R.</middleName>
        <lastName>Wenstrup</lastName>
        <party>R</party>
        <state>OH</state>
        <identifiers>
          <lisID>2152</lisID>
          <bioguideId>W000815</bioguideId>
          <gpoId />
        </identifiers>
        <district>2</district>
        <sponsorshipDate>2019-06-25</sponsorshipDate>
        <isOriginalCosponsor>True</isOriginalCosponsor>
        <sponsorshipWithdrawnDate />
      </item>
      <item>
        <bioguideId>G000551</bioguideId>
        <fullName>Rep. Grijalva, Raúl M. [D-AZ-3]</fullName>
        <firstName>Raúl</firstName>
        <middleName>M.</middleName>
        <lastName>Grijalva</lastName>
        <party>D</party>
        <state>AZ</state>
        <identifiers>
          <lisID>1708</lisID>
          <bioguideId>G000551</bioguideId>
          <gpoId>7804</gpoId>
        </identifiers>
        <district>3</district>
        <sponsorshipDate>2019-06-25</sponsorshipDate>
        <isOriginalCosponsor>True</isOriginalCosponsor>
        <sponsorshipWithdrawnDate />
      </item>
      <item>
        <bioguideId>B001281</bioguideId>
        <fullName>Rep. Beatty, Joyce [D-OH-3]</fullName>
        <firstName>Joyce</firstName>
        <middleName />
        <lastName>Beatty</lastName>
        <party>D</party>
        <state>OH</state>
        <identifiers>
          <lisID>2153</lisID>
          <bioguideId>B001281</bioguideId>
          <gpoId />
        </identifiers>
        <district>3</district>
        <sponsorshipDate>2019-06-25</sponsorshipDate>
        <isOriginalCosponsor>True</isOriginalCosponsor>
        <sponsorshipWithdrawnDate />
      </item>
      <item>
        <bioguideId>P000610</bioguideId>
        <fullName>Del. Plaskett, Stacey E. [D-VI-At Large]</fullName>
        <firstName>Stacey</firstName>
        <middleName>E.</middleName>
        <lastName>Plaskett</lastName>
        <party>D</party>
        <state>VI</state>
        <identifiers>
          <lisID>2274</lisID>
          <bioguideId>P000610</bioguideId>
          <gpoId />
        </identifiers>
        <district>0</district>
        <sponsorshipDate>2019-06-25</sponsorshipDate>
        <isOriginalCosponsor>True</isOriginalCosponsor>
        <sponsorshipWithdrawnDate />
      </item>
      <item>
        <bioguideId>C001110</bioguideId>
        <fullName>Rep. Correa, J. Luis [D-CA-46]</fullName>
        <firstName>J.</firstName>
        <middleName>Luis</middleName>
        <lastName>Correa</lastName>
        <party>D</party>
        <state>CA</state>
        <identifiers>
          <lisID>2312</lisID>
          <bioguideId>C001110</bioguideId>
          <gpoId />
        </identifiers>
        <district>46</district>
        <sponsorshipDate>2019-06-25</sponsorshipDate>
        <isOriginalCosponsor>True</isOriginalCosponsor>
        <sponsorshipWithdrawnDate />
      </item>
      <item>
        <bioguideId>V000130</bioguideId>
        <fullName>Rep. Vargas, Juan [D-CA-51]</fullName>
        <firstName>Juan</firstName>
        <middleName />
        <lastName>Vargas</lastName>
        <party>D</party>
        <state>CA</state>
        <identifiers>
          <lisID>2112</lisID>
          <bioguideId>V000130</bioguideId>
          <gpoId />
        </identifiers>
        <district>51</district>
        <sponsorshipDate>2019-06-25</sponsorshipDate>
        <isOriginalCosponsor>True</isOriginalCosponsor>
        <sponsorshipWithdrawnDate />
      </item>
      <item>
        <bioguideId>C001069</bioguideId>
        <fullName>Rep. Courtney, Joe [D-CT-2]</fullName>
        <firstName>Joe</firstName>
        <middleName />
        <lastName>Courtney</lastName>
        <party>D</party>
        <state>CT</state>
        <identifiers>
          <lisID>1836</lisID>
          <bioguideId>C001069</bioguideId>
          <gpoId>7867</gpoId>
        </identifiers>
        <district>2</district>
        <sponsorshipDate>2019-06-25</sponsorshipDate>
        <isOriginalCosponsor>True</isOriginalCosponsor>
        <sponsorshipWithdrawnDate />
      </item>
      <item>
        <bioguideId>L000579</bioguideId>
        <fullName>Rep. Lowenthal, Alan S. [D-CA-47]</fullName>
        <firstName>Alan</firstName>
        <middleName>S.</middleName>
        <lastName>Lowenthal</lastName>
        <party>D</party>
        <state>CA</state>
        <identifiers>
          <lisID>2111</lisID>
          <bioguideId>L000579</bioguideId>
          <gpoId />
        </identifiers>
        <district>47</district>
        <sponsorshipDate>2019-06-25</sponsorshipDate>
        <isOriginalCosponsor>True</isOriginalCosponsor>
        <sponsorshipWithdrawnDate />
      </item>
      <item>
        <bioguideId>L000582</bioguideId>
        <fullName>Rep. Lieu, Ted [D-CA-33]</fullName>
        <firstName>Ted</firstName>
        <middleName />
        <lastName>Lieu</lastName>
        <party>D</party>
        <state>CA</state>
        <identifiers>
          <lisID>2230</lisID>
          <bioguideId>L000582</bioguideId>
          <gpoId />
        </identifiers>
        <district>33</district>
        <sponsorshipDate>2019-06-25</sponsorshipDate>
        <isOriginalCosponsor>True</isOriginalCosponsor>
        <sponsorshipWithdrawnDate />
      </item>
      <item>
        <bioguideId>L000480</bioguideId>
        <fullName>Rep. Lowey, Nita M. [D-NY-17]</fullName>
        <firstName>NITA</firstName>
        <middleName>M.</middleName>
        <lastName>LOWEY</lastName>
        <party>D</party>
        <state>NY</state>
        <identifiers>
          <lisID>709</lisID>
          <bioguideId>L000480</bioguideId>
          <gpoId>8079</gpoId>
        </identifiers>
        <district>17</district>
        <sponsorshipDate>2019-06-25</sponsorshipDate>
        <isOriginalCosponsor>True</isOriginalCosponsor>
        <sponsorshipWithdrawnDate />
      </item>
      <item>
        <bioguideId>W000797</bioguideId>
        <fullName>Rep. Wasserman Schultz, Debbie [D-FL-23]</fullName>
        <firstName>Debbie</firstName>
        <middleName />
        <lastName>Wasserman Schultz</lastName>
        <party>D</party>
        <state>FL</state>
        <identifiers>
          <lisID>1777</lisID>
          <bioguideId>W000797</bioguideId>
          <gpoId>7892</gpoId>
        </identifiers>
        <district>23</district>
        <sponsorshipDate>2019-06-25</sponsorshipDate>
        <isOriginalCosponsor>True</isOriginalCosponsor>
        <sponsorshipWithdrawnDate />
      </item>
      <item>
        <bioguideId>C001101</bioguideId>
        <fullName>Rep. Clark, Katherine M. [D-MA-5]</fullName>
        <firstName>Katherine</firstName>
        <middleName>M.</middleName>
        <lastName>Clark</lastName>
        <party>D</party>
        <state>MA</state>
        <identifiers>
          <lisID>2196</lisID>
          <bioguideId>C001101</bioguideId>
          <gpoId />
        </identifiers>
        <district>5</district>
        <sponsorshipDate>2019-06-25</sponsorshipDate>
        <isOriginalCosponsor>True</isOriginalCosponsor>
        <sponsorshipWithdrawnDate />
      </item>
      <item>
        <bioguideId>H001090</bioguideId>
        <fullName>Rep. Harder, Josh [D-CA-10]</fullName>
        <firstName>Josh</firstName>
        <middleName />
        <lastName>Harder</lastName>
        <party>D</party>
        <state>CA</state>
        <identifiers>
          <lisID>2377</lisID>
          <bioguideId>H001090</bioguideId>
          <gpoId />
        </identifiers>
        <district>10</district>
        <sponsorshipDate>2019-06-25</sponsorshipDate>
        <isOriginalCosponsor>True</isOriginalCosponsor>
        <sponsorshipWithdrawnDate />
      </item>
      <item>
        <bioguideId>G000574</bioguideId>
        <fullName>Rep. Gallego, Ruben [D-AZ-7]</fullName>
        <firstName>Ruben</firstName>
        <middleName />
        <lastName>Gallego</lastName>
        <party>D</party>
        <state>AZ</state>
        <identifiers>
          <lisID>2226</lisID>
          <bioguideId>G000574</bioguideId>
          <gpoId />
        </identifiers>
        <district>7</district>
        <sponsorshipDate>2019-06-25</sponsorshipDate>
        <isOriginalCosponsor>True</isOriginalCosponsor>
        <sponsorshipWithdrawnDate />
      </item>
      <item>
        <bioguideId>W000800</bioguideId>
        <fullName>Rep. Welch, Peter [D-VT-At Large]</fullName>
        <firstName>Peter</firstName>
        <middleName />
        <lastName>Welch</lastName>
        <party>D</party>
        <state>VT</state>
        <identifiers>
          <lisID>1879</lisID>
          <bioguideId>W000800</bioguideId>
          <gpoId>8204</gpoId>
        </identifiers>
        <district>0</district>
        <sponsorshipDate>2019-06-25</sponsorshipDate>
        <isOriginalCosponsor>True</isOriginalCosponsor>
        <sponsorshipWithdrawnDate />
      </item>
      <item>
        <bioguideId>K000379</bioguideId>
        <fullName>Rep. Kennedy, Joseph P., III [D-MA-4]</fullName>
        <firstName>Joseph</firstName>
        <middleName>P.</middleName>
        <lastName>Kennedy</lastName>
        <party>D</party>
        <state>MA</state>
        <identifiers>
          <lisID>2172</lisID>
          <bioguideId>K000379</bioguideId>
          <gpoId />
        </identifiers>
        <district>4</district>
        <sponsorshipDate>2019-06-25</sponsorshipDate>
        <isOriginalCosponsor>True</isOriginalCosponsor>
        <sponsorshipWithdrawnDate />
      </item>
      <item>
        <bioguideId>J000294</bioguideId>
        <fullName>Rep. Jeffries, Hakeem S. [D-NY-8]</fullName>
        <firstName>Hakeem</firstName>
        <middleName>S.</middleName>
        <lastName>Jeffries</lastName>
        <party>D</party>
        <state>NY</state>
        <identifiers>
          <lisID>2149</lisID>
          <bioguideId>J000294</bioguideId>
          <gpoId />
        </identifiers>
        <district>8</district>
        <sponsorshipDate>2019-06-25</sponsorshipDate>
        <isOriginalCosponsor>True</isOriginalCosponsor>
        <sponsorshipWithdrawnDate />
      </item>
      <item>
        <bioguideId>B001292</bioguideId>
        <fullName>Rep. Beyer, Donald S., Jr. [D-VA-8]</fullName>
        <firstName>Donald</firstName>
        <middleName>S.</middleName>
        <lastName>Beyer</lastName>
        <party>D</party>
        <state>VA</state>
        <identifiers>
          <lisID>2272</lisID>
          <bioguideId>B001292</bioguideId>
          <gpoId />
        </identifiers>
        <district>8</district>
        <sponsorshipDate>2019-06-25</sponsorshipDate>
        <isOriginalCosponsor>True</isOriginalCosponsor>
        <sponsorshipWithdrawnDate />
      </item>
      <item>
        <bioguideId>M001198</bioguideId>
        <fullName>Rep. Marshall, Roger W. [R-KS-1]</fullName>
        <firstName>Roger</firstName>
        <middleName>W.</middleName>
        <lastName>Marshall</lastName>
        <party>R</party>
        <state>KS</state>
        <identifiers>
          <lisID>2328</lisID>
          <bioguideId>M001198</bioguideId>
          <gpoId />
        </identifiers>
        <district>1</district>
        <sponsorshipDate>2019-06-25</sponsorshipDate>
        <isOriginalCosponsor>True</isOriginalCosponsor>
        <sponsorshipWithdrawnDate />
      </item>
      <item>
        <bioguideId>H001081</bioguideId>
        <fullName>Rep. Hayes, Jahana [D-CT-5]</fullName>
        <firstName>Jahana</firstName>
        <middleName />
        <lastName>Hayes</lastName>
        <party>D</party>
        <state>CT</state>
        <identifiers>
          <lisID>2386</lisID>
          <bioguideId>H001081</bioguideId>
          <gpoId />
        </identifiers>
        <district>5</district>
        <sponsorshipDate>2019-06-25</sponsorshipDate>
        <isOriginalCosponsor>True</isOriginalCosponsor>
        <sponsorshipWithdrawnDate />
      </item>
      <item>
        <bioguideId>C001072</bioguideId>
        <fullName>Rep. Carson, Andre [D-IN-7]</fullName>
        <firstName>Andre</firstName>
        <middleName />
        <lastName>Carson</lastName>
        <party>D</party>
        <state>IN</state>
        <identifiers>
          <lisID>1889</lisID>
          <bioguideId>C001072</bioguideId>
          <gpoId>7946</gpoId>
        </identifiers>
        <district>7</district>
        <sponsorshipDate>2019-06-25</sponsorshipDate>
        <isOriginalCosponsor>True</isOriginalCosponsor>
        <sponsorshipWithdrawnDate />
      </item>
      <item>
        <bioguideId>F000462</bioguideId>
        <fullName>Rep. Frankel, Lois [D-FL-21]</fullName>
        <firstName>Lois</firstName>
        <middleName />
        <lastName>Frankel</lastName>
        <party>D</party>
        <state>FL</state>
        <identifiers>
          <lisID>2119</lisID>
          <bioguideId>F000462</bioguideId>
          <gpoId />
        </identifiers>
        <district>21</district>
        <sponsorshipDate>2019-06-25</sponsorshipDate>
        <isOriginalCosponsor>True</isOriginalCosponsor>
        <sponsorshipWithdrawnDate />
      </item>
      <item>
        <bioguideId>K000009</bioguideId>
        <fullName>Rep. Kaptur, Marcy [D-OH-9]</fullName>
        <firstName>MARCY</firstName>
        <middleName />
        <lastName>KAPTUR</lastName>
        <party>D</party>
        <state>OH</state>
        <identifiers>
          <lisID>616</lisID>
          <bioguideId>K000009</bioguideId>
          <gpoId>8099</gpoId>
        </identifiers>
        <district>9</district>
        <sponsorshipDate>2019-06-25</sponsorshipDate>
        <isOriginalCosponsor>True</isOriginalCosponsor>
        <sponsorshipWithdrawnDate />
      </item>
      <item>
        <bioguideId>M001185</bioguideId>
        <fullName>Rep. Maloney, Sean Patrick [D-NY-18]</fullName>
        <firstName>Sean</firstName>
        <middleName>Patrick</middleName>
        <lastName>Maloney</lastName>
        <party>D</party>
        <state>NY</state>
        <identifiers>
          <lisID>2150</lisID>
          <bioguideId>M001185</bioguideId>
          <gpoId />
        </identifiers>
        <district>18</district>
        <sponsorshipDate>2019-06-25</sponsorshipDate>
        <isOriginalCosponsor>True</isOriginalCosponsor>
        <sponsorshipWithdrawnDate />
      </item>
      <item>
        <bioguideId>K000381</bioguideId>
        <fullName>Rep. Kilmer, Derek [D-WA-6]</fullName>
        <firstName>Derek</firstName>
        <middleName />
        <lastName>Kilmer</lastName>
        <party>D</party>
        <state>WA</state>
        <identifiers>
          <lisID>2169</lisID>
          <bioguideId>K000381</bioguideId>
          <gpoId />
        </identifiers>
        <district>6</district>
        <sponsorshipDate>2019-06-25</sponsorshipDate>
        <isOriginalCosponsor>True</isOriginalCosponsor>
        <sponsorshipWithdrawnDate />
      </item>
      <item>
        <bioguideId>B001285</bioguideId>
        <fullName>Rep. Brownley, Julia [D-CA-26]</fullName>
        <firstName>Julia</firstName>
        <middleName />
        <lastName>Brownley</lastName>
        <party>D</party>
        <state>CA</state>
        <identifiers>
          <lisID>2106</lisID>
          <bioguideId>B001285</bioguideId>
          <gpoId />
        </identifiers>
        <district>26</district>
        <sponsorshipDate>2019-06-25</sponsorshipDate>
        <isOriginalCosponsor>True</isOriginalCosponsor>
        <sponsorshipWithdrawnDate />
      </item>
      <item>
        <bioguideId>P000608</bioguideId>
        <fullName>Rep. Peters, Scott H. [D-CA-52]</fullName>
        <firstName>Scott</firstName>
        <middleName>H.</middleName>
        <lastName>Peters</lastName>
        <party>D</party>
        <state>CA</state>
        <identifiers>
          <lisID>2113</lisID>
          <bioguideId>P000608</bioguideId>
          <gpoId />
        </identifiers>
        <district>52</district>
        <sponsorshipDate>2019-06-25</sponsorshipDate>
        <isOriginalCosponsor>True</isOriginalCosponsor>
        <sponsorshipWithdrawnDate />
      </item>
      <item>
        <bioguideId>C000537</bioguideId>
        <fullName>Rep. Clyburn, James E. [D-SC-6]</fullName>
        <firstName>JAMES</firstName>
        <middleName>E.</middleName>
        <lastName>CLYBURN</lastName>
        <party>D</party>
        <state>SC</state>
        <identifiers>
          <lisID>208</lisID>
          <bioguideId>C000537</bioguideId>
          <gpoId>8146</gpoId>
        </identifiers>
        <district>6</district>
        <sponsorshipDate>2019-06-25</sponsorshipDate>
        <isOriginalCosponsor>True</isOriginalCosponsor>
        <sponsorshipWithdrawnDate />
      </item>
      <item>
        <bioguideId>C001067</bioguideId>
        <fullName>Rep. Clarke, Yvette D. [D-NY-9]</fullName>
        <firstName>Yvette</firstName>
        <middleName>D.</middleName>
        <lastName>Clarke</lastName>
        <party>D</party>
        <state>NY</state>
        <identifiers>
          <lisID>1864</lisID>
          <bioguideId>C001067</bioguideId>
          <gpoId>8072</gpoId>
        </identifiers>
        <district>9</district>
        <sponsorshipDate>2019-06-25</sponsorshipDate>
        <isOriginalCosponsor>True</isOriginalCosponsor>
        <sponsorshipWithdrawnDate />
      </item>
      <item>
        <bioguideId>H001038</bioguideId>
        <fullName>Rep. Higgins, Brian [D-NY-26]</fullName>
        <firstName>Brian</firstName>
        <middleName />
        <lastName>Higgins</lastName>
        <party>D</party>
        <state>NY</state>
        <identifiers>
          <lisID>1794</lisID>
          <bioguideId>H001038</bioguideId>
          <gpoId>8088</gpoId>
        </identifiers>
        <district>26</district>
        <sponsorshipDate>2019-06-25</sponsorshipDate>
        <isOriginalCosponsor>True</isOriginalCosponsor>
        <sponsorshipWithdrawnDate />
      </item>
      <item>
        <bioguideId>P000593</bioguideId>
        <fullName>Rep. Perlmutter, Ed [D-CO-7]</fullName>
        <firstName>Ed</firstName>
        <middleName />
        <lastName>Perlmutter</lastName>
        <party>D</party>
        <state>CO</state>
        <identifiers>
          <lisID>1835</lisID>
          <bioguideId>P000593</bioguideId>
          <gpoId>7865</gpoId>
        </identifiers>
        <district>7</district>
        <sponsorshipDate>2019-06-25</sponsorshipDate>
        <isOriginalCosponsor>True</isOriginalCosponsor>
        <sponsorshipWithdrawnDate />
      </item>
      <item>
        <bioguideId>P000096</bioguideId>
        <fullName>Rep. Pascrell, Bill, Jr. [D-NJ-9]</fullName>
        <firstName>WILLIAM</firstName>
        <middleName>J.</middleName>
        <lastName>PASCRELL</lastName>
        <party>D</party>
        <state>NJ</state>
        <identifiers>
          <lisID>1510</lisID>
          <bioguideId>P000096</bioguideId>
          <gpoId>8050</gpoId>
        </identifiers>
        <district>9</district>
        <sponsorshipDate>2019-06-25</sponsorshipDate>
        <isOriginalCosponsor>True</isOriginalCosponsor>
        <sponsorshipWithdrawnDate />
      </item>
      <item>
        <bioguideId>W000822</bioguideId>
        <fullName>Rep. Watson Coleman, Bonnie [D-NJ-12]</fullName>
        <firstName>Bonnie</firstName>
        <middleName />
        <lastName>Watson Coleman</lastName>
        <party>D</party>
        <state>NJ</state>
        <identifiers>
          <lisID>2259</lisID>
          <bioguideId>W000822</bioguideId>
          <gpoId />
        </identifiers>
        <district>12</district>
        <sponsorshipDate>2019-06-25</sponsorshipDate>
        <isOriginalCosponsor>True</isOriginalCosponsor>
        <sponsorshipWithdrawnDate />
      </item>
      <item>
        <bioguideId>H001083</bioguideId>
        <fullName>Rep. Horn, Kendra S. [D-OK-5]</fullName>
        <firstName>Kendra</firstName>
        <middleName>S.</middleName>
        <lastName>Horn</lastName>
        <party>D</party>
        <state>OK</state>
        <identifiers>
          <lisID>2431</lisID>
          <bioguideId>H001083</bioguideId>
          <gpoId />
        </identifiers>
        <district>5</district>
        <sponsorshipDate>2019-06-25</sponsorshipDate>
        <isOriginalCosponsor>True</isOriginalCosponsor>
        <sponsorshipWithdrawnDate />
      </item>
      <item>
        <bioguideId>L000565</bioguideId>
        <fullName>Rep. Loebsack, David [D-IA-2]</fullName>
        <firstName>David</firstName>
        <middleName />
        <lastName>Loebsack</lastName>
        <party>D</party>
        <state>IA</state>
        <identifiers>
          <lisID>1846</lisID>
          <bioguideId>L000565</bioguideId>
          <gpoId>7915</gpoId>
        </identifiers>
        <district>2</district>
        <sponsorshipDate>2019-06-25</sponsorshipDate>
        <isOriginalCosponsor>True</isOriginalCosponsor>
        <sponsorshipWithdrawnDate />
      </item>
      <item>
        <bioguideId>S001185</bioguideId>
        <fullName>Rep. Sewell, Terri A. [D-AL-7]</fullName>
        <firstName>Terri</firstName>
        <middleName>A.</middleName>
        <lastName>Sewell</lastName>
        <party>D</party>
        <state>AL</state>
        <identifiers>
          <lisID>1988</lisID>
          <bioguideId>S001185</bioguideId>
          <gpoId>7792</gpoId>
        </identifiers>
        <district>7</district>
        <sponsorshipDate>2019-06-25</sponsorshipDate>
        <isOriginalCosponsor>True</isOriginalCosponsor>
        <sponsorshipWithdrawnDate />
      </item>
      <item>
        <bioguideId>W000824</bioguideId>
        <fullName>Rep. Watkins, Steve [R-KS-2]</fullName>
        <firstName>Steve</firstName>
        <middleName />
        <lastName>Watkins</lastName>
        <party>R</party>
        <state>KS</state>
        <identifiers>
          <lisID>2402</lisID>
          <bioguideId>W000824</bioguideId>
          <gpoId />
        </identifiers>
        <district>2</district>
        <sponsorshipDate>2019-06-25</sponsorshipDate>
        <isOriginalCosponsor>True</isOriginalCosponsor>
        <sponsorshipWithdrawnDate />
      </item>
      <item>
        <bioguideId>S001176</bioguideId>
        <fullName>Rep. Scalise, Steve [R-LA-1]</fullName>
        <firstName>Steve</firstName>
        <middleName />
        <lastName>Scalise</lastName>
        <party>R</party>
        <state>LA</state>
        <identifiers>
          <lisID>1892</lisID>
          <bioguideId>S001176</bioguideId>
          <gpoId>7959</gpoId>
        </identifiers>
        <district>1</district>
        <sponsorshipDate>2019-06-25</sponsorshipDate>
        <isOriginalCosponsor>True</isOriginalCosponsor>
        <sponsorshipWithdrawnDate />
      </item>
      <item>
        <bioguideId>F000468</bioguideId>
        <fullName>Rep. Fletcher, Lizzie [D-TX-7]</fullName>
        <firstName>Lizzie</firstName>
        <middleName />
        <lastName>Fletcher</lastName>
        <party>D</party>
        <state>TX</state>
        <identifiers>
          <lisID>2447</lisID>
          <bioguideId>F000468</bioguideId>
          <gpoId />
        </identifiers>
        <district>7</district>
        <sponsorshipDate>2019-06-25</sponsorshipDate>
        <isOriginalCosponsor>True</isOriginalCosponsor>
        <sponsorshipWithdrawnDate />
      </item>
      <item>
        <bioguideId>S001157</bioguideId>
        <fullName>Rep. Scott, David [D-GA-13]</fullName>
        <firstName>David</firstName>
        <middleName />
        <lastName>Scott</lastName>
        <party>D</party>
        <state>GA</state>
        <identifiers>
          <lisID>1722</lisID>
          <bioguideId>S001157</bioguideId>
          <gpoId>7910</gpoId>
        </identifiers>
        <district>13</district>
        <sponsorshipDate>2019-06-25</sponsorshipDate>
        <isOriginalCosponsor>True</isOriginalCosponsor>
        <sponsorshipWithdrawnDate />
      </item>
      <item>
        <bioguideId>S001145</bioguideId>
        <fullName>Rep. Schakowsky, Janice D. [D-IL-9]</fullName>
        <firstName>JANICE</firstName>
        <middleName>D.</middleName>
        <lastName>SCHAKOWSKY</lastName>
        <party>D</party>
        <state>IL</state>
        <identifiers>
          <lisID>1588</lisID>
          <bioguideId>S001145</bioguideId>
          <gpoId>7929</gpoId>
        </identifiers>
        <district>9</district>
        <sponsorshipDate>2019-06-25</sponsorshipDate>
        <isOriginalCosponsor>True</isOriginalCosponsor>
        <sponsorshipWithdrawnDate />
      </item>
      <item>
        <bioguideId>C001066</bioguideId>
        <fullName>Rep. Castor, Kathy [D-FL-14]</fullName>
        <firstName>Kathy</firstName>
        <middleName />
        <lastName>Castor</lastName>
        <party>D</party>
        <state>FL</state>
        <identifiers>
          <lisID>1839</lisID>
          <bioguideId>C001066</bioguideId>
          <gpoId>7883</gpoId>
        </identifiers>
        <district>14</district>
        <sponsorshipDate>2019-06-25</sponsorshipDate>
        <isOriginalCosponsor>True</isOriginalCosponsor>
        <sponsorshipWithdrawnDate />
      </item>
      <item>
        <bioguideId>E000215</bioguideId>
        <fullName>Rep. Eshoo, Anna G. [D-CA-18]</fullName>
        <firstName>ANNA</firstName>
        <middleName>G.</middleName>
        <lastName>ESHOO</lastName>
        <party>D</party>
        <state>CA</state>
        <identifiers>
          <lisID>355</lisID>
          <bioguideId>E000215</bioguideId>
          <gpoId>7819</gpoId>
        </identifiers>
        <district>18</district>
        <sponsorshipDate>2019-06-25</sponsorshipDate>
        <isOriginalCosponsor>True</isOriginalCosponsor>
        <sponsorshipWithdrawnDate />
      </item>
      <item>
        <bioguideId>C000984</bioguideId>
        <fullName>Rep. Cummings, Elijah E. [D-MD-7]</fullName>
        <firstName>ELIJAH</firstName>
        <middleName>E.</middleName>
        <lastName>CUMMINGS</lastName>
        <party>D</party>
        <state>MD</state>
        <identifiers>
          <lisID>256</lisID>
          <bioguideId>C000984</bioguideId>
          <gpoId>7982</gpoId>
        </identifiers>
        <district>7</district>
        <sponsorshipDate>2019-06-25</sponsorshipDate>
        <isOriginalCosponsor>True</isOriginalCosponsor>
        <sponsorshipWithdrawnDate />
      </item>
      <item>
        <bioguideId>S000185</bioguideId>
        <fullName>Rep. Scott, Robert C. "Bobby" [D-VA-3]</fullName>
        <firstName>Robert</firstName>
        <middleName>C. "Bobby"</middleName>
        <lastName>Scott</lastName>
        <party>D</party>
        <state>VA</state>
        <identifiers>
          <lisID>1037</lisID>
          <bioguideId>S000185</bioguideId>
          <gpoId>8194</gpoId>
        </identifiers>
        <district>3</district>
        <sponsorshipDate>2019-06-25</sponsorshipDate>
        <isOriginalCosponsor>True</isOriginalCosponsor>
        <sponsorshipWithdrawnDate />
      </item>
      <item>
        <bioguideId>L000570</bioguideId>
        <fullName>Rep. Lujan, Ben Ray [D-NM-3]</fullName>
        <firstName>Ben</firstName>
        <middleName>Ray</middleName>
        <lastName>Lujan</lastName>
        <party>D</party>
        <state>NM</state>
        <identifiers>
          <lisID>1939</lisID>
          <bioguideId>L000570</bioguideId>
          <gpoId>8058</gpoId>
        </identifiers>
        <district>3</district>
        <sponsorshipDate>2019-06-25</sponsorshipDate>
        <isOriginalCosponsor>True</isOriginalCosponsor>
        <sponsorshipWithdrawnDate />
      </item>
      <item>
        <bioguideId>B001287</bioguideId>
        <fullName>Rep. Bera, Ami [D-CA-7]</fullName>
        <firstName>Ami</firstName>
        <middleName />
        <lastName>Bera</lastName>
        <party>D</party>
        <state>CA</state>
        <identifiers>
          <lisID>2102</lisID>
          <bioguideId>B001287</bioguideId>
          <gpoId />
        </identifiers>
        <district>7</district>
        <sponsorshipDate>2019-06-26</sponsorshipDate>
        <isOriginalCosponsor>False</isOriginalCosponsor>
        <sponsorshipWithdrawnDate />
      </item>
      <item>
        <bioguideId>B001257</bioguideId>
        <fullName>Rep. Bilirakis, Gus M. [R-FL-12]</fullName>
        <firstName>Gus</firstName>
        <middleName>M.</middleName>
        <lastName>Bilirakis</lastName>
        <party>R</party>
        <state>FL</state>
        <identifiers>
          <lisID>1838</lisID>
          <bioguideId>B001257</bioguideId>
          <gpoId>7881</gpoId>
        </identifiers>
        <district>12</district>
        <sponsorshipDate>2019-06-27</sponsorshipDate>
        <isOriginalCosponsor>False</isOriginalCosponsor>
        <sponsorshipWithdrawnDate />
      </item>
      <item>
        <bioguideId>R000616</bioguideId>
        <fullName>Rep. Rouda, Harley [D-CA-48]</fullName>
        <firstName>Harley</firstName>
        <middleName />
        <lastName>Rouda</lastName>
        <party>D</party>
        <state>CA</state>
        <identifiers>
          <lisID>2382</lisID>
          <bioguideId>R000616</bioguideId>
          <gpoId />
        </identifiers>
        <district>48</district>
        <sponsorshipDate>2019-07-16</sponsorshipDate>
        <isOriginalCosponsor>False</isOriginalCosponsor>
        <sponsorshipWithdrawnDate />
      </item>
      <item>
        <bioguideId>L000590</bioguideId>
        <fullName>Rep. Lee, Susie [D-NV-3]</fullName>
        <firstName>Susie</firstName>
        <middleName />
        <lastName>Lee</lastName>
        <party>D</party>
        <state>NV</state>
        <identifiers>
          <lisID>2425</lisID>
          <bioguideId>L000590</bioguideId>
          <gpoId />
        </identifiers>
        <district>3</district>
        <sponsorshipDate>2019-07-16</sponsorshipDate>
        <isOriginalCosponsor>False</isOriginalCosponsor>
        <sponsorshipWithdrawnDate />
      </item>
      <item>
        <bioguideId>B001250</bioguideId>
        <fullName>Rep. Bishop, Rob [R-UT-1]</fullName>
        <firstName>Rob</firstName>
        <middleName />
        <lastName>Bishop</lastName>
        <party>R</party>
        <state>UT</state>
        <identifiers>
          <lisID>1753</lisID>
          <bioguideId>B001250</bioguideId>
          <gpoId>8189</gpoId>
        </identifiers>
        <district>1</district>
        <sponsorshipDate>2019-07-16</sponsorshipDate>
        <isOriginalCosponsor>False</isOriginalCosponsor>
        <sponsorshipWithdrawnDate />
      </item>
      <item>
        <bioguideId>C001111</bioguideId>
        <fullName>Rep. Crist, Charlie [D-FL-13]</fullName>
        <firstName>Charlie</firstName>
        <middleName />
        <lastName>Crist</lastName>
        <party>D</party>
        <state>FL</state>
        <identifiers>
          <lisID>2321</lisID>
          <bioguideId>C001111</bioguideId>
          <gpoId />
        </identifiers>
        <district>13</district>
        <sponsorshipDate>2019-08-27</sponsorshipDate>
        <isOriginalCosponsor>False</isOriginalCosponsor>
        <sponsorshipWithdrawnDate />
      </item>
      <item>
        <bioguideId>T000472</bioguideId>
        <fullName>Rep. Takano, Mark [D-CA-41]</fullName>
        <firstName>Mark</firstName>
        <middleName />
        <lastName>Takano</lastName>
        <party>D</party>
        <state>CA</state>
        <identifiers>
          <lisID>2110</lisID>
          <bioguideId>T000472</bioguideId>
          <gpoId />
        </identifiers>
        <district>41</district>
        <sponsorshipDate>2019-08-27</sponsorshipDate>
        <isOriginalCosponsor>False</isOriginalCosponsor>
        <sponsorshipWithdrawnDate />
      </item>
      <item>
        <bioguideId>S000510</bioguideId>
        <fullName>Rep. Smith, Adam [D-WA-9]</fullName>
        <firstName>ADAM</firstName>
        <middleName />
        <lastName>SMITH</lastName>
        <party>D</party>
        <state>WA</state>
        <identifiers>
          <lisID>1528</lisID>
          <bioguideId>S000510</bioguideId>
          <gpoId>8213</gpoId>
        </identifiers>
        <district>9</district>
        <sponsorshipDate>2019-09-19</sponsorshipDate>
        <isOriginalCosponsor>False</isOriginalCosponsor>
        <sponsorshipWithdrawnDate />
      </item>
      <item>
        <bioguideId>K000188</bioguideId>
        <fullName>Rep. Kind, Ron [D-WI-3]</fullName>
        <firstName>RON</firstName>
        <middleName />
        <lastName>KIND</lastName>
        <party>D</party>
        <state>WI</state>
        <identifiers>
          <lisID>1498</lisID>
          <bioguideId>K000188</bioguideId>
          <gpoId>8216</gpoId>
        </identifiers>
        <district>3</district>
        <sponsorshipDate>2019-09-19</sponsorshipDate>
        <isOriginalCosponsor>False</isOriginalCosponsor>
        <sponsorshipWithdrawnDate />
      </item>
      <item>
        <bioguideId>K000392</bioguideId>
        <fullName>Rep. Kustoff, David [R-TN-8]</fullName>
        <firstName>David</firstName>
        <middleName />
        <lastName>Kustoff</lastName>
        <party>R</party>
        <state>TN</state>
        <identifiers>
          <lisID>2348</lisID>
          <bioguideId>K000392</bioguideId>
          <gpoId />
        </identifiers>
        <district>8</district>
        <sponsorshipDate>2019-10-15</sponsorshipDate>
        <isOriginalCosponsor>False</isOriginalCosponsor>
        <sponsorshipWithdrawnDate />
      </item>
    </cosponsors>
    <cboCostEstimates />
    <laws />
    <notes />
    <policyArea>
      <name>Finance and Financial Sector</name>
    </policyArea>
    <subjects>
      <billSubjects>
        <legislativeSubjects>
          <item>
            <name>Athletes</name>
          </item>
          <item>
            <name>Currency</name>
          </item>
          <item>
            <name>Museums, exhibitions, cultural centers</name>
          </item>
          <item>
            <name>New York State</name>
          </item>
          <item>
            <name>Professional sports</name>
          </item>
          <item>
            <name>Racial and ethnic relations</name>
          </item>
          <item>
            <name>U.S. history</name>
          </item>
        </legislativeSubjects>
        <policyArea>
          <name>Finance and Financial Sector</name>
        </policyArea>
      </billSubjects>
    </subjects>
    <summaries>
      <billSummaries>
        <item>
          <versionCode>00</versionCode>
          <actionDate>2019-06-25</actionDate>
          <actionDesc>Introduced in House</actionDesc>
          <lastSummaryUpdateDate>2019-07-24T18:14:30Z</lastSummaryUpdateDate>
          <text><![CDATA[<p><b>Integration of Baseball Commemorative Coin Act</b></p> <p>This bill directs the Department of the Treasury to mint and issue $5 gold coins, $1 silver coins, and half-dollar clad coins in recognition and celebration of the 75th anniversary of the integration of the game of baseball. </p> <p>All sales of such coins shall include specified surcharges. All surcharges received by Treasury shall be distributed to the National Baseball Hall of Fame, with the understanding that the Hall of Fame shall work with the Jackie Robinson Foundation to develop and operate education programs about the integration of the game of baseball and to preserve artifacts related to the integration of the game. </p>]]></text>
          <updateDate>2019-06-25T04:00:00Z</updateDate>
          <name>Introduced in House</name>
        </item>
      </billSummaries>
    </summaries>
    <title>Integration of Baseball Commemorative Coin Act</title>
    <titles>
      <item>
        <titleType>Official Title as Introduced</titleType>
        <parentTitleType />
        <title>To require the Secretary of the Treasury to mint commemorative coins in recognition of the 75th anniversary of the integration of baseball.</title>
        <chamberCode />
        <chamberName />
      </item>
      <item>
        <titleType>Display Title</titleType>
        <parentTitleType />
        <title>Integration of Baseball Commemorative Coin Act</title>
        <chamberCode />
        <chamberName />
      </item>
      <item>
        <titleType>Short Title(s) as Introduced</titleType>
        <parentTitleType>Short Title</parentTitleType>
        <title>Integration of Baseball Commemorative Coin Act</title>
        <chamberCode />
        <chamberName />
      </item>
    </titles>
    <amendments />
    <textVersions>
      <item>
        <type>Introduced in House</type>
        <date>2019-06-25T04:00:00Z</date>
        <formats>
          <item>
            <url>https://www.govinfo.gov/content/pkg/BILLS-116hr3483ih/xml/BILLS-116hr3483ih.xml</url>
          </item>
        </formats>
      </item>
    </textVersions>
    <latestAction>
      <actionDate>2019-06-25</actionDate>
      <text>Referred to the House Committee on Financial Services.</text>
      <links />
    </latestAction>
    <calendarNumbers />
    <version>1.0.0</version>
  </bill>
  <dublinCore xmlns:dc="http://purl.org/dc/elements/1.1/">
    <dc:format>text/xml</dc:format>
    <dc:language>EN</dc:language>
    <dc:rights>Pursuant to Title 17 Section 105 of the United States Code, this file is not subject to copyright protection and is in the public domain.</dc:rights>
    <dc:contributor>Congressional Research Service, Library of Congress</dc:contributor>
    <dc:description>This file contains bill summaries and statuses for federal legislation. A bill summary describes the most significant provisions of a piece of legislation and details the effects the legislative text may have on current law and federal programs. Bill summaries are authored by the Congressional Research Service (CRS) of the Library of Congress. As stated in Public Law 91-510 (2 USC 166 (d)(6)), one of the duties of CRS is "to prepare summaries and digests of bills and resolutions of a public general nature introduced in the Senate or House of Representatives". For more information, refer to the User Guide that accompanies this file.</dc:description>
  </dublinCore>
</billStatus>

