<?xml version="1.0" encoding="UTF-8"?>
<billStatus>
  <bill>
    <billNumber>647</billNumber>
    <createDate>2017-01-25T04:45:55Z</createDate>
    <updateDate>2021-04-16T18:22:28Z</updateDate>
    <originChamber>House</originChamber>
    <billType>HR</billType>
    <introducedDate>2017-01-24</introducedDate>
    <congress>115</congress>
    <constitutionalAuthorityStatementText><![CDATA[<pre>[Congressional Record Volume 163, Number 13 (Tuesday, January 24, 2017)]From the Congressional Record Online through the Government Publishing Office [<a href='http://www.gpo.gov'>www.gpo.gov</a>]By Mr. CARSON of Indiana:H.R. 647.Congress has the power to enact this legislation pursuantto the following:Clause 7 of section 9 of article I of the Constitution,Clause 1 of section 8 of article I of the Constitution, andclause 18 of section 8 of article I of the Constitution.[Page H688]</pre>]]></constitutionalAuthorityStatementText>
    <recordedVotes />
    <committees>
      <billCommittees>
        <item>
          <systemCode>hsed00</systemCode>
          <name>Education and Labor Committee</name>
          <chamber>House</chamber>
          <type>Standing</type>
          <subcommittees />
          <activities>
            <item>
              <name>Referred to</name>
              <date>2017-01-24T15:09:05Z</date>
            </item>
          </activities>
        </item>
      </billCommittees>
    </committees>
    <committeeReports />
    <relatedBills />
    <actions>
      <item>
        <actionDate>2017-01-24</actionDate>
        <links />
        <text>Referred to the House Committee on Education and the Workforce.</text>
        <type>IntroReferral</type>
        <actionCode>H11100</actionCode>
        <sourceSystem>
          <code>2</code>
          <name>House floor actions</name>
        </sourceSystem>
        <committees>
          <item>
            <systemCode>hsed00</systemCode>
            <name>Education and Labor Committee</name>
          </item>
        </committees>
      </item>
      <item>
        <actionDate>2017-01-24</actionDate>
        <links />
        <text>Sponsor introductory remarks on measure. (CR E88)</text>
        <type>IntroReferral</type>
        <actionCode>B00100</actionCode>
        <sourceSystem>
          <code>9</code>
          <name>Library of Congress</name>
        </sourceSystem>
        <committees />
      </item>
      <item>
        <actionDate>2017-01-24</actionDate>
        <links />
        <text>Introduced in House</text>
        <type>IntroReferral</type>
        <actionCode>Intro-H</actionCode>
        <sourceSystem>
          <code>9</code>
          <name>Library of Congress</name>
        </sourceSystem>
        <committees />
      </item>
      <item>
        <actionDate>2017-01-24</actionDate>
        <links />
        <text>Introduced in House</text>
        <type>IntroReferral</type>
        <actionCode>1000</actionCode>
        <sourceSystem>
          <code>9</code>
          <name>Library of Congress</name>
        </sourceSystem>
        <committees />
      </item>
      <actionTypeCounts>
        <billReferrals>1</billReferrals>
        <placeholderTextForB>1</placeholderTextForB>
        <introducedInTheHouse>1</introducedInTheHouse>
        <introducedInHouse>1</introducedInHouse>
      </actionTypeCounts>
      <actionByCounts>
        <houseOfRepresentatives>3</houseOfRepresentatives>
      </actionByCounts>
    </actions>
    <sponsors>
      <item>
        <bioguideId>C001072</bioguideId>
        <fullName>Rep. Carson, Andre [D-IN-7]</fullName>
        <firstName>Andre</firstName>
        <middleName />
        <lastName>Carson</lastName>
        <party>D</party>
        <state>IN</state>
        <identifiers>
          <lisID>1889</lisID>
          <bioguideId>C001072</bioguideId>
          <gpoId>7946</gpoId>
        </identifiers>
        <district>7</district>
        <byRequestType />
      </item>
    </sponsors>
    <cosponsors>
      <item>
        <bioguideId>C001068</bioguideId>
        <fullName>Rep. Cohen, Steve [D-TN-9]</fullName>
        <firstName>Steve</firstName>
        <middleName />
        <lastName>Cohen</lastName>
        <party>D</party>
        <state>TN</state>
        <identifiers>
          <lisID>1878</lisID>
          <bioguideId>C001068</bioguideId>
          <gpoId>8156</gpoId>
        </identifiers>
        <district>9</district>
        <sponsorshipDate>2017-01-24</sponsorshipDate>
        <isOriginalCosponsor>True</isOriginalCosponsor>
        <sponsorshipWithdrawnDate />
      </item>
      <item>
        <bioguideId>E000288</bioguideId>
        <fullName>Rep. Ellison, Keith [D-MN-5]</fullName>
        <firstName>Keith</firstName>
        <middleName />
        <lastName>Ellison</lastName>
        <party>D</party>
        <state>MN</state>
        <identifiers>
          <lisID>1857</lisID>
          <bioguideId>E000288</bioguideId>
          <gpoId>8005</gpoId>
        </identifiers>
        <district>5</district>
        <sponsorshipDate>2017-01-24</sponsorshipDate>
        <isOriginalCosponsor>True</isOriginalCosponsor>
        <sponsorshipWithdrawnDate />
      </item>
      <item>
        <bioguideId>L000559</bioguideId>
        <fullName>Rep. Langevin, James R. [D-RI-2]</fullName>
        <firstName>JAMES</firstName>
        <middleName>R.</middleName>
        <lastName>LANGEVIN</lastName>
        <party>D</party>
        <state>RI</state>
        <identifiers>
          <lisID>1668</lisID>
          <bioguideId>L000559</bioguideId>
          <gpoId>8140</gpoId>
        </identifiers>
        <district>2</district>
        <sponsorshipDate>2017-01-24</sponsorshipDate>
        <isOriginalCosponsor>True</isOriginalCosponsor>
        <sponsorshipWithdrawnDate />
      </item>
      <item>
        <bioguideId>L000551</bioguideId>
        <fullName>Rep. Lee, Barbara [D-CA-13]</fullName>
        <firstName>BARBARA</firstName>
        <middleName />
        <lastName>LEE</lastName>
        <party>D</party>
        <state>CA</state>
        <identifiers>
          <lisID>1501</lisID>
          <bioguideId>L000551</bioguideId>
          <gpoId>7814</gpoId>
        </identifiers>
        <district>13</district>
        <sponsorshipDate>2017-01-24</sponsorshipDate>
        <isOriginalCosponsor>True</isOriginalCosponsor>
        <sponsorshipWithdrawnDate />
      </item>
      <item>
        <bioguideId>L000565</bioguideId>
        <fullName>Rep. Loebsack, David [D-IA-2]</fullName>
        <firstName>David</firstName>
        <middleName />
        <lastName>Loebsack</lastName>
        <party>D</party>
        <state>IA</state>
        <identifiers>
          <lisID>1846</lisID>
          <bioguideId>L000565</bioguideId>
          <gpoId>7915</gpoId>
        </identifiers>
        <district>2</district>
        <sponsorshipDate>2017-01-24</sponsorshipDate>
        <isOriginalCosponsor>True</isOriginalCosponsor>
        <sponsorshipWithdrawnDate />
      </item>
      <item>
        <bioguideId>M001160</bioguideId>
        <fullName>Rep. Moore, Gwen [D-WI-4]</fullName>
        <firstName>Gwen</firstName>
        <middleName />
        <lastName>Moore</lastName>
        <party>D</party>
        <state>WI</state>
        <identifiers>
          <lisID>1811</lisID>
          <bioguideId>M001160</bioguideId>
          <gpoId>8217</gpoId>
        </identifiers>
        <district>4</district>
        <sponsorshipDate>2017-01-24</sponsorshipDate>
        <isOriginalCosponsor>True</isOriginalCosponsor>
        <sponsorshipWithdrawnDate />
      </item>
      <item>
        <bioguideId>N000147</bioguideId>
        <fullName>Del. Norton, Eleanor Holmes [D-DC-At Large]</fullName>
        <firstName>ELEANOR</firstName>
        <middleName>HOLMES</middleName>
        <lastName>NORTON</lastName>
        <party>D</party>
        <state>DC</state>
        <identifiers>
          <lisID>868</lisID>
          <bioguideId>N000147</bioguideId>
          <gpoId>7871</gpoId>
        </identifiers>
        <district>0</district>
        <sponsorshipDate>2017-01-24</sponsorshipDate>
        <isOriginalCosponsor>True</isOriginalCosponsor>
        <sponsorshipWithdrawnDate />
      </item>
      <item>
        <bioguideId>P000604</bioguideId>
        <fullName>Rep. Payne, Donald M., Jr. [D-NJ-10]</fullName>
        <firstName>Donald</firstName>
        <middleName>M.</middleName>
        <lastName>Payne</lastName>
        <party>D</party>
        <state>NJ</state>
        <identifiers>
          <lisID>2097</lisID>
          <bioguideId>P000604</bioguideId>
          <gpoId>8373</gpoId>
        </identifiers>
        <district>10</district>
        <sponsorshipDate>2017-01-24</sponsorshipDate>
        <isOriginalCosponsor>True</isOriginalCosponsor>
        <sponsorshipWithdrawnDate />
      </item>
      <item>
        <bioguideId>R000577</bioguideId>
        <fullName>Rep. Ryan, Tim [D-OH-13]</fullName>
        <firstName>TIM</firstName>
        <middleName />
        <lastName>RYAN</lastName>
        <party>D</party>
        <state>OH</state>
        <identifiers>
          <lisID>1756</lisID>
          <bioguideId>R000577</bioguideId>
          <gpoId>8107</gpoId>
        </identifiers>
        <district>13</district>
        <sponsorshipDate>2017-01-24</sponsorshipDate>
        <isOriginalCosponsor>True</isOriginalCosponsor>
        <sponsorshipWithdrawnDate />
      </item>
      <item>
        <bioguideId>P000598</bioguideId>
        <fullName>Rep. Polis, Jared [D-CO-2]</fullName>
        <firstName>Jared</firstName>
        <middleName />
        <lastName>Polis</lastName>
        <party>D</party>
        <state>CO</state>
        <identifiers>
          <lisID>1910</lisID>
          <bioguideId>P000598</bioguideId>
          <gpoId>7860</gpoId>
        </identifiers>
        <district>2</district>
        <sponsorshipDate>2017-01-31</sponsorshipDate>
        <isOriginalCosponsor>False</isOriginalCosponsor>
        <sponsorshipWithdrawnDate />
      </item>
      <item>
        <bioguideId>D000623</bioguideId>
        <fullName>Rep. DeSaulnier, Mark [D-CA-11]</fullName>
        <firstName>Mark</firstName>
        <middleName />
        <lastName>DeSaulnier</lastName>
        <party>D</party>
        <state>CA</state>
        <identifiers>
          <lisID>2227</lisID>
          <bioguideId>D000623</bioguideId>
          <gpoId />
        </identifiers>
        <district>11</district>
        <sponsorshipDate>2017-02-02</sponsorshipDate>
        <isOriginalCosponsor>False</isOriginalCosponsor>
        <sponsorshipWithdrawnDate />
      </item>
      <item>
        <bioguideId>P000607</bioguideId>
        <fullName>Rep. Pocan, Mark [D-WI-2]</fullName>
        <firstName>Mark</firstName>
        <middleName />
        <lastName>Pocan</lastName>
        <party>D</party>
        <state>WI</state>
        <identifiers>
          <lisID>2171</lisID>
          <bioguideId>P000607</bioguideId>
          <gpoId />
        </identifiers>
        <district>2</district>
        <sponsorshipDate>2017-02-07</sponsorshipDate>
        <isOriginalCosponsor>False</isOriginalCosponsor>
        <sponsorshipWithdrawnDate />
      </item>
      <item>
        <bioguideId>S001200</bioguideId>
        <fullName>Rep. Soto, Darren [D-FL-9]</fullName>
        <firstName>Darren</firstName>
        <middleName />
        <lastName>Soto</lastName>
        <party>D</party>
        <state>FL</state>
        <identifiers>
          <lisID>2319</lisID>
          <bioguideId>S001200</bioguideId>
          <gpoId />
        </identifiers>
        <district>9</district>
        <sponsorshipDate>2018-07-23</sponsorshipDate>
        <isOriginalCosponsor>False</isOriginalCosponsor>
        <sponsorshipWithdrawnDate />
      </item>
    </cosponsors>
    <cboCostEstimates />
    <laws />
    <notes />
    <policyArea>
      <name>Education</name>
    </policyArea>
    <subjects>
      <billSubjects>
        <legislativeSubjects>
          <item>
            <name>Education of the disadvantaged</name>
          </item>
          <item>
            <name>Education programs funding</name>
          </item>
          <item>
            <name>Educational guidance</name>
          </item>
          <item>
            <name>Elementary and secondary education</name>
          </item>
          <item>
            <name>Employee hiring</name>
          </item>
          <item>
            <name>Teaching, teachers, curricula</name>
          </item>
        </legislativeSubjects>
        <policyArea>
          <name>Education</name>
        </policyArea>
      </billSubjects>
    </subjects>
    <summaries>
      <billSummaries>
        <item>
          <versionCode>00</versionCode>
          <actionDate>2017-01-24</actionDate>
          <actionDesc>Introduced in House</actionDesc>
          <lastSummaryUpdateDate>2017-07-11T15:34:29Z</lastSummaryUpdateDate>
          <text><![CDATA[<p><b>Transition-to-Success Mentoring Act</b></p> <p>This bill amends the Elementary and Secondary Education Act of 1965 to reauthorize educational programs that assist at-risk middle school students.</p> <p>The bill establishes a transition-to-success mentoring program requiring the Department of Education to award grants to local educational agencies or certain community-based nonprofit organizations to provide school-based mentoring programs and assist at-risk students in transitioning from middle to high school.</p> <p>Grantees must assign each at-risk student in his or her middle school a success coach who creates a plan of success for the student and serves as the student's advocate between the student's parents and teachers.</p>]]></text>
          <updateDate>2017-01-24T05:00:00Z</updateDate>
          <name>Introduced in House</name>
        </item>
      </billSummaries>
    </summaries>
    <title>Transition-to-Success Mentoring Act</title>
    <titles>
      <item>
        <titleType>Official Title as Introduced</titleType>
        <parentTitleType />
        <title>To amend the Elementary and Secondary Education Act of 1965 to award grants to eligible entities to establish, expand, or support school-based mentoring programs to assist at-risk middle school students with the transition from middle school to high school.</title>
        <chamberCode />
        <chamberName />
      </item>
      <item>
        <titleType>Short Titles as Introduced</titleType>
        <parentTitleType />
        <title>Transition-to-Success Mentoring Act</title>
        <chamberCode />
        <chamberName />
      </item>
      <item>
        <titleType>Display Title</titleType>
        <parentTitleType />
        <title>Transition-to-Success Mentoring Act</title>
        <chamberCode />
        <chamberName />
      </item>
    </titles>
    <amendments />
    <textVersions>
      <item>
        <type>Introduced in House</type>
        <date>2017-01-24T05:00:00Z</date>
        <formats>
          <item>
            <url>https://www.govinfo.gov/content/pkg/BILLS-115hr647ih/xml/BILLS-115hr647ih.xml</url>
          </item>
        </formats>
      </item>
    </textVersions>
    <latestAction>
      <actionDate>2017-01-24</actionDate>
      <text>Referred to the House Committee on Education and the Workforce.</text>
      <links />
    </latestAction>
    <calendarNumbers />
    <version>1.0.0</version>
  </bill>
  <dublinCore xmlns:dc="http://purl.org/dc/elements/1.1/">
    <dc:format>text/xml</dc:format>
    <dc:language>EN</dc:language>
    <dc:rights>Pursuant to Title 17 Section 105 of the United States Code, this file is not subject to copyright protection and is in the public domain.</dc:rights>
    <dc:contributor>Congressional Research Service, Library of Congress</dc:contributor>
    <dc:description>This file contains bill summaries and statuses for federal legislation. A bill summary describes the most significant provisions of a piece of legislation and details the effects the legislative text may have on current law and federal programs. Bill summaries are authored by the Congressional Research Service (CRS) of the Library of Congress. As stated in Public Law 91-510 (2 USC 166 (d)(6)), one of the duties of CRS is "to prepare summaries and digests of bills and resolutions of a public general nature introduced in the Senate or House of Representatives". For more information, refer to the User Guide that accompanies this file.</dc:description>
  </dublinCore>
</billStatus>

