<?xml version="1.0" encoding="UTF-8"?>
<billStatus>
  <bill>
    <billNumber>5737</billNumber>
    <createDate>2018-05-10T07:10:53Z</createDate>
    <updateDate>2021-10-15T23:30:02Z</updateDate>
    <originChamber>House</originChamber>
    <billType>HR</billType>
    <introducedDate>2018-05-09</introducedDate>
    <congress>115</congress>
    <constitutionalAuthorityStatementText><![CDATA[<pre>[Congressional Record Volume 164, Number 75 (Wednesday, May 9, 2018)]From the Congressional Record Online through the Government Publishing Office [<a href='http://www.gpo.gov'>www.gpo.gov</a>]By Mrs. BUSTOS:H.R. 5737.Congress has the power to enact this legislation pursuantto the following:This bill is enacted pursuant to the power granted toCongress under Article I, Section 8, Clause 7 ofthe UnitedStates Constitution.[Page H3886]</pre>]]></constitutionalAuthorityStatementText>
    <recordedVotes />
    <committees>
      <billCommittees>
        <item>
          <systemCode>ssga00</systemCode>
          <name>Homeland Security and Governmental Affairs Committee</name>
          <chamber>Senate</chamber>
          <type>Standing</type>
          <subcommittees />
          <activities>
            <item>
              <name>Reported by</name>
              <date>2018-09-28T19:31:10Z</date>
            </item>
            <item>
              <name>Markup by</name>
              <date>2018-09-26T14:00:56Z</date>
            </item>
            <item>
              <name>Referred to</name>
              <date>2018-09-17T21:16:16Z</date>
            </item>
          </activities>
        </item>
        <item>
          <systemCode>hsgo00</systemCode>
          <name>Oversight and Reform Committee</name>
          <chamber>House</chamber>
          <type>Standing</type>
          <subcommittees />
          <activities>
            <item>
              <name>Discharged from</name>
              <date>2018-09-13T20:04:16Z</date>
            </item>
            <item>
              <name>Markup by</name>
              <date>2018-05-23T17:06:43Z</date>
            </item>
            <item>
              <name>Referred to</name>
              <date>2018-05-09T14:04:15Z</date>
            </item>
          </activities>
        </item>
      </billCommittees>
    </committees>
    <committeeReports />
    <relatedBills />
    <actions>
      <item>
        <actionDate>2018-12-06</actionDate>
        <links />
        <text>Became Public Law No: 115-293.</text>
        <type>President</type>
        <actionCode>E40000</actionCode>
        <sourceSystem>
          <code>2</code>
          <name>House floor actions</name>
        </sourceSystem>
        <committees />
      </item>
      <item>
        <actionDate>2018-12-06</actionDate>
        <links />
        <text>Became Public Law No: 115-293.</text>
        <type>BecameLaw</type>
        <actionCode>36000</actionCode>
        <sourceSystem>
          <code>9</code>
          <name>Library of Congress</name>
        </sourceSystem>
        <committees />
      </item>
      <item>
        <actionDate>2018-12-06</actionDate>
        <links />
        <text>Signed by President.</text>
        <type>President</type>
        <actionCode>E30000</actionCode>
        <sourceSystem>
          <code>2</code>
          <name>House floor actions</name>
        </sourceSystem>
        <committees />
      </item>
      <item>
        <actionDate>2018-12-06</actionDate>
        <links />
        <text>Signed by President.</text>
        <type>BecameLaw</type>
        <actionCode>36000</actionCode>
        <sourceSystem>
          <code>9</code>
          <name>Library of Congress</name>
        </sourceSystem>
        <committees />
      </item>
      <item>
        <actionDate>2018-11-26</actionDate>
        <links />
        <text>Presented to President.</text>
        <type>Floor</type>
        <actionCode>E20000</actionCode>
        <sourceSystem>
          <code>2</code>
          <name>House floor actions</name>
        </sourceSystem>
        <committees />
      </item>
      <item>
        <actionDate>2018-11-26</actionDate>
        <links />
        <text>Presented to President.</text>
        <type>President</type>
        <actionCode>28000</actionCode>
        <sourceSystem>
          <code>9</code>
          <name>Library of Congress</name>
        </sourceSystem>
        <committees />
      </item>
      <item>
        <actionDate>2018-11-16</actionDate>
        <committees />
        <links />
        <sourceSystem>
          <code>0</code>
          <name>Senate</name>
        </sourceSystem>
        <text>Message on Senate action sent to the House.</text>
        <type>Floor</type>
      </item>
      <item>
        <actionDate>2018-11-15</actionDate>
        <committees />
        <links />
        <sourceSystem>
          <code>0</code>
          <name>Senate</name>
        </sourceSystem>
        <text>Passed Senate without amendment by Unanimous Consent. (consideration: CR S7064)</text>
        <type>Floor</type>
      </item>
      <item>
        <actionDate>2018-11-15</actionDate>
        <links />
        <text>Passed/agreed to in Senate: Passed Senate without amendment by Unanimous Consent.(consideration: CR S7064)</text>
        <type>Floor</type>
        <actionCode>17000</actionCode>
        <sourceSystem>
          <code>9</code>
          <name>Library of Congress</name>
        </sourceSystem>
        <committees />
      </item>
      <item>
        <actionDate>2018-09-28</actionDate>
        <committees />
        <links />
        <sourceSystem>
          <code>0</code>
          <name>Senate</name>
        </sourceSystem>
        <text>Placed on Senate Legislative Calendar under General Orders. Calendar No. 603.</text>
        <type>Calendars</type>
      </item>
      <item>
        <actionDate>2018-09-28</actionDate>
        <committees>
          <item>
            <systemCode>ssga00</systemCode>
            <name>Homeland Security and Governmental Affairs Committee</name>
          </item>
        </committees>
        <links />
        <sourceSystem>
          <code>0</code>
          <name>Senate</name>
        </sourceSystem>
        <text>Committee on Homeland Security and Governmental Affairs. Reported by Senator Johnson without amendment. Without written report.</text>
        <type>Committee</type>
      </item>
      <item>
        <actionDate>2018-09-28</actionDate>
        <links />
        <text>Committee on Homeland Security and Governmental Affairs. Reported by Senator Johnson without amendment. Without written report.</text>
        <type>Committee</type>
        <actionCode>14000</actionCode>
        <sourceSystem>
          <code>9</code>
          <name>Library of Congress</name>
        </sourceSystem>
        <committees>
          <item>
            <systemCode>ssga00</systemCode>
            <name>Homeland Security and Governmental Affairs Committee</name>
          </item>
        </committees>
      </item>
      <item>
        <actionDate>2018-09-26</actionDate>
        <committees>
          <item>
            <systemCode>ssga00</systemCode>
            <name>Homeland Security and Governmental Affairs Committee</name>
          </item>
        </committees>
        <links />
        <sourceSystem>
          <code>0</code>
          <name>Senate</name>
        </sourceSystem>
        <text>Committee on Homeland Security and Governmental Affairs. Ordered to be reported without amendment favorably.</text>
        <type>Committee</type>
      </item>
      <item>
        <actionDate>2018-09-17</actionDate>
        <committees>
          <item>
            <systemCode>ssga00</systemCode>
            <name>Homeland Security and Governmental Affairs Committee</name>
          </item>
        </committees>
        <links />
        <sourceSystem>
          <code>0</code>
          <name>Senate</name>
        </sourceSystem>
        <text>Received in the Senate and Read twice and referred to the Committee on Homeland Security and Governmental Affairs.</text>
        <type>IntroReferral</type>
      </item>
      <item>
        <actionDate>2018-09-13</actionDate>
        <actionTime>16:04:56</actionTime>
        <links />
        <text>Motion to reconsider laid on the table Agreed to without objection.</text>
        <type>Floor</type>
        <actionCode>H38310</actionCode>
        <sourceSystem>
          <code>2</code>
          <name>House floor actions</name>
        </sourceSystem>
        <committees />
      </item>
      <item>
        <actionDate>2018-09-13</actionDate>
        <actionTime>16:04:51</actionTime>
        <links />
        <text>On passage Passed without objection. (text: CR H8247)</text>
        <type>Floor</type>
        <actionCode>H37100</actionCode>
        <sourceSystem>
          <code>2</code>
          <name>House floor actions</name>
        </sourceSystem>
        <committees />
      </item>
      <item>
        <actionDate>2018-09-13</actionDate>
        <actionTime>16:04:51</actionTime>
        <links />
        <text>Passed/agreed to in House: On passage Passed without objection.(text: CR H8247)</text>
        <type>Floor</type>
        <actionCode>8000</actionCode>
        <sourceSystem>
          <code>9</code>
          <name>Library of Congress</name>
        </sourceSystem>
        <committees />
      </item>
      <item>
        <actionDate>2018-09-13</actionDate>
        <actionTime>16:04:37</actionTime>
        <links />
        <text>Considered by unanimous consent. (consideration: CR H8247)</text>
        <type>Floor</type>
        <actionCode>H30000</actionCode>
        <sourceSystem>
          <code>2</code>
          <name>House floor actions</name>
        </sourceSystem>
        <committees />
      </item>
      <item>
        <actionDate>2018-09-13</actionDate>
        <links />
        <text>Committee on Oversight and Government discharged.</text>
        <type>Discharge</type>
        <actionCode>H12300</actionCode>
        <sourceSystem>
          <code>2</code>
          <name>House floor actions</name>
        </sourceSystem>
        <committees>
          <item>
            <systemCode>hsgo00</systemCode>
            <name>Oversight and Reform Committee</name>
          </item>
        </committees>
      </item>
      <item>
        <actionDate>2018-09-13</actionDate>
        <links />
        <text>Committee on Oversight and Government discharged.</text>
        <type>Committee</type>
        <actionCode>5500</actionCode>
        <sourceSystem>
          <code>9</code>
          <name>Library of Congress</name>
        </sourceSystem>
        <committees>
          <item>
            <systemCode>hsgo00</systemCode>
            <name>Oversight and Reform Committee</name>
          </item>
        </committees>
      </item>
      <item>
        <actionDate>2018-09-13</actionDate>
        <actionTime>16:04:15</actionTime>
        <links />
        <text>Mr. Russell asked unanimous consent to discharge from committee and consider.</text>
        <type>Floor</type>
        <actionCode>H30200</actionCode>
        <sourceSystem>
          <code>2</code>
          <name>House floor actions</name>
        </sourceSystem>
        <committees />
      </item>
      <item>
        <actionDate>2018-05-23</actionDate>
        <committees>
          <item>
            <systemCode>hsgo00</systemCode>
            <name>Oversight and Reform Committee</name>
          </item>
        </committees>
        <links />
        <sourceSystem>
          <code>1</code>
          <name>House committee actions</name>
        </sourceSystem>
        <text>Ordered to be Reported by Unanimous Consent.</text>
        <type>Committee</type>
      </item>
      <item>
        <actionDate>2018-05-23</actionDate>
        <committees>
          <item>
            <systemCode>hsgo00</systemCode>
            <name>Oversight and Reform Committee</name>
          </item>
        </committees>
        <links />
        <sourceSystem>
          <code>1</code>
          <name>House committee actions</name>
        </sourceSystem>
        <text>Committee Consideration and Mark-up Session Held.</text>
        <type>Committee</type>
      </item>
      <item>
        <actionDate>2018-05-09</actionDate>
        <links />
        <text>Referred to the House Committee on Oversight and Government Reform.</text>
        <type>IntroReferral</type>
        <actionCode>H11100</actionCode>
        <sourceSystem>
          <code>2</code>
          <name>House floor actions</name>
        </sourceSystem>
        <committees>
          <item>
            <systemCode>hsgo00</systemCode>
            <name>Oversight and Reform Committee</name>
          </item>
        </committees>
      </item>
      <item>
        <actionDate>2018-05-09</actionDate>
        <links />
        <text>Introduced in House</text>
        <type>IntroReferral</type>
        <actionCode>Intro-H</actionCode>
        <sourceSystem>
          <code>9</code>
          <name>Library of Congress</name>
        </sourceSystem>
        <committees />
      </item>
      <item>
        <actionDate>2018-05-09</actionDate>
        <links />
        <text>Introduced in House</text>
        <type>IntroReferral</type>
        <actionCode>1000</actionCode>
        <sourceSystem>
          <code>9</code>
          <name>Library of Congress</name>
        </sourceSystem>
        <committees />
      </item>
      <actionTypeCounts>
        <publicLawOrPrivateLaw>1</publicLawOrPrivateLaw>
        <becamePublicLaw>2</becamePublicLaw>
        <signedByPresidentOrSentToArchivistOfTheUnitedStatesUnsignedOrVetoedByPresidentOrPocketVetoedByPresident>1</signedByPresidentOrSentToArchivistOfTheUnitedStatesUnsignedOrVetoedByPresidentOrPocketVetoedByPresident>
        <presentedToPresident>2</presentedToPresident>
        <sentToHouse>1</sentToHouse>
        <passedSenate>1</passedSenate>
        <passedAgreedToInSenate>1</passedAgreedToInSenate>
        <placedOnCalendarGeneralOrders>1</placedOnCalendarGeneralOrders>
        <reportedToSenate>2</reportedToSenate>
        <orderedReported>1</orderedReported>
        <referredToCommittee>1</referredToCommittee>
        <motionToReconsiderResults>1</motionToReconsiderResults>
        <passageOfAMeasure>1</passageOfAMeasure>
        <passedAgreedToInHouse>1</passedAgreedToInHouse>
        <considerationByHouse>1</considerationByHouse>
        <committeeDischarged>1</committeeDischarged>
        <houseCommitteeDischarged>1</houseCommitteeDischarged>
        <unanimousConsentRequestToConsider>1</unanimousConsentRequestToConsider>
        <orderedToBeReported>1</orderedToBeReported>
        <committeeConsiderationMarkUp>1</committeeConsiderationMarkUp>
        <billReferrals>1</billReferrals>
        <introducedInTheHouse>1</introducedInTheHouse>
        <introducedInHouse>1</introducedInHouse>
      </actionTypeCounts>
      <actionByCounts>
        <senate>8</senate>
        <houseOfRepresentatives>12</houseOfRepresentatives>
      </actionByCounts>
    </actions>
    <sponsors>
      <item>
        <bioguideId>B001286</bioguideId>
        <fullName>Rep. Bustos, Cheri [D-IL-17]</fullName>
        <firstName>Cheri</firstName>
        <middleName />
        <lastName>Bustos</lastName>
        <party>D</party>
        <state>IL</state>
        <identifiers>
          <lisID>2127</lisID>
          <bioguideId>B001286</bioguideId>
          <gpoId />
        </identifiers>
        <district>17</district>
        <byRequestType />
      </item>
    </sponsors>
    <cosponsors>
      <item>
        <bioguideId>R000515</bioguideId>
        <fullName>Rep. Rush, Bobby L. [D-IL-1]</fullName>
        <firstName>BOBBY</firstName>
        <middleName>L.</middleName>
        <lastName>RUSH</lastName>
        <party>D</party>
        <state>IL</state>
        <identifiers>
          <lisID>1003</lisID>
          <bioguideId>R000515</bioguideId>
          <gpoId>7921</gpoId>
        </identifiers>
        <district>1</district>
        <sponsorshipDate>2018-05-09</sponsorshipDate>
        <isOriginalCosponsor>True</isOriginalCosponsor>
        <sponsorshipWithdrawnDate />
      </item>
      <item>
        <bioguideId>K000385</bioguideId>
        <fullName>Rep. Kelly, Robin L. [D-IL-2]</fullName>
        <firstName>Robin</firstName>
        <middleName>L.</middleName>
        <lastName>Kelly</lastName>
        <party>D</party>
        <state>IL</state>
        <identifiers>
          <lisID>2190</lisID>
          <bioguideId>K000385</bioguideId>
          <gpoId />
        </identifiers>
        <district>2</district>
        <sponsorshipDate>2018-05-09</sponsorshipDate>
        <isOriginalCosponsor>True</isOriginalCosponsor>
        <sponsorshipWithdrawnDate />
      </item>
      <item>
        <bioguideId>L000563</bioguideId>
        <fullName>Rep. Lipinski, Daniel [D-IL-3]</fullName>
        <firstName>Daniel</firstName>
        <middleName>William</middleName>
        <lastName>Lipinski</lastName>
        <party>D</party>
        <state>IL</state>
        <identifiers>
          <lisID>1781</lisID>
          <bioguideId>L000563</bioguideId>
          <gpoId>7923</gpoId>
        </identifiers>
        <district>3</district>
        <sponsorshipDate>2018-05-09</sponsorshipDate>
        <isOriginalCosponsor>True</isOriginalCosponsor>
        <sponsorshipWithdrawnDate />
      </item>
      <item>
        <bioguideId>G000535</bioguideId>
        <fullName>Rep. Gutierrez, Luis V. [D-IL-4]</fullName>
        <firstName>LUIS</firstName>
        <middleName>V.</middleName>
        <lastName>GUTIERREZ</lastName>
        <party>D</party>
        <state>IL</state>
        <identifiers>
          <lisID>478</lisID>
          <bioguideId>G000535</bioguideId>
          <gpoId>7924</gpoId>
        </identifiers>
        <district>4</district>
        <sponsorshipDate>2018-05-09</sponsorshipDate>
        <isOriginalCosponsor>True</isOriginalCosponsor>
        <sponsorshipWithdrawnDate />
      </item>
      <item>
        <bioguideId>Q000023</bioguideId>
        <fullName>Rep. Quigley, Mike [D-IL-5]</fullName>
        <firstName>Mike</firstName>
        <middleName />
        <lastName>Quigley</lastName>
        <party>D</party>
        <state>IL</state>
        <identifiers>
          <lisID>1967</lisID>
          <bioguideId>Q000023</bioguideId>
          <gpoId>7925</gpoId>
        </identifiers>
        <district>5</district>
        <sponsorshipDate>2018-05-09</sponsorshipDate>
        <isOriginalCosponsor>True</isOriginalCosponsor>
        <sponsorshipWithdrawnDate />
      </item>
      <item>
        <bioguideId>R000580</bioguideId>
        <fullName>Rep. Roskam, Peter J. [R-IL-6]</fullName>
        <firstName>Peter</firstName>
        <middleName>J.</middleName>
        <lastName>Roskam</lastName>
        <party>R</party>
        <state>IL</state>
        <identifiers>
          <lisID>1848</lisID>
          <bioguideId>R000580</bioguideId>
          <gpoId>7926</gpoId>
        </identifiers>
        <district>6</district>
        <sponsorshipDate>2018-05-09</sponsorshipDate>
        <isOriginalCosponsor>True</isOriginalCosponsor>
        <sponsorshipWithdrawnDate />
      </item>
      <item>
        <bioguideId>D000096</bioguideId>
        <fullName>Rep. Davis, Danny K. [D-IL-7]</fullName>
        <firstName>DANNY</firstName>
        <middleName>K.</middleName>
        <lastName>DAVIS</lastName>
        <party>D</party>
        <state>IL</state>
        <identifiers>
          <lisID>1477</lisID>
          <bioguideId>D000096</bioguideId>
          <gpoId>7927</gpoId>
        </identifiers>
        <district>7</district>
        <sponsorshipDate>2018-05-09</sponsorshipDate>
        <isOriginalCosponsor>True</isOriginalCosponsor>
        <sponsorshipWithdrawnDate />
      </item>
      <item>
        <bioguideId>K000391</bioguideId>
        <fullName>Rep. Krishnamoorthi, Raja [D-IL-8]</fullName>
        <firstName>Raja</firstName>
        <middleName />
        <lastName>Krishnamoorthi</lastName>
        <party>D</party>
        <state>IL</state>
        <identifiers>
          <lisID>2325</lisID>
          <bioguideId>K000391</bioguideId>
          <gpoId />
        </identifiers>
        <district>8</district>
        <sponsorshipDate>2018-05-09</sponsorshipDate>
        <isOriginalCosponsor>True</isOriginalCosponsor>
        <sponsorshipWithdrawnDate />
      </item>
      <item>
        <bioguideId>S001145</bioguideId>
        <fullName>Rep. Schakowsky, Janice D. [D-IL-9]</fullName>
        <firstName>JANICE</firstName>
        <middleName>D.</middleName>
        <lastName>SCHAKOWSKY</lastName>
        <party>D</party>
        <state>IL</state>
        <identifiers>
          <lisID>1588</lisID>
          <bioguideId>S001145</bioguideId>
          <gpoId>7929</gpoId>
        </identifiers>
        <district>9</district>
        <sponsorshipDate>2018-05-09</sponsorshipDate>
        <isOriginalCosponsor>True</isOriginalCosponsor>
        <sponsorshipWithdrawnDate />
      </item>
      <item>
        <bioguideId>S001190</bioguideId>
        <fullName>Rep. Schneider, Bradley Scott [D-IL-10]</fullName>
        <firstName>Bradley</firstName>
        <middleName>Scott</middleName>
        <lastName>Schneider</lastName>
        <party>D</party>
        <state>IL</state>
        <identifiers>
          <lisID>2124</lisID>
          <bioguideId>S001190</bioguideId>
          <gpoId />
        </identifiers>
        <district>10</district>
        <sponsorshipDate>2018-05-09</sponsorshipDate>
        <isOriginalCosponsor>True</isOriginalCosponsor>
        <sponsorshipWithdrawnDate />
      </item>
      <item>
        <bioguideId>F000454</bioguideId>
        <fullName>Rep. Foster, Bill [D-IL-11]</fullName>
        <firstName>Bill</firstName>
        <middleName />
        <lastName>Foster</lastName>
        <party>D</party>
        <state>IL</state>
        <identifiers>
          <lisID>1888</lisID>
          <bioguideId>F000454</bioguideId>
          <gpoId>7355</gpoId>
        </identifiers>
        <district>11</district>
        <sponsorshipDate>2018-05-09</sponsorshipDate>
        <isOriginalCosponsor>True</isOriginalCosponsor>
        <sponsorshipWithdrawnDate />
      </item>
      <item>
        <bioguideId>B001295</bioguideId>
        <fullName>Rep. Bost, Mike [R-IL-12]</fullName>
        <firstName>Mike</firstName>
        <middleName />
        <lastName>Bost</lastName>
        <party>R</party>
        <state>IL</state>
        <identifiers>
          <lisID>2243</lisID>
          <bioguideId>B001295</bioguideId>
          <gpoId />
        </identifiers>
        <district>12</district>
        <sponsorshipDate>2018-05-09</sponsorshipDate>
        <isOriginalCosponsor>True</isOriginalCosponsor>
        <sponsorshipWithdrawnDate />
      </item>
      <item>
        <bioguideId>D000619</bioguideId>
        <fullName>Rep. Davis, Rodney [R-IL-13]</fullName>
        <firstName>Rodney</firstName>
        <middleName />
        <lastName>Davis</lastName>
        <party>R</party>
        <state>IL</state>
        <identifiers>
          <lisID>2126</lisID>
          <bioguideId>D000619</bioguideId>
          <gpoId />
        </identifiers>
        <district>13</district>
        <sponsorshipDate>2018-05-09</sponsorshipDate>
        <isOriginalCosponsor>True</isOriginalCosponsor>
        <sponsorshipWithdrawnDate />
      </item>
      <item>
        <bioguideId>H001059</bioguideId>
        <fullName>Rep. Hultgren, Randy [R-IL-14]</fullName>
        <firstName>Randy</firstName>
        <middleName />
        <lastName>Hultgren</lastName>
        <party>R</party>
        <state>IL</state>
        <identifiers>
          <lisID>2015</lisID>
          <bioguideId>H001059</bioguideId>
          <gpoId>7934</gpoId>
        </identifiers>
        <district>14</district>
        <sponsorshipDate>2018-05-09</sponsorshipDate>
        <isOriginalCosponsor>True</isOriginalCosponsor>
        <sponsorshipWithdrawnDate />
      </item>
      <item>
        <bioguideId>S000364</bioguideId>
        <fullName>Rep. Shimkus, John [R-IL-15]</fullName>
        <firstName>JOHN</firstName>
        <middleName>M.</middleName>
        <lastName>SHIMKUS</lastName>
        <party>R</party>
        <state>IL</state>
        <identifiers>
          <lisID>1527</lisID>
          <bioguideId>S000364</bioguideId>
          <gpoId>7939</gpoId>
        </identifiers>
        <district>15</district>
        <sponsorshipDate>2018-05-09</sponsorshipDate>
        <isOriginalCosponsor>True</isOriginalCosponsor>
        <sponsorshipWithdrawnDate />
      </item>
      <item>
        <bioguideId>K000378</bioguideId>
        <fullName>Rep. Kinzinger, Adam [R-IL-16]</fullName>
        <firstName>Adam</firstName>
        <middleName />
        <lastName>Kinzinger</lastName>
        <party>R</party>
        <state>IL</state>
        <identifiers>
          <lisID>2014</lisID>
          <bioguideId>K000378</bioguideId>
          <gpoId>7931</gpoId>
        </identifiers>
        <district>16</district>
        <sponsorshipDate>2018-05-09</sponsorshipDate>
        <isOriginalCosponsor>True</isOriginalCosponsor>
        <sponsorshipWithdrawnDate />
      </item>
      <item>
        <bioguideId>L000585</bioguideId>
        <fullName>Rep. LaHood, Darin [R-IL-18]</fullName>
        <firstName>Darin</firstName>
        <middleName />
        <lastName>LaHood</lastName>
        <party>R</party>
        <state>IL</state>
        <identifiers>
          <lisID>2295</lisID>
          <bioguideId>L000585</bioguideId>
          <gpoId />
        </identifiers>
        <district>18</district>
        <sponsorshipDate>2018-05-09</sponsorshipDate>
        <isOriginalCosponsor>True</isOriginalCosponsor>
        <sponsorshipWithdrawnDate />
      </item>
    </cosponsors>
    <cboCostEstimates />
    <laws>
      <item>
        <type>Public Law</type>
        <number>115-293</number>
      </item>
    </laws>
    <notes />
    <policyArea>
      <name>Government Operations and Politics</name>
    </policyArea>
    <subjects>
      <billSubjects>
        <legislativeSubjects>
          <item>
            <name>Congressional tributes</name>
          </item>
          <item>
            <name>Government buildings, facilities, and property</name>
          </item>
          <item>
            <name>Illinois</name>
          </item>
          <item>
            <name>Military personnel and dependents</name>
          </item>
          <item>
            <name>Postal service</name>
          </item>
        </legislativeSubjects>
        <policyArea>
          <name>Government Operations and Politics</name>
        </policyArea>
      </billSubjects>
    </subjects>
    <summaries>
      <billSummaries>
        <item>
          <versionCode>00</versionCode>
          <actionDate>2018-05-09</actionDate>
          <actionDesc>Introduced in House</actionDesc>
          <lastSummaryUpdateDate>2018-05-10T08:09:13Z</lastSummaryUpdateDate>
          <text><![CDATA[Designates the facility of the United States Postal Service located at 108 West D Street in Alpha, Illinois, as the "Captain Joshua E. Steele Post Office."]]></text>
          <updateDate>2018-05-09T04:00:00Z</updateDate>
          <name>Introduced in House</name>
        </item>
        <item>
          <versionCode>49</versionCode>
          <actionDate>2018-12-06</actionDate>
          <actionDesc>Public Law</actionDesc>
          <lastSummaryUpdateDate>2019-01-24T22:17:50Z</lastSummaryUpdateDate>
          <text><![CDATA[<p>Designates the facility of the United States Postal Service located at 108 West D Street in Alpha, Illinois, as the "Captain Joshua E. Steele Post Office."</p>]]></text>
          <updateDate>2018-12-07T04:59:58Z</updateDate>
          <name>Public Law</name>
        </item>
      </billSummaries>
    </summaries>
    <title>To designate the facility of the United States Postal Service located at 108 West D Street in Alpha, Illinois, as the "Captain Joshua E. Steele Post Office".</title>
    <titles>
      <item>
        <titleType>Official Title as Introduced</titleType>
        <parentTitleType />
        <title>To designate the facility of the United States Postal Service located at 108 West D Street in Alpha, Illinois, as the "Captain Joshua E. Steele Post Office".</title>
        <chamberCode />
        <chamberName />
      </item>
      <item>
        <titleType>Display Title</titleType>
        <parentTitleType />
        <title>To designate the facility of the United States Postal Service located at 108 West D Street in Alpha, Illinois, as the "Captain Joshua E. Steele Post Office".</title>
        <chamberCode />
        <chamberName />
      </item>
    </titles>
    <amendments />
    <textVersions>
      <item>
        <type>Enrolled Bill</type>
        <date />
        <formats>
          <item>
            <url>https://www.govinfo.gov/content/pkg/BILLS-115hr5737enr/xml/BILLS-115hr5737enr.xml</url>
          </item>
        </formats>
      </item>
      <item>
        <type>Reported to Senate</type>
        <date>2018-09-28T04:00:00Z</date>
        <formats>
          <item>
            <url>https://www.govinfo.gov/content/pkg/BILLS-115hr5737rs/xml/BILLS-115hr5737rs.xml</url>
          </item>
        </formats>
      </item>
      <item>
        <type>Referred in Senate</type>
        <date>2018-09-17T04:00:00Z</date>
        <formats>
          <item>
            <url>https://www.govinfo.gov/content/pkg/BILLS-115hr5737rfs/xml/BILLS-115hr5737rfs.xml</url>
          </item>
        </formats>
      </item>
      <item>
        <type>Engrossed in House</type>
        <date>2018-09-13T04:00:00Z</date>
        <formats>
          <item>
            <url>https://www.govinfo.gov/content/pkg/BILLS-115hr5737eh/xml/BILLS-115hr5737eh.xml</url>
          </item>
        </formats>
      </item>
      <item>
        <type>Introduced in House</type>
        <date>2018-05-09T04:00:00Z</date>
        <formats>
          <item>
            <url>https://www.govinfo.gov/content/pkg/BILLS-115hr5737ih/xml/BILLS-115hr5737ih.xml</url>
          </item>
        </formats>
      </item>
    </textVersions>
    <latestAction>
      <actionDate>2018-12-06</actionDate>
      <text>Became Public Law No: 115-293.</text>
      <links />
    </latestAction>
    <calendarNumbers>
      <item>
        <calendar>Senate Calendar of Business</calendar>
        <number>0603</number>
      </item>
    </calendarNumbers>
    <version>1.0.0</version>
  </bill>
  <dublinCore xmlns:dc="http://purl.org/dc/elements/1.1/">
    <dc:format>text/xml</dc:format>
    <dc:language>EN</dc:language>
    <dc:rights>Pursuant to Title 17 Section 105 of the United States Code, this file is not subject to copyright protection and is in the public domain.</dc:rights>
    <dc:contributor>Congressional Research Service, Library of Congress</dc:contributor>
    <dc:description>This file contains bill summaries and statuses for federal legislation. A bill summary describes the most significant provisions of a piece of legislation and details the effects the legislative text may have on current law and federal programs. Bill summaries are authored by the Congressional Research Service (CRS) of the Library of Congress. As stated in Public Law 91-510 (2 USC 166 (d)(6)), one of the duties of CRS is "to prepare summaries and digests of bills and resolutions of a public general nature introduced in the Senate or House of Representatives". For more information, refer to the User Guide that accompanies this file.</dc:description>
  </dublinCore>
</billStatus>

