<?xml version="1.0" encoding="UTF-8"?>
<billStatus>
  <bill>
    <billNumber>1444</billNumber>
    <createDate>2017-03-10T05:16:36Z</createDate>
    <updateDate>2020-09-28T22:08:38Z</updateDate>
    <originChamber>House</originChamber>
    <billType>HR</billType>
    <introducedDate>2017-03-09</introducedDate>
    <congress>115</congress>
    <constitutionalAuthorityStatementText><![CDATA[<pre>[Congressional Record Volume 163, Number 41 (Thursday, March 9, 2017)]From the Congressional Record Online through the Government Publishing Office [<a href='http://www.gpo.gov'>www.gpo.gov</a>]By Mr. ROKITA:H.R. 1444.Congress has the power to enact this legislation pursuantto the following:Article 1, Section 8, Clause 3[Page H2019]</pre>]]></constitutionalAuthorityStatementText>
    <recordedVotes />
    <committees>
      <billCommittees>
        <item>
          <systemCode>hsed00</systemCode>
          <name>Education and Labor Committee</name>
          <chamber>House</chamber>
          <type>Standing</type>
          <subcommittees />
          <activities>
            <item>
              <name>Referred to</name>
              <date>2017-03-09T15:03:05Z</date>
            </item>
          </activities>
        </item>
      </billCommittees>
    </committees>
    <committeeReports />
    <relatedBills>
      <item>
        <latestTitle>Voluntary Protection Program Act</latestTitle>
        <congress>115</congress>
        <number>1878</number>
        <type>S</type>
        <latestAction>
          <actionDate>2017-09-27</actionDate>
          <text>Read twice and referred to the Committee on Health, Education, Labor, and Pensions.</text>
        </latestAction>
        <relationshipDetails>
          <item>
            <type>Identical bill</type>
            <identifiedBy>CRS</identifiedBy>
          </item>
        </relationshipDetails>
      </item>
    </relatedBills>
    <actions>
      <item>
        <actionDate>2017-03-09</actionDate>
        <links />
        <text>Referred to the House Committee on Education and the Workforce.</text>
        <type>IntroReferral</type>
        <actionCode>H11100</actionCode>
        <sourceSystem>
          <code>2</code>
          <name>House floor actions</name>
        </sourceSystem>
        <committees>
          <item>
            <systemCode>hsed00</systemCode>
            <name>Education and Labor Committee</name>
          </item>
        </committees>
      </item>
      <item>
        <actionDate>2017-03-09</actionDate>
        <links />
        <text>Introduced in House</text>
        <type>IntroReferral</type>
        <actionCode>Intro-H</actionCode>
        <sourceSystem>
          <code>9</code>
          <name>Library of Congress</name>
        </sourceSystem>
        <committees />
      </item>
      <item>
        <actionDate>2017-03-09</actionDate>
        <links />
        <text>Introduced in House</text>
        <type>IntroReferral</type>
        <actionCode>1000</actionCode>
        <sourceSystem>
          <code>9</code>
          <name>Library of Congress</name>
        </sourceSystem>
        <committees />
      </item>
      <actionTypeCounts>
        <billReferrals>1</billReferrals>
        <introducedInTheHouse>1</introducedInTheHouse>
        <introducedInHouse>1</introducedInHouse>
      </actionTypeCounts>
      <actionByCounts>
        <houseOfRepresentatives>3</houseOfRepresentatives>
      </actionByCounts>
    </actions>
    <sponsors>
      <item>
        <bioguideId>R000592</bioguideId>
        <fullName>Rep. Rokita, Todd [R-IN-4]</fullName>
        <firstName>Todd</firstName>
        <middleName />
        <lastName>Rokita</lastName>
        <party>R</party>
        <state>IN</state>
        <identifiers>
          <lisID>2017</lisID>
          <bioguideId>R000592</bioguideId>
          <gpoId>7943</gpoId>
        </identifiers>
        <district>4</district>
        <byRequestType />
      </item>
    </sponsors>
    <cosponsors>
      <item>
        <bioguideId>G000410</bioguideId>
        <fullName>Rep. Green, Gene [D-TX-29]</fullName>
        <firstName>GENE</firstName>
        <middleName />
        <lastName>GREEN</lastName>
        <party>D</party>
        <state>TX</state>
        <identifiers>
          <lisID>462</lisID>
          <bioguideId>G000410</bioguideId>
          <gpoId>8185</gpoId>
        </identifiers>
        <district>29</district>
        <sponsorshipDate>2017-03-09</sponsorshipDate>
        <isOriginalCosponsor>True</isOriginalCosponsor>
        <sponsorshipWithdrawnDate />
      </item>
      <item>
        <bioguideId>R000591</bioguideId>
        <fullName>Rep. Roby, Martha [R-AL-2]</fullName>
        <firstName>Martha</firstName>
        <middleName />
        <lastName>Roby</lastName>
        <party>R</party>
        <state>AL</state>
        <identifiers>
          <lisID>1986</lisID>
          <bioguideId>R000591</bioguideId>
          <gpoId>7787</gpoId>
        </identifiers>
        <district>2</district>
        <sponsorshipDate>2017-03-09</sponsorshipDate>
        <isOriginalCosponsor>True</isOriginalCosponsor>
        <sponsorshipWithdrawnDate />
      </item>
      <item>
        <bioguideId>H001073</bioguideId>
        <fullName>Rep. Hurd, Will [R-TX-23]</fullName>
        <firstName>Will</firstName>
        <middleName />
        <lastName>Hurd</lastName>
        <party>R</party>
        <state>TX</state>
        <identifiers>
          <lisID>2269</lisID>
          <bioguideId>H001073</bioguideId>
          <gpoId />
        </identifiers>
        <district>23</district>
        <sponsorshipDate>2017-03-09</sponsorshipDate>
        <isOriginalCosponsor>True</isOriginalCosponsor>
        <sponsorshipWithdrawnDate />
      </item>
      <item>
        <bioguideId>J000126</bioguideId>
        <fullName>Rep. Johnson, Eddie Bernice [D-TX-30]</fullName>
        <firstName>EDDIE</firstName>
        <middleName>BERNICE</middleName>
        <lastName>JOHNSON</lastName>
        <party>D</party>
        <state>TX</state>
        <identifiers>
          <lisID>599</lisID>
          <bioguideId>J000126</bioguideId>
          <gpoId>8186</gpoId>
        </identifiers>
        <district>30</district>
        <sponsorshipDate>2017-03-09</sponsorshipDate>
        <isOriginalCosponsor>True</isOriginalCosponsor>
        <sponsorshipWithdrawnDate />
      </item>
      <item>
        <bioguideId>R000582</bioguideId>
        <fullName>Rep. Roe, David P. [R-TN-1]</fullName>
        <firstName>David</firstName>
        <middleName>P.</middleName>
        <lastName>Roe</lastName>
        <party>R</party>
        <state>TN</state>
        <identifiers>
          <lisID>1954</lisID>
          <bioguideId>R000582</bioguideId>
          <gpoId>8148</gpoId>
        </identifiers>
        <district>1</district>
        <sponsorshipDate>2017-03-15</sponsorshipDate>
        <isOriginalCosponsor>False</isOriginalCosponsor>
        <sponsorshipWithdrawnDate />
      </item>
      <item>
        <bioguideId>G000576</bioguideId>
        <fullName>Rep. Grothman, Glenn [R-WI-6]</fullName>
        <firstName>Glenn</firstName>
        <middleName />
        <lastName>Grothman</lastName>
        <party>R</party>
        <state>WI</state>
        <identifiers>
          <lisID>2276</lisID>
          <bioguideId>G000576</bioguideId>
          <gpoId />
        </identifiers>
        <district>6</district>
        <sponsorshipDate>2017-03-16</sponsorshipDate>
        <isOriginalCosponsor>False</isOriginalCosponsor>
        <sponsorshipWithdrawnDate />
      </item>
      <item>
        <bioguideId>K000382</bioguideId>
        <fullName>Rep. Kuster, Ann M. [D-NH-2]</fullName>
        <firstName>Ann</firstName>
        <middleName>M.</middleName>
        <lastName>Kuster</lastName>
        <party>D</party>
        <state>NH</state>
        <identifiers>
          <lisID>2145</lisID>
          <bioguideId>K000382</bioguideId>
          <gpoId />
        </identifiers>
        <district>2</district>
        <sponsorshipDate>2017-03-21</sponsorshipDate>
        <isOriginalCosponsor>False</isOriginalCosponsor>
        <sponsorshipWithdrawnDate />
      </item>
      <item>
        <bioguideId>C000266</bioguideId>
        <fullName>Rep. Chabot, Steve [R-OH-1]</fullName>
        <firstName>STEVE</firstName>
        <middleName />
        <lastName>CHABOT</lastName>
        <party>R</party>
        <state>OH</state>
        <identifiers>
          <lisID>186</lisID>
          <bioguideId>C000266</bioguideId>
          <gpoId>8091</gpoId>
        </identifiers>
        <district>1</district>
        <sponsorshipDate>2017-03-22</sponsorshipDate>
        <isOriginalCosponsor>False</isOriginalCosponsor>
        <sponsorshipWithdrawnDate />
      </item>
      <item>
        <bioguideId>R000586</bioguideId>
        <fullName>Rep. Renacci, James B. [R-OH-16]</fullName>
        <firstName>James</firstName>
        <middleName>B.</middleName>
        <lastName>Renacci</lastName>
        <party>R</party>
        <state>OH</state>
        <identifiers>
          <lisID>2048</lisID>
          <bioguideId>R000586</bioguideId>
          <gpoId>8106</gpoId>
        </identifiers>
        <district>16</district>
        <sponsorshipDate>2017-03-22</sponsorshipDate>
        <isOriginalCosponsor>False</isOriginalCosponsor>
        <sponsorshipWithdrawnDate />
      </item>
      <item>
        <bioguideId>P000523</bioguideId>
        <fullName>Rep. Price, David E. [D-NC-4]</fullName>
        <firstName>DAVID</firstName>
        <middleName>E.</middleName>
        <lastName>PRICE</lastName>
        <party>D</party>
        <state>NC</state>
        <identifiers>
          <lisID>930</lisID>
          <bioguideId>P000523</bioguideId>
          <gpoId>8027</gpoId>
        </identifiers>
        <district>4</district>
        <sponsorshipDate>2017-03-27</sponsorshipDate>
        <isOriginalCosponsor>False</isOriginalCosponsor>
        <sponsorshipWithdrawnDate />
      </item>
      <item>
        <bioguideId>P000593</bioguideId>
        <fullName>Rep. Perlmutter, Ed [D-CO-7]</fullName>
        <firstName>Ed</firstName>
        <middleName />
        <lastName>Perlmutter</lastName>
        <party>D</party>
        <state>CO</state>
        <identifiers>
          <lisID>1835</lisID>
          <bioguideId>P000593</bioguideId>
          <gpoId>7865</gpoId>
        </identifiers>
        <district>7</district>
        <sponsorshipDate>2017-03-28</sponsorshipDate>
        <isOriginalCosponsor>False</isOriginalCosponsor>
        <sponsorshipWithdrawnDate />
      </item>
      <item>
        <bioguideId>S001199</bioguideId>
        <fullName>Rep. Smucker, Lloyd [R-PA-16]</fullName>
        <firstName>Lloyd</firstName>
        <middleName />
        <lastName>Smucker</lastName>
        <party>R</party>
        <state>PA</state>
        <identifiers>
          <lisID>2346</lisID>
          <bioguideId>S001199</bioguideId>
          <gpoId />
        </identifiers>
        <district>16</district>
        <sponsorshipDate>2017-03-28</sponsorshipDate>
        <isOriginalCosponsor>False</isOriginalCosponsor>
        <sponsorshipWithdrawnDate />
      </item>
      <item>
        <bioguideId>J000290</bioguideId>
        <fullName>Rep. Jenkins, Lynn [R-KS-2]</fullName>
        <firstName>Lynn</firstName>
        <middleName />
        <lastName>Jenkins</lastName>
        <party>R</party>
        <state>KS</state>
        <identifiers>
          <lisID>1921</lisID>
          <bioguideId>J000290</bioguideId>
          <gpoId>7950</gpoId>
        </identifiers>
        <district>2</district>
        <sponsorshipDate>2017-04-06</sponsorshipDate>
        <isOriginalCosponsor>False</isOriginalCosponsor>
        <sponsorshipWithdrawnDate />
      </item>
      <item>
        <bioguideId>B001285</bioguideId>
        <fullName>Rep. Brownley, Julia [D-CA-26]</fullName>
        <firstName>Julia</firstName>
        <middleName />
        <lastName>Brownley</lastName>
        <party>D</party>
        <state>CA</state>
        <identifiers>
          <lisID>2106</lisID>
          <bioguideId>B001285</bioguideId>
          <gpoId />
        </identifiers>
        <district>26</district>
        <sponsorshipDate>2017-04-26</sponsorshipDate>
        <isOriginalCosponsor>False</isOriginalCosponsor>
        <sponsorshipWithdrawnDate />
      </item>
      <item>
        <bioguideId>S001168</bioguideId>
        <fullName>Rep. Sarbanes, John P. [D-MD-3]</fullName>
        <firstName>John</firstName>
        <middleName>P.</middleName>
        <lastName>Sarbanes</lastName>
        <party>D</party>
        <state>MD</state>
        <identifiers>
          <lisID>1854</lisID>
          <bioguideId>S001168</bioguideId>
          <gpoId>7978</gpoId>
        </identifiers>
        <district>3</district>
        <sponsorshipDate>2017-04-26</sponsorshipDate>
        <isOriginalCosponsor>False</isOriginalCosponsor>
        <sponsorshipWithdrawnDate />
      </item>
      <item>
        <bioguideId>B001275</bioguideId>
        <fullName>Rep. Bucshon, Larry [R-IN-8]</fullName>
        <firstName>Larry</firstName>
        <middleName />
        <lastName>Bucshon</lastName>
        <party>R</party>
        <state>IN</state>
        <identifiers>
          <lisID>2018</lisID>
          <bioguideId>B001275</bioguideId>
          <gpoId>7947</gpoId>
        </identifiers>
        <district>8</district>
        <sponsorshipDate>2017-05-11</sponsorshipDate>
        <isOriginalCosponsor>False</isOriginalCosponsor>
        <sponsorshipWithdrawnDate />
      </item>
      <item>
        <bioguideId>W000815</bioguideId>
        <fullName>Rep. Wenstrup, Brad R. [R-OH-2]</fullName>
        <firstName>Brad</firstName>
        <middleName>R.</middleName>
        <lastName>Wenstrup</lastName>
        <party>R</party>
        <state>OH</state>
        <identifiers>
          <lisID>2152</lisID>
          <bioguideId>W000815</bioguideId>
          <gpoId />
        </identifiers>
        <district>2</district>
        <sponsorshipDate>2017-05-11</sponsorshipDate>
        <isOriginalCosponsor>False</isOriginalCosponsor>
        <sponsorshipWithdrawnDate />
      </item>
      <item>
        <bioguideId>S001196</bioguideId>
        <fullName>Rep. Stefanik, Elise M. [R-NY-21]</fullName>
        <firstName>Elise</firstName>
        <middleName>M.</middleName>
        <lastName>Stefanik</lastName>
        <party>R</party>
        <state>NY</state>
        <identifiers>
          <lisID>2263</lisID>
          <bioguideId>S001196</bioguideId>
          <gpoId />
        </identifiers>
        <district>21</district>
        <sponsorshipDate>2017-06-08</sponsorshipDate>
        <isOriginalCosponsor>False</isOriginalCosponsor>
        <sponsorshipWithdrawnDate />
      </item>
      <item>
        <bioguideId>G000574</bioguideId>
        <fullName>Rep. Gallego, Ruben [D-AZ-7]</fullName>
        <firstName>Ruben</firstName>
        <middleName />
        <lastName>Gallego</lastName>
        <party>D</party>
        <state>AZ</state>
        <identifiers>
          <lisID>2226</lisID>
          <bioguideId>G000574</bioguideId>
          <gpoId />
        </identifiers>
        <district>7</district>
        <sponsorshipDate>2017-06-08</sponsorshipDate>
        <isOriginalCosponsor>False</isOriginalCosponsor>
        <sponsorshipWithdrawnDate />
      </item>
      <item>
        <bioguideId>O000168</bioguideId>
        <fullName>Rep. Olson, Pete [R-TX-22]</fullName>
        <firstName>Pete</firstName>
        <middleName />
        <lastName>Olson</lastName>
        <party>R</party>
        <state>TX</state>
        <identifiers>
          <lisID>1955</lisID>
          <bioguideId>O000168</bioguideId>
          <gpoId>8178</gpoId>
        </identifiers>
        <district>22</district>
        <sponsorshipDate>2017-06-08</sponsorshipDate>
        <isOriginalCosponsor>False</isOriginalCosponsor>
        <sponsorshipWithdrawnDate />
      </item>
      <item>
        <bioguideId>B001227</bioguideId>
        <fullName>Rep. Brady, Robert A. [D-PA-1]</fullName>
        <firstName>ROBERT</firstName>
        <middleName>A.</middleName>
        <lastName>BRADY</lastName>
        <party>D</party>
        <state>PA</state>
        <identifiers>
          <lisID>1469</lisID>
          <bioguideId>B001227</bioguideId>
          <gpoId>8119</gpoId>
        </identifiers>
        <district>1</district>
        <sponsorshipDate>2017-06-12</sponsorshipDate>
        <isOriginalCosponsor>False</isOriginalCosponsor>
        <sponsorshipWithdrawnDate />
      </item>
      <item>
        <bioguideId>C001053</bioguideId>
        <fullName>Rep. Cole, Tom [R-OK-4]</fullName>
        <firstName>Tom</firstName>
        <middleName />
        <lastName>Cole</lastName>
        <party>R</party>
        <state>OK</state>
        <identifiers>
          <lisID>1742</lisID>
          <bioguideId>C001053</bioguideId>
          <gpoId>8112</gpoId>
        </identifiers>
        <district>4</district>
        <sponsorshipDate>2017-06-13</sponsorshipDate>
        <isOriginalCosponsor>False</isOriginalCosponsor>
        <sponsorshipWithdrawnDate />
      </item>
      <item>
        <bioguideId>C001068</bioguideId>
        <fullName>Rep. Cohen, Steve [D-TN-9]</fullName>
        <firstName>Steve</firstName>
        <middleName />
        <lastName>Cohen</lastName>
        <party>D</party>
        <state>TN</state>
        <identifiers>
          <lisID>1878</lisID>
          <bioguideId>C001068</bioguideId>
          <gpoId>8156</gpoId>
        </identifiers>
        <district>9</district>
        <sponsorshipDate>2017-06-13</sponsorshipDate>
        <isOriginalCosponsor>False</isOriginalCosponsor>
        <sponsorshipWithdrawnDate />
      </item>
      <item>
        <bioguideId>K000381</bioguideId>
        <fullName>Rep. Kilmer, Derek [D-WA-6]</fullName>
        <firstName>Derek</firstName>
        <middleName />
        <lastName>Kilmer</lastName>
        <party>D</party>
        <state>WA</state>
        <identifiers>
          <lisID>2169</lisID>
          <bioguideId>K000381</bioguideId>
          <gpoId />
        </identifiers>
        <district>6</district>
        <sponsorshipDate>2017-06-20</sponsorshipDate>
        <isOriginalCosponsor>False</isOriginalCosponsor>
        <sponsorshipWithdrawnDate />
      </item>
      <item>
        <bioguideId>F000460</bioguideId>
        <fullName>Rep. Farenthold, Blake [R-TX-27]</fullName>
        <firstName>Blake</firstName>
        <middleName />
        <lastName>Farenthold</lastName>
        <party>R</party>
        <state>TX</state>
        <identifiers>
          <lisID>2067</lisID>
          <bioguideId>F000460</bioguideId>
          <gpoId>8183</gpoId>
        </identifiers>
        <district>27</district>
        <sponsorshipDate>2017-06-20</sponsorshipDate>
        <isOriginalCosponsor>False</isOriginalCosponsor>
        <sponsorshipWithdrawnDate />
      </item>
      <item>
        <bioguideId>B001298</bioguideId>
        <fullName>Rep. Bacon, Don [R-NE-2]</fullName>
        <firstName>Don</firstName>
        <middleName />
        <lastName>Bacon</lastName>
        <party>R</party>
        <state>NE</state>
        <identifiers>
          <lisID>2337</lisID>
          <bioguideId>B001298</bioguideId>
          <gpoId />
        </identifiers>
        <district>2</district>
        <sponsorshipDate>2017-06-21</sponsorshipDate>
        <isOriginalCosponsor>False</isOriginalCosponsor>
        <sponsorshipWithdrawnDate />
      </item>
      <item>
        <bioguideId>R000576</bioguideId>
        <fullName>Rep. Ruppersberger, C. A. Dutch [D-MD-2]</fullName>
        <firstName>C. A.</firstName>
        <middleName>Dutch</middleName>
        <lastName>Ruppersberger</lastName>
        <party>D</party>
        <state>MD</state>
        <identifiers>
          <lisID>1728</lisID>
          <bioguideId>R000576</bioguideId>
          <gpoId>7977</gpoId>
        </identifiers>
        <district>2</district>
        <sponsorshipDate>2017-06-23</sponsorshipDate>
        <isOriginalCosponsor>False</isOriginalCosponsor>
        <sponsorshipWithdrawnDate />
      </item>
      <item>
        <bioguideId>R000604</bioguideId>
        <fullName>Rep. Russell, Steve [R-OK-5]</fullName>
        <firstName>Steve</firstName>
        <middleName />
        <lastName>Russell</lastName>
        <party>R</party>
        <state>OK</state>
        <identifiers>
          <lisID>2265</lisID>
          <bioguideId>R000604</bioguideId>
          <gpoId />
        </identifiers>
        <district>5</district>
        <sponsorshipDate>2017-06-26</sponsorshipDate>
        <isOriginalCosponsor>False</isOriginalCosponsor>
        <sponsorshipWithdrawnDate />
      </item>
      <item>
        <bioguideId>T000467</bioguideId>
        <fullName>Rep. Thompson, Glenn [R-PA-5]</fullName>
        <firstName>Glenn</firstName>
        <middleName />
        <lastName>Thompson</lastName>
        <party>R</party>
        <state>PA</state>
        <identifiers>
          <lisID>1952</lisID>
          <bioguideId>T000467</bioguideId>
          <gpoId>8123</gpoId>
        </identifiers>
        <district>5</district>
        <sponsorshipDate>2017-06-27</sponsorshipDate>
        <isOriginalCosponsor>False</isOriginalCosponsor>
        <sponsorshipWithdrawnDate />
      </item>
      <item>
        <bioguideId>D000619</bioguideId>
        <fullName>Rep. Davis, Rodney [R-IL-13]</fullName>
        <firstName>Rodney</firstName>
        <middleName />
        <lastName>Davis</lastName>
        <party>R</party>
        <state>IL</state>
        <identifiers>
          <lisID>2126</lisID>
          <bioguideId>D000619</bioguideId>
          <gpoId />
        </identifiers>
        <district>13</district>
        <sponsorshipDate>2017-06-28</sponsorshipDate>
        <isOriginalCosponsor>False</isOriginalCosponsor>
        <sponsorshipWithdrawnDate />
      </item>
      <item>
        <bioguideId>J000298</bioguideId>
        <fullName>Rep. Jayapal, Pramila [D-WA-7]</fullName>
        <firstName>Pramila</firstName>
        <middleName />
        <lastName>Jayapal</lastName>
        <party>D</party>
        <state>WA</state>
        <identifiers>
          <lisID>2354</lisID>
          <bioguideId>J000298</bioguideId>
          <gpoId />
        </identifiers>
        <district>7</district>
        <sponsorshipDate>2017-07-03</sponsorshipDate>
        <isOriginalCosponsor>False</isOriginalCosponsor>
        <sponsorshipWithdrawnDate />
      </item>
      <item>
        <bioguideId>W000814</bioguideId>
        <fullName>Rep. Weber, Randy K., Sr. [R-TX-14]</fullName>
        <firstName>Randy</firstName>
        <middleName>K.</middleName>
        <lastName>Weber</lastName>
        <party>R</party>
        <state>TX</state>
        <identifiers>
          <lisID>2161</lisID>
          <bioguideId>W000814</bioguideId>
          <gpoId />
        </identifiers>
        <district>14</district>
        <sponsorshipDate>2017-07-12</sponsorshipDate>
        <isOriginalCosponsor>False</isOriginalCosponsor>
        <sponsorshipWithdrawnDate />
      </item>
      <item>
        <bioguideId>R000608</bioguideId>
        <fullName>Rep. Rosen, Jacky [D-NV-3]</fullName>
        <firstName>Jacklyn</firstName>
        <middleName />
        <lastName>Rosen</lastName>
        <party>D</party>
        <state>NV</state>
        <identifiers>
          <lisID>2339</lisID>
          <bioguideId>R000608</bioguideId>
          <gpoId />
        </identifiers>
        <district>3</district>
        <sponsorshipDate>2017-07-25</sponsorshipDate>
        <isOriginalCosponsor>False</isOriginalCosponsor>
        <sponsorshipWithdrawnDate />
      </item>
      <item>
        <bioguideId>B001281</bioguideId>
        <fullName>Rep. Beatty, Joyce [D-OH-3]</fullName>
        <firstName>Joyce</firstName>
        <middleName />
        <lastName>Beatty</lastName>
        <party>D</party>
        <state>OH</state>
        <identifiers>
          <lisID>2153</lisID>
          <bioguideId>B001281</bioguideId>
          <gpoId />
        </identifiers>
        <district>3</district>
        <sponsorshipDate>2017-08-08</sponsorshipDate>
        <isOriginalCosponsor>False</isOriginalCosponsor>
        <sponsorshipWithdrawnDate />
      </item>
      <item>
        <bioguideId>A000369</bioguideId>
        <fullName>Rep. Amodei, Mark E. [R-NV-2]</fullName>
        <firstName>Mark</firstName>
        <middleName>E.</middleName>
        <lastName>Amodei</lastName>
        <party>R</party>
        <state>NV</state>
        <identifiers>
          <lisID>2090</lisID>
          <bioguideId>A000369</bioguideId>
          <gpoId>8366</gpoId>
        </identifiers>
        <district>2</district>
        <sponsorshipDate>2017-10-04</sponsorshipDate>
        <isOriginalCosponsor>False</isOriginalCosponsor>
        <sponsorshipWithdrawnDate />
      </item>
      <item>
        <bioguideId>S000583</bioguideId>
        <fullName>Rep. Smith, Lamar [R-TX-21]</fullName>
        <firstName>LAMAR</firstName>
        <middleName />
        <lastName>SMITH</lastName>
        <party>R</party>
        <state>TX</state>
        <identifiers>
          <lisID>1075</lisID>
          <bioguideId>S000583</bioguideId>
          <gpoId>8177</gpoId>
        </identifiers>
        <district>21</district>
        <sponsorshipDate>2017-10-31</sponsorshipDate>
        <isOriginalCosponsor>False</isOriginalCosponsor>
        <sponsorshipWithdrawnDate />
      </item>
      <item>
        <bioguideId>G000577</bioguideId>
        <fullName>Rep. Graves, Garret [R-LA-6]</fullName>
        <firstName>Garret</firstName>
        <middleName />
        <lastName>Graves</lastName>
        <party>R</party>
        <state>LA</state>
        <identifiers>
          <lisID>2245</lisID>
          <bioguideId>G000577</bioguideId>
          <gpoId />
        </identifiers>
        <district>6</district>
        <sponsorshipDate>2017-10-31</sponsorshipDate>
        <isOriginalCosponsor>False</isOriginalCosponsor>
        <sponsorshipWithdrawnDate />
      </item>
      <item>
        <bioguideId>D000620</bioguideId>
        <fullName>Rep. Delaney, John K. [D-MD-6]</fullName>
        <firstName>John</firstName>
        <middleName>K.</middleName>
        <lastName>Delaney</lastName>
        <party>D</party>
        <state>MD</state>
        <identifiers>
          <lisID>2133</lisID>
          <bioguideId>D000620</bioguideId>
          <gpoId />
        </identifiers>
        <district>6</district>
        <sponsorshipDate>2017-11-01</sponsorshipDate>
        <isOriginalCosponsor>False</isOriginalCosponsor>
        <sponsorshipWithdrawnDate />
      </item>
      <item>
        <bioguideId>L000566</bioguideId>
        <fullName>Rep. Latta, Robert E. [R-OH-5]</fullName>
        <firstName>Robert</firstName>
        <middleName>E.</middleName>
        <lastName>Latta</lastName>
        <party>R</party>
        <state>OH</state>
        <identifiers>
          <lisID>1885</lisID>
          <bioguideId>L000566</bioguideId>
          <gpoId>8095</gpoId>
        </identifiers>
        <district>5</district>
        <sponsorshipDate>2017-11-01</sponsorshipDate>
        <isOriginalCosponsor>False</isOriginalCosponsor>
        <sponsorshipWithdrawnDate />
      </item>
      <item>
        <bioguideId>C001059</bioguideId>
        <fullName>Rep. Costa, Jim [D-CA-16]</fullName>
        <firstName>Jim</firstName>
        <middleName />
        <lastName>Costa</lastName>
        <party>D</party>
        <state>CA</state>
        <identifiers>
          <lisID>1774</lisID>
          <bioguideId>C001059</bioguideId>
          <gpoId>7825</gpoId>
        </identifiers>
        <district>16</district>
        <sponsorshipDate>2017-11-01</sponsorshipDate>
        <isOriginalCosponsor>False</isOriginalCosponsor>
        <sponsorshipWithdrawnDate />
      </item>
      <item>
        <bioguideId>P000598</bioguideId>
        <fullName>Rep. Polis, Jared [D-CO-2]</fullName>
        <firstName>Jared</firstName>
        <middleName />
        <lastName>Polis</lastName>
        <party>D</party>
        <state>CO</state>
        <identifiers>
          <lisID>1910</lisID>
          <bioguideId>P000598</bioguideId>
          <gpoId>7860</gpoId>
        </identifiers>
        <district>2</district>
        <sponsorshipDate>2017-11-02</sponsorshipDate>
        <isOriginalCosponsor>False</isOriginalCosponsor>
        <sponsorshipWithdrawnDate />
      </item>
      <item>
        <bioguideId>K000188</bioguideId>
        <fullName>Rep. Kind, Ron [D-WI-3]</fullName>
        <firstName>RON</firstName>
        <middleName />
        <lastName>KIND</lastName>
        <party>D</party>
        <state>WI</state>
        <identifiers>
          <lisID>1498</lisID>
          <bioguideId>K000188</bioguideId>
          <gpoId>8216</gpoId>
        </identifiers>
        <district>3</district>
        <sponsorshipDate>2017-11-08</sponsorshipDate>
        <isOriginalCosponsor>False</isOriginalCosponsor>
        <sponsorshipWithdrawnDate />
      </item>
      <item>
        <bioguideId>R000606</bioguideId>
        <fullName>Rep. Raskin, Jamie [D-MD-8]</fullName>
        <firstName>Jamie</firstName>
        <middleName />
        <lastName>Raskin</lastName>
        <party>D</party>
        <state>MD</state>
        <identifiers>
          <lisID>2332</lisID>
          <bioguideId>R000606</bioguideId>
          <gpoId />
        </identifiers>
        <district>8</district>
        <sponsorshipDate>2017-11-08</sponsorshipDate>
        <isOriginalCosponsor>False</isOriginalCosponsor>
        <sponsorshipWithdrawnDate />
      </item>
      <item>
        <bioguideId>B001291</bioguideId>
        <fullName>Rep. Babin, Brian [R-TX-36]</fullName>
        <firstName>Brian</firstName>
        <middleName />
        <lastName>Babin</lastName>
        <party>R</party>
        <state>TX</state>
        <identifiers>
          <lisID>2270</lisID>
          <bioguideId>B001291</bioguideId>
          <gpoId />
        </identifiers>
        <district>36</district>
        <sponsorshipDate>2017-11-16</sponsorshipDate>
        <isOriginalCosponsor>False</isOriginalCosponsor>
        <sponsorshipWithdrawnDate />
      </item>
      <item>
        <bioguideId>L000570</bioguideId>
        <fullName>Rep. Lujan, Ben Ray [D-NM-3]</fullName>
        <firstName>Ben</firstName>
        <middleName>Ray</middleName>
        <lastName>Lujan</lastName>
        <party>D</party>
        <state>NM</state>
        <identifiers>
          <lisID>1939</lisID>
          <bioguideId>L000570</bioguideId>
          <gpoId>8058</gpoId>
        </identifiers>
        <district>3</district>
        <sponsorshipDate>2017-11-21</sponsorshipDate>
        <isOriginalCosponsor>False</isOriginalCosponsor>
        <sponsorshipWithdrawnDate />
      </item>
      <item>
        <bioguideId>G000581</bioguideId>
        <fullName>Rep. Gonzalez, Vicente [D-TX-15]</fullName>
        <firstName>Vicente</firstName>
        <middleName />
        <lastName>Gonzalez</lastName>
        <party>D</party>
        <state>TX</state>
        <identifiers>
          <lisID>2349</lisID>
          <bioguideId>G000581</bioguideId>
          <gpoId />
        </identifiers>
        <district>15</district>
        <sponsorshipDate>2017-12-07</sponsorshipDate>
        <isOriginalCosponsor>False</isOriginalCosponsor>
        <sponsorshipWithdrawnDate />
      </item>
      <item>
        <bioguideId>H001048</bioguideId>
        <fullName>Rep. Hunter, Duncan D. [R-CA-50]</fullName>
        <firstName>Duncan</firstName>
        <middleName>D.</middleName>
        <lastName>Hunter</lastName>
        <party>R</party>
        <state>CA</state>
        <identifiers>
          <lisID>1909</lisID>
          <bioguideId>H001048</bioguideId>
          <gpoId>7857</gpoId>
        </identifiers>
        <district>50</district>
        <sponsorshipDate>2017-12-21</sponsorshipDate>
        <isOriginalCosponsor>False</isOriginalCosponsor>
        <sponsorshipWithdrawnDate />
      </item>
      <item>
        <bioguideId>G000568</bioguideId>
        <fullName>Rep. Griffith, H. Morgan [R-VA-9]</fullName>
        <firstName>H.</firstName>
        <middleName>Morgan</middleName>
        <lastName>Griffith</lastName>
        <party>R</party>
        <state>VA</state>
        <identifiers>
          <lisID>2070</lisID>
          <bioguideId>G000568</bioguideId>
          <gpoId>8200</gpoId>
        </identifiers>
        <district>9</district>
        <sponsorshipDate>2017-12-21</sponsorshipDate>
        <isOriginalCosponsor>False</isOriginalCosponsor>
        <sponsorshipWithdrawnDate />
      </item>
      <item>
        <bioguideId>B001290</bioguideId>
        <fullName>Rep. Brat, Dave [R-VA-7]</fullName>
        <firstName>Dave</firstName>
        <middleName />
        <lastName>Brat</lastName>
        <party>R</party>
        <state>VA</state>
        <identifiers>
          <lisID>2203</lisID>
          <bioguideId>B001290</bioguideId>
          <gpoId />
        </identifiers>
        <district>7</district>
        <sponsorshipDate>2018-01-19</sponsorshipDate>
        <isOriginalCosponsor>False</isOriginalCosponsor>
        <sponsorshipWithdrawnDate />
      </item>
      <item>
        <bioguideId>B001284</bioguideId>
        <fullName>Rep. Brooks, Susan W. [R-IN-5]</fullName>
        <firstName>Susan</firstName>
        <middleName>W.</middleName>
        <lastName>Brooks</lastName>
        <party>R</party>
        <state>IN</state>
        <identifiers>
          <lisID>2129</lisID>
          <bioguideId>B001284</bioguideId>
          <gpoId />
        </identifiers>
        <district>5</district>
        <sponsorshipDate>2018-02-27</sponsorshipDate>
        <isOriginalCosponsor>False</isOriginalCosponsor>
        <sponsorshipWithdrawnDate />
      </item>
      <item>
        <bioguideId>R000577</bioguideId>
        <fullName>Rep. Ryan, Tim [D-OH-13]</fullName>
        <firstName>TIM</firstName>
        <middleName />
        <lastName>RYAN</lastName>
        <party>D</party>
        <state>OH</state>
        <identifiers>
          <lisID>1756</lisID>
          <bioguideId>R000577</bioguideId>
          <gpoId>8107</gpoId>
        </identifiers>
        <district>13</district>
        <sponsorshipDate>2018-03-01</sponsorshipDate>
        <isOriginalCosponsor>False</isOriginalCosponsor>
        <sponsorshipWithdrawnDate />
      </item>
      <item>
        <bioguideId>G000578</bioguideId>
        <fullName>Rep. Gaetz, Matt [R-FL-1]</fullName>
        <firstName>Matt</firstName>
        <middleName />
        <lastName>Gaetz</lastName>
        <party>R</party>
        <state>FL</state>
        <identifiers>
          <lisID>2314</lisID>
          <bioguideId>G000578</bioguideId>
          <gpoId />
        </identifiers>
        <district>1</district>
        <sponsorshipDate>2018-03-01</sponsorshipDate>
        <isOriginalCosponsor>False</isOriginalCosponsor>
        <sponsorshipWithdrawnDate />
      </item>
      <item>
        <bioguideId>S000364</bioguideId>
        <fullName>Rep. Shimkus, John [R-IL-15]</fullName>
        <firstName>JOHN</firstName>
        <middleName>M.</middleName>
        <lastName>SHIMKUS</lastName>
        <party>R</party>
        <state>IL</state>
        <identifiers>
          <lisID>1527</lisID>
          <bioguideId>S000364</bioguideId>
          <gpoId>7939</gpoId>
        </identifiers>
        <district>15</district>
        <sponsorshipDate>2018-03-05</sponsorshipDate>
        <isOriginalCosponsor>False</isOriginalCosponsor>
        <sponsorshipWithdrawnDate />
      </item>
      <item>
        <bioguideId>H001077</bioguideId>
        <fullName>Rep. Higgins, Clay [R-LA-3]</fullName>
        <firstName>Clay</firstName>
        <middleName />
        <lastName>Higgins</lastName>
        <party>R</party>
        <state>LA</state>
        <identifiers>
          <lisID>2329</lisID>
          <bioguideId>H001077</bioguideId>
          <gpoId />
        </identifiers>
        <district>3</district>
        <sponsorshipDate>2018-03-05</sponsorshipDate>
        <isOriginalCosponsor>False</isOriginalCosponsor>
        <sponsorshipWithdrawnDate />
      </item>
      <item>
        <bioguideId>K000389</bioguideId>
        <fullName>Rep. Khanna, Ro [D-CA-17]</fullName>
        <firstName>Ro</firstName>
        <middleName />
        <lastName>Khanna</lastName>
        <party>D</party>
        <state>CA</state>
        <identifiers>
          <lisID>2308</lisID>
          <bioguideId>K000389</bioguideId>
          <gpoId />
        </identifiers>
        <district>17</district>
        <sponsorshipDate>2018-03-05</sponsorshipDate>
        <isOriginalCosponsor>False</isOriginalCosponsor>
        <sponsorshipWithdrawnDate />
      </item>
      <item>
        <bioguideId>M001196</bioguideId>
        <fullName>Rep. Moulton, Seth [D-MA-6]</fullName>
        <firstName>Seth</firstName>
        <middleName />
        <lastName>Moulton</lastName>
        <party>D</party>
        <state>MA</state>
        <identifiers>
          <lisID>2246</lisID>
          <bioguideId>M001196</bioguideId>
          <gpoId />
        </identifiers>
        <district>6</district>
        <sponsorshipDate>2018-03-13</sponsorshipDate>
        <isOriginalCosponsor>False</isOriginalCosponsor>
        <sponsorshipWithdrawnDate />
      </item>
      <item>
        <bioguideId>B000755</bioguideId>
        <fullName>Rep. Brady, Kevin [R-TX-8]</fullName>
        <firstName>KEVIN</firstName>
        <middleName />
        <lastName>BRADY</lastName>
        <party>R</party>
        <state>TX</state>
        <identifiers>
          <lisID>1468</lisID>
          <bioguideId>B000755</bioguideId>
          <gpoId>8164</gpoId>
        </identifiers>
        <district>8</district>
        <sponsorshipDate>2018-03-13</sponsorshipDate>
        <isOriginalCosponsor>False</isOriginalCosponsor>
        <sponsorshipWithdrawnDate />
      </item>
      <item>
        <bioguideId>G000584</bioguideId>
        <fullName>Rep. Gianforte, Greg [R-MT-At Large]</fullName>
        <firstName>Greg</firstName>
        <middleName />
        <lastName>Gianforte</lastName>
        <party>R</party>
        <state>MT</state>
        <identifiers>
          <lisID>2359</lisID>
          <bioguideId>G000584</bioguideId>
          <gpoId />
        </identifiers>
        <district>0</district>
        <sponsorshipDate>2018-03-19</sponsorshipDate>
        <isOriginalCosponsor>False</isOriginalCosponsor>
        <sponsorshipWithdrawnDate />
      </item>
      <item>
        <bioguideId>R000602</bioguideId>
        <fullName>Rep. Rice, Kathleen M. [D-NY-4]</fullName>
        <firstName>Kathleen</firstName>
        <middleName>M.</middleName>
        <lastName>Rice</lastName>
        <party>D</party>
        <state>NY</state>
        <identifiers>
          <lisID>2262</lisID>
          <bioguideId>R000602</bioguideId>
          <gpoId />
        </identifiers>
        <district>4</district>
        <sponsorshipDate>2018-03-21</sponsorshipDate>
        <isOriginalCosponsor>False</isOriginalCosponsor>
        <sponsorshipWithdrawnDate />
      </item>
      <item>
        <bioguideId>T000460</bioguideId>
        <fullName>Rep. Thompson, Mike [D-CA-5]</fullName>
        <firstName>MIKE</firstName>
        <middleName />
        <lastName>THOMPSON</lastName>
        <party>D</party>
        <state>CA</state>
        <identifiers>
          <lisID>1593</lisID>
          <bioguideId>T000460</bioguideId>
          <gpoId>7806</gpoId>
        </identifiers>
        <district>5</district>
        <sponsorshipDate>2018-04-27</sponsorshipDate>
        <isOriginalCosponsor>False</isOriginalCosponsor>
        <sponsorshipWithdrawnDate />
      </item>
      <item>
        <bioguideId>R000607</bioguideId>
        <fullName>Rep. Rooney, Francis [R-FL-19]</fullName>
        <firstName>Francis</firstName>
        <middleName />
        <lastName>Rooney</lastName>
        <party>R</party>
        <state>FL</state>
        <identifiers>
          <lisID>2323</lisID>
          <bioguideId>R000607</bioguideId>
          <gpoId />
        </identifiers>
        <district>19</district>
        <sponsorshipDate>2018-05-22</sponsorshipDate>
        <isOriginalCosponsor>False</isOriginalCosponsor>
        <sponsorshipWithdrawnDate />
      </item>
      <item>
        <bioguideId>Q000023</bioguideId>
        <fullName>Rep. Quigley, Mike [D-IL-5]</fullName>
        <firstName>Mike</firstName>
        <middleName />
        <lastName>Quigley</lastName>
        <party>D</party>
        <state>IL</state>
        <identifiers>
          <lisID>1967</lisID>
          <bioguideId>Q000023</bioguideId>
          <gpoId>7925</gpoId>
        </identifiers>
        <district>5</district>
        <sponsorshipDate>2018-06-06</sponsorshipDate>
        <isOriginalCosponsor>False</isOriginalCosponsor>
        <sponsorshipWithdrawnDate />
      </item>
      <item>
        <bioguideId>C001090</bioguideId>
        <fullName>Rep. Cartwright, Matt [D-PA-17]</fullName>
        <firstName>Matt</firstName>
        <middleName />
        <lastName>Cartwright</lastName>
        <party>D</party>
        <state>PA</state>
        <identifiers>
          <lisID>2159</lisID>
          <bioguideId>C001090</bioguideId>
          <gpoId />
        </identifiers>
        <district>17</district>
        <sponsorshipDate>2018-06-06</sponsorshipDate>
        <isOriginalCosponsor>False</isOriginalCosponsor>
        <sponsorshipWithdrawnDate />
      </item>
      <item>
        <bioguideId>C001112</bioguideId>
        <fullName>Rep. Carbajal, Salud O. [D-CA-24]</fullName>
        <firstName>Salud</firstName>
        <middleName>O.</middleName>
        <lastName>Carbajal</lastName>
        <party>D</party>
        <state>CA</state>
        <identifiers>
          <lisID>2310</lisID>
          <bioguideId>C001112</bioguideId>
          <gpoId />
        </identifiers>
        <district>24</district>
        <sponsorshipDate>2018-06-07</sponsorshipDate>
        <isOriginalCosponsor>False</isOriginalCosponsor>
        <sponsorshipWithdrawnDate />
      </item>
      <item>
        <bioguideId>T000193</bioguideId>
        <fullName>Rep. Thompson, Bennie G. [D-MS-2]</fullName>
        <firstName>BENNIE</firstName>
        <middleName />
        <lastName>THOMPSON</lastName>
        <party>D</party>
        <state>MS</state>
        <identifiers>
          <lisID>1151</lisID>
          <bioguideId>T000193</bioguideId>
          <gpoId>8020</gpoId>
        </identifiers>
        <district>2</district>
        <sponsorshipDate>2018-06-12</sponsorshipDate>
        <isOriginalCosponsor>False</isOriginalCosponsor>
        <sponsorshipWithdrawnDate />
      </item>
      <item>
        <bioguideId>S001185</bioguideId>
        <fullName>Rep. Sewell, Terri A. [D-AL-7]</fullName>
        <firstName>Terri</firstName>
        <middleName>A.</middleName>
        <lastName>Sewell</lastName>
        <party>D</party>
        <state>AL</state>
        <identifiers>
          <lisID>1988</lisID>
          <bioguideId>S001185</bioguideId>
          <gpoId>7792</gpoId>
        </identifiers>
        <district>7</district>
        <sponsorshipDate>2018-06-12</sponsorshipDate>
        <isOriginalCosponsor>False</isOriginalCosponsor>
        <sponsorshipWithdrawnDate />
      </item>
      <item>
        <bioguideId>B001295</bioguideId>
        <fullName>Rep. Bost, Mike [R-IL-12]</fullName>
        <firstName>Mike</firstName>
        <middleName />
        <lastName>Bost</lastName>
        <party>R</party>
        <state>IL</state>
        <identifiers>
          <lisID>2243</lisID>
          <bioguideId>B001295</bioguideId>
          <gpoId />
        </identifiers>
        <district>12</district>
        <sponsorshipDate>2018-07-11</sponsorshipDate>
        <isOriginalCosponsor>False</isOriginalCosponsor>
        <sponsorshipWithdrawnDate />
      </item>
      <item>
        <bioguideId>F000465</bioguideId>
        <fullName>Rep. Ferguson, A. Drew, IV [R-GA-3]</fullName>
        <firstName>A.</firstName>
        <middleName>Drew</middleName>
        <lastName>Ferguson</lastName>
        <party>R</party>
        <state>GA</state>
        <identifiers>
          <lisID>2324</lisID>
          <bioguideId>F000465</bioguideId>
          <gpoId />
        </identifiers>
        <district>3</district>
        <sponsorshipDate>2018-07-16</sponsorshipDate>
        <isOriginalCosponsor>False</isOriginalCosponsor>
        <sponsorshipWithdrawnDate />
      </item>
      <item>
        <bioguideId>N000189</bioguideId>
        <fullName>Rep. Newhouse, Dan [R-WA-4]</fullName>
        <firstName>Dan</firstName>
        <middleName />
        <lastName>Newhouse</lastName>
        <party>R</party>
        <state>WA</state>
        <identifiers>
          <lisID>2275</lisID>
          <bioguideId>N000189</bioguideId>
          <gpoId />
        </identifiers>
        <district>4</district>
        <sponsorshipDate>2018-11-27</sponsorshipDate>
        <isOriginalCosponsor>False</isOriginalCosponsor>
        <sponsorshipWithdrawnDate />
      </item>
    </cosponsors>
    <cboCostEstimates />
    <laws />
    <notes />
    <policyArea>
      <name>Labor and Employment</name>
    </policyArea>
    <subjects>
      <billSubjects>
        <legislativeSubjects>
          <item>
            <name>Administrative law and regulatory procedures</name>
          </item>
          <item>
            <name>Department of Labor</name>
          </item>
          <item>
            <name>Worker safety and health</name>
          </item>
        </legislativeSubjects>
        <policyArea>
          <name>Labor and Employment</name>
        </policyArea>
      </billSubjects>
    </subjects>
    <summaries>
      <billSummaries>
        <item>
          <versionCode>00</versionCode>
          <actionDate>2017-03-09</actionDate>
          <actionDesc>Introduced in House</actionDesc>
          <lastSummaryUpdateDate>2017-10-10T20:54:56Z</lastSummaryUpdateDate>
          <text><![CDATA[<p><b>Voluntary Protection Program Act</b></p> <p>This bill provides statutory authority for the Occupational Safety and Health Administration's (OSHA's) voluntary protection program, under which management, labor, and OSHA establish cooperative relationships at workplaces that have implemented a comprehensive safety and health management system.</p>]]></text>
          <updateDate>2017-03-09T05:00:00Z</updateDate>
          <name>Introduced in House</name>
        </item>
      </billSummaries>
    </summaries>
    <title>Voluntary Protection Program Act</title>
    <titles>
      <item>
        <titleType>Short Titles as Introduced</titleType>
        <parentTitleType />
        <title>Voluntary Protection Program Act</title>
        <chamberCode />
        <chamberName />
      </item>
      <item>
        <titleType>Display Title</titleType>
        <parentTitleType />
        <title>Voluntary Protection Program Act</title>
        <chamberCode />
        <chamberName />
      </item>
      <item>
        <titleType>Official Title as Introduced</titleType>
        <parentTitleType />
        <title>To authorize the Department of Labor's voluntary protection program.</title>
        <chamberCode />
        <chamberName />
      </item>
      <item>
        <titleType>(Extracted from GPO) Short Titles as Introduced</titleType>
        <parentTitleType />
        <title>Voluntary Protection Program Act</title>
        <chamberCode />
        <chamberName />
      </item>
    </titles>
    <amendments />
    <textVersions>
      <item>
        <type>Introduced in House</type>
        <date>2017-03-09T05:00:00Z</date>
        <formats>
          <item>
            <url>https://www.govinfo.gov/content/pkg/BILLS-115hr1444ih/xml/BILLS-115hr1444ih.xml</url>
          </item>
        </formats>
      </item>
    </textVersions>
    <latestAction>
      <actionDate>2017-03-09</actionDate>
      <text>Referred to the House Committee on Education and the Workforce.</text>
      <links />
    </latestAction>
    <calendarNumbers />
    <version>1.0.0</version>
  </bill>
  <dublinCore xmlns:dc="http://purl.org/dc/elements/1.1/">
    <dc:format>text/xml</dc:format>
    <dc:language>EN</dc:language>
    <dc:rights>Pursuant to Title 17 Section 105 of the United States Code, this file is not subject to copyright protection and is in the public domain.</dc:rights>
    <dc:contributor>Congressional Research Service, Library of Congress</dc:contributor>
    <dc:description>This file contains bill summaries and statuses for federal legislation. A bill summary describes the most significant provisions of a piece of legislation and details the effects the legislative text may have on current law and federal programs. Bill summaries are authored by the Congressional Research Service (CRS) of the Library of Congress. As stated in Public Law 91-510 (2 USC 166 (d)(6)), one of the duties of CRS is "to prepare summaries and digests of bills and resolutions of a public general nature introduced in the Senate or House of Representatives". For more information, refer to the User Guide that accompanies this file.</dc:description>
  </dublinCore>
</billStatus>

