<?xml version="1.0" encoding="UTF-8"?>
<billStatus>
  <bill>
    <billNumber>597</billNumber>
    <createDate>2017-01-21T04:55:45Z</createDate>
    <updateDate>2021-07-10T20:12:21Z</updateDate>
    <originChamber>House</originChamber>
    <billType>HR</billType>
    <introducedDate>2017-01-20</introducedDate>
    <congress>115</congress>
    <constitutionalAuthorityStatementText><![CDATA[<pre>From the Congressional Record Online through the Government Publishing Office [<a href='http://www.gpo.gov'>www.gpo.gov</a>]By Mr. DENHAM:H.R. 597.Congress has the power to enact this legislation pursuantto the following:Article I, Section 8 of the United States Constitution,specifically Clause 3 which grants Congress the power toregulate Commerce with foreign Nations, and among the severalStates, and with the Indian Tribes.[Page H560]</pre>]]></constitutionalAuthorityStatementText>
    <recordedVotes />
    <committees>
      <billCommittees>
        <item>
          <systemCode>slia00</systemCode>
          <name>Indian Affairs Committee</name>
          <chamber>Senate</chamber>
          <type>Other</type>
          <subcommittees />
          <activities>
            <item>
              <name>Reported by</name>
              <date>2018-10-05T18:41:54Z</date>
            </item>
            <item>
              <name>Markup by</name>
              <date>2018-07-11T18:30:34Z</date>
            </item>
            <item>
              <name>Hearings by</name>
              <date>2018-04-25T18:30:02Z</date>
            </item>
            <item>
              <name>Referred to</name>
              <date>2017-07-12T19:38:50Z</date>
            </item>
          </activities>
        </item>
        <item>
          <systemCode>hsii00</systemCode>
          <name>Natural Resources Committee</name>
          <chamber>House</chamber>
          <type>Standing</type>
          <subcommittees>
            <item>
              <systemCode>hsii24</systemCode>
              <name>Indigenous Peoples of the United States Subcommittee</name>
              <activities>
                <item>
                  <name>Referred to</name>
                  <date>2017-02-10T16:57:34Z</date>
                </item>
              </activities>
            </item>
          </subcommittees>
          <activities>
            <item>
              <name>Reported by</name>
              <date>2017-07-11T16:32:37Z</date>
            </item>
            <item>
              <name>Markup by</name>
              <date>2017-06-27T13:41:17Z</date>
            </item>
            <item>
              <name>Referred to</name>
              <date>2017-01-20T15:00:45Z</date>
            </item>
          </activities>
        </item>
      </billCommittees>
    </committees>
    <committeeReports>
      <committeeReport>
        <citation>S. Rept. 115-344</citation>
      </committeeReport>
      <committeeReport>
        <citation>H. Rept. 115-202</citation>
      </committeeReport>
    </committeeReports>
    <relatedBills />
    <actions>
      <item>
        <actionDate>2018-10-05</actionDate>
        <committees />
        <links />
        <sourceSystem>
          <code>0</code>
          <name>Senate</name>
        </sourceSystem>
        <text>Placed on Senate Legislative Calendar under General Orders. Calendar No. 625.</text>
        <type>Calendars</type>
      </item>
      <item>
        <actionDate>2018-10-05</actionDate>
        <committees>
          <item>
            <systemCode>slia00</systemCode>
            <name>Indian Affairs Committee</name>
          </item>
        </committees>
        <links />
        <sourceSystem>
          <code>0</code>
          <name>Senate</name>
        </sourceSystem>
        <text>Committee on Indian Affairs. Reported by Senator Hoeven without amendment. With written report No. 115-344.</text>
        <type>Committee</type>
      </item>
      <item>
        <actionDate>2018-10-05</actionDate>
        <links />
        <text>Committee on Indian Affairs. Reported by Senator Hoeven without amendment. With written report No. 115-344.</text>
        <type>Committee</type>
        <actionCode>14000</actionCode>
        <sourceSystem>
          <code>9</code>
          <name>Library of Congress</name>
        </sourceSystem>
        <committees>
          <item>
            <systemCode>slia00</systemCode>
            <name>Indian Affairs Committee</name>
          </item>
        </committees>
      </item>
      <item>
        <actionDate>2018-07-11</actionDate>
        <committees>
          <item>
            <systemCode>slia00</systemCode>
            <name>Indian Affairs Committee</name>
          </item>
        </committees>
        <links />
        <sourceSystem>
          <code>0</code>
          <name>Senate</name>
        </sourceSystem>
        <text>Committee on Indian Affairs. Ordered to be reported without amendment favorably.</text>
        <type>Committee</type>
      </item>
      <item>
        <actionDate>2018-04-25</actionDate>
        <committees>
          <item>
            <systemCode>slia00</systemCode>
            <name>Indian Affairs Committee</name>
          </item>
        </committees>
        <links />
        <sourceSystem>
          <code>0</code>
          <name>Senate</name>
        </sourceSystem>
        <text>Committee on Indian Affairs. Hearings held. Hearings printed: S.Hrg. 115-253.</text>
        <type>Committee</type>
      </item>
      <item>
        <actionDate>2017-07-12</actionDate>
        <committees>
          <item>
            <systemCode>slia00</systemCode>
            <name>Indian Affairs Committee</name>
          </item>
        </committees>
        <links />
        <sourceSystem>
          <code>0</code>
          <name>Senate</name>
        </sourceSystem>
        <text>Received in the Senate and Read twice and referred to the Committee on Indian Affairs.</text>
        <type>IntroReferral</type>
      </item>
      <item>
        <actionDate>2017-07-11</actionDate>
        <actionTime>17:29:22</actionTime>
        <links />
        <text>Motion to reconsider laid on the table Agreed to without objection.</text>
        <type>Floor</type>
        <actionCode>H38310</actionCode>
        <sourceSystem>
          <code>2</code>
          <name>House floor actions</name>
        </sourceSystem>
        <committees />
      </item>
      <item>
        <actionDate>2017-07-11</actionDate>
        <actionTime>17:29:20</actionTime>
        <links />
        <text>On motion to suspend the rules and pass the bill Agreed to by voice vote. (text: CR H5415-5416)</text>
        <type>Floor</type>
        <actionCode>H37300</actionCode>
        <sourceSystem>
          <code>2</code>
          <name>House floor actions</name>
        </sourceSystem>
        <committees />
      </item>
      <item>
        <actionDate>2017-07-11</actionDate>
        <actionTime>17:29:20</actionTime>
        <links />
        <text>Passed/agreed to in House: On motion to suspend the rules and pass the bill Agreed to by voice vote.(text: CR H5415-5416)</text>
        <type>Floor</type>
        <actionCode>8000</actionCode>
        <sourceSystem>
          <code>9</code>
          <name>Library of Congress</name>
        </sourceSystem>
        <committees />
      </item>
      <item>
        <actionDate>2017-07-11</actionDate>
        <actionTime>17:26:17</actionTime>
        <links />
        <text>DEBATE - The House proceeded with forty minutes of debate on H.R. 597.</text>
        <type>Floor</type>
        <actionCode>H8D000</actionCode>
        <sourceSystem>
          <code>2</code>
          <name>House floor actions</name>
        </sourceSystem>
        <committees />
      </item>
      <item>
        <actionDate>2017-07-11</actionDate>
        <actionTime>17:26:16</actionTime>
        <links />
        <text>Considered under suspension of the rules. (consideration: CR H5415-5416)</text>
        <type>Floor</type>
        <actionCode>H30000</actionCode>
        <sourceSystem>
          <code>2</code>
          <name>House floor actions</name>
        </sourceSystem>
        <committees />
      </item>
      <item>
        <actionDate>2017-07-11</actionDate>
        <actionTime>17:26:06</actionTime>
        <links />
        <text>Mr. LaHood moved to suspend the rules and pass the bill.</text>
        <type>Floor</type>
        <actionCode>H30300</actionCode>
        <sourceSystem>
          <code>2</code>
          <name>House floor actions</name>
        </sourceSystem>
        <committees />
      </item>
      <item>
        <actionDate>2017-07-11</actionDate>
        <links />
        <text>Placed on the Union Calendar, Calendar No. 139.</text>
        <type>Calendars</type>
        <actionCode>H12410</actionCode>
        <sourceSystem>
          <code>2</code>
          <name>House floor actions</name>
        </sourceSystem>
        <committees />
      </item>
      <item>
        <actionDate>2017-07-11</actionDate>
        <links />
        <text>Reported by the Committee on Natural Resources. H. Rept. 115-202.</text>
        <type>Committee</type>
        <actionCode>H12200</actionCode>
        <sourceSystem>
          <code>2</code>
          <name>House floor actions</name>
        </sourceSystem>
        <committees>
          <item>
            <systemCode>hsii00</systemCode>
            <name>Natural Resources Committee</name>
          </item>
        </committees>
      </item>
      <item>
        <actionDate>2017-07-11</actionDate>
        <links />
        <text>Reported by the Committee on Natural Resources. H. Rept. 115-202.</text>
        <type>Committee</type>
        <actionCode>5000</actionCode>
        <sourceSystem>
          <code>9</code>
          <name>Library of Congress</name>
        </sourceSystem>
        <committees>
          <item>
            <systemCode>hsii00</systemCode>
            <name>Natural Resources Committee</name>
          </item>
        </committees>
      </item>
      <item>
        <actionDate>2017-06-27</actionDate>
        <committees>
          <item>
            <systemCode>hsii00</systemCode>
            <name>Natural Resources Committee</name>
          </item>
        </committees>
        <links />
        <sourceSystem>
          <code>1</code>
          <name>House committee actions</name>
        </sourceSystem>
        <text>Ordered to be Reported by Unanimous Consent.</text>
        <type>Committee</type>
      </item>
      <item>
        <actionDate>2017-06-27</actionDate>
        <committees>
          <item>
            <systemCode>hsii00</systemCode>
            <name>Natural Resources Committee</name>
          </item>
        </committees>
        <links />
        <sourceSystem>
          <code>1</code>
          <name>House committee actions</name>
        </sourceSystem>
        <text>Committee Consideration and Mark-up Session Held.</text>
        <type>Committee</type>
      </item>
      <item>
        <actionDate>2017-02-10</actionDate>
        <committees>
          <item>
            <systemCode>hsii24</systemCode>
            <name>Indigenous Peoples of the United States Subcommittee</name>
          </item>
        </committees>
        <links />
        <sourceSystem>
          <code>1</code>
          <name>House committee actions</name>
        </sourceSystem>
        <text>Referred to the Subcommittee on Indian, Insular and Alaska Native Affairs.</text>
        <type>Committee</type>
      </item>
      <item>
        <actionDate>2017-01-20</actionDate>
        <links />
        <text>Referred to the House Committee on Natural Resources.</text>
        <type>IntroReferral</type>
        <actionCode>H11100</actionCode>
        <sourceSystem>
          <code>2</code>
          <name>House floor actions</name>
        </sourceSystem>
        <committees>
          <item>
            <systemCode>hsii00</systemCode>
            <name>Natural Resources Committee</name>
          </item>
        </committees>
      </item>
      <item>
        <actionDate>2017-01-20</actionDate>
        <links />
        <text>Introduced in House</text>
        <type>IntroReferral</type>
        <actionCode>Intro-H</actionCode>
        <sourceSystem>
          <code>9</code>
          <name>Library of Congress</name>
        </sourceSystem>
        <committees />
      </item>
      <item>
        <actionDate>2017-01-20</actionDate>
        <links />
        <text>Introduced in House</text>
        <type>IntroReferral</type>
        <actionCode>1000</actionCode>
        <sourceSystem>
          <code>9</code>
          <name>Library of Congress</name>
        </sourceSystem>
        <committees />
      </item>
      <actionTypeCounts>
        <placedOnCalendarGeneralOrders>1</placedOnCalendarGeneralOrders>
        <reportedToSenate>2</reportedToSenate>
        <orderedReported>1</orderedReported>
        <hearingsHeld>1</hearingsHeld>
        <referredToCommittee>1</referredToCommittee>
        <motionToReconsiderResults>1</motionToReconsiderResults>
        <finalPassageUnderSuspensionOfTheRulesResults>1</finalPassageUnderSuspensionOfTheRulesResults>
        <passedAgreedToInHouse>1</passedAgreedToInHouse>
        <generalDebate>1</generalDebate>
        <considerationByHouse>1</considerationByHouse>
        <motionMadeToSuspendTheRules>1</motionMadeToSuspendTheRules>
        <unionCalendarAssignment>1</unionCalendarAssignment>
        <committeeReportOfABill>1</committeeReportOfABill>
        <reportedToHouse>1</reportedToHouse>
        <orderedToBeReported>1</orderedToBeReported>
        <committeeConsiderationMarkUp>1</committeeConsiderationMarkUp>
        <placeholderTextForH>1</placeholderTextForH>
        <billReferrals>1</billReferrals>
        <introducedInTheHouse>1</introducedInTheHouse>
        <introducedInHouse>1</introducedInHouse>
      </actionTypeCounts>
      <actionByCounts>
        <senate>6</senate>
        <houseOfRepresentatives>15</houseOfRepresentatives>
      </actionByCounts>
    </actions>
    <sponsors>
      <item>
        <bioguideId>D000612</bioguideId>
        <fullName>Rep. Denham, Jeff [R-CA-10]</fullName>
        <firstName>Jeff</firstName>
        <middleName />
        <lastName>Denham</lastName>
        <party>R</party>
        <state>CA</state>
        <identifiers>
          <lisID>1995</lisID>
          <bioguideId>D000612</bioguideId>
          <gpoId>7824</gpoId>
        </identifiers>
        <district>10</district>
        <byRequestType />
      </item>
    </sponsors>
    <cosponsors />
    <cboCostEstimates>
      <item>
        <pubDate>2017-07-06T20:25:29Z</pubDate>
        <title>H.R. 597, Lytton Rancheria Homelands Act of 2017</title>
        <url>https://www.cbo.gov/publication/52866</url>
      </item>
      <item>
        <pubDate>2018-08-10T16:25:59Z</pubDate>
        <title>H.R. 597, Lytton Rancheria Homelands Act of 2017</title>
        <url>https://www.cbo.gov/publication/54364</url>
      </item>
    </cboCostEstimates>
    <laws />
    <notes />
    <policyArea>
      <name>Native Americans</name>
    </policyArea>
    <subjects>
      <billSubjects>
        <legislativeSubjects>
          <item>
            <name>California</name>
          </item>
          <item>
            <name>Federal-Indian relations</name>
          </item>
          <item>
            <name>Indian lands and resources rights</name>
          </item>
        </legislativeSubjects>
        <policyArea>
          <name>Native Americans</name>
        </policyArea>
      </billSubjects>
    </subjects>
    <summaries>
      <billSummaries>
        <item>
          <versionCode>00</versionCode>
          <actionDate>2017-01-20</actionDate>
          <actionDesc>Introduced in House</actionDesc>
          <lastSummaryUpdateDate>2017-02-01T16:30:05Z</lastSummaryUpdateDate>
          <text><![CDATA[<p><b>Lytton Rancheria Homelands Act of 2017</b></p> <p>This bill takes into trust for the benefit of the Lytton Rancheria of California certain land owned by the tribe in Sonoma County, California. Land taken into trust is made a part of the tribe's reservation. Gaming is prohibited on this land and in a specified area of Sonoma County.</p> <p>Gaming is prohibited until March 16, 2037, on land taken into trust for the benefit of the tribe after enactment of this bill.</p> <p>The memorandum of agreement entered into by the tribe and the county that was approved by the county on March 10, 2015, is not subject to review and approval by the Department of the Interior.</p>]]></text>
          <updateDate>2017-01-20T05:00:00Z</updateDate>
          <name>Introduced in House</name>
        </item>
        <item>
          <versionCode>81</versionCode>
          <actionDate>2017-07-11</actionDate>
          <actionDesc>Passed House without amendment</actionDesc>
          <lastSummaryUpdateDate>2017-09-21T19:35:24Z</lastSummaryUpdateDate>
          <text><![CDATA[<p>(This measure has not been amended since it was introduced. The summary has been expanded because action occurred on the measure.)</p> <p><b>Lytton Rancheria Homelands Act of 2017</b></p> <p>(Sec. 4) This bill takes into trust for the benefit of the Lytton Rancheria of California certain land owned by the tribe in Sonoma County, California. Land taken into trust is made a part of the tribe's reservation.</p> <p>(Sec. 5) Gaming is prohibited on land taken into trust by this bill and in a specified area of Sonoma County. Gaming is prohibited until March 16, 2037, on land taken into trust for the benefit of the tribe after enactment of this bill.</p> <p>(Sec. 6) The memorandum of agreement entered into by the tribe and the county that was approved by the county on March 10, 2015, is not subject to review or approval by the Department of the Interior.</p>]]></text>
          <updateDate>2017-07-11T15:15:59Z</updateDate>
          <name>Passed House without amendment</name>
        </item>
        <item>
          <versionCode>80</versionCode>
          <actionDate>2018-10-05</actionDate>
          <actionDesc>Reported to Senate without amendment</actionDesc>
          <lastSummaryUpdateDate>2018-10-15T20:15:52Z</lastSummaryUpdateDate>
          <text><![CDATA[<p><b>Lytton Rancheria Homelands Act of 2017</b></p> <p>(Sec. 4) This bill takes into trust for the benefit of the Lytton Rancheria of California certain land owned by the tribe in Sonoma County, California. Land taken into trust is made a part of the tribe's reservation.</p> <p>(Sec. 5) Gaming is prohibited on land taken into trust by this bill and in a specified area of Sonoma County. Gaming is prohibited until March 16, 2037, on land taken into trust for the benefit of the tribe after enactment of this bill.</p> <p>(Sec. 6) The memorandum of agreement entered into by the tribe and the county that was approved by the county on March 10, 2015, is not subject to review or approval by the Department of the Interior.</p>]]></text>
          <updateDate>2018-10-05T13:59:28Z</updateDate>
          <name>Reported to Senate without amendment</name>
        </item>
      </billSummaries>
    </summaries>
    <title>Lytton Rancheria Homelands Act of 2017</title>
    <titles>
      <item>
        <titleType>Official Title as Introduced</titleType>
        <parentTitleType />
        <title>To take lands in Sonoma County, California, into trust as part of the reservation of the Lytton Rancheria of California, and for other purposes.</title>
        <chamberCode />
        <chamberName />
      </item>
      <item>
        <titleType>Short Titles as Introduced</titleType>
        <parentTitleType />
        <title>Lytton Rancheria Homelands Act of 2017</title>
        <chamberCode />
        <chamberName />
      </item>
      <item>
        <titleType>Short Titles as Reported to House</titleType>
        <parentTitleType>Short Titles House of Representatives</parentTitleType>
        <title>Lytton Rancheria Homelands Act of 2017</title>
        <chamberCode>H</chamberCode>
        <chamberName>House</chamberName>
      </item>
      <item>
        <titleType>Short Titles as Reported to Senate</titleType>
        <parentTitleType>Short Titles Senate</parentTitleType>
        <title>Lytton Rancheria Homelands Act of 2017</title>
        <chamberCode>S</chamberCode>
        <chamberName>Senate</chamberName>
      </item>
      <item>
        <titleType>Short Titles as Passed House</titleType>
        <parentTitleType>Short Titles House of Representatives</parentTitleType>
        <title>Lytton Rancheria Homelands Act of 2017</title>
        <chamberCode>H</chamberCode>
        <chamberName>House</chamberName>
      </item>
      <item>
        <titleType>Display Title</titleType>
        <parentTitleType />
        <title>Lytton Rancheria Homelands Act of 2017</title>
        <chamberCode />
        <chamberName />
      </item>
    </titles>
    <amendments />
    <textVersions>
      <item>
        <type>Reported to Senate</type>
        <date>2018-10-05T04:00:00Z</date>
        <formats>
          <item>
            <url>https://www.govinfo.gov/content/pkg/BILLS-115hr597rs/xml/BILLS-115hr597rs.xml</url>
          </item>
        </formats>
      </item>
      <item>
        <type>Referred in Senate</type>
        <date>2017-07-12T04:00:00Z</date>
        <formats>
          <item>
            <url>https://www.govinfo.gov/content/pkg/BILLS-115hr597rfs/xml/BILLS-115hr597rfs.xml</url>
          </item>
        </formats>
      </item>
      <item>
        <type>Engrossed in House</type>
        <date>2017-07-11T04:00:00Z</date>
        <formats>
          <item>
            <url>https://www.govinfo.gov/content/pkg/BILLS-115hr597eh/xml/BILLS-115hr597eh.xml</url>
          </item>
        </formats>
      </item>
      <item>
        <type>Reported in House</type>
        <date>2017-07-11T04:00:00Z</date>
        <formats>
          <item>
            <url>https://www.govinfo.gov/content/pkg/BILLS-115hr597rh/xml/BILLS-115hr597rh.xml</url>
          </item>
        </formats>
      </item>
      <item>
        <type>Introduced in House</type>
        <date>2017-01-20T05:00:00Z</date>
        <formats>
          <item>
            <url>https://www.govinfo.gov/content/pkg/BILLS-115hr597ih/xml/BILLS-115hr597ih.xml</url>
          </item>
        </formats>
      </item>
    </textVersions>
    <latestAction>
      <actionDate>2018-10-05</actionDate>
      <text>Placed on Senate Legislative Calendar under General Orders. Calendar No. 625.</text>
      <links />
    </latestAction>
    <calendarNumbers>
      <item>
        <calendar>U00139</calendar>
        <number />
      </item>
      <item>
        <calendar>Senate Calendar of Business</calendar>
        <number>0625</number>
      </item>
    </calendarNumbers>
    <version>1.0.0</version>
  </bill>
  <dublinCore xmlns:dc="http://purl.org/dc/elements/1.1/">
    <dc:format>text/xml</dc:format>
    <dc:language>EN</dc:language>
    <dc:rights>Pursuant to Title 17 Section 105 of the United States Code, this file is not subject to copyright protection and is in the public domain.</dc:rights>
    <dc:contributor>Congressional Research Service, Library of Congress</dc:contributor>
    <dc:description>This file contains bill summaries and statuses for federal legislation. A bill summary describes the most significant provisions of a piece of legislation and details the effects the legislative text may have on current law and federal programs. Bill summaries are authored by the Congressional Research Service (CRS) of the Library of Congress. As stated in Public Law 91-510 (2 USC 166 (d)(6)), one of the duties of CRS is "to prepare summaries and digests of bills and resolutions of a public general nature introduced in the Senate or House of Representatives". For more information, refer to the User Guide that accompanies this file.</dc:description>
  </dublinCore>
</billStatus>

