<?xml version="1.0" encoding="UTF-8"?>
<billStatus>
  <bill>
    <billNumber>296</billNumber>
    <createDate>2017-01-06T04:57:25Z</createDate>
    <updateDate>2020-09-28T22:03:09Z</updateDate>
    <originChamber>House</originChamber>
    <billType>HR</billType>
    <introducedDate>2017-01-05</introducedDate>
    <congress>115</congress>
    <constitutionalAuthorityStatementText><![CDATA[<pre>[Congressional Record Volume 163, Number 3 (Thursday, January 5, 2017)]From the Congressional Record Online through the Government Publishing Office [<a href='http://www.gpo.gov'>www.gpo.gov</a>]By Mr. CHAFFETZ:H.R. 296.Congress has the power to enact this legislation pursuantto the following:Article 1, Section 8 of the United States Constitution[Page H182]</pre>]]></constitutionalAuthorityStatementText>
    <recordedVotes />
    <committees>
      <billCommittees>
        <item>
          <systemCode>hswm00</systemCode>
          <name>Ways and Means Committee</name>
          <chamber>House</chamber>
          <type>Standing</type>
          <subcommittees />
          <activities>
            <item>
              <name>Referred to</name>
              <date>2017-01-05T15:01:20Z</date>
            </item>
          </activities>
        </item>
      </billCommittees>
    </committees>
    <committeeReports />
    <relatedBills>
      <item>
        <latestTitle>PRO Sports Act</latestTitle>
        <congress>115</congress>
        <number>3830</number>
        <type>HR</type>
        <latestAction>
          <actionDate>2017-09-26</actionDate>
          <text>Referred to the House Committee on Ways and Means.</text>
        </latestAction>
        <relationshipDetails>
          <item>
            <type>Identical bill</type>
            <identifiedBy>CRS</identifiedBy>
          </item>
        </relationshipDetails>
      </item>
      <item>
        <latestTitle>PRO Sports Act</latestTitle>
        <congress>115</congress>
        <number>3086</number>
        <type>S</type>
        <latestAction>
          <actionDate>2018-06-19</actionDate>
          <text>Read twice and referred to the Committee on Finance.</text>
        </latestAction>
        <relationshipDetails>
          <item>
            <type>Related bill</type>
            <identifiedBy>CRS</identifiedBy>
          </item>
        </relationshipDetails>
      </item>
    </relatedBills>
    <actions>
      <item>
        <actionDate>2017-09-26</actionDate>
        <actionTime>13:45:43</actionTime>
        <links />
        <text>ASSUMING FIRST SPONSORSHIP - Mr. Gaetz asked unanimous consent that he may hereafter be considered as first sponsor of H.R. 296, a bill originally introduced by Representative Chaffetz, for the purpose of adding cosponsors and requesting reprintings pursuant to clause 7 of rule XII. Agreed to without objection.</text>
        <type>Floor</type>
        <actionCode>H8D000</actionCode>
        <sourceSystem>
          <code>2</code>
          <name>House floor actions</name>
        </sourceSystem>
        <committees />
      </item>
      <item>
        <actionDate>2017-01-05</actionDate>
        <links />
        <text>Referred to the House Committee on Ways and Means.</text>
        <type>IntroReferral</type>
        <actionCode>H11100</actionCode>
        <sourceSystem>
          <code>2</code>
          <name>House floor actions</name>
        </sourceSystem>
        <committees>
          <item>
            <systemCode>hswm00</systemCode>
            <name>Ways and Means Committee</name>
          </item>
        </committees>
      </item>
      <item>
        <actionDate>2017-01-05</actionDate>
        <links />
        <text>Introduced in House</text>
        <type>IntroReferral</type>
        <actionCode>Intro-H</actionCode>
        <sourceSystem>
          <code>9</code>
          <name>Library of Congress</name>
        </sourceSystem>
        <committees />
      </item>
      <item>
        <actionDate>2017-01-05</actionDate>
        <links />
        <text>Introduced in House</text>
        <type>IntroReferral</type>
        <actionCode>1000</actionCode>
        <sourceSystem>
          <code>9</code>
          <name>Library of Congress</name>
        </sourceSystem>
        <committees />
      </item>
      <actionTypeCounts>
        <generalDebate>1</generalDebate>
        <billReferrals>1</billReferrals>
        <introducedInTheHouse>1</introducedInTheHouse>
        <introducedInHouse>1</introducedInHouse>
      </actionTypeCounts>
      <actionByCounts>
        <houseOfRepresentatives>4</houseOfRepresentatives>
      </actionByCounts>
    </actions>
    <sponsors>
      <item>
        <bioguideId>C001076</bioguideId>
        <fullName>Rep. Chaffetz, Jason [R-UT-3]</fullName>
        <firstName>Jason</firstName>
        <middleName />
        <lastName>Chaffetz</lastName>
        <party>R</party>
        <state>UT</state>
        <identifiers>
          <lisID>1956</lisID>
          <bioguideId>C001076</bioguideId>
          <gpoId>8191</gpoId>
        </identifiers>
        <district>3</district>
        <byRequestType />
      </item>
    </sponsors>
    <cosponsors>
      <item>
        <bioguideId>F000460</bioguideId>
        <fullName>Rep. Farenthold, Blake [R-TX-27]</fullName>
        <firstName>Blake</firstName>
        <middleName />
        <lastName>Farenthold</lastName>
        <party>R</party>
        <state>TX</state>
        <identifiers>
          <lisID>2067</lisID>
          <bioguideId>F000460</bioguideId>
          <gpoId>8183</gpoId>
        </identifiers>
        <district>27</district>
        <sponsorshipDate>2017-10-11</sponsorshipDate>
        <isOriginalCosponsor>False</isOriginalCosponsor>
        <sponsorshipWithdrawnDate />
      </item>
      <item>
        <bioguideId>B001274</bioguideId>
        <fullName>Rep. Brooks, Mo [R-AL-5]</fullName>
        <firstName>Mo</firstName>
        <middleName />
        <lastName>Brooks</lastName>
        <party>R</party>
        <state>AL</state>
        <identifiers>
          <lisID>1987</lisID>
          <bioguideId>B001274</bioguideId>
          <gpoId>7790</gpoId>
        </identifiers>
        <district>5</district>
        <sponsorshipDate>2017-10-11</sponsorshipDate>
        <isOriginalCosponsor>False</isOriginalCosponsor>
        <sponsorshipWithdrawnDate />
      </item>
      <item>
        <bioguideId>B001297</bioguideId>
        <fullName>Rep. Buck, Ken [R-CO-4]</fullName>
        <firstName>Ken</firstName>
        <middleName />
        <lastName>Buck</lastName>
        <party>R</party>
        <state>CO</state>
        <identifiers>
          <lisID>2233</lisID>
          <bioguideId>B001297</bioguideId>
          <gpoId />
        </identifiers>
        <district>4</district>
        <sponsorshipDate>2017-10-19</sponsorshipDate>
        <isOriginalCosponsor>False</isOriginalCosponsor>
        <sponsorshipWithdrawnDate />
      </item>
      <item>
        <bioguideId>C001077</bioguideId>
        <fullName>Rep. Coffman, Mike [R-CO-6]</fullName>
        <firstName>Mike</firstName>
        <middleName />
        <lastName>Coffman</lastName>
        <party>R</party>
        <state>CO</state>
        <identifiers>
          <lisID>1912</lisID>
          <bioguideId>C001077</bioguideId>
          <gpoId>7864</gpoId>
        </identifiers>
        <district>6</district>
        <sponsorshipDate>2017-10-23</sponsorshipDate>
        <isOriginalCosponsor>False</isOriginalCosponsor>
        <sponsorshipWithdrawnDate />
      </item>
      <item>
        <bioguideId>P000601</bioguideId>
        <fullName>Rep. Palazzo, Steven M. [R-MS-4]</fullName>
        <firstName>Steven</firstName>
        <middleName>M.</middleName>
        <lastName>Palazzo</lastName>
        <party>R</party>
        <state>MS</state>
        <identifiers>
          <lisID>2035</lisID>
          <bioguideId>P000601</bioguideId>
          <gpoId>8022</gpoId>
        </identifiers>
        <district>4</district>
        <sponsorshipDate>2017-10-25</sponsorshipDate>
        <isOriginalCosponsor>False</isOriginalCosponsor>
        <sponsorshipWithdrawnDate />
      </item>
      <item>
        <bioguideId>P000599</bioguideId>
        <fullName>Rep. Posey, Bill [R-FL-8]</fullName>
        <firstName>Bill</firstName>
        <middleName />
        <lastName>Posey</lastName>
        <party>R</party>
        <state>FL</state>
        <identifiers>
          <lisID>1915</lisID>
          <bioguideId>P000599</bioguideId>
          <gpoId>7887</gpoId>
        </identifiers>
        <district>8</district>
        <sponsorshipDate>2018-10-19</sponsorshipDate>
        <isOriginalCosponsor>False</isOriginalCosponsor>
        <sponsorshipWithdrawnDate />
      </item>
    </cosponsors>
    <cboCostEstimates />
    <laws />
    <notes />
    <policyArea>
      <name>Taxation</name>
    </policyArea>
    <subjects>
      <billSubjects>
        <legislativeSubjects>
          <item>
            <name>Professional sports</name>
          </item>
          <item>
            <name>Tax-exempt organizations</name>
          </item>
        </legislativeSubjects>
        <policyArea>
          <name>Taxation</name>
        </policyArea>
      </billSubjects>
    </subjects>
    <summaries>
      <billSummaries>
        <item>
          <versionCode>00</versionCode>
          <actionDate>2017-01-05</actionDate>
          <actionDesc>Introduced in House</actionDesc>
          <lastSummaryUpdateDate>2017-01-31T21:43:07Z</lastSummaryUpdateDate>
          <text><![CDATA[<p><strong>Properly Reducing Overexemptions for Sports Act or the PRO Sports Act</strong> </p> <p> This bill amends the Internal Revenue Code to remove professional football leagues from the list of tax-exempt organizations.</p> <p>No organization or entity shall be treated as tax-exempt if it: (1) is a professional sports league, organization, or association, a substantial activity of which is to foster national or international professional sports competitions (including by managing league business affairs, officiating or providing referees, coordinating schedules, managing sponsorships or broadcast sales, operating loan programs for competition facilities, or overseeing player conduct); and (2) has annual gross receipts in excess of $10 million. </p>]]></text>
          <updateDate>2017-01-05T05:00:00Z</updateDate>
          <name>Introduced in House</name>
        </item>
      </billSummaries>
    </summaries>
    <title>PRO Sports Act</title>
    <titles>
      <item>
        <titleType>Official Title as Introduced</titleType>
        <parentTitleType />
        <title>To amend the Internal Revenue Code of 1986 to exclude major professional sports leagues from qualifying as tax-exempt organizations.</title>
        <chamberCode />
        <chamberName />
      </item>
      <item>
        <titleType>Short Titles as Introduced</titleType>
        <parentTitleType />
        <title>Properly Reducing Overexemptions for Sports Act</title>
        <chamberCode />
        <chamberName />
      </item>
      <item>
        <titleType>Short Titles as Introduced</titleType>
        <parentTitleType />
        <title>PRO Sports Act</title>
        <chamberCode />
        <chamberName />
      </item>
      <item>
        <titleType>Display Title</titleType>
        <parentTitleType />
        <title>PRO Sports Act</title>
        <chamberCode />
        <chamberName />
      </item>
      <item>
        <titleType>(Extracted from GPO) Short Titles as Introduced</titleType>
        <parentTitleType />
        <title>PRO Sports Act</title>
        <chamberCode />
        <chamberName />
      </item>
      <item>
        <titleType>(Extracted from GPO) Short Titles as Introduced</titleType>
        <parentTitleType />
        <title>Properly Reducing Overexemptions for Sports Act</title>
        <chamberCode />
        <chamberName />
      </item>
    </titles>
    <amendments />
    <textVersions>
      <item>
        <type>Introduced in House</type>
        <date>2017-01-05T05:00:00Z</date>
        <formats>
          <item>
            <url>https://www.govinfo.gov/content/pkg/BILLS-115hr296ih/xml/BILLS-115hr296ih.xml</url>
          </item>
        </formats>
      </item>
    </textVersions>
    <latestAction>
      <actionDate>2017-09-26</actionDate>
      <text>ASSUMING FIRST SPONSORSHIP - Mr. Gaetz asked unanimous consent that he may hereafter be considered as first sponsor of H.R. 296, a bill originally introduced by Representative Chaffetz, for the purpose of adding cosponsors and requesting reprintings pursuant to clause 7 of rule XII. Agreed to without objection.</text>
      <actionTime>13:45:43</actionTime>
      <links />
    </latestAction>
    <calendarNumbers />
    <version>1.0.0</version>
  </bill>
  <dublinCore xmlns:dc="http://purl.org/dc/elements/1.1/">
    <dc:format>text/xml</dc:format>
    <dc:language>EN</dc:language>
    <dc:rights>Pursuant to Title 17 Section 105 of the United States Code, this file is not subject to copyright protection and is in the public domain.</dc:rights>
    <dc:contributor>Congressional Research Service, Library of Congress</dc:contributor>
    <dc:description>This file contains bill summaries and statuses for federal legislation. A bill summary describes the most significant provisions of a piece of legislation and details the effects the legislative text may have on current law and federal programs. Bill summaries are authored by the Congressional Research Service (CRS) of the Library of Congress. As stated in Public Law 91-510 (2 USC 166 (d)(6)), one of the duties of CRS is "to prepare summaries and digests of bills and resolutions of a public general nature introduced in the Senate or House of Representatives". For more information, refer to the User Guide that accompanies this file.</dc:description>
  </dublinCore>
</billStatus>

