<?xml version="1.0" encoding="UTF-8"?>
<billStatus>
  <bill>
    <billNumber>650</billNumber>
    <createDate>2017-01-25T04:45:55Z</createDate>
    <updateDate>2020-12-05T05:08:04Z</updateDate>
    <originChamber>House</originChamber>
    <billType>HR</billType>
    <introducedDate>2017-01-24</introducedDate>
    <congress>115</congress>
    <constitutionalAuthorityStatementText><![CDATA[<pre>[Congressional Record Volume 163, Number 13 (Tuesday, January 24, 2017)]From the Congressional Record Online through the Government Publishing Office [<a href='http://www.gpo.gov'>www.gpo.gov</a>]By Mr. CULBERSON:H.R. 650.Congress has the power to enact this legislation pursuantto the following:Article I, Section 8 granting Congress the power to``promote the Progress of Science.''[Page H688]</pre>]]></constitutionalAuthorityStatementText>
    <recordedVotes />
    <committees>
      <billCommittees>
        <item>
          <systemCode>hssy00</systemCode>
          <name>Science, Space, and Technology Committee</name>
          <chamber>House</chamber>
          <type>Standing</type>
          <subcommittees>
            <item>
              <systemCode>hssy16</systemCode>
              <name>Space and Aeronautics Subcommittee</name>
              <activities>
                <item>
                  <name>Referred to</name>
                  <date>2017-04-25T14:36:51Z</date>
                </item>
              </activities>
            </item>
          </subcommittees>
          <activities>
            <item>
              <name>Referred to</name>
              <date>2017-01-24T15:06:50Z</date>
            </item>
          </activities>
        </item>
      </billCommittees>
    </committees>
    <committeeReports />
    <relatedBills>
      <item>
        <latestTitle>MANIFEST for Human Spaceflight Act of 2017</latestTitle>
        <congress>115</congress>
        <number>212</number>
        <type>S</type>
        <latestAction>
          <actionDate>2017-01-24</actionDate>
          <text>Read twice and referred to the Committee on Commerce, Science, and Transportation. (text of measure as introduced: CR S448-449)</text>
        </latestAction>
        <relationshipDetails>
          <item>
            <type>Identical bill</type>
            <identifiedBy>CRS</identifiedBy>
          </item>
        </relationshipDetails>
      </item>
    </relatedBills>
    <actions>
      <item>
        <actionDate>2017-04-25</actionDate>
        <committees>
          <item>
            <systemCode>hssy16</systemCode>
            <name>Space and Aeronautics Subcommittee</name>
          </item>
        </committees>
        <links />
        <sourceSystem>
          <code>1</code>
          <name>House committee actions</name>
        </sourceSystem>
        <text>Referred to the Subcommittee on Space.</text>
        <type>Committee</type>
      </item>
      <item>
        <actionDate>2017-01-24</actionDate>
        <links />
        <text>Referred to the House Committee on Science, Space, and Technology.</text>
        <type>IntroReferral</type>
        <actionCode>H11100</actionCode>
        <sourceSystem>
          <code>2</code>
          <name>House floor actions</name>
        </sourceSystem>
        <committees>
          <item>
            <systemCode>hssy00</systemCode>
            <name>Science, Space, and Technology Committee</name>
          </item>
        </committees>
      </item>
      <item>
        <actionDate>2017-01-24</actionDate>
        <links />
        <text>Introduced in House</text>
        <type>IntroReferral</type>
        <actionCode>Intro-H</actionCode>
        <sourceSystem>
          <code>9</code>
          <name>Library of Congress</name>
        </sourceSystem>
        <committees />
      </item>
      <item>
        <actionDate>2017-01-24</actionDate>
        <links />
        <text>Introduced in House</text>
        <type>IntroReferral</type>
        <actionCode>1000</actionCode>
        <sourceSystem>
          <code>9</code>
          <name>Library of Congress</name>
        </sourceSystem>
        <committees />
      </item>
      <actionTypeCounts>
        <placeholderTextForH>1</placeholderTextForH>
        <billReferrals>1</billReferrals>
        <introducedInTheHouse>1</introducedInTheHouse>
        <introducedInHouse>1</introducedInHouse>
      </actionTypeCounts>
      <actionByCounts>
        <houseOfRepresentatives>4</houseOfRepresentatives>
      </actionByCounts>
    </actions>
    <sponsors>
      <item>
        <bioguideId>C001048</bioguideId>
        <fullName>Rep. Culberson, John Abney [R-TX-7]</fullName>
        <firstName>JOHN</firstName>
        <middleName>ABNEY</middleName>
        <lastName>CULBERSON</lastName>
        <party>R</party>
        <state>TX</state>
        <identifiers>
          <lisID>1670</lisID>
          <bioguideId>C001048</bioguideId>
          <gpoId>8163</gpoId>
        </identifiers>
        <district>7</district>
        <byRequestType />
      </item>
    </sponsors>
    <cosponsors />
    <cboCostEstimates />
    <laws />
    <notes />
    <policyArea>
      <name>Science, Technology, Communications</name>
    </policyArea>
    <subjects>
      <billSubjects>
        <legislativeSubjects>
          <item>
            <name>Congressional oversight</name>
          </item>
          <item>
            <name>Government studies and investigations</name>
          </item>
          <item>
            <name>Space flight and exploration</name>
          </item>
          <item>
            <name>Spacecraft and satellites</name>
          </item>
        </legislativeSubjects>
        <policyArea>
          <name>Science, Technology, Communications</name>
        </policyArea>
      </billSubjects>
    </subjects>
    <summaries>
      <billSummaries>
        <item>
          <versionCode>00</versionCode>
          <actionDate>2017-01-24</actionDate>
          <actionDesc>Introduced in House</actionDesc>
          <lastSummaryUpdateDate>2017-03-01T22:38:30Z</lastSummaryUpdateDate>
          <text><![CDATA[<p><b>Mapping a New and Innovative Focus on Our Exploration Strategy for Human Spaceflight Act of 2017 or the MANIFEST for Human Spaceflight Act of 2017.</b></p> <p>This bill amends the National Aeronautics and Space Administration Authorization Act of 2010 to make it a key U.S. objective to achieve human exploration of Mars, including the establishment of a capability to extend human presence to the surface of Mars. </p> <p>The National Aeronautics and Space Administration (NASA) shall report a strategy to achieve such objective through a series of successive, sustainable, free-standing, but complementary missions making robust use of cislunar space and employing the Space Launch System, Orion crew capsule, and other capabilities provided under specified titles of the Act. </p> <p>NASA shall arrange with the National Academy of Sciences (NAS) to review and comment on each interim report on the strategy and identify matters the NAS agrees with and matters raising NAS concerns, as well as any NAS recommendations.</p>]]></text>
          <updateDate>2017-01-24T05:00:00Z</updateDate>
          <name>Introduced in House</name>
        </item>
      </billSummaries>
    </summaries>
    <title>MANIFEST for Human Spaceflight Act of 2017</title>
    <titles>
      <item>
        <titleType>Short Title(s) as Introduced</titleType>
        <parentTitleType />
        <title>MANIFEST for Human Spaceflight Act of 2017</title>
        <chamberCode />
        <chamberName />
      </item>
      <item>
        <titleType>Short Title(s) as Introduced</titleType>
        <parentTitleType />
        <title>Mapping a New and Innovative Focus on Our Exploration Strategy for Human Spaceflight Act of 2017</title>
        <chamberCode />
        <chamberName />
      </item>
      <item>
        <titleType>Short Titles as Introduced</titleType>
        <parentTitleType />
        <title>MANIFEST for Human Spaceflight Act of 2017</title>
        <chamberCode />
        <chamberName />
      </item>
      <item>
        <titleType>Display Title</titleType>
        <parentTitleType />
        <title>MANIFEST for Human Spaceflight Act of 2017</title>
        <chamberCode />
        <chamberName />
      </item>
      <item>
        <titleType>Official Title as Introduced</titleType>
        <parentTitleType />
        <title>To provide for the development of a United States strategy for greater human space exploration, and for other purposes.</title>
        <chamberCode />
        <chamberName />
      </item>
      <item>
        <titleType>Short Titles as Introduced</titleType>
        <parentTitleType />
        <title>Mapping a New and Innovative Focus on Our Exploration Strategy for Human Spaceflight Act of 2017</title>
        <chamberCode />
        <chamberName />
      </item>
    </titles>
    <amendments />
    <textVersions>
      <item>
        <type>Introduced in House</type>
        <date>2017-01-24T05:00:00Z</date>
        <formats>
          <item>
            <url>https://www.govinfo.gov/content/pkg/BILLS-115hr650ih/xml/BILLS-115hr650ih.xml</url>
          </item>
        </formats>
      </item>
    </textVersions>
    <latestAction>
      <actionDate>2017-04-25</actionDate>
      <text>Referred to the Subcommittee on Space.</text>
      <links />
    </latestAction>
    <calendarNumbers />
    <version>1.0.0</version>
  </bill>
  <dublinCore xmlns:dc="http://purl.org/dc/elements/1.1/">
    <dc:format>text/xml</dc:format>
    <dc:language>EN</dc:language>
    <dc:rights>Pursuant to Title 17 Section 105 of the United States Code, this file is not subject to copyright protection and is in the public domain.</dc:rights>
    <dc:contributor>Congressional Research Service, Library of Congress</dc:contributor>
    <dc:description>This file contains bill summaries and statuses for federal legislation. A bill summary describes the most significant provisions of a piece of legislation and details the effects the legislative text may have on current law and federal programs. Bill summaries are authored by the Congressional Research Service (CRS) of the Library of Congress. As stated in Public Law 91-510 (2 USC 166 (d)(6)), one of the duties of CRS is "to prepare summaries and digests of bills and resolutions of a public general nature introduced in the Senate or House of Representatives". For more information, refer to the User Guide that accompanies this file.</dc:description>
  </dublinCore>
</billStatus>

