<?xml version="1.0" encoding="UTF-8"?>
<billStatus>
  <bill>
    <billNumber>228</billNumber>
    <createDate>2017-01-04T07:01:13Z</createDate>
    <updateDate>2021-10-15T23:29:46Z</updateDate>
    <originChamber>House</originChamber>
    <billType>HR</billType>
    <introducedDate>2017-01-03</introducedDate>
    <congress>115</congress>
    <constitutionalAuthorityStatementText><![CDATA[<pre>[Congressional Record Volume 163, Number 1 (Tuesday, January 3, 2017)]From the Congressional Record Online through the Government Publishing Office [<a href='http://www.gpo.gov'>www.gpo.gov</a>]By Mr. YOUNG of Alaska:H.R. 228.Congress has the power to enact this legislation pursuantto the following:Article I, Section 8, Clause 3[Page H53]</pre>]]></constitutionalAuthorityStatementText>
    <recordedVotes />
    <committees>
      <billCommittees>
        <item>
          <systemCode>hsii00</systemCode>
          <name>Natural Resources Committee</name>
          <chamber>House</chamber>
          <type>Standing</type>
          <subcommittees>
            <item>
              <systemCode>hsii24</systemCode>
              <name>Indigenous Peoples of the United States Subcommittee</name>
              <activities>
                <item>
                  <name>Referred to</name>
                  <date>2017-02-10T16:54:43Z</date>
                </item>
              </activities>
            </item>
          </subcommittees>
          <activities>
            <item>
              <name>Referred to</name>
              <date>2017-01-03T17:28:05Z</date>
            </item>
          </activities>
        </item>
      </billCommittees>
    </committees>
    <committeeReports />
    <relatedBills>
      <item>
        <latestTitle>Indian Employment, Training and Related Services Consolidation Act of 2017</latestTitle>
        <congress>115</congress>
        <number>91</number>
        <type>S</type>
        <latestAction>
          <actionDate>2017-04-25</actionDate>
          <text>Star Print ordered on report 115-26.</text>
        </latestAction>
        <relationshipDetails>
          <item>
            <type>Identical bill</type>
            <identifiedBy>CRS</identifiedBy>
          </item>
          <item>
            <type>Related bill</type>
            <identifiedBy>House</identifiedBy>
          </item>
        </relationshipDetails>
      </item>
    </relatedBills>
    <actions>
      <item>
        <actionDate>2017-12-18</actionDate>
        <links />
        <text>Became Public Law No: 115-93.</text>
        <type>President</type>
        <actionCode>E40000</actionCode>
        <sourceSystem>
          <code>2</code>
          <name>House floor actions</name>
        </sourceSystem>
        <committees />
      </item>
      <item>
        <actionDate>2017-12-18</actionDate>
        <links />
        <text>Became Public Law No: 115-93.</text>
        <type>BecameLaw</type>
        <actionCode>36000</actionCode>
        <sourceSystem>
          <code>9</code>
          <name>Library of Congress</name>
        </sourceSystem>
        <committees />
      </item>
      <item>
        <actionDate>2017-12-18</actionDate>
        <links />
        <text>Signed by President.</text>
        <type>President</type>
        <actionCode>E30000</actionCode>
        <sourceSystem>
          <code>2</code>
          <name>House floor actions</name>
        </sourceSystem>
        <committees />
      </item>
      <item>
        <actionDate>2017-12-18</actionDate>
        <links />
        <text>Signed by President.</text>
        <type>BecameLaw</type>
        <actionCode>36000</actionCode>
        <sourceSystem>
          <code>9</code>
          <name>Library of Congress</name>
        </sourceSystem>
        <committees />
      </item>
      <item>
        <actionDate>2017-12-06</actionDate>
        <links />
        <text>Presented to President.</text>
        <type>Floor</type>
        <actionCode>E20000</actionCode>
        <sourceSystem>
          <code>2</code>
          <name>House floor actions</name>
        </sourceSystem>
        <committees />
      </item>
      <item>
        <actionDate>2017-12-06</actionDate>
        <links />
        <text>Presented to President.</text>
        <type>President</type>
        <actionCode>28000</actionCode>
        <sourceSystem>
          <code>9</code>
          <name>Library of Congress</name>
        </sourceSystem>
        <committees />
      </item>
      <item>
        <actionDate>2017-11-30</actionDate>
        <committees />
        <links />
        <sourceSystem>
          <code>0</code>
          <name>Senate</name>
        </sourceSystem>
        <text>Message on Senate action sent to the House.</text>
        <type>Floor</type>
      </item>
      <item>
        <actionDate>2017-11-29</actionDate>
        <committees />
        <links />
        <sourceSystem>
          <code>0</code>
          <name>Senate</name>
        </sourceSystem>
        <text>Passed Senate without amendment by Unanimous Consent. (consideration: CR S7490)</text>
        <type>Floor</type>
      </item>
      <item>
        <actionDate>2017-11-29</actionDate>
        <links />
        <text>Passed/agreed to in Senate: Passed Senate without amendment by Unanimous Consent.(consideration: CR S7490)</text>
        <type>Floor</type>
        <actionCode>17000</actionCode>
        <sourceSystem>
          <code>9</code>
          <name>Library of Congress</name>
        </sourceSystem>
        <committees />
      </item>
      <item>
        <actionDate>2017-02-28</actionDate>
        <committees />
        <links />
        <sourceSystem>
          <code>0</code>
          <name>Senate</name>
        </sourceSystem>
        <text>Received in the Senate, read twice.</text>
        <type>IntroReferral</type>
      </item>
      <item>
        <actionDate>2017-02-27</actionDate>
        <actionTime>16:47:32</actionTime>
        <links />
        <text>Motion to reconsider laid on the table Agreed to without objection.</text>
        <type>Floor</type>
        <actionCode>H38310</actionCode>
        <sourceSystem>
          <code>2</code>
          <name>House floor actions</name>
        </sourceSystem>
        <committees />
      </item>
      <item>
        <actionDate>2017-02-27</actionDate>
        <actionTime>16:47:30</actionTime>
        <links />
        <text>On motion to suspend the rules and pass the bill, as amended Agreed to by voice vote. (text: CR H1326-1329)</text>
        <type>Floor</type>
        <actionCode>H37300</actionCode>
        <sourceSystem>
          <code>2</code>
          <name>House floor actions</name>
        </sourceSystem>
        <committees />
      </item>
      <item>
        <actionDate>2017-02-27</actionDate>
        <actionTime>16:47:30</actionTime>
        <links />
        <text>Passed/agreed to in House: On motion to suspend the rules and pass the bill, as amended Agreed to by voice vote.(text: CR H1326-1329)</text>
        <type>Floor</type>
        <actionCode>8000</actionCode>
        <sourceSystem>
          <code>9</code>
          <name>Library of Congress</name>
        </sourceSystem>
        <committees />
      </item>
      <item>
        <actionDate>2017-02-27</actionDate>
        <actionTime>16:41:12</actionTime>
        <links />
        <text>DEBATE - The House proceeded with forty minutes of debate on H.R. 228.</text>
        <type>Floor</type>
        <actionCode>H8D000</actionCode>
        <sourceSystem>
          <code>2</code>
          <name>House floor actions</name>
        </sourceSystem>
        <committees />
      </item>
      <item>
        <actionDate>2017-02-27</actionDate>
        <actionTime>16:41:10</actionTime>
        <links />
        <text>Considered under suspension of the rules. (consideration: CR H1326-1331)</text>
        <type>Floor</type>
        <actionCode>H30000</actionCode>
        <sourceSystem>
          <code>2</code>
          <name>House floor actions</name>
        </sourceSystem>
        <committees />
      </item>
      <item>
        <actionDate>2017-02-27</actionDate>
        <actionTime>16:41:01</actionTime>
        <links />
        <text>Mr. McClintock moved to suspend the rules and pass the bill, as amended.</text>
        <type>Floor</type>
        <actionCode>H30300</actionCode>
        <sourceSystem>
          <code>2</code>
          <name>House floor actions</name>
        </sourceSystem>
        <committees />
      </item>
      <item>
        <actionDate>2017-02-10</actionDate>
        <committees>
          <item>
            <systemCode>hsii24</systemCode>
            <name>Indigenous Peoples of the United States Subcommittee</name>
          </item>
        </committees>
        <links />
        <sourceSystem>
          <code>1</code>
          <name>House committee actions</name>
        </sourceSystem>
        <text>Referred to the Subcommittee on Indian, Insular and Alaska Native Affairs.</text>
        <type>Committee</type>
      </item>
      <item>
        <actionDate>2017-01-03</actionDate>
        <links />
        <text>Referred to the House Committee on Natural Resources.</text>
        <type>IntroReferral</type>
        <actionCode>H11100</actionCode>
        <sourceSystem>
          <code>2</code>
          <name>House floor actions</name>
        </sourceSystem>
        <committees>
          <item>
            <systemCode>hsii00</systemCode>
            <name>Natural Resources Committee</name>
          </item>
        </committees>
      </item>
      <item>
        <actionDate>2017-01-03</actionDate>
        <links />
        <text>Introduced in House</text>
        <type>IntroReferral</type>
        <actionCode>Intro-H</actionCode>
        <sourceSystem>
          <code>9</code>
          <name>Library of Congress</name>
        </sourceSystem>
        <committees />
      </item>
      <item>
        <actionDate>2017-01-03</actionDate>
        <links />
        <text>Introduced in House</text>
        <type>IntroReferral</type>
        <actionCode>1000</actionCode>
        <sourceSystem>
          <code>9</code>
          <name>Library of Congress</name>
        </sourceSystem>
        <committees />
      </item>
      <actionTypeCounts>
        <publicLawOrPrivateLaw>1</publicLawOrPrivateLaw>
        <becamePublicLaw>2</becamePublicLaw>
        <signedByPresidentOrSentToArchivistOfTheUnitedStatesUnsignedOrVetoedByPresidentOrPocketVetoedByPresident>1</signedByPresidentOrSentToArchivistOfTheUnitedStatesUnsignedOrVetoedByPresidentOrPocketVetoedByPresident>
        <presentedToPresident>2</presentedToPresident>
        <sentToHouse>1</sentToHouse>
        <passedSenate>1</passedSenate>
        <passedAgreedToInSenate>1</passedAgreedToInSenate>
        <introducedInSenate>1</introducedInSenate>
        <motionToReconsiderResults>1</motionToReconsiderResults>
        <finalPassageUnderSuspensionOfTheRulesResults>1</finalPassageUnderSuspensionOfTheRulesResults>
        <passedAgreedToInHouse>1</passedAgreedToInHouse>
        <generalDebate>1</generalDebate>
        <considerationByHouse>1</considerationByHouse>
        <motionMadeToSuspendTheRules>1</motionMadeToSuspendTheRules>
        <placeholderTextForH>1</placeholderTextForH>
        <billReferrals>1</billReferrals>
        <introducedInTheHouse>1</introducedInTheHouse>
        <introducedInHouse>1</introducedInHouse>
      </actionTypeCounts>
      <actionByCounts>
        <senate>4</senate>
        <houseOfRepresentatives>10</houseOfRepresentatives>
      </actionByCounts>
    </actions>
    <sponsors>
      <item>
        <bioguideId>Y000033</bioguideId>
        <fullName>Rep. Young, Don [R-AK-At Large]</fullName>
        <firstName>DON</firstName>
        <middleName>E.</middleName>
        <lastName>YOUNG</lastName>
        <party>R</party>
        <state>AK</state>
        <identifiers>
          <lisID>1256</lisID>
          <bioguideId>Y000033</bioguideId>
          <gpoId>7785</gpoId>
        </identifiers>
        <district>0</district>
        <byRequestType />
      </item>
    </sponsors>
    <cosponsors />
    <cboCostEstimates />
    <laws>
      <item>
        <type>Public Law</type>
        <number>115-93</number>
      </item>
    </laws>
    <notes />
    <policyArea>
      <name>Native Americans</name>
    </policyArea>
    <subjects>
      <billSubjects>
        <legislativeSubjects>
          <item>
            <name>Administrative remedies</name>
          </item>
          <item>
            <name>Civil actions and liability</name>
          </item>
          <item>
            <name>Department of the Interior</name>
          </item>
          <item>
            <name>Economic development</name>
          </item>
          <item>
            <name>Employment and training programs</name>
          </item>
          <item>
            <name>Evidence and witnesses</name>
          </item>
          <item>
            <name>Federal-Indian relations</name>
          </item>
          <item>
            <name>Indian claims</name>
          </item>
          <item>
            <name>Indian social and development programs</name>
          </item>
          <item>
            <name>Minority employment</name>
          </item>
          <item>
            <name>State and local government operations</name>
          </item>
        </legislativeSubjects>
        <policyArea>
          <name>Native Americans</name>
        </policyArea>
      </billSubjects>
    </subjects>
    <summaries>
      <billSummaries>
        <item>
          <versionCode>00</versionCode>
          <actionDate>2017-01-03</actionDate>
          <actionDesc>Introduced in House</actionDesc>
          <lastSummaryUpdateDate>2017-02-27T21:17:13Z</lastSummaryUpdateDate>
          <text><![CDATA[<p><b>Indian Employment, Training and Related Services Consolidation Act of 2017</b></p> <p> This bill amends the Indian Employment, Training and Related Services Demonstration Act of 1992 to revise the program that provides for the integration of employment, training, and related services programs for Indian tribes. The Act is renamed the Indian Employment, Training and Related Services Act of 1992.</p> <p>The bill revises the types of programs that may be integrated. <p> The bill revises the process for: (1) federal agencies to grant or deny a tribe's request to waive statutory, regulatory, or administrative requirements to efficiently implement an integration plan, and (2) the Department of the Interior to approve or disapprove an integration plan. A tribe is granted certain hearing and appeal rights if Interior disapproves its plan. </p> <p> Tribal authority to use funds to place participants in training positions with employers is revised. </p> <p> The Bureau of Indian Affairs must receive and distribute funds for use in accordance with an approved integration plan. </p> <p>Funds transferred to a tribe must be treated as non-federal funds for purposes of meeting matching requirements, except funds administered by the Department of Labor or the Department of Health and Human Services. <p>Civil liability limitations apply to integration plans.</p>]]></text>
          <updateDate>2017-01-03T05:00:00Z</updateDate>
          <name>Introduced in House</name>
        </item>
        <item>
          <versionCode>36</versionCode>
          <actionDate>2017-02-27</actionDate>
          <actionDesc>Passed House amended</actionDesc>
          <lastSummaryUpdateDate>2017-09-25T19:20:18Z</lastSummaryUpdateDate>
          <text><![CDATA[<p><b>Indian Employment, Training and Related Services Consolidation Act of 2017</b></p> <p> (Sec. 2) This bill amends the Indian Employment, Training and Related Services Demonstration Act of 1992 to rename the Act to the Indian Employment, Training and Related Services Act of 1992 and to revise the program that provides for the integration of employment, training, and related services programs for Indian tribes.</p> <p>(Sec. 6) The bill revises the types of programs that may be integrated. <p> (Sec. 8) The bill revises the process for: (1) federal agencies to grant or deny a tribe's request to waive statutory, regulatory, or administrative requirements to efficiently implement an integration plan; and (2) the Department of the Interior to approve or disapprove an integration plan. A tribe is granted certain hearing and appeal rights if Interior disapproves its plan. </p> <p> (Sec. 10) Tribal authority to use funds to place participants in training positions with employers is revised. </p> <p> (Sec. 13) The Bureau of Indian Affairs must receive and distribute funds for use in accordance with an approved integration plan. </p> <p>(Sec. 14) Funds transferred to a tribe must be treated as non-federal funds for purposes of meeting matching requirements, except funds administered by the Department of Labor or the Department of Health and Human Services. <p>Civil liability limitations apply to approved integration plans.</p>]]></text>
          <updateDate>2017-02-27T14:11:23Z</updateDate>
          <name>Passed House amended</name>
        </item>
        <item>
          <versionCode>82</versionCode>
          <actionDate>2017-11-29</actionDate>
          <actionDesc>Passed Senate without amendment</actionDesc>
          <lastSummaryUpdateDate>2017-12-07T22:52:18Z</lastSummaryUpdateDate>
          <text><![CDATA[<p>(This measure has not been amended since it was passed by the House on February 27, 2017. The summary of that version is repeated here.)</p> <p><b>Indian Employment, Training and Related Services Consolidation Act of 2017</b></p> <p> (Sec. 2) This bill amends the Indian Employment, Training and Related Services Demonstration Act of 1992 to rename the Act to the Indian Employment, Training and Related Services Act of 1992 and to revise the program that provides for the integration of employment, training, and related services programs for Indian tribes.</p> <p>(Sec. 6) The bill revises the types of programs that may be integrated. <p> (Sec. 8) The bill revises the process for: (1) federal agencies to grant or deny a tribe's request to waive statutory, regulatory, or administrative requirements to efficiently implement an integration plan; and (2) the Department of the Interior to approve or disapprove an integration plan. A tribe is granted certain hearing and appeal rights if Interior disapproves its plan. </p> <p> (Sec. 10) Tribal authority to use funds to place participants in training positions with employers is revised. </p> <p> (Sec. 13) The Bureau of Indian Affairs must receive and distribute funds for use in accordance with an approved integration plan. </p> <p>(Sec. 14) Funds transferred to a tribe must be treated as non-federal funds for purposes of meeting matching requirements, except funds administered by the Department of Labor or the Department of Health and Human Services. <p>Civil liability limitations apply to approved integration plans.</p>]]></text>
          <updateDate>2017-11-29T15:16:27Z</updateDate>
          <name>Passed Senate without amendment</name>
        </item>
        <item>
          <versionCode>49</versionCode>
          <actionDate>2017-12-18</actionDate>
          <actionDesc>Public Law</actionDesc>
          <lastSummaryUpdateDate>2017-12-26T17:20:59Z</lastSummaryUpdateDate>
          <text><![CDATA[<p>(This measure has not been amended since it was passed by the House on February 27, 2017. The summary of that version is repeated here.)</p> <p><b>Indian Employment, Training and Related Services Consolidation Act of 2017</b></p> <p> (Sec. 2) This bill amends the Indian Employment, Training and Related Services Demonstration Act of 1992 to rename the Act to the Indian Employment, Training and Related Services Act of 1992 and to revise the program that provides for the integration of employment, training, and related services programs for Indian tribes.</p> <p>(Sec. 6) The bill revises the types of programs that may be integrated. <p> (Sec. 8) The bill revises the process for: (1) federal agencies to grant or deny a tribe's request to waive statutory, regulatory, or administrative requirements to efficiently implement an integration plan; and (2) the Department of the Interior to approve or disapprove an integration plan. A tribe is granted certain hearing and appeal rights if Interior disapproves its plan. </p> <p> (Sec. 10) Tribal authority to use funds to place participants in training positions with employers is revised. </p> <p> (Sec. 13) The Bureau of Indian Affairs must receive and distribute funds for use in accordance with an approved integration plan. </p> <p>(Sec. 14) Funds transferred to a tribe must be treated as non-federal funds for purposes of meeting matching requirements, except funds administered by the Department of Labor or the Department of Health and Human Services. <p>Civil liability limitations apply to approved integration plans.</p>]]></text>
          <updateDate>2017-12-19T04:59:58Z</updateDate>
          <name>Public Law</name>
        </item>
      </billSummaries>
    </summaries>
    <title>Indian Employment, Training and Related Services Consolidation Act of 2017</title>
    <titles>
      <item>
        <titleType>Official Title as Introduced</titleType>
        <parentTitleType />
        <title>To amend the Indian Employment, Training and Related Services Demonstration Act of 1992 to facilitate the ability of Indian tribes to integrate the employment, training, and related services from diverse Federal sources, and for other purposes.</title>
        <chamberCode />
        <chamberName />
      </item>
      <item>
        <titleType>Short Titles as Introduced</titleType>
        <parentTitleType />
        <title>Indian Employment, Training and Related Services Consolidation Act of 2017</title>
        <chamberCode />
        <chamberName />
      </item>
      <item>
        <titleType>Short Titles as Passed House</titleType>
        <parentTitleType>Short Titles House of Representatives</parentTitleType>
        <title>Indian Employment, Training and Related Services Consolidation Act of 2017</title>
        <chamberCode>H</chamberCode>
        <chamberName>House</chamberName>
      </item>
      <item>
        <titleType>Short Titles as Passed Senate</titleType>
        <parentTitleType>Short Titles Senate</parentTitleType>
        <title>Indian Employment, Training and Related Services Consolidation Act of 2017</title>
        <chamberCode>S</chamberCode>
        <chamberName>Senate</chamberName>
      </item>
      <item>
        <titleType>Short Titles as Enacted</titleType>
        <parentTitleType>Short Title</parentTitleType>
        <title>Indian Employment, Training and Related Services Consolidation Act of 2017</title>
        <chamberCode />
        <chamberName />
      </item>
      <item>
        <titleType>Display Title</titleType>
        <parentTitleType />
        <title>Indian Employment, Training and Related Services Consolidation Act of 2017</title>
        <chamberCode />
        <chamberName />
      </item>
    </titles>
    <amendments />
    <textVersions>
      <item>
        <type>Enrolled Bill</type>
        <date />
        <formats>
          <item>
            <url>https://www.govinfo.gov/content/pkg/BILLS-115hr228enr/xml/BILLS-115hr228enr.xml</url>
          </item>
        </formats>
      </item>
      <item>
        <type>Received in Senate</type>
        <date>2017-02-28T05:00:00Z</date>
        <formats>
          <item>
            <url>https://www.govinfo.gov/content/pkg/BILLS-115hr228rds/xml/BILLS-115hr228rds.xml</url>
          </item>
        </formats>
      </item>
      <item>
        <type>Engrossed in House</type>
        <date>2017-02-27T05:00:00Z</date>
        <formats>
          <item>
            <url>https://www.govinfo.gov/content/pkg/BILLS-115hr228eh/xml/BILLS-115hr228eh.xml</url>
          </item>
        </formats>
      </item>
      <item>
        <type>Introduced in House</type>
        <date>2017-01-03T05:00:00Z</date>
        <formats>
          <item>
            <url>https://www.govinfo.gov/content/pkg/BILLS-115hr228ih/xml/BILLS-115hr228ih.xml</url>
          </item>
        </formats>
      </item>
    </textVersions>
    <latestAction>
      <actionDate>2017-12-18</actionDate>
      <text>Became Public Law No: 115-93.</text>
      <links />
    </latestAction>
    <calendarNumbers />
    <version>1.0.0</version>
  </bill>
  <dublinCore xmlns:dc="http://purl.org/dc/elements/1.1/">
    <dc:format>text/xml</dc:format>
    <dc:language>EN</dc:language>
    <dc:rights>Pursuant to Title 17 Section 105 of the United States Code, this file is not subject to copyright protection and is in the public domain.</dc:rights>
    <dc:contributor>Congressional Research Service, Library of Congress</dc:contributor>
    <dc:description>This file contains bill summaries and statuses for federal legislation. A bill summary describes the most significant provisions of a piece of legislation and details the effects the legislative text may have on current law and federal programs. Bill summaries are authored by the Congressional Research Service (CRS) of the Library of Congress. As stated in Public Law 91-510 (2 USC 166 (d)(6)), one of the duties of CRS is "to prepare summaries and digests of bills and resolutions of a public general nature introduced in the Senate or House of Representatives". For more information, refer to the User Guide that accompanies this file.</dc:description>
  </dublinCore>
</billStatus>

