<?xml version="1.0" encoding="UTF-8"?>
<billStatus>
  <bill>
    <billNumber>304</billNumber>
    <createDate>2017-01-06T04:57:26Z</createDate>
    <updateDate>2021-10-15T23:29:46Z</updateDate>
    <originChamber>House</originChamber>
    <billType>HR</billType>
    <introducedDate>2017-01-05</introducedDate>
    <congress>115</congress>
    <constitutionalAuthorityStatementText><![CDATA[<pre>[Congressional Record Volume 163, Number 3 (Thursday, January 5, 2017)]From the Congressional Record Online through the Government Publishing Office [<a href='http://www.gpo.gov'>www.gpo.gov</a>]By Mr. HUDSON:H.R. 304.Congress has the power to enact this legislation pursuantto the following:Article I, Section 8, Clause I[Page H182]</pre>]]></constitutionalAuthorityStatementText>
    <recordedVotes>
      <recordedVote>
        <rollNumber>25</rollNumber>
        <url>https://clerk.house.gov/evs/2017/roll025.xml</url>
        <fullActionName>Final Passage Under Suspension of the Rules Results</fullActionName>
        <chamber>House</chamber>
        <congress>115</congress>
        <date>2017-01-10T00:04:23Z</date>
        <sessionNumber>1</sessionNumber>
      </recordedVote>
    </recordedVotes>
    <committees>
      <billCommittees>
        <item>
          <systemCode>sshr00</systemCode>
          <name>Health, Education, Labor, and Pensions Committee</name>
          <chamber>Senate</chamber>
          <type>Standing</type>
          <subcommittees />
          <activities>
            <item>
              <name>Discharged from</name>
              <date>2017-10-25T02:14:55Z</date>
            </item>
            <item>
              <name>Referred to</name>
              <date>2017-01-10T18:13:15Z</date>
            </item>
          </activities>
        </item>
        <item>
          <systemCode>hsju00</systemCode>
          <name>Judiciary Committee</name>
          <chamber>House</chamber>
          <type>Standing</type>
          <subcommittees>
            <item>
              <systemCode>hsju08</systemCode>
              <name>Crime, Terrorism, and Homeland Security Subcommittee</name>
              <activities>
                <item>
                  <name>Referred to</name>
                  <date>2017-01-12T16:01:32Z</date>
                </item>
              </activities>
            </item>
          </subcommittees>
          <activities>
            <item>
              <name>Referred to</name>
              <date>2017-01-05T15:02:20Z</date>
            </item>
          </activities>
        </item>
        <item>
          <systemCode>hsif00</systemCode>
          <name>Energy and Commerce Committee</name>
          <chamber>House</chamber>
          <type>Standing</type>
          <subcommittees />
          <activities>
            <item>
              <name>Referred to</name>
              <date>2017-01-05T15:02:15Z</date>
            </item>
          </activities>
        </item>
      </billCommittees>
    </committees>
    <committeeReports />
    <relatedBills>
      <item>
        <latestTitle>Ensuring Patient Access to Substance Use Disorder Treatments Act of 2018</latestTitle>
        <congress>115</congress>
        <number>916</number>
        <type>S</type>
        <latestAction>
          <actionDate>2018-05-25</actionDate>
          <text>Held at the desk.</text>
          <actionTime>10:32:40</actionTime>
        </latestAction>
        <relationshipDetails>
          <item>
            <type>Related bill</type>
            <identifiedBy>CRS</identifiedBy>
          </item>
        </relationshipDetails>
      </item>
    </relatedBills>
    <actions>
      <item>
        <actionDate>2017-11-17</actionDate>
        <links />
        <text>Became Public Law No: 115-83.</text>
        <type>President</type>
        <actionCode>E40000</actionCode>
        <sourceSystem>
          <code>2</code>
          <name>House floor actions</name>
        </sourceSystem>
        <committees />
      </item>
      <item>
        <actionDate>2017-11-17</actionDate>
        <links />
        <text>Became Public Law No: 115-83.</text>
        <type>BecameLaw</type>
        <actionCode>36000</actionCode>
        <sourceSystem>
          <code>9</code>
          <name>Library of Congress</name>
        </sourceSystem>
        <committees />
      </item>
      <item>
        <actionDate>2017-11-17</actionDate>
        <links />
        <text>Signed by President.</text>
        <type>President</type>
        <actionCode>E30000</actionCode>
        <sourceSystem>
          <code>2</code>
          <name>House floor actions</name>
        </sourceSystem>
        <committees />
      </item>
      <item>
        <actionDate>2017-11-17</actionDate>
        <links />
        <text>Signed by President.</text>
        <type>BecameLaw</type>
        <actionCode>36000</actionCode>
        <sourceSystem>
          <code>9</code>
          <name>Library of Congress</name>
        </sourceSystem>
        <committees />
      </item>
      <item>
        <actionDate>2017-11-07</actionDate>
        <links />
        <text>Presented to President.</text>
        <type>Floor</type>
        <actionCode>E20000</actionCode>
        <sourceSystem>
          <code>2</code>
          <name>House floor actions</name>
        </sourceSystem>
        <committees />
      </item>
      <item>
        <actionDate>2017-11-07</actionDate>
        <links />
        <text>Presented to President.</text>
        <type>President</type>
        <actionCode>28000</actionCode>
        <sourceSystem>
          <code>9</code>
          <name>Library of Congress</name>
        </sourceSystem>
        <committees />
      </item>
      <item>
        <actionDate>2017-11-02</actionDate>
        <actionTime>17:13:37</actionTime>
        <links />
        <text>Motion to reconsider laid on the table Agreed to without objection.</text>
        <type>ResolvingDifferences</type>
        <actionCode>H41931</actionCode>
        <sourceSystem>
          <code>2</code>
          <name>House floor actions</name>
        </sourceSystem>
        <committees />
      </item>
      <item>
        <actionDate>2017-11-02</actionDate>
        <actionTime>17:13:36</actionTime>
        <links />
        <text>On motion that the House agree to the Senate amendment Agreed to without objection. (text as House agreed to Senate Amendment: CR H8421-8422)</text>
        <type>ResolvingDifferences</type>
        <actionCode>H41610</actionCode>
        <sourceSystem>
          <code>2</code>
          <name>House floor actions</name>
        </sourceSystem>
        <committees />
      </item>
      <item>
        <actionDate>2017-11-02</actionDate>
        <links />
        <text>Resolving differences -- House actions: On motion that the House agree to the Senate amendment Agreed to without objection.(text as House agreed to Senate Amendment: CR H8421-8422)</text>
        <type>NotUsed</type>
        <actionCode>19500</actionCode>
        <sourceSystem>
          <code>9</code>
          <name>Library of Congress</name>
        </sourceSystem>
        <committees />
      </item>
      <item>
        <actionDate>2017-11-02</actionDate>
        <actionTime>17:13:26</actionTime>
        <links />
        <text>Mr. Hudson asked unanimous consent to take from the Speaker's table and agree to the Senate amendment. (consideration: CR H8421-8422)</text>
        <type>Floor</type>
        <actionCode>H8D000</actionCode>
        <sourceSystem>
          <code>2</code>
          <name>House floor actions</name>
        </sourceSystem>
        <committees />
      </item>
      <item>
        <actionDate>2017-10-25</actionDate>
        <committees />
        <links />
        <sourceSystem>
          <code>0</code>
          <name>Senate</name>
        </sourceSystem>
        <text>Message on Senate action sent to the House.</text>
        <type>Floor</type>
      </item>
      <item>
        <actionDate>2017-10-24</actionDate>
        <committees />
        <links />
        <sourceSystem>
          <code>0</code>
          <name>Senate</name>
        </sourceSystem>
        <text>Passed Senate with an amendment by Unanimous Consent.</text>
        <type>Floor</type>
      </item>
      <item>
        <actionDate>2017-10-24</actionDate>
        <links />
        <text>Passed/agreed to in Senate: Passed Senate with an amendment by Unanimous Consent.</text>
        <type>Floor</type>
        <actionCode>17000</actionCode>
        <sourceSystem>
          <code>9</code>
          <name>Library of Congress</name>
        </sourceSystem>
        <committees />
      </item>
      <item>
        <actionDate>2017-10-24</actionDate>
        <committees />
        <links />
        <sourceSystem>
          <code>0</code>
          <name>Senate</name>
        </sourceSystem>
        <text>Measure laid before Senate by unanimous consent. (consideration: CR S6773)</text>
        <type>Floor</type>
      </item>
      <item>
        <actionDate>2017-10-24</actionDate>
        <committees>
          <item>
            <systemCode>sshr00</systemCode>
            <name>Health, Education, Labor, and Pensions Committee</name>
          </item>
        </committees>
        <links />
        <sourceSystem>
          <code>0</code>
          <name>Senate</name>
        </sourceSystem>
        <text>Senate Committee on Health, Education, Labor, and Pensions discharged by Unanimous Consent.</text>
        <type>Discharge</type>
      </item>
      <item>
        <actionDate>2017-10-24</actionDate>
        <links />
        <text>Senate Committee on Health, Education, Labor, and Pensions discharged by Unanimous Consent.</text>
        <type>Committee</type>
        <actionCode>14500</actionCode>
        <sourceSystem>
          <code>9</code>
          <name>Library of Congress</name>
        </sourceSystem>
        <committees>
          <item>
            <systemCode>sshr00</systemCode>
            <name>Health, Education, Labor, and Pensions Committee</name>
          </item>
        </committees>
      </item>
      <item>
        <actionDate>2017-01-12</actionDate>
        <committees>
          <item>
            <systemCode>hsju08</systemCode>
            <name>Crime, Terrorism, and Homeland Security Subcommittee</name>
          </item>
        </committees>
        <links />
        <sourceSystem>
          <code>1</code>
          <name>House committee actions</name>
        </sourceSystem>
        <text>Referred to the Subcommittee on Crime, Terrorism, Homeland Security, and Investigations.</text>
        <type>Committee</type>
      </item>
      <item>
        <actionDate>2017-01-10</actionDate>
        <committees>
          <item>
            <systemCode>sshr00</systemCode>
            <name>Health, Education, Labor, and Pensions Committee</name>
          </item>
        </committees>
        <links />
        <sourceSystem>
          <code>0</code>
          <name>Senate</name>
        </sourceSystem>
        <text>Received in the Senate and Read twice and referred to the Committee on Health, Education, Labor, and Pensions.</text>
        <type>IntroReferral</type>
      </item>
      <item>
        <actionDate>2017-01-09</actionDate>
        <actionTime>19:04:24</actionTime>
        <links />
        <text>Motion to reconsider laid on the table Agreed to without objection.</text>
        <type>Floor</type>
        <actionCode>H38310</actionCode>
        <sourceSystem>
          <code>2</code>
          <name>House floor actions</name>
        </sourceSystem>
        <committees />
      </item>
      <item>
        <actionDate>2017-01-09</actionDate>
        <actionTime>19:04:23</actionTime>
        <links />
        <text>On motion to suspend the rules and pass the bill Agreed to by the Yeas and Nays: (2/3 required): 404 - 0 (Roll no. 25). (text: CR H206-207)</text>
        <type>Floor</type>
        <actionCode>H37300</actionCode>
        <sourceSystem>
          <code>2</code>
          <name>House floor actions</name>
        </sourceSystem>
        <committees />
      </item>
      <item>
        <actionDate>2017-01-09</actionDate>
        <actionTime>19:04:23</actionTime>
        <links />
        <text>Passed/agreed to in House: On motion to suspend the rules and pass the bill Agreed to by the Yeas and Nays: (2/3 required): 404 - 0 (Roll no. 25).(text: CR H206-207)</text>
        <type>Floor</type>
        <actionCode>8000</actionCode>
        <sourceSystem>
          <code>9</code>
          <name>Library of Congress</name>
        </sourceSystem>
        <committees />
      </item>
      <item>
        <actionDate>2017-01-09</actionDate>
        <actionTime>18:57:13</actionTime>
        <links />
        <text>Considered as unfinished business. (consideration: CR H218)</text>
        <type>Floor</type>
        <actionCode>H30000</actionCode>
        <sourceSystem>
          <code>2</code>
          <name>House floor actions</name>
        </sourceSystem>
        <committees />
      </item>
      <item>
        <actionDate>2017-01-09</actionDate>
        <actionTime>17:07:47</actionTime>
        <links />
        <text>At the conclusion of debate, the Yeas and Nays were demanded and ordered. Pursuant to the provisions of clause 8, rule XX, the Chair announced that further proceedings on the motion would be postponed.</text>
        <type>Floor</type>
        <actionCode>H37220</actionCode>
        <sourceSystem>
          <code>2</code>
          <name>House floor actions</name>
        </sourceSystem>
        <committees />
      </item>
      <item>
        <actionDate>2017-01-09</actionDate>
        <actionTime>17:00:49</actionTime>
        <links />
        <text>DEBATE - The House proceeded with forty minutes of debate on H.R. 304.</text>
        <type>Floor</type>
        <actionCode>H8D000</actionCode>
        <sourceSystem>
          <code>2</code>
          <name>House floor actions</name>
        </sourceSystem>
        <committees />
      </item>
      <item>
        <actionDate>2017-01-09</actionDate>
        <actionTime>17:00:45</actionTime>
        <links />
        <text>Considered under suspension of the rules. (consideration: CR H206-208)</text>
        <type>Floor</type>
        <actionCode>H30000</actionCode>
        <sourceSystem>
          <code>2</code>
          <name>House floor actions</name>
        </sourceSystem>
        <committees />
      </item>
      <item>
        <actionDate>2017-01-09</actionDate>
        <actionTime>17:00:37</actionTime>
        <links />
        <text>Mr. Burgess moved to suspend the rules and pass the bill.</text>
        <type>Floor</type>
        <actionCode>H30300</actionCode>
        <sourceSystem>
          <code>2</code>
          <name>House floor actions</name>
        </sourceSystem>
        <committees />
      </item>
      <item>
        <actionDate>2017-01-05</actionDate>
        <links />
        <text>Referred to the Committee on Energy and Commerce, and in addition to the Committee on the Judiciary, for a period to be subsequently determined by the Speaker, in each case for consideration of such provisions as fall within the jurisdiction of the committee concerned.</text>
        <type>IntroReferral</type>
        <actionCode>H11100</actionCode>
        <sourceSystem>
          <code>2</code>
          <name>House floor actions</name>
        </sourceSystem>
        <committees>
          <item>
            <systemCode>hsju00</systemCode>
            <name>Judiciary Committee</name>
          </item>
        </committees>
      </item>
      <item>
        <actionDate>2017-01-05</actionDate>
        <links />
        <text>Referred to the Committee on Energy and Commerce, and in addition to the Committee on the Judiciary, for a period to be subsequently determined by the Speaker, in each case for consideration of such provisions as fall within the jurisdiction of the committee concerned.</text>
        <type>IntroReferral</type>
        <actionCode>H11100</actionCode>
        <sourceSystem>
          <code>2</code>
          <name>House floor actions</name>
        </sourceSystem>
        <committees>
          <item>
            <systemCode>hsif00</systemCode>
            <name>Energy and Commerce Committee</name>
          </item>
        </committees>
      </item>
      <item>
        <actionDate>2017-01-05</actionDate>
        <links />
        <text>Introduced in House</text>
        <type>IntroReferral</type>
        <actionCode>Intro-H</actionCode>
        <sourceSystem>
          <code>9</code>
          <name>Library of Congress</name>
        </sourceSystem>
        <committees />
      </item>
      <item>
        <actionDate>2017-01-05</actionDate>
        <links />
        <text>Introduced in House</text>
        <type>IntroReferral</type>
        <actionCode>1000</actionCode>
        <sourceSystem>
          <code>9</code>
          <name>Library of Congress</name>
        </sourceSystem>
        <committees />
      </item>
      <actionTypeCounts>
        <publicLawOrPrivateLaw>1</publicLawOrPrivateLaw>
        <becamePublicLaw>2</becamePublicLaw>
        <signedByPresidentOrSentToArchivistOfTheUnitedStatesUnsignedOrVetoedByPresidentOrPocketVetoedByPresident>1</signedByPresidentOrSentToArchivistOfTheUnitedStatesUnsignedOrVetoedByPresidentOrPocketVetoedByPresident>
        <presentedToPresident>2</presentedToPresident>
        <motionToReconsiderResults>2</motionToReconsiderResults>
        <voteOnHouseAgreeingToTheSenateAction>1</voteOnHouseAgreeingToTheSenateAction>
        <resolvingDifferencesHouseActions>1</resolvingDifferencesHouseActions>
        <generalDebate>2</generalDebate>
        <sentToHouse>1</sentToHouse>
        <passedSenate>1</passedSenate>
        <passedAgreedToInSenate>1</passedAgreedToInSenate>
        <measureLaidBeforeSenate>1</measureLaidBeforeSenate>
        <committeeDischarged>1</committeeDischarged>
        <senateCommitteeDischarged>1</senateCommitteeDischarged>
        <placeholderTextForH>2</placeholderTextForH>
        <referredToCommittee>1</referredToCommittee>
        <finalPassageUnderSuspensionOfTheRulesResults>1</finalPassageUnderSuspensionOfTheRulesResults>
        <passedAgreedToInHouse>1</passedAgreedToInHouse>
        <considerationByHouse>2</considerationByHouse>
        <motionMadeToSuspendTheRules>1</motionMadeToSuspendTheRules>
        <billReferrals>2</billReferrals>
        <introducedInTheHouse>1</introducedInTheHouse>
        <introducedInHouse>1</introducedInHouse>
      </actionTypeCounts>
      <actionByCounts>
        <houseOfRepresentatives>17</houseOfRepresentatives>
        <senate>7</senate>
      </actionByCounts>
    </actions>
    <sponsors>
      <item>
        <bioguideId>H001067</bioguideId>
        <fullName>Rep. Hudson, Richard [R-NC-8]</fullName>
        <firstName>Richard</firstName>
        <middleName />
        <lastName>Hudson</lastName>
        <party>R</party>
        <state>NC</state>
        <identifiers>
          <lisID>2140</lisID>
          <bioguideId>H001067</bioguideId>
          <gpoId />
        </identifiers>
        <district>8</district>
        <byRequestType />
      </item>
    </sponsors>
    <cosponsors>
      <item>
        <bioguideId>B001251</bioguideId>
        <fullName>Rep. Butterfield, G. K. [D-NC-1]</fullName>
        <firstName>G. K.</firstName>
        <middleName />
        <lastName>Butterfield</lastName>
        <party>D</party>
        <state>NC</state>
        <identifiers>
          <lisID>1761</lisID>
          <bioguideId>B001251</bioguideId>
          <gpoId>8024</gpoId>
        </identifiers>
        <district>1</district>
        <sponsorshipDate>2017-01-05</sponsorshipDate>
        <isOriginalCosponsor>True</isOriginalCosponsor>
        <sponsorshipWithdrawnDate />
      </item>
      <item>
        <bioguideId>W000812</bioguideId>
        <fullName>Rep. Wagner, Ann [R-MO-2]</fullName>
        <firstName>Ann</firstName>
        <middleName />
        <lastName>Wagner</lastName>
        <party>R</party>
        <state>MO</state>
        <identifiers>
          <lisID>2137</lisID>
          <bioguideId>W000812</bioguideId>
          <gpoId />
        </identifiers>
        <district>2</district>
        <sponsorshipDate>2017-01-05</sponsorshipDate>
        <isOriginalCosponsor>True</isOriginalCosponsor>
        <sponsorshipWithdrawnDate />
      </item>
      <item>
        <bioguideId>D000615</bioguideId>
        <fullName>Rep. Duncan, Jeff [R-SC-3]</fullName>
        <firstName>Jeff</firstName>
        <middleName />
        <lastName>Duncan</lastName>
        <party>R</party>
        <state>SC</state>
        <identifiers>
          <lisID>2057</lisID>
          <bioguideId>D000615</bioguideId>
          <gpoId>8143</gpoId>
        </identifiers>
        <district>3</district>
        <sponsorshipDate>2017-01-05</sponsorshipDate>
        <isOriginalCosponsor>True</isOriginalCosponsor>
        <sponsorshipWithdrawnDate />
      </item>
      <item>
        <bioguideId>B001243</bioguideId>
        <fullName>Rep. Blackburn, Marsha [R-TN-7]</fullName>
        <firstName>Marsha</firstName>
        <middleName />
        <lastName>Blackburn</lastName>
        <party>R</party>
        <state>TN</state>
        <identifiers>
          <lisID>1748</lisID>
          <bioguideId>B001243</bioguideId>
          <gpoId>8154</gpoId>
        </identifiers>
        <district>7</district>
        <sponsorshipDate>2017-01-05</sponsorshipDate>
        <isOriginalCosponsor>True</isOriginalCosponsor>
        <sponsorshipWithdrawnDate />
      </item>
      <item>
        <bioguideId>L000563</bioguideId>
        <fullName>Rep. Lipinski, Daniel [D-IL-3]</fullName>
        <firstName>Daniel</firstName>
        <middleName>William</middleName>
        <lastName>Lipinski</lastName>
        <party>D</party>
        <state>IL</state>
        <identifiers>
          <lisID>1781</lisID>
          <bioguideId>L000563</bioguideId>
          <gpoId>7923</gpoId>
        </identifiers>
        <district>3</district>
        <sponsorshipDate>2017-01-05</sponsorshipDate>
        <isOriginalCosponsor>True</isOriginalCosponsor>
        <sponsorshipWithdrawnDate />
      </item>
      <item>
        <bioguideId>S001145</bioguideId>
        <fullName>Rep. Schakowsky, Janice D. [D-IL-9]</fullName>
        <firstName>JANICE</firstName>
        <middleName>D.</middleName>
        <lastName>SCHAKOWSKY</lastName>
        <party>D</party>
        <state>IL</state>
        <identifiers>
          <lisID>1588</lisID>
          <bioguideId>S001145</bioguideId>
          <gpoId>7929</gpoId>
        </identifiers>
        <district>9</district>
        <sponsorshipDate>2017-01-05</sponsorshipDate>
        <isOriginalCosponsor>True</isOriginalCosponsor>
        <sponsorshipWithdrawnDate />
      </item>
      <item>
        <bioguideId>H001056</bioguideId>
        <fullName>Rep. Herrera Beutler, Jaime [R-WA-3]</fullName>
        <firstName>Jaime</firstName>
        <middleName>Herrera</middleName>
        <lastName>Beutler</lastName>
        <party>R</party>
        <state>WA</state>
        <identifiers>
          <lisID>2071</lisID>
          <bioguideId>H001056</bioguideId>
          <gpoId>8207</gpoId>
        </identifiers>
        <district>3</district>
        <sponsorshipDate>2017-01-05</sponsorshipDate>
        <isOriginalCosponsor>True</isOriginalCosponsor>
        <sponsorshipWithdrawnDate />
      </item>
      <item>
        <bioguideId>K000387</bioguideId>
        <fullName>Rep. Knight, Stephen [R-CA-25]</fullName>
        <firstName>Stephen</firstName>
        <middleName />
        <lastName>Knight</lastName>
        <party>R</party>
        <state>CA</state>
        <identifiers>
          <lisID>2228</lisID>
          <bioguideId>K000387</bioguideId>
          <gpoId />
        </identifiers>
        <district>25</district>
        <sponsorshipDate>2017-01-05</sponsorshipDate>
        <isOriginalCosponsor>True</isOriginalCosponsor>
        <sponsorshipWithdrawnDate />
      </item>
      <item>
        <bioguideId>S000583</bioguideId>
        <fullName>Rep. Smith, Lamar [R-TX-21]</fullName>
        <firstName>LAMAR</firstName>
        <middleName />
        <lastName>SMITH</lastName>
        <party>R</party>
        <state>TX</state>
        <identifiers>
          <lisID>1075</lisID>
          <bioguideId>S000583</bioguideId>
          <gpoId>8177</gpoId>
        </identifiers>
        <district>21</district>
        <sponsorshipDate>2017-01-05</sponsorshipDate>
        <isOriginalCosponsor>True</isOriginalCosponsor>
        <sponsorshipWithdrawnDate />
      </item>
      <item>
        <bioguideId>E000294</bioguideId>
        <fullName>Rep. Emmer, Tom [R-MN-6]</fullName>
        <firstName>Tom</firstName>
        <middleName />
        <lastName>Emmer</lastName>
        <party>R</party>
        <state>MN</state>
        <identifiers>
          <lisID>2253</lisID>
          <bioguideId>E000294</bioguideId>
          <gpoId />
        </identifiers>
        <district>6</district>
        <sponsorshipDate>2017-01-05</sponsorshipDate>
        <isOriginalCosponsor>True</isOriginalCosponsor>
        <sponsorshipWithdrawnDate />
      </item>
      <item>
        <bioguideId>B001257</bioguideId>
        <fullName>Rep. Bilirakis, Gus M. [R-FL-12]</fullName>
        <firstName>Gus</firstName>
        <middleName>M.</middleName>
        <lastName>Bilirakis</lastName>
        <party>R</party>
        <state>FL</state>
        <identifiers>
          <lisID>1838</lisID>
          <bioguideId>B001257</bioguideId>
          <gpoId>7881</gpoId>
        </identifiers>
        <district>12</district>
        <sponsorshipDate>2017-01-05</sponsorshipDate>
        <isOriginalCosponsor>True</isOriginalCosponsor>
        <sponsorshipWithdrawnDate />
      </item>
      <item>
        <bioguideId>A000374</bioguideId>
        <fullName>Rep. Abraham, Ralph Lee [R-LA-5]</fullName>
        <firstName>Ralph</firstName>
        <middleName>Lee</middleName>
        <lastName>Abraham</lastName>
        <party>R</party>
        <state>LA</state>
        <identifiers>
          <lisID>2244</lisID>
          <bioguideId>A000374</bioguideId>
          <gpoId />
        </identifiers>
        <district>5</district>
        <sponsorshipDate>2017-01-05</sponsorshipDate>
        <isOriginalCosponsor>True</isOriginalCosponsor>
        <sponsorshipWithdrawnDate />
      </item>
      <item>
        <bioguideId>C000984</bioguideId>
        <fullName>Rep. Cummings, Elijah E. [D-MD-7]</fullName>
        <firstName>ELIJAH</firstName>
        <middleName>E.</middleName>
        <lastName>CUMMINGS</lastName>
        <party>D</party>
        <state>MD</state>
        <identifiers>
          <lisID>256</lisID>
          <bioguideId>C000984</bioguideId>
          <gpoId>7982</gpoId>
        </identifiers>
        <district>7</district>
        <sponsorshipDate>2017-01-05</sponsorshipDate>
        <isOriginalCosponsor>True</isOriginalCosponsor>
        <sponsorshipWithdrawnDate />
      </item>
      <item>
        <bioguideId>C001068</bioguideId>
        <fullName>Rep. Cohen, Steve [D-TN-9]</fullName>
        <firstName>Steve</firstName>
        <middleName />
        <lastName>Cohen</lastName>
        <party>D</party>
        <state>TN</state>
        <identifiers>
          <lisID>1878</lisID>
          <bioguideId>C001068</bioguideId>
          <gpoId>8156</gpoId>
        </identifiers>
        <district>9</district>
        <sponsorshipDate>2017-01-05</sponsorshipDate>
        <isOriginalCosponsor>True</isOriginalCosponsor>
        <sponsorshipWithdrawnDate />
      </item>
      <item>
        <bioguideId>H000324</bioguideId>
        <fullName>Rep. Hastings, Alcee L. [D-FL-20]</fullName>
        <firstName>ALCEE</firstName>
        <middleName>L.</middleName>
        <lastName>HASTINGS</lastName>
        <party>D</party>
        <state>FL</state>
        <identifiers>
          <lisID>511</lisID>
          <bioguideId>H000324</bioguideId>
          <gpoId>7895</gpoId>
        </identifiers>
        <district>20</district>
        <sponsorshipDate>2017-01-05</sponsorshipDate>
        <isOriginalCosponsor>True</isOriginalCosponsor>
        <sponsorshipWithdrawnDate />
      </item>
      <item>
        <bioguideId>R000599</bioguideId>
        <fullName>Rep. Ruiz, Raul [D-CA-36]</fullName>
        <firstName>Raul</firstName>
        <middleName />
        <lastName>Ruiz</lastName>
        <party>D</party>
        <state>CA</state>
        <identifiers>
          <lisID>2109</lisID>
          <bioguideId>R000599</bioguideId>
          <gpoId />
        </identifiers>
        <district>36</district>
        <sponsorshipDate>2017-01-05</sponsorshipDate>
        <isOriginalCosponsor>True</isOriginalCosponsor>
        <sponsorshipWithdrawnDate />
      </item>
      <item>
        <bioguideId>K000385</bioguideId>
        <fullName>Rep. Kelly, Robin L. [D-IL-2]</fullName>
        <firstName>Robin</firstName>
        <middleName>L.</middleName>
        <lastName>Kelly</lastName>
        <party>D</party>
        <state>IL</state>
        <identifiers>
          <lisID>2190</lisID>
          <bioguideId>K000385</bioguideId>
          <gpoId />
        </identifiers>
        <district>2</district>
        <sponsorshipDate>2017-01-05</sponsorshipDate>
        <isOriginalCosponsor>True</isOriginalCosponsor>
        <sponsorshipWithdrawnDate />
      </item>
      <item>
        <bioguideId>R000582</bioguideId>
        <fullName>Rep. Roe, David P. [R-TN-1]</fullName>
        <firstName>David</firstName>
        <middleName>P.</middleName>
        <lastName>Roe</lastName>
        <party>R</party>
        <state>TN</state>
        <identifiers>
          <lisID>1954</lisID>
          <bioguideId>R000582</bioguideId>
          <gpoId>8148</gpoId>
        </identifiers>
        <district>1</district>
        <sponsorshipDate>2017-01-05</sponsorshipDate>
        <isOriginalCosponsor>True</isOriginalCosponsor>
        <sponsorshipWithdrawnDate />
      </item>
      <item>
        <bioguideId>B000574</bioguideId>
        <fullName>Rep. Blumenauer, Earl [D-OR-3]</fullName>
        <firstName>EARL</firstName>
        <middleName />
        <lastName>BLUMENAUER</lastName>
        <party>D</party>
        <state>OR</state>
        <identifiers>
          <lisID>99</lisID>
          <bioguideId>B000574</bioguideId>
          <gpoId>8116</gpoId>
        </identifiers>
        <district>3</district>
        <sponsorshipDate>2017-01-05</sponsorshipDate>
        <isOriginalCosponsor>True</isOriginalCosponsor>
        <sponsorshipWithdrawnDate />
      </item>
      <item>
        <bioguideId>Y000066</bioguideId>
        <fullName>Rep. Young, David [R-IA-3]</fullName>
        <firstName>David</firstName>
        <middleName />
        <lastName>Young</lastName>
        <party>R</party>
        <state>IA</state>
        <identifiers>
          <lisID>2242</lisID>
          <bioguideId>Y000066</bioguideId>
          <gpoId />
        </identifiers>
        <district>3</district>
        <sponsorshipDate>2017-01-09</sponsorshipDate>
        <isOriginalCosponsor>False</isOriginalCosponsor>
        <sponsorshipWithdrawnDate />
      </item>
      <item>
        <bioguideId>R000602</bioguideId>
        <fullName>Rep. Rice, Kathleen M. [D-NY-4]</fullName>
        <firstName>Kathleen</firstName>
        <middleName>M.</middleName>
        <lastName>Rice</lastName>
        <party>D</party>
        <state>NY</state>
        <identifiers>
          <lisID>2262</lisID>
          <bioguideId>R000602</bioguideId>
          <gpoId />
        </identifiers>
        <district>4</district>
        <sponsorshipDate>2017-01-09</sponsorshipDate>
        <isOriginalCosponsor>False</isOriginalCosponsor>
        <sponsorshipWithdrawnDate />
      </item>
      <item>
        <bioguideId>C000059</bioguideId>
        <fullName>Rep. Calvert, Ken [R-CA-42]</fullName>
        <firstName>KEN</firstName>
        <middleName />
        <lastName>CALVERT</lastName>
        <party>R</party>
        <state>CA</state>
        <identifiers>
          <lisID>165</lisID>
          <bioguideId>C000059</bioguideId>
          <gpoId>7849</gpoId>
        </identifiers>
        <district>42</district>
        <sponsorshipDate>2017-01-09</sponsorshipDate>
        <isOriginalCosponsor>False</isOriginalCosponsor>
        <sponsorshipWithdrawnDate />
      </item>
      <item>
        <bioguideId>P000597</bioguideId>
        <fullName>Rep. Pingree, Chellie [D-ME-1]</fullName>
        <firstName>Chellie</firstName>
        <middleName />
        <lastName>Pingree</lastName>
        <party>D</party>
        <state>ME</state>
        <identifiers>
          <lisID>1927</lisID>
          <bioguideId>P000597</bioguideId>
          <gpoId>7984</gpoId>
        </identifiers>
        <district>1</district>
        <sponsorshipDate>2017-01-09</sponsorshipDate>
        <isOriginalCosponsor>False</isOriginalCosponsor>
        <sponsorshipWithdrawnDate />
      </item>
      <item>
        <bioguideId>B001286</bioguideId>
        <fullName>Rep. Bustos, Cheri [D-IL-17]</fullName>
        <firstName>Cheri</firstName>
        <middleName />
        <lastName>Bustos</lastName>
        <party>D</party>
        <state>IL</state>
        <identifiers>
          <lisID>2127</lisID>
          <bioguideId>B001286</bioguideId>
          <gpoId />
        </identifiers>
        <district>17</district>
        <sponsorshipDate>2017-01-09</sponsorshipDate>
        <isOriginalCosponsor>False</isOriginalCosponsor>
        <sponsorshipWithdrawnDate />
      </item>
      <item>
        <bioguideId>L000559</bioguideId>
        <fullName>Rep. Langevin, James R. [D-RI-2]</fullName>
        <firstName>JAMES</firstName>
        <middleName>R.</middleName>
        <lastName>LANGEVIN</lastName>
        <party>D</party>
        <state>RI</state>
        <identifiers>
          <lisID>1668</lisID>
          <bioguideId>L000559</bioguideId>
          <gpoId>8140</gpoId>
        </identifiers>
        <district>2</district>
        <sponsorshipDate>2017-01-09</sponsorshipDate>
        <isOriginalCosponsor>False</isOriginalCosponsor>
        <sponsorshipWithdrawnDate />
      </item>
    </cosponsors>
    <cboCostEstimates />
    <laws>
      <item>
        <type>Public Law</type>
        <number>115-83</number>
      </item>
    </laws>
    <notes />
    <policyArea>
      <name>Health</name>
    </policyArea>
    <subjects>
      <billSubjects>
        <legislativeSubjects>
          <item>
            <name>Drug trafficking and controlled substances</name>
          </item>
          <item>
            <name>Emergency medical services and trauma care</name>
          </item>
          <item>
            <name>Health information and medical records</name>
          </item>
          <item>
            <name>Health personnel</name>
          </item>
          <item>
            <name>Licensing and registrations</name>
          </item>
        </legislativeSubjects>
        <policyArea>
          <name>Health</name>
        </policyArea>
      </billSubjects>
    </subjects>
    <summaries>
      <billSummaries>
        <item>
          <versionCode>00</versionCode>
          <actionDate>2017-01-05</actionDate>
          <actionDesc>Introduced in House</actionDesc>
          <lastSummaryUpdateDate>2017-05-17T14:38:35Z</lastSummaryUpdateDate>
          <text><![CDATA[<p><b>Protecting Patient Access to Emergency Medications Act of </b><b>2017</b></p> <p>This bill amends the Controlled Substances Act to direct the Drug Enforcement Administration (DEA) to register an emergency medical services (EMS) agency to administer controlled substances if the agency submits an application demonstrating that it is authorized to conduct such activity in the state in which the agency practices. The DEA may deny an application if it determines that the registration is inconsistent with the public interest.</p> <p>An EMS agency may obtain a single registration in each state instead of a separate registration for each location.</p> <p>A registered EMS agency may deliver, store, and receive controlled substances, subject to specified conditions.</p> <p>An EMS professional of a registered EMS agency may administer controlled substances in schedules II, III, IV, or V outside the physical presence of a medical director if such administration is authorized under state law and pursuant to a standing or verbal order, subject to specified conditions.</p> <p>The bill specifies that a hospital-based EMS agency (i.e., an EMS agency owned or operated by a hospital) may continue to administer controlled substances under the hospital's DEA registration. </p>]]></text>
          <updateDate>2017-01-05T05:00:00Z</updateDate>
          <name>Introduced in House</name>
        </item>
        <item>
          <versionCode>81</versionCode>
          <actionDate>2017-01-09</actionDate>
          <actionDesc>Passed House without amendment</actionDesc>
          <lastSummaryUpdateDate>2017-05-22T19:06:07Z</lastSummaryUpdateDate>
          <text><![CDATA[<p>(This measure has not been amended since it was introduced. The summary has been expanded because action occurred on the measure.)</p> <p><b>Protecting Patient Access to Emergency Medications Act of </b><b>2017</b></p> <p>(Sec. 2) This bill amends the Controlled Substances Act to direct the Drug Enforcement Administration (DEA) to register an emergency medical services (EMS) agency to administer controlled substances if the agency submits an application demonstrating that it is authorized to conduct such activity in the state in which the agency practices. The DEA may deny an application if it determines that the registration is inconsistent with the public interest.</p> <p>An EMS agency may obtain a single registration in each state instead of a separate registration for each location.</p> <p>A registered EMS agency may deliver, store, and receive controlled substances, subject to specified conditions.</p> <p>An EMS professional of a registered EMS agency may administer controlled substances in schedules II, III, IV, or V outside the physical presence of a medical director if such administration is authorized under state law and pursuant to a standing or verbal order, subject to specified conditions.</p> <p>The bill specifies that a hospital-based EMS agency (i.e., an EMS agency owned or operated by a hospital) may continue to administer controlled substances under the hospital's DEA registration. </p>]]></text>
          <updateDate>2017-01-09T13:41:57Z</updateDate>
          <name>Passed House without amendment</name>
        </item>
        <item>
          <versionCode>35</versionCode>
          <actionDate>2017-10-24</actionDate>
          <actionDesc>Passed Senate amended</actionDesc>
          <lastSummaryUpdateDate>2018-03-07T18:42:48Z</lastSummaryUpdateDate>
          <text><![CDATA[<p><b>Protecting Patient Access to Emergency Medications Act of </b><b>2017</b></p> <p>(Sec. 2) This bill amends the Controlled Substances Act to direct the Drug Enforcement Administration (DEA) to register an emergency medical services (EMS) agency to administer controlled substances if the agency submits an application demonstrating that it is authorized to conduct such activity in the state in which the agency practices. The DEA may deny an application if it determines that the registration is inconsistent with the public interest.</p> <p>An EMS agency may obtain a single registration in each state instead of a separate registration for each location.</p> <p>A registered EMS agency may deliver, store, and receive controlled substances, subject to specified conditions.</p> <p>An EMS professional of a registered EMS agency may administer controlled substances in schedules II, III, IV, or V outside the physical presence of a medical director if such administration is authorized under state law and pursuant to a standing or verbal order, subject to specified conditions.</p> <p>The bill specifies that a hospital-based EMS agency (i.e., an EMS agency owned or operated by a hospital) may continue to administer controlled substances under the hospital's DEA registration. </p>]]></text>
          <updateDate>2017-10-24T13:48:44Z</updateDate>
          <name>Passed Senate amended</name>
        </item>
        <item>
          <versionCode>70</versionCode>
          <actionDate>2017-11-02</actionDate>
          <actionDesc>House agreed to Senate amendment without amendment</actionDesc>
          <lastSummaryUpdateDate>2018-03-09T15:56:42Z</lastSummaryUpdateDate>
          <text><![CDATA[<p><b>Protecting Patient Access to Emergency Medications Act of </b><b>2017</b></p> <p>(Sec. 2) This bill amends the Controlled Substances Act to direct the Drug Enforcement Administration (DEA) to register an emergency medical services (EMS) agency to administer controlled substances if the agency submits an application demonstrating that it is authorized to conduct such activity in the state in which the agency practices. The DEA may deny an application if it determines that the registration is inconsistent with the public interest.</p> <p>An EMS agency may obtain a single registration in each state instead of a separate registration for each location.</p> <p>A registered EMS agency may deliver, store, and receive controlled substances, subject to specified conditions.</p> <p>An EMS professional of a registered EMS agency may administer controlled substances in schedules II, III, IV, or V outside the physical presence of a medical director if such administration is authorized under state law and pursuant to a standing or verbal order, subject to specified conditions.</p> <p>The bill specifies that a hospital-based EMS agency (i.e., an EMS agency owned or operated by a hospital) may continue to administer controlled substances under the hospital's DEA registration.</p>]]></text>
          <updateDate>2017-11-02T18:26:27Z</updateDate>
          <name>House agreed to Senate amendment without amendment</name>
        </item>
        <item>
          <versionCode>49</versionCode>
          <actionDate>2017-11-17</actionDate>
          <actionDesc>Public Law</actionDesc>
          <lastSummaryUpdateDate>2018-03-16T13:21:57Z</lastSummaryUpdateDate>
          <text><![CDATA[<p><b>Protecting Patient Access to Emergency Medications Act of </b><b>2017</b></p> <p>(Sec. 2) This bill amends the Controlled Substances Act to direct the Drug Enforcement Administration (DEA) to register an emergency medical services (EMS) agency to administer controlled substances if the agency submits an application demonstrating that it is authorized to conduct such activity in the state in which the agency practices. The DEA may deny an application if it determines that the registration is inconsistent with the public interest.</p> <p>An EMS agency may obtain a single registration in each state instead of a separate registration for each location.</p> <p>A registered EMS agency may deliver, store, and receive controlled substances, subject to specified conditions.</p> <p>An EMS professional of a registered EMS agency may administer controlled substances in schedules II, III, IV, or V outside the physical presence of a medical director if such administration is authorized under state law and pursuant to a standing or verbal order, subject to specified conditions.</p> <p>The bill specifies that a hospital-based EMS agency (i.e., an EMS agency owned or operated by a hospital) may continue to administer controlled substances under the hospital's DEA registration.</p>]]></text>
          <updateDate>2017-11-18T04:59:59Z</updateDate>
          <name>Public Law</name>
        </item>
      </billSummaries>
    </summaries>
    <title>Protecting Patient Access to Emergency Medications Act of 2017</title>
    <titles>
      <item>
        <titleType>Official Title as Introduced</titleType>
        <parentTitleType />
        <title>To amend the Controlled Substances Act with regard to the provision of emergency medical services.</title>
        <chamberCode />
        <chamberName />
      </item>
      <item>
        <titleType>Short Titles as Introduced</titleType>
        <parentTitleType />
        <title>Protecting Patient Access to Emergency Medications Act of 2017</title>
        <chamberCode />
        <chamberName />
      </item>
      <item>
        <titleType>Short Titles as Passed House</titleType>
        <parentTitleType>Short Titles House of Representatives</parentTitleType>
        <title>Protecting Patient Access to Emergency Medications Act of 2017</title>
        <chamberCode>H</chamberCode>
        <chamberName>House</chamberName>
      </item>
      <item>
        <titleType>Short Titles as Passed Senate</titleType>
        <parentTitleType>Short Titles Senate</parentTitleType>
        <title>Protecting Patient Access to Emergency Medications Act of 2017</title>
        <chamberCode>S</chamberCode>
        <chamberName>Senate</chamberName>
      </item>
      <item>
        <titleType>Short Titles as Enacted</titleType>
        <parentTitleType>Short Title</parentTitleType>
        <title>Protecting Patient Access to Emergency Medications Act of 2017</title>
        <chamberCode />
        <chamberName />
      </item>
      <item>
        <titleType>Other Short Titles</titleType>
        <parentTitleType>Short Title</parentTitleType>
        <title>Protecting Patient Access to Emergency Medications Act of 2017</title>
        <chamberCode />
        <chamberName />
      </item>
      <item>
        <titleType>Display Title</titleType>
        <parentTitleType />
        <title>Protecting Patient Access to Emergency Medications Act of 2017</title>
        <chamberCode />
        <chamberName />
      </item>
    </titles>
    <amendments>
      <amendment>
        <number>1577</number>
        <description />
        <purpose>In the nature of substitute.</purpose>
        <congress>115</congress>
        <type>SAMDT</type>
        <latestAction>
          <actionDate>2017-10-24</actionDate>
          <text>Amendment SA 1577 agreed to in Senate by Unanimous Consent.</text>
        </latestAction>
        <number>1577</number>
        <description />
        <purpose>In the nature of substitute.</purpose>
        <congress>115</congress>
        <type>SAMDT</type>
        <createDate>2017-10-25T05:01:20Z</createDate>
        <updateDate>2020-12-15T17:13:09Z</updateDate>
        <sponsors>
          <item>
            <bioguideId>C001075</bioguideId>
            <fullName>Sen. Cassidy, Bill [R-LA]</fullName>
            <firstName>Bill</firstName>
            <middleName />
            <lastName>Cassidy</lastName>
            <party>R</party>
            <state>LA</state>
            <identifiers>
              <lisID>1925</lisID>
              <bioguideId>C001075</bioguideId>
              <gpoId>7964</gpoId>
            </identifiers>
          </item>
        </sponsors>
        <cosponsors>
          <totalCount>3</totalCount>
          <currentCount>3</currentCount>
          <item>
            <bioguideId>B001267</bioguideId>
            <fullName>Sen. Bennet, Michael F. [D-CO]</fullName>
            <firstName>Michael</firstName>
            <middleName>F.</middleName>
            <lastName>Bennet</lastName>
            <party>D</party>
            <state>CO</state>
            <identifiers>
              <lisID>1965</lisID>
              <bioguideId>B001267</bioguideId>
              <gpoId>8302</gpoId>
            </identifiers>
            <sponsorshipDate>2017-10-24</sponsorshipDate>
            <isOriginalCosponsor>True</isOriginalCosponsor>
            <sponsorshipWithdrawnDate />
          </item>
          <item>
            <bioguideId>B000575</bioguideId>
            <fullName>Sen. Blunt, Roy [R-MO]</fullName>
            <firstName>Roy</firstName>
            <middleName />
            <lastName>Blunt</lastName>
            <party>R</party>
            <state>MO</state>
            <identifiers>
              <lisID>1464</lisID>
              <bioguideId>B000575</bioguideId>
              <gpoId>8313</gpoId>
            </identifiers>
            <sponsorshipDate>2017-10-24</sponsorshipDate>
            <isOriginalCosponsor>True</isOriginalCosponsor>
            <sponsorshipWithdrawnDate />
          </item>
          <item>
            <bioguideId>F000457</bioguideId>
            <fullName>Sen. Franken, Al [D-MN]</fullName>
            <firstName>Al</firstName>
            <middleName />
            <lastName>Franken</lastName>
            <party>D</party>
            <state>MN</state>
            <identifiers>
              <lisID>1969</lisID>
              <bioguideId>F000457</bioguideId>
              <gpoId>8339</gpoId>
            </identifiers>
            <sponsorshipDate>2017-10-24</sponsorshipDate>
            <isOriginalCosponsor>True</isOriginalCosponsor>
            <sponsorshipWithdrawnDate />
          </item>
        </cosponsors>
        <titles />
        <proposedDate>2017-10-24T04:00:00Z</proposedDate>
        <submittedDate>2017-10-24T04:00:00Z</submittedDate>
        <chamber>Senate</chamber>
        <amendedBill>
          <congress>115</congress>
          <type>HR</type>
          <originChamber>House</originChamber>
          <originChamberCode>H</originChamberCode>
          <number>304</number>
          <title>Protecting Patient Access to Emergency Medications Act of 2017</title>
        </amendedBill>
        <amendedAmendment />
        <amendments>
          <count>0</count>
        </amendments>
        <links />
        <notes />
        <actions>
          <count>6</count>
          <actions>
            <item>
              <actionDate>2017-10-24</actionDate>
              <links />
              <sourceSystem>
                <code>0</code>
                <name>Senate</name>
              </sourceSystem>
              <text>Amendment SA 1577 agreed to in Senate by Unanimous Consent.</text>
              <type>Floor</type>
            </item>
            <item>
              <actionDate>2017-10-24</actionDate>
              <links />
              <sourceSystem>
                <code>0</code>
                <name>Senate</name>
              </sourceSystem>
              <text>Amendment SA 1577 proposed by Senator McConnell for Senator Cassidy. (consideration: CR S6773) In the nature of substitute.</text>
              <type>Floor</type>
            </item>
            <item>
              <actionDate>2017-10-24</actionDate>
              <links />
              <text />
            </item>
            <item>
              <actionDate>2017-10-24</actionDate>
              <links />
              <text>Senate amendment proposed (on the floor): Amendment SA 1577 proposed by Senator McConnell for Senator Cassidy.(consideration: CR S6773)</text>
              <type>Floor</type>
              <actionCode>93000</actionCode>
              <sourceSystem>
                <code>9</code>
                <name>Library of Congress</name>
              </sourceSystem>
              <committee />
            </item>
            <item>
              <actionDate>2017-10-24</actionDate>
              <links />
              <text>Senate amendment agreed to: Amendment SA 1577 agreed to in Senate by Unanimous Consent.</text>
              <type>Floor</type>
              <actionCode>94000</actionCode>
              <sourceSystem>
                <code>9</code>
                <name>Library of Congress</name>
              </sourceSystem>
              <committee />
            </item>
            <item>
              <actionDate>2017-10-24</actionDate>
              <links />
              <text>Senate amendment submitted</text>
              <type>Floor</type>
              <actionCode>91000</actionCode>
              <sourceSystem>
                <code>9</code>
                <name>Library of Congress</name>
              </sourceSystem>
              <committee />
            </item>
          </actions>
          <actionTypeCounts>
            <amendmentAgreedTo>1</amendmentAgreedTo>
            <amendmentProposed>1</amendmentProposed>
            <senateAmendmentProposedOnTheFloor>1</senateAmendmentProposedOnTheFloor>
            <senateAmendmentAgreedTo>1</senateAmendmentAgreedTo>
            <senateAmendmentSubmitted>1</senateAmendmentSubmitted>
          </actionTypeCounts>
          <actionByCounts>
            <senate>5</senate>
          </actionByCounts>
        </actions>
        <version>1.0.0</version>
      </amendment>
    </amendments>
    <textVersions>
      <item>
        <type>Enrolled Bill</type>
        <date />
        <formats>
          <item>
            <url>https://www.govinfo.gov/content/pkg/BILLS-115hr304enr/xml/BILLS-115hr304enr.xml</url>
          </item>
        </formats>
      </item>
      <item>
        <type>Engrossed Amendment Senate</type>
        <date>2017-10-24T04:00:00Z</date>
        <formats>
          <item>
            <url>https://www.govinfo.gov/content/pkg/BILLS-115hr304eas/xml/BILLS-115hr304eas.xml</url>
          </item>
        </formats>
      </item>
      <item>
        <type>Referred in Senate</type>
        <date>2017-01-10T05:00:00Z</date>
        <formats>
          <item>
            <url>https://www.govinfo.gov/content/pkg/BILLS-115hr304rfs/xml/BILLS-115hr304rfs.xml</url>
          </item>
        </formats>
      </item>
      <item>
        <type>Engrossed in House</type>
        <date>2017-01-09T05:00:00Z</date>
        <formats>
          <item>
            <url>https://www.govinfo.gov/content/pkg/BILLS-115hr304eh/xml/BILLS-115hr304eh.xml</url>
          </item>
        </formats>
      </item>
      <item>
        <type>Introduced in House</type>
        <date>2017-01-05T05:00:00Z</date>
        <formats>
          <item>
            <url>https://www.govinfo.gov/content/pkg/BILLS-115hr304ih/xml/BILLS-115hr304ih.xml</url>
          </item>
        </formats>
      </item>
    </textVersions>
    <latestAction>
      <actionDate>2017-11-17</actionDate>
      <text>Became Public Law No: 115-83.</text>
      <links />
    </latestAction>
    <calendarNumbers />
    <version>1.0.0</version>
  </bill>
  <dublinCore xmlns:dc="http://purl.org/dc/elements/1.1/">
    <dc:format>text/xml</dc:format>
    <dc:language>EN</dc:language>
    <dc:rights>Pursuant to Title 17 Section 105 of the United States Code, this file is not subject to copyright protection and is in the public domain.</dc:rights>
    <dc:contributor>Congressional Research Service, Library of Congress</dc:contributor>
    <dc:description>This file contains bill summaries and statuses for federal legislation. A bill summary describes the most significant provisions of a piece of legislation and details the effects the legislative text may have on current law and federal programs. Bill summaries are authored by the Congressional Research Service (CRS) of the Library of Congress. As stated in Public Law 91-510 (2 USC 166 (d)(6)), one of the duties of CRS is "to prepare summaries and digests of bills and resolutions of a public general nature introduced in the Senate or House of Representatives". For more information, refer to the User Guide that accompanies this file.</dc:description>
  </dublinCore>
</billStatus>

