<?xml version="1.0" encoding="UTF-8"?>
<billStatus>
  <bill>
    <billNumber>3878</billNumber>
    <createDate>2017-09-29T03:11:25Z</createDate>
    <updateDate>2021-09-27T14:25:24Z</updateDate>
    <originChamber>House</originChamber>
    <billType>HR</billType>
    <introducedDate>2017-09-28</introducedDate>
    <congress>115</congress>
    <constitutionalAuthorityStatementText><![CDATA[<pre>[Congressional Record Volume 163, Number 156 (Thursday, September 28, 2017)]From the Congressional Record Online through the Government Publishing Office [<a href='http://www.gpo.gov'>www.gpo.gov</a>]By Mr. BEN RAY LUJAN of New Mexico:H.R. 3878.Congress has the power to enact this legislation pursuantto the following:Article I, Section 8, Clause 3[Page H7636]</pre>]]></constitutionalAuthorityStatementText>
    <recordedVotes />
    <committees>
      <billCommittees>
        <item>
          <systemCode>hsba00</systemCode>
          <name>Financial Services Committee</name>
          <chamber>House</chamber>
          <type>Standing</type>
          <subcommittees />
          <activities>
            <item>
              <name>Referred to</name>
              <date>2017-09-28T13:03:30Z</date>
            </item>
          </activities>
        </item>
      </billCommittees>
    </committees>
    <committeeReports />
    <relatedBills>
      <item>
        <latestTitle>Freedom from Equifax Exploitation Act</latestTitle>
        <congress>115</congress>
        <number>1816</number>
        <type>S</type>
        <latestAction>
          <actionDate>2017-10-17</actionDate>
          <text>Committee on Banking, Housing, and Urban Affairs. Hearings held. Hearings printed: S.Hrg. 115-132.</text>
        </latestAction>
        <relationshipDetails>
          <item>
            <type>Related bill</type>
            <identifiedBy>CRS</identifiedBy>
          </item>
        </relationshipDetails>
      </item>
      <item>
        <latestTitle>Comprehensive Consumer Credit Reporting Reform Act of 2017</latestTitle>
        <congress>115</congress>
        <number>3755</number>
        <type>HR</type>
        <latestAction>
          <actionDate>2017-09-13</actionDate>
          <text>Referred to the House Committee on Financial Services.</text>
        </latestAction>
        <relationshipDetails>
          <item>
            <type>Related bill</type>
            <identifiedBy>CRS</identifiedBy>
          </item>
        </relationshipDetails>
      </item>
      <item>
        <latestTitle>Free Credit Freeze Act</latestTitle>
        <congress>115</congress>
        <number>1810</number>
        <type>S</type>
        <latestAction>
          <actionDate>2017-09-14</actionDate>
          <text>Read twice and referred to the Committee on Banking, Housing, and Urban Affairs.</text>
        </latestAction>
        <relationshipDetails>
          <item>
            <type>Identical bill</type>
            <identifiedBy>CRS</identifiedBy>
          </item>
        </relationshipDetails>
      </item>
    </relatedBills>
    <actions>
      <item>
        <actionDate>2017-09-28</actionDate>
        <links />
        <text>Referred to the House Committee on Financial Services.</text>
        <type>IntroReferral</type>
        <actionCode>H11100</actionCode>
        <sourceSystem>
          <code>2</code>
          <name>House floor actions</name>
        </sourceSystem>
        <committees>
          <item>
            <systemCode>hsba00</systemCode>
            <name>Financial Services Committee</name>
          </item>
        </committees>
      </item>
      <item>
        <actionDate>2017-09-28</actionDate>
        <links />
        <text>Introduced in House</text>
        <type>IntroReferral</type>
        <actionCode>Intro-H</actionCode>
        <sourceSystem>
          <code>9</code>
          <name>Library of Congress</name>
        </sourceSystem>
        <committees />
      </item>
      <item>
        <actionDate>2017-09-28</actionDate>
        <links />
        <text>Introduced in House</text>
        <type>IntroReferral</type>
        <actionCode>1000</actionCode>
        <sourceSystem>
          <code>9</code>
          <name>Library of Congress</name>
        </sourceSystem>
        <committees />
      </item>
      <actionTypeCounts>
        <billReferrals>1</billReferrals>
        <introducedInTheHouse>1</introducedInTheHouse>
        <introducedInHouse>1</introducedInHouse>
      </actionTypeCounts>
      <actionByCounts>
        <houseOfRepresentatives>3</houseOfRepresentatives>
      </actionByCounts>
    </actions>
    <sponsors>
      <item>
        <bioguideId>L000570</bioguideId>
        <fullName>Rep. Lujan, Ben Ray [D-NM-3]</fullName>
        <firstName>Ben</firstName>
        <middleName>Ray</middleName>
        <lastName>Lujan</lastName>
        <party>D</party>
        <state>NM</state>
        <identifiers>
          <lisID>1939</lisID>
          <bioguideId>L000570</bioguideId>
          <gpoId>8058</gpoId>
        </identifiers>
        <district>3</district>
        <byRequestType />
      </item>
    </sponsors>
    <cosponsors>
      <item>
        <bioguideId>L000559</bioguideId>
        <fullName>Rep. Langevin, James R. [D-RI-2]</fullName>
        <firstName>JAMES</firstName>
        <middleName>R.</middleName>
        <lastName>LANGEVIN</lastName>
        <party>D</party>
        <state>RI</state>
        <identifiers>
          <lisID>1668</lisID>
          <bioguideId>L000559</bioguideId>
          <gpoId>8140</gpoId>
        </identifiers>
        <district>2</district>
        <sponsorshipDate>2017-09-28</sponsorshipDate>
        <isOriginalCosponsor>True</isOriginalCosponsor>
        <sponsorshipWithdrawnDate />
      </item>
      <item>
        <bioguideId>C001097</bioguideId>
        <fullName>Rep. Cárdenas, Tony [D-CA-29]</fullName>
        <firstName>Tony</firstName>
        <middleName />
        <lastName>Cárdenas</lastName>
        <party>D</party>
        <state>CA</state>
        <identifiers>
          <lisID>2107</lisID>
          <bioguideId>C001097</bioguideId>
          <gpoId />
        </identifiers>
        <district>29</district>
        <sponsorshipDate>2017-09-28</sponsorshipDate>
        <isOriginalCosponsor>True</isOriginalCosponsor>
        <sponsorshipWithdrawnDate />
      </item>
      <item>
        <bioguideId>N000002</bioguideId>
        <fullName>Rep. Nadler, Jerrold [D-NY-10]</fullName>
        <firstName>JERROLD</firstName>
        <middleName />
        <lastName>NADLER</lastName>
        <party>D</party>
        <state>NY</state>
        <identifiers>
          <lisID>850</lisID>
          <bioguideId>N000002</bioguideId>
          <gpoId>8069</gpoId>
        </identifiers>
        <district>10</district>
        <sponsorshipDate>2017-09-28</sponsorshipDate>
        <isOriginalCosponsor>True</isOriginalCosponsor>
        <sponsorshipWithdrawnDate />
      </item>
      <item>
        <bioguideId>B001292</bioguideId>
        <fullName>Rep. Beyer, Donald S., Jr. [D-VA-8]</fullName>
        <firstName>Donald</firstName>
        <middleName>S.</middleName>
        <lastName>Beyer</lastName>
        <party>D</party>
        <state>VA</state>
        <identifiers>
          <lisID>2272</lisID>
          <bioguideId>B001292</bioguideId>
          <gpoId />
        </identifiers>
        <district>8</district>
        <sponsorshipDate>2017-09-28</sponsorshipDate>
        <isOriginalCosponsor>True</isOriginalCosponsor>
        <sponsorshipWithdrawnDate />
      </item>
      <item>
        <bioguideId>K000009</bioguideId>
        <fullName>Rep. Kaptur, Marcy [D-OH-9]</fullName>
        <firstName>MARCY</firstName>
        <middleName />
        <lastName>KAPTUR</lastName>
        <party>D</party>
        <state>OH</state>
        <identifiers>
          <lisID>616</lisID>
          <bioguideId>K000009</bioguideId>
          <gpoId>8099</gpoId>
        </identifiers>
        <district>9</district>
        <sponsorshipDate>2017-09-28</sponsorshipDate>
        <isOriginalCosponsor>True</isOriginalCosponsor>
        <sponsorshipWithdrawnDate />
      </item>
      <item>
        <bioguideId>N000147</bioguideId>
        <fullName>Del. Norton, Eleanor Holmes [D-DC-At Large]</fullName>
        <firstName>ELEANOR</firstName>
        <middleName>HOLMES</middleName>
        <lastName>NORTON</lastName>
        <party>D</party>
        <state>DC</state>
        <identifiers>
          <lisID>868</lisID>
          <bioguideId>N000147</bioguideId>
          <gpoId>7871</gpoId>
        </identifiers>
        <district>0</district>
        <sponsorshipDate>2017-09-28</sponsorshipDate>
        <isOriginalCosponsor>True</isOriginalCosponsor>
        <sponsorshipWithdrawnDate />
      </item>
      <item>
        <bioguideId>B001296</bioguideId>
        <fullName>Rep. Boyle, Brendan F. [D-PA-13]</fullName>
        <firstName>Brendan</firstName>
        <middleName>F.</middleName>
        <lastName>Boyle</lastName>
        <party>D</party>
        <state>PA</state>
        <identifiers>
          <lisID>2267</lisID>
          <bioguideId>B001296</bioguideId>
          <gpoId />
        </identifiers>
        <district>13</district>
        <sponsorshipDate>2017-09-28</sponsorshipDate>
        <isOriginalCosponsor>True</isOriginalCosponsor>
        <sponsorshipWithdrawnDate />
      </item>
      <item>
        <bioguideId>B000490</bioguideId>
        <fullName>Rep. Bishop, Sanford D., Jr. [D-GA-2]</fullName>
        <firstName>SANFORD</firstName>
        <middleName>D.</middleName>
        <lastName>BISHOP</lastName>
        <party>D</party>
        <state>GA</state>
        <identifiers>
          <lisID>91</lisID>
          <bioguideId>B000490</bioguideId>
          <gpoId>7899</gpoId>
        </identifiers>
        <district>2</district>
        <sponsorshipDate>2017-09-28</sponsorshipDate>
        <isOriginalCosponsor>True</isOriginalCosponsor>
        <sponsorshipWithdrawnDate />
      </item>
      <item>
        <bioguideId>L000580</bioguideId>
        <fullName>Rep. Lujan Grisham, Michelle [D-NM-1]</fullName>
        <firstName>Michelle</firstName>
        <middleName />
        <lastName>Lujan Grisham</lastName>
        <party>D</party>
        <state>NM</state>
        <identifiers>
          <lisID>2146</lisID>
          <bioguideId>L000580</bioguideId>
          <gpoId />
        </identifiers>
        <district>1</district>
        <sponsorshipDate>2017-09-28</sponsorshipDate>
        <isOriginalCosponsor>True</isOriginalCosponsor>
        <sponsorshipWithdrawnDate />
      </item>
      <item>
        <bioguideId>C001037</bioguideId>
        <fullName>Rep. Capuano, Michael E. [D-MA-7]</fullName>
        <firstName>MICHAEL</firstName>
        <middleName>E.</middleName>
        <lastName>CAPUANO</lastName>
        <party>D</party>
        <state>MA</state>
        <identifiers>
          <lisID>1564</lisID>
          <bioguideId>C001037</bioguideId>
          <gpoId>7973</gpoId>
        </identifiers>
        <district>7</district>
        <sponsorshipDate>2017-09-28</sponsorshipDate>
        <isOriginalCosponsor>True</isOriginalCosponsor>
        <sponsorshipWithdrawnDate />
      </item>
      <item>
        <bioguideId>B001251</bioguideId>
        <fullName>Rep. Butterfield, G. K. [D-NC-1]</fullName>
        <firstName>G. K.</firstName>
        <middleName />
        <lastName>Butterfield</lastName>
        <party>D</party>
        <state>NC</state>
        <identifiers>
          <lisID>1761</lisID>
          <bioguideId>B001251</bioguideId>
          <gpoId>8024</gpoId>
        </identifiers>
        <district>1</district>
        <sponsorshipDate>2017-09-28</sponsorshipDate>
        <isOriginalCosponsor>True</isOriginalCosponsor>
        <sponsorshipWithdrawnDate />
      </item>
      <item>
        <bioguideId>N000179</bioguideId>
        <fullName>Rep. Napolitano, Grace F. [D-CA-32]</fullName>
        <firstName>GRACE</firstName>
        <middleName>F.</middleName>
        <lastName>NAPOLITANO</lastName>
        <party>D</party>
        <state>CA</state>
        <identifiers>
          <lisID>1602</lisID>
          <bioguideId>N000179</bioguideId>
          <gpoId>7843</gpoId>
        </identifiers>
        <district>32</district>
        <sponsorshipDate>2017-09-28</sponsorshipDate>
        <isOriginalCosponsor>True</isOriginalCosponsor>
        <sponsorshipWithdrawnDate />
      </item>
      <item>
        <bioguideId>L000565</bioguideId>
        <fullName>Rep. Loebsack, David [D-IA-2]</fullName>
        <firstName>David</firstName>
        <middleName />
        <lastName>Loebsack</lastName>
        <party>D</party>
        <state>IA</state>
        <identifiers>
          <lisID>1846</lisID>
          <bioguideId>L000565</bioguideId>
          <gpoId>7915</gpoId>
        </identifiers>
        <district>2</district>
        <sponsorshipDate>2017-10-03</sponsorshipDate>
        <isOriginalCosponsor>False</isOriginalCosponsor>
        <sponsorshipWithdrawnDate />
      </item>
      <item>
        <bioguideId>T000472</bioguideId>
        <fullName>Rep. Takano, Mark [D-CA-41]</fullName>
        <firstName>Mark</firstName>
        <middleName />
        <lastName>Takano</lastName>
        <party>D</party>
        <state>CA</state>
        <identifiers>
          <lisID>2110</lisID>
          <bioguideId>T000472</bioguideId>
          <gpoId />
        </identifiers>
        <district>41</district>
        <sponsorshipDate>2017-10-03</sponsorshipDate>
        <isOriginalCosponsor>False</isOriginalCosponsor>
        <sponsorshipWithdrawnDate />
      </item>
      <item>
        <bioguideId>G000410</bioguideId>
        <fullName>Rep. Green, Gene [D-TX-29]</fullName>
        <firstName>GENE</firstName>
        <middleName />
        <lastName>GREEN</lastName>
        <party>D</party>
        <state>TX</state>
        <identifiers>
          <lisID>462</lisID>
          <bioguideId>G000410</bioguideId>
          <gpoId>8185</gpoId>
        </identifiers>
        <district>29</district>
        <sponsorshipDate>2017-10-03</sponsorshipDate>
        <isOriginalCosponsor>False</isOriginalCosponsor>
        <sponsorshipWithdrawnDate />
      </item>
      <item>
        <bioguideId>R000606</bioguideId>
        <fullName>Rep. Raskin, Jamie [D-MD-8]</fullName>
        <firstName>Jamie</firstName>
        <middleName />
        <lastName>Raskin</lastName>
        <party>D</party>
        <state>MD</state>
        <identifiers>
          <lisID>2332</lisID>
          <bioguideId>R000606</bioguideId>
          <gpoId />
        </identifiers>
        <district>8</district>
        <sponsorshipDate>2017-10-03</sponsorshipDate>
        <isOriginalCosponsor>False</isOriginalCosponsor>
        <sponsorshipWithdrawnDate />
      </item>
      <item>
        <bioguideId>E000288</bioguideId>
        <fullName>Rep. Ellison, Keith [D-MN-5]</fullName>
        <firstName>Keith</firstName>
        <middleName />
        <lastName>Ellison</lastName>
        <party>D</party>
        <state>MN</state>
        <identifiers>
          <lisID>1857</lisID>
          <bioguideId>E000288</bioguideId>
          <gpoId>8005</gpoId>
        </identifiers>
        <district>5</district>
        <sponsorshipDate>2017-10-03</sponsorshipDate>
        <isOriginalCosponsor>False</isOriginalCosponsor>
        <sponsorshipWithdrawnDate />
      </item>
      <item>
        <bioguideId>S000480</bioguideId>
        <fullName>Rep. Slaughter, Louise McIntosh [D-NY-25]</fullName>
        <firstName>LOUISE</firstName>
        <middleName>M.</middleName>
        <lastName>SLAUGHTER</lastName>
        <party>D</party>
        <state>NY</state>
        <identifiers>
          <lisID>1069</lisID>
          <bioguideId>S000480</bioguideId>
          <gpoId>8089</gpoId>
        </identifiers>
        <district>25</district>
        <sponsorshipDate>2017-10-03</sponsorshipDate>
        <isOriginalCosponsor>False</isOriginalCosponsor>
        <sponsorshipWithdrawnDate />
      </item>
      <item>
        <bioguideId>G000551</bioguideId>
        <fullName>Rep. Grijalva, Raúl M. [D-AZ-3]</fullName>
        <firstName>Raúl</firstName>
        <middleName>M.</middleName>
        <lastName>Grijalva</lastName>
        <party>D</party>
        <state>AZ</state>
        <identifiers>
          <lisID>1708</lisID>
          <bioguideId>G000551</bioguideId>
          <gpoId>7804</gpoId>
        </identifiers>
        <district>3</district>
        <sponsorshipDate>2017-10-06</sponsorshipDate>
        <isOriginalCosponsor>False</isOriginalCosponsor>
        <sponsorshipWithdrawnDate />
      </item>
      <item>
        <bioguideId>J000298</bioguideId>
        <fullName>Rep. Jayapal, Pramila [D-WA-7]</fullName>
        <firstName>Pramila</firstName>
        <middleName />
        <lastName>Jayapal</lastName>
        <party>D</party>
        <state>WA</state>
        <identifiers>
          <lisID>2354</lisID>
          <bioguideId>J000298</bioguideId>
          <gpoId />
        </identifiers>
        <district>7</district>
        <sponsorshipDate>2017-11-01</sponsorshipDate>
        <isOriginalCosponsor>False</isOriginalCosponsor>
        <sponsorshipWithdrawnDate />
      </item>
      <item>
        <bioguideId>C001101</bioguideId>
        <fullName>Rep. Clark, Katherine M. [D-MA-5]</fullName>
        <firstName>Katherine</firstName>
        <middleName>M.</middleName>
        <lastName>Clark</lastName>
        <party>D</party>
        <state>MA</state>
        <identifiers>
          <lisID>2196</lisID>
          <bioguideId>C001101</bioguideId>
          <gpoId />
        </identifiers>
        <district>5</district>
        <sponsorshipDate>2018-01-16</sponsorshipDate>
        <isOriginalCosponsor>False</isOriginalCosponsor>
        <sponsorshipWithdrawnDate />
      </item>
      <item>
        <bioguideId>D000623</bioguideId>
        <fullName>Rep. DeSaulnier, Mark [D-CA-11]</fullName>
        <firstName>Mark</firstName>
        <middleName />
        <lastName>DeSaulnier</lastName>
        <party>D</party>
        <state>CA</state>
        <identifiers>
          <lisID>2227</lisID>
          <bioguideId>D000623</bioguideId>
          <gpoId />
        </identifiers>
        <district>11</district>
        <sponsorshipDate>2018-01-30</sponsorshipDate>
        <isOriginalCosponsor>False</isOriginalCosponsor>
        <sponsorshipWithdrawnDate />
      </item>
      <item>
        <bioguideId>S000510</bioguideId>
        <fullName>Rep. Smith, Adam [D-WA-9]</fullName>
        <firstName>ADAM</firstName>
        <middleName />
        <lastName>SMITH</lastName>
        <party>D</party>
        <state>WA</state>
        <identifiers>
          <lisID>1528</lisID>
          <bioguideId>S000510</bioguideId>
          <gpoId>8213</gpoId>
        </identifiers>
        <district>9</district>
        <sponsorshipDate>2018-02-06</sponsorshipDate>
        <isOriginalCosponsor>False</isOriginalCosponsor>
        <sponsorshipWithdrawnDate />
      </item>
      <item>
        <bioguideId>D000610</bioguideId>
        <fullName>Rep. Deutch, Theodore E. [D-FL-22]</fullName>
        <firstName>Theodore</firstName>
        <middleName>E.</middleName>
        <lastName>Deutch</lastName>
        <party>D</party>
        <state>FL</state>
        <identifiers>
          <lisID>1976</lisID>
          <bioguideId>D000610</bioguideId>
          <gpoId>7891</gpoId>
        </identifiers>
        <district>22</district>
        <sponsorshipDate>2018-02-06</sponsorshipDate>
        <isOriginalCosponsor>False</isOriginalCosponsor>
        <sponsorshipWithdrawnDate />
      </item>
      <item>
        <bioguideId>M000312</bioguideId>
        <fullName>Rep. McGovern, James P. [D-MA-2]</fullName>
        <firstName>JAMES</firstName>
        <middleName>P.</middleName>
        <lastName>MCGOVERN</lastName>
        <party>D</party>
        <state>MA</state>
        <identifiers>
          <lisID>1504</lisID>
          <bioguideId>M000312</bioguideId>
          <gpoId>7968</gpoId>
        </identifiers>
        <district>2</district>
        <sponsorshipDate>2018-02-07</sponsorshipDate>
        <isOriginalCosponsor>False</isOriginalCosponsor>
        <sponsorshipWithdrawnDate />
      </item>
      <item>
        <bioguideId>G000559</bioguideId>
        <fullName>Rep. Garamendi, John [D-CA-3]</fullName>
        <firstName>John</firstName>
        <middleName />
        <lastName>Garamendi</lastName>
        <party>D</party>
        <state>CA</state>
        <identifiers>
          <lisID>1973</lisID>
          <bioguideId>G000559</bioguideId>
          <gpoId>7815</gpoId>
        </identifiers>
        <district>3</district>
        <sponsorshipDate>2018-02-13</sponsorshipDate>
        <isOriginalCosponsor>False</isOriginalCosponsor>
        <sponsorshipWithdrawnDate />
      </item>
      <item>
        <bioguideId>C001084</bioguideId>
        <fullName>Rep. Cicilline, David N. [D-RI-1]</fullName>
        <firstName>David</firstName>
        <middleName>N.</middleName>
        <lastName>Cicilline</lastName>
        <party>D</party>
        <state>RI</state>
        <identifiers>
          <lisID>2055</lisID>
          <bioguideId>C001084</bioguideId>
          <gpoId>8139</gpoId>
        </identifiers>
        <district>1</district>
        <sponsorshipDate>2018-02-13</sponsorshipDate>
        <isOriginalCosponsor>False</isOriginalCosponsor>
        <sponsorshipWithdrawnDate />
      </item>
    </cosponsors>
    <cboCostEstimates />
    <laws />
    <notes />
    <policyArea>
      <name>Finance and Financial Sector</name>
    </policyArea>
    <subjects>
      <billSubjects>
        <legislativeSubjects>
          <item>
            <name>Consumer credit</name>
          </item>
        </legislativeSubjects>
        <policyArea>
          <name>Finance and Financial Sector</name>
        </policyArea>
      </billSubjects>
    </subjects>
    <summaries>
      <billSummaries>
        <item>
          <versionCode>00</versionCode>
          <actionDate>2017-09-28</actionDate>
          <actionDesc>Introduced in House</actionDesc>
          <lastSummaryUpdateDate>2017-11-09T22:10:21Z</lastSummaryUpdateDate>
          <text><![CDATA[<p><b>Free Credit Freeze Act</b></p> <p>This bill amends the Fair Credit Reporting Act to prohibit a consumer reporting agency from charging a consumer a fee for placing, temporarily lifting, or fully removing a credit freeze. A consumer reporting agency must place a credit freeze on the consumer's file upon a consumer's request, prohibiting a consumer reporting agency from releasing any credit information without the consumer's permission.</p>]]></text>
          <updateDate>2017-09-28T04:00:00Z</updateDate>
          <name>Introduced in House</name>
        </item>
      </billSummaries>
    </summaries>
    <title>Free Credit Freeze Act</title>
    <titles>
      <item>
        <titleType>Official Title as Introduced</titleType>
        <parentTitleType />
        <title>To amend the Fair Credit Reporting Act to provide access to free credit freezes for all consumers.</title>
        <chamberCode />
        <chamberName />
      </item>
      <item>
        <titleType>Short Titles as Introduced</titleType>
        <parentTitleType />
        <title>Free Credit Freeze Act</title>
        <chamberCode />
        <chamberName />
      </item>
      <item>
        <titleType>Display Title</titleType>
        <parentTitleType />
        <title>Free Credit Freeze Act</title>
        <chamberCode />
        <chamberName />
      </item>
    </titles>
    <amendments />
    <textVersions>
      <item>
        <type>Introduced in House</type>
        <date>2017-09-28T04:00:00Z</date>
        <formats>
          <item>
            <url>https://www.govinfo.gov/content/pkg/BILLS-115hr3878ih/xml/BILLS-115hr3878ih.xml</url>
          </item>
        </formats>
      </item>
    </textVersions>
    <latestAction>
      <actionDate>2017-09-28</actionDate>
      <text>Referred to the House Committee on Financial Services.</text>
      <links />
    </latestAction>
    <calendarNumbers />
    <version>1.0.0</version>
  </bill>
  <dublinCore xmlns:dc="http://purl.org/dc/elements/1.1/">
    <dc:format>text/xml</dc:format>
    <dc:language>EN</dc:language>
    <dc:rights>Pursuant to Title 17 Section 105 of the United States Code, this file is not subject to copyright protection and is in the public domain.</dc:rights>
    <dc:contributor>Congressional Research Service, Library of Congress</dc:contributor>
    <dc:description>This file contains bill summaries and statuses for federal legislation. A bill summary describes the most significant provisions of a piece of legislation and details the effects the legislative text may have on current law and federal programs. Bill summaries are authored by the Congressional Research Service (CRS) of the Library of Congress. As stated in Public Law 91-510 (2 USC 166 (d)(6)), one of the duties of CRS is "to prepare summaries and digests of bills and resolutions of a public general nature introduced in the Senate or House of Representatives". For more information, refer to the User Guide that accompanies this file.</dc:description>
  </dublinCore>
</billStatus>

