<?xml version="1.0" encoding="UTF-8"?>
<billStatus>
  <bill>
    <billNumber>21</billNumber>
    <createDate>2017-01-04T07:01:08Z</createDate>
    <updateDate>2021-07-10T20:01:55Z</updateDate>
    <originChamber>House</originChamber>
    <billType>HR</billType>
    <introducedDate>2017-01-03</introducedDate>
    <congress>115</congress>
    <constitutionalAuthorityStatementText><![CDATA[<pre>[Congressional Record Volume 163, Number 1 (Tuesday, January 3, 2017)]From the Congressional Record Online through the Government Publishing Office [<a href='http://www.gpo.gov'>www.gpo.gov</a>]By Mr. ISSA:H.R. 21.Congress has the power to enact this legislation pursuantto the following:Article I, Section 1, Clause 1 of the United StatesConstitution, in that the legislation concerns the exerciseof legislative powers generally granted to Congress by thatsection, including the exercise of those powers whendelegated by Congress to the Executive;Article I, Section 8, Clauses 1 to 17, of the United StatesConstitution, in that the legislation concerns the exerciseof specific legislative powers granted to Congress by thosesections, including the exercise of those powers whendelegated by Congress to the Executive;Article I, Section 8, clause 18 of the United StatesConstitution, in that the legislation exercises legislativepower granted to Congress by that clause ``to make all Lawswhich shall be necessary and proper for carrying intoExecution the foregoing Powers, and all other Powers vestedby this Constitution in the Government of the United States,or in any Department or Officer thereof;'' and,Article I, Section 5, Clause 2, of the United StatesConstitution, in that the legislation concerns the powers ofeach House of Congress to determine the rules of itsproceedings.[Page H46]</pre>]]></constitutionalAuthorityStatementText>
    <recordedVotes>
      <recordedVote>
        <rollNumber>8</rollNumber>
        <url>https://clerk.house.gov/evs/2017/roll008.xml</url>
        <fullActionName>Passage of a Measure</fullActionName>
        <chamber>House</chamber>
        <congress>115</congress>
        <date>2017-01-04T21:48:31Z</date>
        <sessionNumber>1</sessionNumber>
      </recordedVote>
      <recordedVote>
        <rollNumber>7</rollNumber>
        <url>https://clerk.house.gov/evs/2017/roll007.xml</url>
        <fullActionName>Motion to Commit/Recommit With Instructions Results</fullActionName>
        <chamber>House</chamber>
        <congress>115</congress>
        <date>2017-01-04T21:38:28Z</date>
        <sessionNumber>1</sessionNumber>
      </recordedVote>
    </recordedVotes>
    <committees>
      <billCommittees>
        <item>
          <systemCode>ssga00</systemCode>
          <name>Homeland Security and Governmental Affairs Committee</name>
          <chamber>Senate</chamber>
          <type>Standing</type>
          <subcommittees />
          <activities>
            <item>
              <name>Referred to</name>
              <date>2017-01-05T18:21:29Z</date>
            </item>
          </activities>
        </item>
        <item>
          <systemCode>hsju00</systemCode>
          <name>Judiciary Committee</name>
          <chamber>House</chamber>
          <type>Standing</type>
          <subcommittees>
            <item>
              <systemCode>hsju05</systemCode>
              <name>Antitrust, Commercial, and Administrative Law Subcommittee</name>
              <activities>
                <item>
                  <name>Referred to</name>
                  <date>2017-01-03T18:58:29Z</date>
                </item>
              </activities>
            </item>
          </subcommittees>
          <activities>
            <item>
              <name>Referred to</name>
              <date>2017-01-03T17:01:20Z</date>
            </item>
          </activities>
        </item>
        <item>
          <systemCode>hsru00</systemCode>
          <name>Rules Committee</name>
          <chamber>House</chamber>
          <type>Standing</type>
          <subcommittees />
          <activities>
            <item>
              <name>Referred to</name>
              <date>2017-01-03T17:01:25Z</date>
            </item>
          </activities>
        </item>
      </billCommittees>
    </committees>
    <committeeReports />
    <relatedBills>
      <item>
        <latestTitle>Midnight Rules Relief Act of 2017</latestTitle>
        <congress>115</congress>
        <number>34</number>
        <type>S</type>
        <latestAction>
          <actionDate>2017-10-05</actionDate>
          <text>Placed on Senate Legislative Calendar under General Orders. Calendar No. 233.</text>
        </latestAction>
        <relationshipDetails>
          <item>
            <type>Identical bill</type>
            <identifiedBy>CRS</identifiedBy>
          </item>
          <item>
            <type>Related bill</type>
            <identifiedBy>House</identifiedBy>
          </item>
        </relationshipDetails>
      </item>
      <item>
        <latestTitle>Adopting rules for the One Hundred Fifteenth Congress.</latestTitle>
        <congress>115</congress>
        <number>5</number>
        <type>HRES</type>
        <latestAction>
          <actionDate>2017-01-03</actionDate>
          <text>Motion to reconsider laid on the table Agreed to without objection.</text>
          <actionTime>16:03:00</actionTime>
        </latestAction>
        <relationshipDetails>
          <item>
            <type>Related bill</type>
            <identifiedBy>House</identifiedBy>
          </item>
        </relationshipDetails>
      </item>
    </relatedBills>
    <actions>
      <item>
        <actionDate>2017-01-05</actionDate>
        <committees>
          <item>
            <systemCode>ssga00</systemCode>
            <name>Homeland Security and Governmental Affairs Committee</name>
          </item>
        </committees>
        <links />
        <sourceSystem>
          <code>0</code>
          <name>Senate</name>
        </sourceSystem>
        <text>Received in the Senate and Read twice and referred to the Committee on Homeland Security and Governmental Affairs.</text>
        <type>IntroReferral</type>
      </item>
      <item>
        <actionDate>2017-01-04</actionDate>
        <actionTime>16:48:34</actionTime>
        <links />
        <text>Motion to reconsider laid on the table Agreed to without objection.</text>
        <type>Floor</type>
        <actionCode>H38310</actionCode>
        <sourceSystem>
          <code>2</code>
          <name>House floor actions</name>
        </sourceSystem>
        <committees />
      </item>
      <item>
        <actionDate>2017-01-04</actionDate>
        <actionTime>16:48:31</actionTime>
        <links />
        <text>On passage Passed by recorded vote: 238 - 184 (Roll no. 8). (text: CR H74)</text>
        <type>Floor</type>
        <actionCode>H37100</actionCode>
        <sourceSystem>
          <code>2</code>
          <name>House floor actions</name>
        </sourceSystem>
        <committees />
      </item>
      <item>
        <actionDate>2017-01-04</actionDate>
        <actionTime>16:48:31</actionTime>
        <links />
        <text>Passed/agreed to in House: On passage Passed by recorded vote: 238 - 184 (Roll no. 8).(text: CR H74)</text>
        <type>Floor</type>
        <actionCode>8000</actionCode>
        <sourceSystem>
          <code>9</code>
          <name>Library of Congress</name>
        </sourceSystem>
        <committees />
      </item>
      <item>
        <actionDate>2017-01-04</actionDate>
        <actionTime>16:38:28</actionTime>
        <links />
        <text>On motion to recommit with instructions Failed by the Yeas and Nays: 183 - 236 (Roll no. 7).</text>
        <type>Floor</type>
        <actionCode>H36110</actionCode>
        <sourceSystem>
          <code>2</code>
          <name>House floor actions</name>
        </sourceSystem>
        <committees>
          <item>
            <systemCode>hsju00</systemCode>
            <name>Judiciary Committee</name>
          </item>
        </committees>
      </item>
      <item>
        <actionDate>2017-01-04</actionDate>
        <actionTime>16:15:30</actionTime>
        <links />
        <text>Considered as unfinished business. (consideration: CR H86-87)</text>
        <type>Floor</type>
        <actionCode>H30000</actionCode>
        <sourceSystem>
          <code>2</code>
          <name>House floor actions</name>
        </sourceSystem>
        <committees />
      </item>
      <item>
        <actionDate>2017-01-04</actionDate>
        <actionTime>14:51:57</actionTime>
        <links />
        <text>POSTPONED PROCEEDINGS - At the conclusion of debate on the Castor (FL) motion to recommit, the Chair put the question on adoption of the motion to recommit and by voice vote, announced that the noes had prevailed. Ms. Castor (FL) demanded the yeas and nays and the Chair postponed further proceedings on adoption of the motion to recommit until a time to be announced.</text>
        <type>Floor</type>
        <actionCode>H8D000</actionCode>
        <sourceSystem>
          <code>2</code>
          <name>House floor actions</name>
        </sourceSystem>
        <committees />
      </item>
      <item>
        <actionDate>2017-01-04</actionDate>
        <actionTime>14:51:56</actionTime>
        <links />
        <text>The previous question on the motion to recommit with instructions was ordered without objection.</text>
        <type>Floor</type>
        <actionCode>H8A000</actionCode>
        <sourceSystem>
          <code>2</code>
          <name>House floor actions</name>
        </sourceSystem>
        <committees />
      </item>
      <item>
        <actionDate>2017-01-04</actionDate>
        <actionTime>14:41:40</actionTime>
        <links />
        <text>DEBATE - The House proceeded with 10 minutes of debate on the Castor (FL) motion to recommit with instructions. The instructions contained in the motion seek to require the bill to be reported back to the House with an amendment to add at the end of the bill a section 3 pertaining to exception for certain rules that prohibit discrimination by insurance issuers on the basis of gender or preexisting condition or that make healthcare more affordable for working Americans.</text>
        <type>Floor</type>
        <actionCode>H8D000</actionCode>
        <sourceSystem>
          <code>2</code>
          <name>House floor actions</name>
        </sourceSystem>
        <committees />
      </item>
      <item>
        <actionDate>2017-01-04</actionDate>
        <actionTime>14:41:29</actionTime>
        <links />
        <text>Ms. Castor (FL) moved to recommit with instructions to the Committee on the Judiciary. (text: CR H84)</text>
        <type>Floor</type>
        <actionCode>H36100</actionCode>
        <sourceSystem>
          <code>2</code>
          <name>House floor actions</name>
        </sourceSystem>
        <committees>
          <item>
            <systemCode>hsju00</systemCode>
            <name>Judiciary Committee</name>
          </item>
        </committees>
      </item>
      <item>
        <actionDate>2017-01-04</actionDate>
        <actionTime>14:40:56</actionTime>
        <links />
        <text>The previous question was ordered pursuant to the rule.</text>
        <type>Floor</type>
        <actionCode>H35000</actionCode>
        <sourceSystem>
          <code>2</code>
          <name>House floor actions</name>
        </sourceSystem>
        <committees />
      </item>
      <item>
        <actionDate>2017-01-04</actionDate>
        <actionTime>13:35:57</actionTime>
        <links />
        <text>DEBATE - The House proceeded with one hour of debate on H.R. 21.</text>
        <type>Floor</type>
        <actionCode>H8D000</actionCode>
        <sourceSystem>
          <code>2</code>
          <name>House floor actions</name>
        </sourceSystem>
        <committees />
      </item>
      <item>
        <actionDate>2017-01-04</actionDate>
        <actionTime>13:35:35</actionTime>
        <links />
        <text>The rule provides for one hour of debate and one motion to recommit.</text>
        <type>Floor</type>
        <actionCode>H8D000</actionCode>
        <sourceSystem>
          <code>2</code>
          <name>House floor actions</name>
        </sourceSystem>
        <committees />
      </item>
      <item>
        <actionDate>2017-01-04</actionDate>
        <actionTime>13:35:19</actionTime>
        <links />
        <text>Considered under the provisions of rule H. Res. 5. (consideration: CR H74-86)</text>
        <type>Floor</type>
        <actionCode>H30000</actionCode>
        <sourceSystem>
          <code>2</code>
          <name>House floor actions</name>
        </sourceSystem>
        <committees />
      </item>
      <item>
        <actionDate>2017-01-03</actionDate>
        <committees>
          <item>
            <systemCode>hsju05</systemCode>
            <name>Antitrust, Commercial, and Administrative Law Subcommittee</name>
          </item>
        </committees>
        <links />
        <sourceSystem>
          <code>1</code>
          <name>House committee actions</name>
        </sourceSystem>
        <text>Referred to the Subcommittee on Regulatory Reform, Commercial And Antitrust Law.</text>
        <type>Committee</type>
      </item>
      <item>
        <actionDate>2017-01-03</actionDate>
        <links />
        <text>Referred to the Committee on the Judiciary, and in addition to the Committee on Rules, for a period to be subsequently determined by the Speaker, in each case for consideration of such provisions as fall within the jurisdiction of the committee concerned.</text>
        <type>IntroReferral</type>
        <actionCode>H11100</actionCode>
        <sourceSystem>
          <code>2</code>
          <name>House floor actions</name>
        </sourceSystem>
        <committees>
          <item>
            <systemCode>hsru00</systemCode>
            <name>Rules Committee</name>
          </item>
        </committees>
      </item>
      <item>
        <actionDate>2017-01-03</actionDate>
        <links />
        <text>Referred to the Committee on the Judiciary, and in addition to the Committee on Rules, for a period to be subsequently determined by the Speaker, in each case for consideration of such provisions as fall within the jurisdiction of the committee concerned.</text>
        <type>IntroReferral</type>
        <actionCode>H11100-A</actionCode>
        <sourceSystem>
          <code>9</code>
          <name>Library of Congress</name>
        </sourceSystem>
        <committees />
      </item>
      <item>
        <actionDate>2017-01-03</actionDate>
        <links />
        <text>Referred to the Committee on the Judiciary, and in addition to the Committee on Rules, for a period to be subsequently determined by the Speaker, in each case for consideration of such provisions as fall within the jurisdiction of the committee concerned.</text>
        <type>IntroReferral</type>
        <actionCode>H11100</actionCode>
        <sourceSystem>
          <code>2</code>
          <name>House floor actions</name>
        </sourceSystem>
        <committees>
          <item>
            <systemCode>hsju00</systemCode>
            <name>Judiciary Committee</name>
          </item>
        </committees>
      </item>
      <item>
        <actionDate>2017-01-03</actionDate>
        <links />
        <text>Introduced in House</text>
        <type>IntroReferral</type>
        <actionCode>Intro-H</actionCode>
        <sourceSystem>
          <code>9</code>
          <name>Library of Congress</name>
        </sourceSystem>
        <committees />
      </item>
      <item>
        <actionDate>2017-01-03</actionDate>
        <links />
        <text>Introduced in House</text>
        <type>IntroReferral</type>
        <actionCode>1000</actionCode>
        <sourceSystem>
          <code>9</code>
          <name>Library of Congress</name>
        </sourceSystem>
        <committees />
      </item>
      <actionTypeCounts>
        <referredToCommittee>1</referredToCommittee>
        <motionToReconsiderResults>1</motionToReconsiderResults>
        <passageOfAMeasure>1</passageOfAMeasure>
        <passedAgreedToInHouse>1</passedAgreedToInHouse>
        <motionToCommitRecommitWithInstructionsResults>1</motionToCommitRecommitWithInstructionsResults>
        <considerationByHouse>2</considerationByHouse>
        <generalDebate>4</generalDebate>
        <placeholderTextForHA>1</placeholderTextForHA>
        <motionToCommitRecommitWithInstructionsOffered>1</motionToCommitRecommitWithInstructionsOffered>
        <motionForPreviousQuestion>1</motionForPreviousQuestion>
        <placeholderTextForH>1</placeholderTextForH>
        <billReferrals>2</billReferrals>
        <billReferralsAggregate>1</billReferralsAggregate>
        <introducedInTheHouse>1</introducedInTheHouse>
        <introducedInHouse>1</introducedInHouse>
      </actionTypeCounts>
      <actionByCounts>
        <senate>1</senate>
        <houseOfRepresentatives>19</houseOfRepresentatives>
      </actionByCounts>
    </actions>
    <sponsors>
      <item>
        <bioguideId>I000056</bioguideId>
        <fullName>Rep. Issa, Darrell E. [R-CA-49]</fullName>
        <firstName>DARRELL</firstName>
        <middleName>E.</middleName>
        <lastName>ISSA</lastName>
        <party>R</party>
        <state>CA</state>
        <identifiers>
          <lisID>1640</lisID>
          <bioguideId>I000056</bioguideId>
          <gpoId>7854</gpoId>
        </identifiers>
        <district>49</district>
        <byRequestType />
      </item>
    </sponsors>
    <cosponsors>
      <item>
        <bioguideId>G000289</bioguideId>
        <fullName>Rep. Goodlatte, Bob [R-VA-6]</fullName>
        <firstName>ROBERT</firstName>
        <middleName>W.</middleName>
        <lastName>GOODLATTE</lastName>
        <party>R</party>
        <state>VA</state>
        <identifiers>
          <lisID>446</lisID>
          <bioguideId>G000289</bioguideId>
          <gpoId>8197</gpoId>
        </identifiers>
        <district>6</district>
        <sponsorshipDate>2017-01-03</sponsorshipDate>
        <isOriginalCosponsor>True</isOriginalCosponsor>
        <sponsorshipWithdrawnDate />
      </item>
      <item>
        <bioguideId>S000250</bioguideId>
        <fullName>Rep. Sessions, Pete [R-TX-32]</fullName>
        <firstName>PETE</firstName>
        <middleName />
        <lastName>SESSIONS</lastName>
        <party>R</party>
        <state>TX</state>
        <identifiers>
          <lisID>1525</lisID>
          <bioguideId>S000250</bioguideId>
          <gpoId>8188</gpoId>
        </identifiers>
        <district>32</district>
        <sponsorshipDate>2017-01-03</sponsorshipDate>
        <isOriginalCosponsor>True</isOriginalCosponsor>
        <sponsorshipWithdrawnDate />
      </item>
      <item>
        <bioguideId>C001093</bioguideId>
        <fullName>Rep. Collins, Doug [R-GA-9]</fullName>
        <firstName>Doug</firstName>
        <middleName />
        <lastName>Collins</lastName>
        <party>R</party>
        <state>GA</state>
        <identifiers>
          <lisID>2121</lisID>
          <bioguideId>C001093</bioguideId>
          <gpoId />
        </identifiers>
        <district>9</district>
        <sponsorshipDate>2017-01-03</sponsorshipDate>
        <isOriginalCosponsor>True</isOriginalCosponsor>
        <sponsorshipWithdrawnDate />
      </item>
      <item>
        <bioguideId>J000289</bioguideId>
        <fullName>Rep. Jordan, Jim [R-OH-4]</fullName>
        <firstName>Jim</firstName>
        <middleName />
        <lastName>Jordan</lastName>
        <party>R</party>
        <state>OH</state>
        <identifiers>
          <lisID>1868</lisID>
          <bioguideId>J000289</bioguideId>
          <gpoId>8094</gpoId>
        </identifiers>
        <district>4</district>
        <sponsorshipDate>2017-01-03</sponsorshipDate>
        <isOriginalCosponsor>True</isOriginalCosponsor>
        <sponsorshipWithdrawnDate />
      </item>
      <item>
        <bioguideId>M001179</bioguideId>
        <fullName>Rep. Marino, Tom [R-PA-10]</fullName>
        <firstName>Tom</firstName>
        <middleName />
        <lastName>Marino</lastName>
        <party>R</party>
        <state>PA</state>
        <identifiers>
          <lisID>2053</lisID>
          <bioguideId>M001179</bioguideId>
          <gpoId>8128</gpoId>
        </identifiers>
        <district>10</district>
        <sponsorshipDate>2017-01-03</sponsorshipDate>
        <isOriginalCosponsor>True</isOriginalCosponsor>
        <sponsorshipWithdrawnDate />
      </item>
      <item>
        <bioguideId>H001052</bioguideId>
        <fullName>Rep. Harris, Andy [R-MD-1]</fullName>
        <firstName>Andy</firstName>
        <middleName />
        <lastName>Harris</lastName>
        <party>R</party>
        <state>MD</state>
        <identifiers>
          <lisID>2026</lisID>
          <bioguideId>H001052</bioguideId>
          <gpoId>7976</gpoId>
        </identifiers>
        <district>1</district>
        <sponsorshipDate>2017-01-03</sponsorshipDate>
        <isOriginalCosponsor>True</isOriginalCosponsor>
        <sponsorshipWithdrawnDate />
      </item>
      <item>
        <bioguideId>G000568</bioguideId>
        <fullName>Rep. Griffith, H. Morgan [R-VA-9]</fullName>
        <firstName>H.</firstName>
        <middleName>Morgan</middleName>
        <lastName>Griffith</lastName>
        <party>R</party>
        <state>VA</state>
        <identifiers>
          <lisID>2070</lisID>
          <bioguideId>G000568</bioguideId>
          <gpoId>8200</gpoId>
        </identifiers>
        <district>9</district>
        <sponsorshipDate>2017-01-03</sponsorshipDate>
        <isOriginalCosponsor>True</isOriginalCosponsor>
        <sponsorshipWithdrawnDate />
      </item>
      <item>
        <bioguideId>R000601</bioguideId>
        <fullName>Rep. Ratcliffe, John [R-TX-4]</fullName>
        <firstName>John</firstName>
        <middleName />
        <lastName>Ratcliffe</lastName>
        <party>R</party>
        <state>TX</state>
        <identifiers>
          <lisID>2268</lisID>
          <bioguideId>R000601</bioguideId>
          <gpoId />
        </identifiers>
        <district>4</district>
        <sponsorshipDate>2017-01-03</sponsorshipDate>
        <isOriginalCosponsor>True</isOriginalCosponsor>
        <sponsorshipWithdrawnDate />
      </item>
      <item>
        <bioguideId>J000297</bioguideId>
        <fullName>Rep. Jenkins, Evan H. [R-WV-3]</fullName>
        <firstName>Evan</firstName>
        <middleName>H.</middleName>
        <lastName>Jenkins</lastName>
        <party>R</party>
        <state>WV</state>
        <identifiers>
          <lisID>2278</lisID>
          <bioguideId>J000297</bioguideId>
          <gpoId />
        </identifiers>
        <district>3</district>
        <sponsorshipDate>2017-01-03</sponsorshipDate>
        <isOriginalCosponsor>True</isOriginalCosponsor>
        <sponsorshipWithdrawnDate />
      </item>
      <item>
        <bioguideId>S000583</bioguideId>
        <fullName>Rep. Smith, Lamar [R-TX-21]</fullName>
        <firstName>LAMAR</firstName>
        <middleName />
        <lastName>SMITH</lastName>
        <party>R</party>
        <state>TX</state>
        <identifiers>
          <lisID>1075</lisID>
          <bioguideId>S000583</bioguideId>
          <gpoId>8177</gpoId>
        </identifiers>
        <district>21</district>
        <sponsorshipDate>2017-01-03</sponsorshipDate>
        <isOriginalCosponsor>True</isOriginalCosponsor>
        <sponsorshipWithdrawnDate />
      </item>
      <item>
        <bioguideId>G000566</bioguideId>
        <fullName>Rep. Gowdy, Trey [R-SC-4]</fullName>
        <firstName>Trey</firstName>
        <middleName />
        <lastName>Gowdy</lastName>
        <party>R</party>
        <state>SC</state>
        <identifiers>
          <lisID>2058</lisID>
          <bioguideId>G000566</bioguideId>
          <gpoId>8144</gpoId>
        </identifiers>
        <district>4</district>
        <sponsorshipDate>2017-01-03</sponsorshipDate>
        <isOriginalCosponsor>True</isOriginalCosponsor>
        <sponsorshipWithdrawnDate />
      </item>
      <item>
        <bioguideId>P000258</bioguideId>
        <fullName>Rep. Peterson, Collin C. [D-MN-7]</fullName>
        <firstName>COLLIN</firstName>
        <middleName>C.</middleName>
        <lastName>PETERSON</lastName>
        <party>D</party>
        <state>MN</state>
        <identifiers>
          <lisID>910</lisID>
          <bioguideId>P000258</bioguideId>
          <gpoId>8007</gpoId>
        </identifiers>
        <district>7</district>
        <sponsorshipDate>2017-01-03</sponsorshipDate>
        <isOriginalCosponsor>True</isOriginalCosponsor>
        <sponsorshipWithdrawnDate />
      </item>
      <item>
        <bioguideId>H001053</bioguideId>
        <fullName>Rep. Hartzler, Vicky [R-MO-4]</fullName>
        <firstName>Vicky</firstName>
        <middleName />
        <lastName>Hartzler</lastName>
        <party>R</party>
        <state>MO</state>
        <identifiers>
          <lisID>2032</lisID>
          <bioguideId>H001053</bioguideId>
          <gpoId>8012</gpoId>
        </identifiers>
        <district>4</district>
        <sponsorshipDate>2017-01-03</sponsorshipDate>
        <isOriginalCosponsor>True</isOriginalCosponsor>
        <sponsorshipWithdrawnDate />
      </item>
      <item>
        <bioguideId>G000578</bioguideId>
        <fullName>Rep. Gaetz, Matt [R-FL-1]</fullName>
        <firstName>Matt</firstName>
        <middleName />
        <lastName>Gaetz</lastName>
        <party>R</party>
        <state>FL</state>
        <identifiers>
          <lisID>2314</lisID>
          <bioguideId>G000578</bioguideId>
          <gpoId />
        </identifiers>
        <district>1</district>
        <sponsorshipDate>2017-01-04</sponsorshipDate>
        <isOriginalCosponsor>False</isOriginalCosponsor>
        <sponsorshipWithdrawnDate />
      </item>
    </cosponsors>
    <cboCostEstimates />
    <laws />
    <notes />
    <policyArea>
      <name>Government Operations and Politics</name>
    </policyArea>
    <subjects>
      <billSubjects>
        <legislativeSubjects>
          <item>
            <name>Administrative law and regulatory procedures</name>
          </item>
          <item>
            <name>Congressional oversight</name>
          </item>
          <item>
            <name>Legislative rules and procedure</name>
          </item>
          <item>
            <name>Presidential administrations</name>
          </item>
          <item>
            <name>Presidents and presidential powers, Vice Presidents</name>
          </item>
        </legislativeSubjects>
        <policyArea>
          <name>Government Operations and Politics</name>
        </policyArea>
      </billSubjects>
    </subjects>
    <summaries>
      <billSummaries>
        <item>
          <versionCode>00</versionCode>
          <actionDate>2017-01-03</actionDate>
          <actionDesc>Introduced in House</actionDesc>
          <lastSummaryUpdateDate>2017-01-05T15:46:43Z</lastSummaryUpdateDate>
          <text><![CDATA[<p><b>Midnight Rules Relief Act of 2017</b></p> <p>This bill amends the Congressional Review Act to allow Congress to consider a joint resolution to disapprove multiple regulations that federal agencies have submitted for congressional review within the last 60 legislative days of a session of Congress during the final year of a President's term. Congress may disapprove a group of such regulations together (i.e., "en bloc") instead of the current procedure of considering only one regulation at a time.</p>]]></text>
          <updateDate>2017-01-03T05:00:00Z</updateDate>
          <name>Introduced in House</name>
        </item>
        <item>
          <versionCode>81</versionCode>
          <actionDate>2017-01-04</actionDate>
          <actionDesc>Passed House without amendment</actionDesc>
          <lastSummaryUpdateDate>2017-01-09T20:55:27Z</lastSummaryUpdateDate>
          <text><![CDATA[<p>(This measure has not been amended since it was introduced. The summary has been expanded because action occurred on the measure.)</p> <p><b>Midnight Rules Relief Act of 2017</b></p> <p>(Sec. 2) This bill amends the Congressional Review Act to allow Congress to consider a joint resolution to disapprove multiple regulations that federal agencies have submitted for congressional review within the last 60 legislative days of a session of Congress during the final year of a President's term. Congress may disapprove a group of such regulations together (i.e., "en bloc") instead of the current procedure of considering only one regulation at a time.</p>]]></text>
          <updateDate>2017-01-04T14:39:53Z</updateDate>
          <name>Passed House without amendment</name>
        </item>
      </billSummaries>
    </summaries>
    <title>Midnight Rules Relief Act of 2017</title>
    <titles>
      <item>
        <titleType>Official Title as Introduced</titleType>
        <parentTitleType />
        <title>To amend chapter 8 of title 5, United States Code, to provide for en bloc consideration in resolutions of disapproval for "midnight rules", and for other purposes.</title>
        <chamberCode />
        <chamberName />
      </item>
      <item>
        <titleType>Short Titles as Introduced</titleType>
        <parentTitleType />
        <title>Midnight Rules Relief Act of 2017</title>
        <chamberCode />
        <chamberName />
      </item>
      <item>
        <titleType>Short Titles as Passed House</titleType>
        <parentTitleType>Short Titles House of Representatives</parentTitleType>
        <title>Midnight Rules Relief Act of 2017</title>
        <chamberCode>H</chamberCode>
        <chamberName>House</chamberName>
      </item>
      <item>
        <titleType>Display Title</titleType>
        <parentTitleType />
        <title>Midnight Rules Relief Act of 2017</title>
        <chamberCode />
        <chamberName />
      </item>
    </titles>
    <amendments />
    <textVersions>
      <item>
        <type>Referred in Senate</type>
        <date>2017-01-05T05:00:00Z</date>
        <formats>
          <item>
            <url>https://www.govinfo.gov/content/pkg/BILLS-115hr21rfs/xml/BILLS-115hr21rfs.xml</url>
          </item>
        </formats>
      </item>
      <item>
        <type>Engrossed in House</type>
        <date>2017-01-04T05:00:00Z</date>
        <formats>
          <item>
            <url>https://www.govinfo.gov/content/pkg/BILLS-115hr21eh/xml/BILLS-115hr21eh.xml</url>
          </item>
        </formats>
      </item>
      <item>
        <type>Introduced in House</type>
        <date>2017-01-03T05:00:00Z</date>
        <formats>
          <item>
            <url>https://www.govinfo.gov/content/pkg/BILLS-115hr21ih/xml/BILLS-115hr21ih.xml</url>
          </item>
        </formats>
      </item>
    </textVersions>
    <latestAction>
      <actionDate>2017-01-05</actionDate>
      <text>Received in the Senate and Read twice and referred to the Committee on Homeland Security and Governmental Affairs.</text>
      <links />
    </latestAction>
    <calendarNumbers />
    <version>1.0.0</version>
  </bill>
  <dublinCore xmlns:dc="http://purl.org/dc/elements/1.1/">
    <dc:format>text/xml</dc:format>
    <dc:language>EN</dc:language>
    <dc:rights>Pursuant to Title 17 Section 105 of the United States Code, this file is not subject to copyright protection and is in the public domain.</dc:rights>
    <dc:contributor>Congressional Research Service, Library of Congress</dc:contributor>
    <dc:description>This file contains bill summaries and statuses for federal legislation. A bill summary describes the most significant provisions of a piece of legislation and details the effects the legislative text may have on current law and federal programs. Bill summaries are authored by the Congressional Research Service (CRS) of the Library of Congress. As stated in Public Law 91-510 (2 USC 166 (d)(6)), one of the duties of CRS is "to prepare summaries and digests of bills and resolutions of a public general nature introduced in the Senate or House of Representatives". For more information, refer to the User Guide that accompanies this file.</dc:description>
  </dublinCore>
</billStatus>

