<?xml version="1.0" encoding="UTF-8"?>
<billStatus>
  <bill>
    <billNumber>809</billNumber>
    <createDate>2017-02-02T05:28:45Z</createDate>
    <updateDate>2021-07-10T20:08:07Z</updateDate>
    <originChamber>House</originChamber>
    <billType>HR</billType>
    <introducedDate>2017-02-01</introducedDate>
    <congress>115</congress>
    <constitutionalAuthorityStatementText><![CDATA[<pre>[Congressional Record Volume 163, Number 17 (Wednesday, February 1, 2017)]From the Congressional Record Online through the Government Publishing Office [<a href='http://www.gpo.gov'>www.gpo.gov</a>]By Mr. ROSS:H.R. 809.Congress has the power to enact this legislation pursuantto the following:Article I, Section 8, Clause 18[Page H878]</pre>]]></constitutionalAuthorityStatementText>
    <recordedVotes />
    <committees>
      <billCommittees>
        <item>
          <systemCode>hsvr00</systemCode>
          <name>Veterans' Affairs Committee</name>
          <chamber>House</chamber>
          <type>Standing</type>
          <subcommittees>
            <item>
              <systemCode>hsvr09</systemCode>
              <name>Disability Assistance and Memorial Affairs Subcommittee</name>
              <activities>
                <item>
                  <name>Referred to</name>
                  <date>2017-02-06T18:08:03Z</date>
                </item>
              </activities>
            </item>
          </subcommittees>
          <activities>
            <item>
              <name>Referred to</name>
              <date>2017-02-01T15:00:48Z</date>
            </item>
          </activities>
        </item>
      </billCommittees>
    </committees>
    <committeeReports />
    <relatedBills />
    <actions>
      <item>
        <actionDate>2017-02-06</actionDate>
        <committees>
          <item>
            <systemCode>hsvr09</systemCode>
            <name>Disability Assistance and Memorial Affairs Subcommittee</name>
          </item>
        </committees>
        <links />
        <sourceSystem>
          <code>1</code>
          <name>House committee actions</name>
        </sourceSystem>
        <text>Referred to the Subcommittee on Disability Assistance and Memorial Affairs.</text>
        <type>Committee</type>
      </item>
      <item>
        <actionDate>2017-02-01</actionDate>
        <links />
        <text>Referred to the House Committee on Veterans' Affairs.</text>
        <type>IntroReferral</type>
        <actionCode>H11100</actionCode>
        <sourceSystem>
          <code>2</code>
          <name>House floor actions</name>
        </sourceSystem>
        <committees>
          <item>
            <systemCode>hsvr00</systemCode>
            <name>Veterans' Affairs Committee</name>
          </item>
        </committees>
      </item>
      <item>
        <actionDate>2017-02-01</actionDate>
        <links />
        <text>Introduced in House</text>
        <type>IntroReferral</type>
        <actionCode>Intro-H</actionCode>
        <sourceSystem>
          <code>9</code>
          <name>Library of Congress</name>
        </sourceSystem>
        <committees />
      </item>
      <item>
        <actionDate>2017-02-01</actionDate>
        <links />
        <text>Introduced in House</text>
        <type>IntroReferral</type>
        <actionCode>1000</actionCode>
        <sourceSystem>
          <code>9</code>
          <name>Library of Congress</name>
        </sourceSystem>
        <committees />
      </item>
      <actionTypeCounts>
        <placeholderTextForH>1</placeholderTextForH>
        <billReferrals>1</billReferrals>
        <introducedInTheHouse>1</introducedInTheHouse>
        <introducedInHouse>1</introducedInHouse>
      </actionTypeCounts>
      <actionByCounts>
        <houseOfRepresentatives>4</houseOfRepresentatives>
      </actionByCounts>
    </actions>
    <sponsors>
      <item>
        <bioguideId>R000593</bioguideId>
        <fullName>Rep. Ross, Dennis A. [R-FL-15]</fullName>
        <firstName>Dennis</firstName>
        <middleName>A.</middleName>
        <lastName>Ross</lastName>
        <party>R</party>
        <state>FL</state>
        <identifiers>
          <lisID>2003</lisID>
          <bioguideId>R000593</bioguideId>
          <gpoId>7884</gpoId>
        </identifiers>
        <district>15</district>
        <byRequestType />
      </item>
    </sponsors>
    <cosponsors>
      <item>
        <bioguideId>V000130</bioguideId>
        <fullName>Rep. Vargas, Juan [D-CA-51]</fullName>
        <firstName>Juan</firstName>
        <middleName />
        <lastName>Vargas</lastName>
        <party>D</party>
        <state>CA</state>
        <identifiers>
          <lisID>2112</lisID>
          <bioguideId>V000130</bioguideId>
          <gpoId />
        </identifiers>
        <district>51</district>
        <sponsorshipDate>2017-04-20</sponsorshipDate>
        <isOriginalCosponsor>False</isOriginalCosponsor>
        <sponsorshipWithdrawnDate />
      </item>
      <item>
        <bioguideId>B001245</bioguideId>
        <fullName>Del. Bordallo, Madeleine Z. [D-GU-At Large]</fullName>
        <firstName>Madeleine</firstName>
        <middleName>Z.</middleName>
        <lastName>Bordallo</lastName>
        <party>D</party>
        <state>GU</state>
        <identifiers>
          <lisID>1723</lisID>
          <bioguideId>B001245</bioguideId>
          <gpoId>7911</gpoId>
        </identifiers>
        <district>0</district>
        <sponsorshipDate>2017-04-20</sponsorshipDate>
        <isOriginalCosponsor>False</isOriginalCosponsor>
        <sponsorshipWithdrawnDate />
      </item>
      <item>
        <bioguideId>R000600</bioguideId>
        <fullName>Del. Radewagen, Aumua Amata Coleman [R-AS-At Large]</fullName>
        <firstName>Aumua Amata</firstName>
        <middleName>Coleman</middleName>
        <lastName>Radewagen</lastName>
        <party>R</party>
        <state>AS</state>
        <identifiers>
          <lisID>2222</lisID>
          <bioguideId>R000600</bioguideId>
          <gpoId />
        </identifiers>
        <district>0</district>
        <sponsorshipDate>2017-04-20</sponsorshipDate>
        <isOriginalCosponsor>False</isOriginalCosponsor>
        <sponsorshipWithdrawnDate />
      </item>
      <item>
        <bioguideId>B001289</bioguideId>
        <fullName>Rep. Byrne, Bradley [R-AL-1]</fullName>
        <firstName>Bradley</firstName>
        <middleName />
        <lastName>Byrne</lastName>
        <party>R</party>
        <state>AL</state>
        <identifiers>
          <lisID>2197</lisID>
          <bioguideId>B001289</bioguideId>
          <gpoId />
        </identifiers>
        <district>1</district>
        <sponsorshipDate>2017-04-27</sponsorshipDate>
        <isOriginalCosponsor>False</isOriginalCosponsor>
        <sponsorshipWithdrawnDate />
      </item>
      <item>
        <bioguideId>G000565</bioguideId>
        <fullName>Rep. Gosar, Paul A. [R-AZ-4]</fullName>
        <firstName>Paul</firstName>
        <middleName>A.</middleName>
        <lastName>Gosar</lastName>
        <party>R</party>
        <state>AZ</state>
        <identifiers>
          <lisID>1992</lisID>
          <bioguideId>G000565</bioguideId>
          <gpoId>7798</gpoId>
        </identifiers>
        <district>4</district>
        <sponsorshipDate>2017-05-01</sponsorshipDate>
        <isOriginalCosponsor>False</isOriginalCosponsor>
        <sponsorshipWithdrawnDate />
      </item>
      <item>
        <bioguideId>B001227</bioguideId>
        <fullName>Rep. Brady, Robert A. [D-PA-1]</fullName>
        <firstName>ROBERT</firstName>
        <middleName>A.</middleName>
        <lastName>BRADY</lastName>
        <party>D</party>
        <state>PA</state>
        <identifiers>
          <lisID>1469</lisID>
          <bioguideId>B001227</bioguideId>
          <gpoId>8119</gpoId>
        </identifiers>
        <district>1</district>
        <sponsorshipDate>2017-05-11</sponsorshipDate>
        <isOriginalCosponsor>False</isOriginalCosponsor>
        <sponsorshipWithdrawnDate />
      </item>
      <item>
        <bioguideId>O000171</bioguideId>
        <fullName>Rep. O'Halleran, Tom [D-AZ-1]</fullName>
        <firstName>Tom</firstName>
        <middleName />
        <lastName>O'Halleran</lastName>
        <party>D</party>
        <state>AZ</state>
        <identifiers>
          <lisID>2306</lisID>
          <bioguideId>O000171</bioguideId>
          <gpoId />
        </identifiers>
        <district>1</district>
        <sponsorshipDate>2017-07-27</sponsorshipDate>
        <isOriginalCosponsor>False</isOriginalCosponsor>
        <sponsorshipWithdrawnDate />
      </item>
      <item>
        <bioguideId>R000603</bioguideId>
        <fullName>Rep. Rouzer, David [R-NC-7]</fullName>
        <firstName>David</firstName>
        <middleName />
        <lastName>Rouzer</lastName>
        <party>R</party>
        <state>NC</state>
        <identifiers>
          <lisID>2256</lisID>
          <bioguideId>R000603</bioguideId>
          <gpoId />
        </identifiers>
        <district>7</district>
        <sponsorshipDate>2017-09-26</sponsorshipDate>
        <isOriginalCosponsor>False</isOriginalCosponsor>
        <sponsorshipWithdrawnDate />
      </item>
      <item>
        <bioguideId>T000478</bioguideId>
        <fullName>Rep. Tenney, Claudia [R-NY-22]</fullName>
        <firstName>Claudia</firstName>
        <middleName />
        <lastName>Tenney</lastName>
        <party>R</party>
        <state>NY</state>
        <identifiers>
          <lisID>2344</lisID>
          <bioguideId>T000478</bioguideId>
          <gpoId />
        </identifiers>
        <district>22</district>
        <sponsorshipDate>2017-11-02</sponsorshipDate>
        <isOriginalCosponsor>False</isOriginalCosponsor>
        <sponsorshipWithdrawnDate />
      </item>
      <item>
        <bioguideId>P000592</bioguideId>
        <fullName>Rep. Poe, Ted [R-TX-2]</fullName>
        <firstName>Ted</firstName>
        <middleName />
        <lastName>Poe</lastName>
        <party>R</party>
        <state>TX</state>
        <identifiers>
          <lisID>1802</lisID>
          <bioguideId>P000592</bioguideId>
          <gpoId>8158</gpoId>
        </identifiers>
        <district>2</district>
        <sponsorshipDate>2017-12-18</sponsorshipDate>
        <isOriginalCosponsor>False</isOriginalCosponsor>
        <sponsorshipWithdrawnDate />
      </item>
      <item>
        <bioguideId>M001177</bioguideId>
        <fullName>Rep. McClintock, Tom [R-CA-4]</fullName>
        <firstName>Tom</firstName>
        <middleName />
        <lastName>McClintock</lastName>
        <party>R</party>
        <state>CA</state>
        <identifiers>
          <lisID>1908</lisID>
          <bioguideId>M001177</bioguideId>
          <gpoId>7809</gpoId>
        </identifiers>
        <district>4</district>
        <sponsorshipDate>2018-02-14</sponsorshipDate>
        <isOriginalCosponsor>False</isOriginalCosponsor>
        <sponsorshipWithdrawnDate />
      </item>
      <item>
        <bioguideId>K000382</bioguideId>
        <fullName>Rep. Kuster, Ann M. [D-NH-2]</fullName>
        <firstName>Ann</firstName>
        <middleName>M.</middleName>
        <lastName>Kuster</lastName>
        <party>D</party>
        <state>NH</state>
        <identifiers>
          <lisID>2145</lisID>
          <bioguideId>K000382</bioguideId>
          <gpoId />
        </identifiers>
        <district>2</district>
        <sponsorshipDate>2018-02-20</sponsorshipDate>
        <isOriginalCosponsor>False</isOriginalCosponsor>
        <sponsorshipWithdrawnDate />
      </item>
      <item>
        <bioguideId>B001257</bioguideId>
        <fullName>Rep. Bilirakis, Gus M. [R-FL-12]</fullName>
        <firstName>Gus</firstName>
        <middleName>M.</middleName>
        <lastName>Bilirakis</lastName>
        <party>R</party>
        <state>FL</state>
        <identifiers>
          <lisID>1838</lisID>
          <bioguideId>B001257</bioguideId>
          <gpoId>7881</gpoId>
        </identifiers>
        <district>12</district>
        <sponsorshipDate>2018-03-06</sponsorshipDate>
        <isOriginalCosponsor>False</isOriginalCosponsor>
        <sponsorshipWithdrawnDate />
      </item>
      <item>
        <bioguideId>W000800</bioguideId>
        <fullName>Rep. Welch, Peter [D-VT-At Large]</fullName>
        <firstName>Peter</firstName>
        <middleName />
        <lastName>Welch</lastName>
        <party>D</party>
        <state>VT</state>
        <identifiers>
          <lisID>1879</lisID>
          <bioguideId>W000800</bioguideId>
          <gpoId>8204</gpoId>
        </identifiers>
        <district>0</district>
        <sponsorshipDate>2018-03-06</sponsorshipDate>
        <isOriginalCosponsor>False</isOriginalCosponsor>
        <sponsorshipWithdrawnDate />
      </item>
      <item>
        <bioguideId>L000578</bioguideId>
        <fullName>Rep. LaMalfa, Doug [R-CA-1]</fullName>
        <firstName>Doug</firstName>
        <middleName />
        <lastName>LaMalfa</lastName>
        <party>R</party>
        <state>CA</state>
        <identifiers>
          <lisID>2100</lisID>
          <bioguideId>L000578</bioguideId>
          <gpoId />
        </identifiers>
        <district>1</district>
        <sponsorshipDate>2018-03-06</sponsorshipDate>
        <isOriginalCosponsor>False</isOriginalCosponsor>
        <sponsorshipWithdrawnDate />
      </item>
      <item>
        <bioguideId>W000806</bioguideId>
        <fullName>Rep. Webster, Daniel [R-FL-11]</fullName>
        <firstName>Daniel</firstName>
        <middleName />
        <lastName>Webster</lastName>
        <party>R</party>
        <state>FL</state>
        <identifiers>
          <lisID>2002</lisID>
          <bioguideId>W000806</bioguideId>
          <gpoId>7880</gpoId>
        </identifiers>
        <district>11</district>
        <sponsorshipDate>2018-03-07</sponsorshipDate>
        <isOriginalCosponsor>False</isOriginalCosponsor>
        <sponsorshipWithdrawnDate />
      </item>
      <item>
        <bioguideId>C001107</bioguideId>
        <fullName>Rep. Curbelo, Carlos [R-FL-26]</fullName>
        <firstName>Carlos</firstName>
        <middleName />
        <lastName>Curbelo</lastName>
        <party>R</party>
        <state>FL</state>
        <identifiers>
          <lisID>2235</lisID>
          <bioguideId>C001107</bioguideId>
          <gpoId />
        </identifiers>
        <district>26</district>
        <sponsorshipDate>2018-04-10</sponsorshipDate>
        <isOriginalCosponsor>False</isOriginalCosponsor>
        <sponsorshipWithdrawnDate />
      </item>
      <item>
        <bioguideId>S001200</bioguideId>
        <fullName>Rep. Soto, Darren [D-FL-9]</fullName>
        <firstName>Darren</firstName>
        <middleName />
        <lastName>Soto</lastName>
        <party>D</party>
        <state>FL</state>
        <identifiers>
          <lisID>2319</lisID>
          <bioguideId>S001200</bioguideId>
          <gpoId />
        </identifiers>
        <district>9</district>
        <sponsorshipDate>2018-04-16</sponsorshipDate>
        <isOriginalCosponsor>False</isOriginalCosponsor>
        <sponsorshipWithdrawnDate />
      </item>
      <item>
        <bioguideId>D000623</bioguideId>
        <fullName>Rep. DeSaulnier, Mark [D-CA-11]</fullName>
        <firstName>Mark</firstName>
        <middleName />
        <lastName>DeSaulnier</lastName>
        <party>D</party>
        <state>CA</state>
        <identifiers>
          <lisID>2227</lisID>
          <bioguideId>D000623</bioguideId>
          <gpoId />
        </identifiers>
        <district>11</district>
        <sponsorshipDate>2018-04-16</sponsorshipDate>
        <isOriginalCosponsor>False</isOriginalCosponsor>
        <sponsorshipWithdrawnDate />
      </item>
      <item>
        <bioguideId>R000486</bioguideId>
        <fullName>Rep. Roybal-Allard, Lucille [D-CA-40]</fullName>
        <firstName>LUCILLE</firstName>
        <middleName />
        <lastName>ROYBAL-ALLARD</lastName>
        <party>D</party>
        <state>CA</state>
        <identifiers>
          <lisID>997</lisID>
          <bioguideId>R000486</bioguideId>
          <gpoId>7839</gpoId>
        </identifiers>
        <district>40</district>
        <sponsorshipDate>2018-04-24</sponsorshipDate>
        <isOriginalCosponsor>False</isOriginalCosponsor>
        <sponsorshipWithdrawnDate />
      </item>
      <item>
        <bioguideId>S001191</bioguideId>
        <fullName>Rep. Sinema, Kyrsten [D-AZ-9]</fullName>
        <firstName>Kyrsten</firstName>
        <middleName />
        <lastName>Sinema</lastName>
        <party>D</party>
        <state>AZ</state>
        <identifiers>
          <lisID>2099</lisID>
          <bioguideId>S001191</bioguideId>
          <gpoId />
        </identifiers>
        <district>9</district>
        <sponsorshipDate>2018-05-17</sponsorshipDate>
        <isOriginalCosponsor>False</isOriginalCosponsor>
        <sponsorshipWithdrawnDate />
      </item>
      <item>
        <bioguideId>T000470</bioguideId>
        <fullName>Rep. Tipton, Scott  R. [R-CO-3]</fullName>
        <firstName>Scott</firstName>
        <middleName>R.</middleName>
        <lastName>Tipton</lastName>
        <party>R</party>
        <state>CO</state>
        <identifiers>
          <lisID>1997</lisID>
          <bioguideId>T000470</bioguideId>
          <gpoId>7861</gpoId>
        </identifiers>
        <district>3</district>
        <sponsorshipDate>2018-05-18</sponsorshipDate>
        <isOriginalCosponsor>False</isOriginalCosponsor>
        <sponsorshipWithdrawnDate />
      </item>
      <item>
        <bioguideId>L000580</bioguideId>
        <fullName>Rep. Lujan Grisham, Michelle [D-NM-1]</fullName>
        <firstName>Michelle</firstName>
        <middleName />
        <lastName>Lujan Grisham</lastName>
        <party>D</party>
        <state>NM</state>
        <identifiers>
          <lisID>2146</lisID>
          <bioguideId>L000580</bioguideId>
          <gpoId />
        </identifiers>
        <district>1</district>
        <sponsorshipDate>2018-06-13</sponsorshipDate>
        <isOriginalCosponsor>False</isOriginalCosponsor>
        <sponsorshipWithdrawnDate />
      </item>
      <item>
        <bioguideId>J000297</bioguideId>
        <fullName>Rep. Jenkins, Evan H. [R-WV-3]</fullName>
        <firstName>Evan</firstName>
        <middleName>H.</middleName>
        <lastName>Jenkins</lastName>
        <party>R</party>
        <state>WV</state>
        <identifiers>
          <lisID>2278</lisID>
          <bioguideId>J000297</bioguideId>
          <gpoId />
        </identifiers>
        <district>3</district>
        <sponsorshipDate>2018-06-14</sponsorshipDate>
        <isOriginalCosponsor>False</isOriginalCosponsor>
        <sponsorshipWithdrawnDate />
      </item>
      <item>
        <bioguideId>P000604</bioguideId>
        <fullName>Rep. Payne, Donald M., Jr. [D-NJ-10]</fullName>
        <firstName>Donald</firstName>
        <middleName>M.</middleName>
        <lastName>Payne</lastName>
        <party>D</party>
        <state>NJ</state>
        <identifiers>
          <lisID>2097</lisID>
          <bioguideId>P000604</bioguideId>
          <gpoId>8373</gpoId>
        </identifiers>
        <district>10</district>
        <sponsorshipDate>2018-06-15</sponsorshipDate>
        <isOriginalCosponsor>False</isOriginalCosponsor>
        <sponsorshipWithdrawnDate />
      </item>
      <item>
        <bioguideId>J000255</bioguideId>
        <fullName>Rep. Jones, Walter B., Jr. [R-NC-3]</fullName>
        <firstName>WALTER</firstName>
        <middleName>B.</middleName>
        <lastName>JONES</lastName>
        <party>R</party>
        <state>NC</state>
        <identifiers>
          <lisID>612</lisID>
          <bioguideId>J000255</bioguideId>
          <gpoId>8026</gpoId>
        </identifiers>
        <district>3</district>
        <sponsorshipDate>2018-06-20</sponsorshipDate>
        <isOriginalCosponsor>False</isOriginalCosponsor>
        <sponsorshipWithdrawnDate />
      </item>
      <item>
        <bioguideId>M001199</bioguideId>
        <fullName>Rep. Mast, Brian J. [R-FL-18]</fullName>
        <firstName>Brian</firstName>
        <middleName>J.</middleName>
        <lastName>Mast</lastName>
        <party>R</party>
        <state>FL</state>
        <identifiers>
          <lisID>2322</lisID>
          <bioguideId>M001199</bioguideId>
          <gpoId />
        </identifiers>
        <district>18</district>
        <sponsorshipDate>2018-07-12</sponsorshipDate>
        <isOriginalCosponsor>False</isOriginalCosponsor>
        <sponsorshipWithdrawnDate />
      </item>
      <item>
        <bioguideId>O000170</bioguideId>
        <fullName>Rep. O'Rourke, Beto [D-TX-16]</fullName>
        <firstName>Beto</firstName>
        <middleName />
        <lastName>O'Rourke</lastName>
        <party>D</party>
        <state>TX</state>
        <identifiers>
          <lisID>2162</lisID>
          <bioguideId>O000170</bioguideId>
          <gpoId />
        </identifiers>
        <district>16</district>
        <sponsorshipDate>2018-07-27</sponsorshipDate>
        <isOriginalCosponsor>False</isOriginalCosponsor>
        <sponsorshipWithdrawnDate />
      </item>
      <item>
        <bioguideId>F000466</bioguideId>
        <fullName>Rep. Fitzpatrick, Brian K. [R-PA-8]</fullName>
        <firstName>Brian</firstName>
        <middleName>K.</middleName>
        <lastName>Fitzpatrick</lastName>
        <party>R</party>
        <state>PA</state>
        <identifiers>
          <lisID>2345</lisID>
          <bioguideId>F000466</bioguideId>
          <gpoId />
        </identifiers>
        <district>8</district>
        <sponsorshipDate>2018-10-09</sponsorshipDate>
        <isOriginalCosponsor>False</isOriginalCosponsor>
        <sponsorshipWithdrawnDate />
      </item>
      <item>
        <bioguideId>H001053</bioguideId>
        <fullName>Rep. Hartzler, Vicky [R-MO-4]</fullName>
        <firstName>Vicky</firstName>
        <middleName />
        <lastName>Hartzler</lastName>
        <party>R</party>
        <state>MO</state>
        <identifiers>
          <lisID>2032</lisID>
          <bioguideId>H001053</bioguideId>
          <gpoId>8012</gpoId>
        </identifiers>
        <district>4</district>
        <sponsorshipDate>2018-10-19</sponsorshipDate>
        <isOriginalCosponsor>False</isOriginalCosponsor>
        <sponsorshipWithdrawnDate />
      </item>
    </cosponsors>
    <cboCostEstimates />
    <laws />
    <notes />
    <policyArea>
      <name>Armed Forces and National Security</name>
    </policyArea>
    <subjects>
      <billSubjects>
        <legislativeSubjects>
          <item>
            <name>American Samoa</name>
          </item>
          <item>
            <name>Asia</name>
          </item>
          <item>
            <name>Conflicts and wars</name>
          </item>
          <item>
            <name>Disability and paralysis</name>
          </item>
          <item>
            <name>Guam</name>
          </item>
          <item>
            <name>Hazardous wastes and toxic substances</name>
          </item>
          <item>
            <name>Northern Mariana Islands</name>
          </item>
          <item>
            <name>Veterans' medical care</name>
          </item>
          <item>
            <name>Veterans' pensions and compensation</name>
          </item>
          <item>
            <name>Vietnam</name>
          </item>
        </legislativeSubjects>
        <policyArea>
          <name>Armed Forces and National Security</name>
        </policyArea>
      </billSubjects>
    </subjects>
    <summaries>
      <billSummaries>
        <item>
          <versionCode>00</versionCode>
          <actionDate>2017-02-01</actionDate>
          <actionDesc>Introduced in House</actionDesc>
          <lastSummaryUpdateDate>2017-07-20T21:51:15Z</lastSummaryUpdateDate>
          <text><![CDATA[<p><strong>Fighting for Orange-Stricken Territories in the Eastern Region Act</strong></p> <p>This bill provides presumptive service connection to herbicide exposure, for purposes of eligibility for Department of Veterans Affairs health benefits, for veterans who served in the Republic of Vietnam, Guam, the Northern Mariana Islands, or American Samoa during the Vietnam War and who show symptoms of medical conditions associated with such exposure. </p>]]></text>
          <updateDate>2017-02-01T05:00:00Z</updateDate>
          <name>Introduced in House</name>
        </item>
      </billSummaries>
    </summaries>
    <title>Fighting for Orange-Stricken Territories in the Eastern Region Act</title>
    <titles>
      <item>
        <titleType>Official Title as Introduced</titleType>
        <parentTitleType />
        <title>To amend title 38, United States Code, to clarify presumptions of service-connection relating to the exposure to herbicides of certain veterans who served in the Armed Forces during the Vietnam Era, and for other purposes.</title>
        <chamberCode />
        <chamberName />
      </item>
      <item>
        <titleType>Short Titles as Introduced</titleType>
        <parentTitleType />
        <title>Fighting for Orange-Stricken Territories in the Eastern Region Act</title>
        <chamberCode />
        <chamberName />
      </item>
      <item>
        <titleType>Display Title</titleType>
        <parentTitleType />
        <title>Fighting for Orange-Stricken Territories in the Eastern Region Act</title>
        <chamberCode />
        <chamberName />
      </item>
    </titles>
    <amendments />
    <textVersions>
      <item>
        <type>Introduced in House</type>
        <date>2017-02-01T05:00:00Z</date>
        <formats>
          <item>
            <url>https://www.govinfo.gov/content/pkg/BILLS-115hr809ih/xml/BILLS-115hr809ih.xml</url>
          </item>
        </formats>
      </item>
    </textVersions>
    <latestAction>
      <actionDate>2017-02-06</actionDate>
      <text>Referred to the Subcommittee on Disability Assistance and Memorial Affairs.</text>
      <links />
    </latestAction>
    <calendarNumbers />
    <version>1.0.0</version>
  </bill>
  <dublinCore xmlns:dc="http://purl.org/dc/elements/1.1/">
    <dc:format>text/xml</dc:format>
    <dc:language>EN</dc:language>
    <dc:rights>Pursuant to Title 17 Section 105 of the United States Code, this file is not subject to copyright protection and is in the public domain.</dc:rights>
    <dc:contributor>Congressional Research Service, Library of Congress</dc:contributor>
    <dc:description>This file contains bill summaries and statuses for federal legislation. A bill summary describes the most significant provisions of a piece of legislation and details the effects the legislative text may have on current law and federal programs. Bill summaries are authored by the Congressional Research Service (CRS) of the Library of Congress. As stated in Public Law 91-510 (2 USC 166 (d)(6)), one of the duties of CRS is "to prepare summaries and digests of bills and resolutions of a public general nature introduced in the Senate or House of Representatives". For more information, refer to the User Guide that accompanies this file.</dc:description>
  </dublinCore>
</billStatus>

