<?xml version="1.0" encoding="UTF-8"?>
<billStatus>
  <bill>
    <billNumber>3831</billNumber>
    <createDate>2017-09-27T03:11:27Z</createDate>
    <updateDate>2021-04-16T19:37:10Z</updateDate>
    <originChamber>House</originChamber>
    <billType>HR</billType>
    <introducedDate>2017-09-26</introducedDate>
    <congress>115</congress>
    <constitutionalAuthorityStatementText><![CDATA[<pre>[Congressional Record Volume 163, Number 154 (Tuesday, September 26, 2017)]From the Congressional Record Online through the Government Publishing Office [<a href='http://www.gpo.gov'>www.gpo.gov</a>]By Mr. TAYLOR:H.R. 3831.Congress has the power to enact this legislation pursuantto the following:Article 1 Section 8The Congress shall have Power To lay and collect Taxes,Duties, Imposts and Excises, to pay the Debts and provide forthe common Defence and general Welfare of the United States;but all Duties, Imposts and Excises shall be uniformthroughout the United States;To borrow money on the credit of the United States;To regulate Commerce with foreign Nations, and among theseveral States, and with the Indian Tribes;To establish an uniform Rule of Naturalization, and uniformLaws on the subject of Bankruptcies throughout the UnitedStates;To coin Money, regulate the Value thereof, and of foreignCoin, and fix the Standard of Weights and Measures;To provide for the Punishment of counterfeiting theSecurities and current Coin of the United States;To establish Post Offices and Post Roads;To promote the Progress of Science and useful Arts, bysecuring for limited Times to Authors and Inventors theexclusive Right to their respective Writings and Discoveries;To constitute Tribunals inferior to the supreme Court;and Offenses against the Law of Nations;To declare War, grant Letters of Marque and Reprisal, andmake Rules concerning Captures on Land and Water;To raise and support Armies, but no Appropriation of Moneyto that Use shall be for a longer Term than two Years;To provide and maintain a Navy;To make Rules for the Government and Regulation of the landand naval Forces;To provide for calling forth the Militia to execute theLaws of the Union, suppress Insurrections and repelInvasions;To provide for organizing, arming, and disciplining, theMilitia, and for governing such Part of them as may beemployed in the Service of the United States, reserving tothe States respectively, the Appointment of the Officers, andthe Authority of training the Militia according to thediscipline prescribed by Congress;To exercise exclusive Legislation in all Cases whatsoever,over such District (not exceeding ten Miles square) as may,by Cession of particular States, and the acceptance ofCongress, become the Seat of the Government of the UnitedStates, and to exercise like Authority over all Placespurchased by the Consent of the Legislature of the State inwhich the Same shall be, for the Erection of Forts,Magazines, Arsenals, dock-Yards, and other needful Buildings;AndTo make all Laws which shall be necessary and proper forcarrying into Execution the foregoing Powers, and all otherPowers vested by this Constitution in the Government of theUnited States, or in any Department or Officer thereof.[Page H7533]</pre>]]></constitutionalAuthorityStatementText>
    <recordedVotes />
    <committees>
      <billCommittees>
        <item>
          <systemCode>hsed00</systemCode>
          <name>Education and Labor Committee</name>
          <chamber>House</chamber>
          <type>Standing</type>
          <subcommittees />
          <activities>
            <item>
              <name>Referred to</name>
              <date>2017-09-26T14:00:50Z</date>
            </item>
          </activities>
        </item>
      </billCommittees>
    </committees>
    <committeeReports />
    <relatedBills />
    <actions>
      <item>
        <actionDate>2017-09-26</actionDate>
        <links />
        <text>Referred to the House Committee on Education and the Workforce.</text>
        <type>IntroReferral</type>
        <actionCode>H11100</actionCode>
        <sourceSystem>
          <code>2</code>
          <name>House floor actions</name>
        </sourceSystem>
        <committees>
          <item>
            <systemCode>hsed00</systemCode>
            <name>Education and Labor Committee</name>
          </item>
        </committees>
      </item>
      <item>
        <actionDate>2017-09-26</actionDate>
        <links />
        <text>Introduced in House</text>
        <type>IntroReferral</type>
        <actionCode>Intro-H</actionCode>
        <sourceSystem>
          <code>9</code>
          <name>Library of Congress</name>
        </sourceSystem>
        <committees />
      </item>
      <item>
        <actionDate>2017-09-26</actionDate>
        <links />
        <text>Introduced in House</text>
        <type>IntroReferral</type>
        <actionCode>1000</actionCode>
        <sourceSystem>
          <code>9</code>
          <name>Library of Congress</name>
        </sourceSystem>
        <committees />
      </item>
      <actionTypeCounts>
        <billReferrals>1</billReferrals>
        <introducedInTheHouse>1</introducedInTheHouse>
        <introducedInHouse>1</introducedInHouse>
      </actionTypeCounts>
      <actionByCounts>
        <houseOfRepresentatives>3</houseOfRepresentatives>
      </actionByCounts>
    </actions>
    <sponsors>
      <item>
        <bioguideId>T000477</bioguideId>
        <fullName>Rep. Taylor, Scott [R-VA-2]</fullName>
        <firstName>Scott</firstName>
        <middleName />
        <lastName>Taylor</lastName>
        <party>R</party>
        <state>VA</state>
        <identifiers>
          <lisID>2351</lisID>
          <bioguideId>T000477</bioguideId>
          <gpoId />
        </identifiers>
        <district>2</district>
        <byRequestType />
      </item>
    </sponsors>
    <cosponsors>
      <item>
        <bioguideId>G000581</bioguideId>
        <fullName>Rep. Gonzalez, Vicente [D-TX-15]</fullName>
        <firstName>Vicente</firstName>
        <middleName />
        <lastName>Gonzalez</lastName>
        <party>D</party>
        <state>TX</state>
        <identifiers>
          <lisID>2349</lisID>
          <bioguideId>G000581</bioguideId>
          <gpoId />
        </identifiers>
        <district>15</district>
        <sponsorshipDate>2017-09-26</sponsorshipDate>
        <isOriginalCosponsor>True</isOriginalCosponsor>
        <sponsorshipWithdrawnDate />
      </item>
      <item>
        <bioguideId>P000258</bioguideId>
        <fullName>Rep. Peterson, Collin C. [D-MN-7]</fullName>
        <firstName>COLLIN</firstName>
        <middleName>C.</middleName>
        <lastName>PETERSON</lastName>
        <party>D</party>
        <state>MN</state>
        <identifiers>
          <lisID>910</lisID>
          <bioguideId>P000258</bioguideId>
          <gpoId>8007</gpoId>
        </identifiers>
        <district>7</district>
        <sponsorshipDate>2017-09-27</sponsorshipDate>
        <isOriginalCosponsor>False</isOriginalCosponsor>
        <sponsorshipWithdrawnDate />
      </item>
      <item>
        <bioguideId>B001245</bioguideId>
        <fullName>Del. Bordallo, Madeleine Z. [D-GU-At Large]</fullName>
        <firstName>Madeleine</firstName>
        <middleName>Z.</middleName>
        <lastName>Bordallo</lastName>
        <party>D</party>
        <state>GU</state>
        <identifiers>
          <lisID>1723</lisID>
          <bioguideId>B001245</bioguideId>
          <gpoId>7911</gpoId>
        </identifiers>
        <district>0</district>
        <sponsorshipDate>2017-10-27</sponsorshipDate>
        <isOriginalCosponsor>False</isOriginalCosponsor>
        <sponsorshipWithdrawnDate />
      </item>
      <item>
        <bioguideId>T000478</bioguideId>
        <fullName>Rep. Tenney, Claudia [R-NY-22]</fullName>
        <firstName>Claudia</firstName>
        <middleName />
        <lastName>Tenney</lastName>
        <party>R</party>
        <state>NY</state>
        <identifiers>
          <lisID>2344</lisID>
          <bioguideId>T000478</bioguideId>
          <gpoId />
        </identifiers>
        <district>22</district>
        <sponsorshipDate>2017-11-06</sponsorshipDate>
        <isOriginalCosponsor>False</isOriginalCosponsor>
        <sponsorshipWithdrawnDate />
      </item>
      <item>
        <bioguideId>C001053</bioguideId>
        <fullName>Rep. Cole, Tom [R-OK-4]</fullName>
        <firstName>Tom</firstName>
        <middleName />
        <lastName>Cole</lastName>
        <party>R</party>
        <state>OK</state>
        <identifiers>
          <lisID>1742</lisID>
          <bioguideId>C001053</bioguideId>
          <gpoId>8112</gpoId>
        </identifiers>
        <district>4</district>
        <sponsorshipDate>2017-11-07</sponsorshipDate>
        <isOriginalCosponsor>False</isOriginalCosponsor>
        <sponsorshipWithdrawnDate />
      </item>
    </cosponsors>
    <cboCostEstimates />
    <laws />
    <notes />
    <policyArea>
      <name>Education</name>
    </policyArea>
    <subjects>
      <billSubjects>
        <legislativeSubjects>
          <item>
            <name>Employment and training programs</name>
          </item>
          <item>
            <name>Higher education</name>
          </item>
          <item>
            <name>Licensing and registrations</name>
          </item>
          <item>
            <name>Student aid and college costs</name>
          </item>
          <item>
            <name>Veterans' education, employment, rehabilitation</name>
          </item>
          <item>
            <name>Vocational and technical education</name>
          </item>
        </legislativeSubjects>
        <policyArea>
          <name>Education</name>
        </policyArea>
      </billSubjects>
    </subjects>
    <summaries>
      <billSummaries>
        <item>
          <versionCode>00</versionCode>
          <actionDate>2017-09-26</actionDate>
          <actionDesc>Introduced in House</actionDesc>
          <lastSummaryUpdateDate>2019-07-22T19:50:07Z</lastSummaryUpdateDate>
          <text><![CDATA[<p><b>Professional Pell Education Learning or the PROPEL Act</b></p> <p>This bill amends the Higher Education Act of 1965 to allow federal Pell Grants to be utilized at educational programs that consist of vocational or technical training, flight training, apprenticeship, or other on-job training. In addition, the bill modifies the eligibility requirements under the Federal Pell Grant program for the vocational and training programs, including allowing such programs to be unaccredited.</p>]]></text>
          <updateDate>2017-09-26T04:00:00Z</updateDate>
          <name>Introduced in House</name>
        </item>
      </billSummaries>
    </summaries>
    <title>PROPEL Act</title>
    <titles>
      <item>
        <titleType>Official Title as Introduced</titleType>
        <parentTitleType />
        <title>To amend the Higher Education Act of 1965 to expand eligibility for participation in the Federal Pell Grant program to certain trade schools.</title>
        <chamberCode />
        <chamberName />
      </item>
      <item>
        <titleType>Short Titles as Introduced</titleType>
        <parentTitleType />
        <title>PROPEL Act</title>
        <chamberCode />
        <chamberName />
      </item>
      <item>
        <titleType>Short Titles as Introduced</titleType>
        <parentTitleType />
        <title>Professional Pell Education Learning</title>
        <chamberCode />
        <chamberName />
      </item>
      <item>
        <titleType>Display Title</titleType>
        <parentTitleType />
        <title>PROPEL Act</title>
        <chamberCode />
        <chamberName />
      </item>
    </titles>
    <amendments />
    <textVersions>
      <item>
        <type>Introduced in House</type>
        <date>2017-09-26T04:00:00Z</date>
        <formats>
          <item>
            <url>https://www.govinfo.gov/content/pkg/BILLS-115hr3831ih/xml/BILLS-115hr3831ih.xml</url>
          </item>
        </formats>
      </item>
    </textVersions>
    <latestAction>
      <actionDate>2017-09-26</actionDate>
      <text>Referred to the House Committee on Education and the Workforce.</text>
      <links />
    </latestAction>
    <calendarNumbers />
    <version>1.0.0</version>
  </bill>
  <dublinCore xmlns:dc="http://purl.org/dc/elements/1.1/">
    <dc:format>text/xml</dc:format>
    <dc:language>EN</dc:language>
    <dc:rights>Pursuant to Title 17 Section 105 of the United States Code, this file is not subject to copyright protection and is in the public domain.</dc:rights>
    <dc:contributor>Congressional Research Service, Library of Congress</dc:contributor>
    <dc:description>This file contains bill summaries and statuses for federal legislation. A bill summary describes the most significant provisions of a piece of legislation and details the effects the legislative text may have on current law and federal programs. Bill summaries are authored by the Congressional Research Service (CRS) of the Library of Congress. As stated in Public Law 91-510 (2 USC 166 (d)(6)), one of the duties of CRS is "to prepare summaries and digests of bills and resolutions of a public general nature introduced in the Senate or House of Representatives". For more information, refer to the User Guide that accompanies this file.</dc:description>
  </dublinCore>
</billStatus>

