<?xml version="1.0" encoding="UTF-8"?>
<billStatus>
  <bill>
    <billNumber>951</billNumber>
    <createDate>2017-02-08T04:46:00Z</createDate>
    <updateDate>2021-10-15T23:29:48Z</updateDate>
    <originChamber>House</originChamber>
    <billType>HR</billType>
    <introducedDate>2017-02-07</introducedDate>
    <congress>115</congress>
    <constitutionalAuthorityStatementText><![CDATA[<pre>[Congressional Record Volume 163, Number 21 (Tuesday, February 7, 2017)]From the Congressional Record Online through the Government Publishing Office [<a href='http://www.gpo.gov'>www.gpo.gov</a>]By Ms. FOXX:H.R. 951.Congress has the power to enact this legislation pursuantto the following:Article 1, Section 8, Clause 18, Congress may enact lawsnecessary and proper to the execution of its enumeratedpowers. As this legislation solely amends the amount of timeavailable for execution of previously granted authority, itis merely technical in nature and an appropriate exercise ofCongress' authority to amend its previous actions throughnecessary and proper statutes.[Page H1085]</pre>]]></constitutionalAuthorityStatementText>
    <recordedVotes />
    <committees>
      <billCommittees>
        <item>
          <systemCode>hsif00</systemCode>
          <name>Energy and Commerce Committee</name>
          <chamber>House</chamber>
          <type>Standing</type>
          <subcommittees>
            <item>
              <systemCode>hsif03</systemCode>
              <name>Energy Subcommittee</name>
              <activities>
                <item>
                  <name>Discharged from</name>
                  <date>2017-06-07T21:15:15Z</date>
                </item>
                <item>
                  <name>Referred to</name>
                  <date>2017-02-10T17:41:03Z</date>
                </item>
              </activities>
            </item>
          </subcommittees>
          <activities>
            <item>
              <name>Reported by</name>
              <date>2017-06-12T19:24:44Z</date>
            </item>
            <item>
              <name>Markup by</name>
              <date>2017-06-07T13:31:14Z</date>
            </item>
            <item>
              <name>Referred to</name>
              <date>2017-02-07T15:06:45Z</date>
            </item>
          </activities>
        </item>
      </billCommittees>
    </committees>
    <committeeReports>
      <committeeReport>
        <citation>H. Rept. 115-172</citation>
      </committeeReport>
    </committeeReports>
    <relatedBills>
      <item>
        <latestTitle>A bill to extend the deadline for commencement of construction of a hydroelectric project.</latestTitle>
        <congress>115</congress>
        <number>723</number>
        <type>S</type>
        <latestAction>
          <actionDate>2017-05-24</actionDate>
          <text>Placed on Senate Legislative Calendar under General Orders. Calendar No. 99.</text>
        </latestAction>
        <relationshipDetails>
          <item>
            <type>Related bill</type>
            <identifiedBy>CRS</identifiedBy>
          </item>
        </relationshipDetails>
      </item>
      <item>
        <latestTitle>Energy and Water, Legislative Branch, and Military Construction and Veterans Affairs Appropriations Act, 2019</latestTitle>
        <congress>115</congress>
        <number>5895</number>
        <type>HR</type>
        <latestAction>
          <actionDate>2018-09-21</actionDate>
          <text>Became Public Law No: 115-244.</text>
        </latestAction>
        <relationshipDetails>
          <item>
            <type>Related bill</type>
            <identifiedBy>CRS</identifiedBy>
          </item>
        </relationshipDetails>
      </item>
    </relatedBills>
    <actions>
      <item>
        <actionDate>2018-07-23</actionDate>
        <links />
        <text>Became Public Law No: 115-204.</text>
        <type>President</type>
        <actionCode>E40000</actionCode>
        <sourceSystem>
          <code>2</code>
          <name>House floor actions</name>
        </sourceSystem>
        <committees />
      </item>
      <item>
        <actionDate>2018-07-23</actionDate>
        <links />
        <text>Became Public Law No: 115-204.</text>
        <type>BecameLaw</type>
        <actionCode>36000</actionCode>
        <sourceSystem>
          <code>9</code>
          <name>Library of Congress</name>
        </sourceSystem>
        <committees />
      </item>
      <item>
        <actionDate>2018-07-23</actionDate>
        <links />
        <text>Signed by President.</text>
        <type>President</type>
        <actionCode>E30000</actionCode>
        <sourceSystem>
          <code>2</code>
          <name>House floor actions</name>
        </sourceSystem>
        <committees />
      </item>
      <item>
        <actionDate>2018-07-23</actionDate>
        <links />
        <text>Signed by President.</text>
        <type>BecameLaw</type>
        <actionCode>36000</actionCode>
        <sourceSystem>
          <code>9</code>
          <name>Library of Congress</name>
        </sourceSystem>
        <committees />
      </item>
      <item>
        <actionDate>2018-07-12</actionDate>
        <links />
        <text>Presented to President.</text>
        <type>Floor</type>
        <actionCode>E20000</actionCode>
        <sourceSystem>
          <code>2</code>
          <name>House floor actions</name>
        </sourceSystem>
        <committees />
      </item>
      <item>
        <actionDate>2018-07-12</actionDate>
        <links />
        <text>Presented to President.</text>
        <type>President</type>
        <actionCode>28000</actionCode>
        <sourceSystem>
          <code>9</code>
          <name>Library of Congress</name>
        </sourceSystem>
        <committees />
      </item>
      <item>
        <actionDate>2018-06-29</actionDate>
        <committees />
        <links />
        <sourceSystem>
          <code>0</code>
          <name>Senate</name>
        </sourceSystem>
        <text>Message on Senate action sent to the House.</text>
        <type>Floor</type>
      </item>
      <item>
        <actionDate>2018-06-28</actionDate>
        <committees />
        <links />
        <sourceSystem>
          <code>0</code>
          <name>Senate</name>
        </sourceSystem>
        <text>Passed Senate without amendment by Unanimous Consent. (consideration: CR S4810)</text>
        <type>Floor</type>
      </item>
      <item>
        <actionDate>2018-06-28</actionDate>
        <links />
        <text>Passed/agreed to in Senate: Passed Senate without amendment by Unanimous Consent.(consideration: CR S4810)</text>
        <type>Floor</type>
        <actionCode>17000</actionCode>
        <sourceSystem>
          <code>9</code>
          <name>Library of Congress</name>
        </sourceSystem>
        <committees />
      </item>
      <item>
        <actionDate>2017-06-13</actionDate>
        <committees />
        <links />
        <sourceSystem>
          <code>0</code>
          <name>Senate</name>
        </sourceSystem>
        <text>Received in the Senate. Read twice. Placed on Senate Legislative Calendar under General Orders. Calendar No. 144.</text>
        <type>Calendars</type>
      </item>
      <item>
        <actionDate>2017-06-12</actionDate>
        <actionTime>16:04:11</actionTime>
        <links />
        <text>Motion to reconsider laid on the table Agreed to without objection.</text>
        <type>Floor</type>
        <actionCode>H38310</actionCode>
        <sourceSystem>
          <code>2</code>
          <name>House floor actions</name>
        </sourceSystem>
        <committees />
      </item>
      <item>
        <actionDate>2017-06-12</actionDate>
        <actionTime>16:04:10</actionTime>
        <links />
        <text>On motion to suspend the rules and pass the bill Agreed to by voice vote. (text: CR H4826)</text>
        <type>Floor</type>
        <actionCode>H37300</actionCode>
        <sourceSystem>
          <code>2</code>
          <name>House floor actions</name>
        </sourceSystem>
        <committees />
      </item>
      <item>
        <actionDate>2017-06-12</actionDate>
        <actionTime>16:04:10</actionTime>
        <links />
        <text>Passed/agreed to in House: On motion to suspend the rules and pass the bill Agreed to by voice vote.(text: CR H4826)</text>
        <type>Floor</type>
        <actionCode>8000</actionCode>
        <sourceSystem>
          <code>9</code>
          <name>Library of Congress</name>
        </sourceSystem>
        <committees />
      </item>
      <item>
        <actionDate>2017-06-12</actionDate>
        <actionTime>15:59:43</actionTime>
        <links />
        <text>DEBATE - The House proceeded with forty minutes of debate on H.R. 951.</text>
        <type>Floor</type>
        <actionCode>H8D000</actionCode>
        <sourceSystem>
          <code>2</code>
          <name>House floor actions</name>
        </sourceSystem>
        <committees />
      </item>
      <item>
        <actionDate>2017-06-12</actionDate>
        <actionTime>15:59:38</actionTime>
        <links />
        <text>Considered under suspension of the rules. (consideration: CR H4826-4827)</text>
        <type>Floor</type>
        <actionCode>H30000</actionCode>
        <sourceSystem>
          <code>2</code>
          <name>House floor actions</name>
        </sourceSystem>
        <committees />
      </item>
      <item>
        <actionDate>2017-06-12</actionDate>
        <actionTime>15:59:30</actionTime>
        <links />
        <text>Mr. Upton moved to suspend the rules and pass the bill.</text>
        <type>Floor</type>
        <actionCode>H30300</actionCode>
        <sourceSystem>
          <code>2</code>
          <name>House floor actions</name>
        </sourceSystem>
        <committees />
      </item>
      <item>
        <actionDate>2017-06-12</actionDate>
        <links />
        <text>Placed on the Union Calendar, Calendar No. 116.</text>
        <type>Calendars</type>
        <actionCode>H12410</actionCode>
        <sourceSystem>
          <code>2</code>
          <name>House floor actions</name>
        </sourceSystem>
        <committees />
      </item>
      <item>
        <actionDate>2017-06-12</actionDate>
        <links />
        <text>Reported by the Committee on Energy and Commerce. H. Rept. 115-172.</text>
        <type>Committee</type>
        <actionCode>H12200</actionCode>
        <sourceSystem>
          <code>2</code>
          <name>House floor actions</name>
        </sourceSystem>
        <committees>
          <item>
            <systemCode>hsif00</systemCode>
            <name>Energy and Commerce Committee</name>
          </item>
        </committees>
      </item>
      <item>
        <actionDate>2017-06-12</actionDate>
        <links />
        <text>Reported by the Committee on Energy and Commerce. H. Rept. 115-172.</text>
        <type>Committee</type>
        <actionCode>5000</actionCode>
        <sourceSystem>
          <code>9</code>
          <name>Library of Congress</name>
        </sourceSystem>
        <committees>
          <item>
            <systemCode>hsif00</systemCode>
            <name>Energy and Commerce Committee</name>
          </item>
        </committees>
      </item>
      <item>
        <actionDate>2017-06-07</actionDate>
        <committees>
          <item>
            <systemCode>hsif00</systemCode>
            <name>Energy and Commerce Committee</name>
          </item>
        </committees>
        <links />
        <sourceSystem>
          <code>1</code>
          <name>House committee actions</name>
        </sourceSystem>
        <text>Subcommittee on Energy Discharged.</text>
        <type>Committee</type>
      </item>
      <item>
        <actionDate>2017-06-07</actionDate>
        <committees>
          <item>
            <systemCode>hsif00</systemCode>
            <name>Energy and Commerce Committee</name>
          </item>
        </committees>
        <links />
        <sourceSystem>
          <code>1</code>
          <name>House committee actions</name>
        </sourceSystem>
        <text>Ordered to be Reported by Unanimous Consent.</text>
        <type>Committee</type>
      </item>
      <item>
        <actionDate>2017-06-07</actionDate>
        <committees>
          <item>
            <systemCode>hsif00</systemCode>
            <name>Energy and Commerce Committee</name>
          </item>
        </committees>
        <links />
        <sourceSystem>
          <code>1</code>
          <name>House committee actions</name>
        </sourceSystem>
        <text>Committee Consideration and Mark-up Session Held.</text>
        <type>Committee</type>
      </item>
      <item>
        <actionDate>2017-02-10</actionDate>
        <committees>
          <item>
            <systemCode>hsif03</systemCode>
            <name>Energy Subcommittee</name>
          </item>
        </committees>
        <links />
        <sourceSystem>
          <code>1</code>
          <name>House committee actions</name>
        </sourceSystem>
        <text>Referred to the Subcommittee on Energy.</text>
        <type>Committee</type>
      </item>
      <item>
        <actionDate>2017-02-07</actionDate>
        <links />
        <text>Referred to the House Committee on Energy and Commerce.</text>
        <type>IntroReferral</type>
        <actionCode>H11100</actionCode>
        <sourceSystem>
          <code>2</code>
          <name>House floor actions</name>
        </sourceSystem>
        <committees>
          <item>
            <systemCode>hsif00</systemCode>
            <name>Energy and Commerce Committee</name>
          </item>
        </committees>
      </item>
      <item>
        <actionDate>2017-02-07</actionDate>
        <links />
        <text>Introduced in House</text>
        <type>IntroReferral</type>
        <actionCode>Intro-H</actionCode>
        <sourceSystem>
          <code>9</code>
          <name>Library of Congress</name>
        </sourceSystem>
        <committees />
      </item>
      <item>
        <actionDate>2017-02-07</actionDate>
        <links />
        <text>Introduced in House</text>
        <type>IntroReferral</type>
        <actionCode>1000</actionCode>
        <sourceSystem>
          <code>9</code>
          <name>Library of Congress</name>
        </sourceSystem>
        <committees />
      </item>
      <actionTypeCounts>
        <publicLawOrPrivateLaw>1</publicLawOrPrivateLaw>
        <becamePublicLaw>2</becamePublicLaw>
        <signedByPresidentOrSentToArchivistOfTheUnitedStatesUnsignedOrVetoedByPresidentOrPocketVetoedByPresident>1</signedByPresidentOrSentToArchivistOfTheUnitedStatesUnsignedOrVetoedByPresidentOrPocketVetoedByPresident>
        <presentedToPresident>2</presentedToPresident>
        <sentToHouse>1</sentToHouse>
        <passedSenate>1</passedSenate>
        <passedAgreedToInSenate>1</passedAgreedToInSenate>
        <placedOnCalendarSection>1</placedOnCalendarSection>
        <motionToReconsiderResults>1</motionToReconsiderResults>
        <finalPassageUnderSuspensionOfTheRulesResults>1</finalPassageUnderSuspensionOfTheRulesResults>
        <passedAgreedToInHouse>1</passedAgreedToInHouse>
        <generalDebate>1</generalDebate>
        <considerationByHouse>1</considerationByHouse>
        <motionMadeToSuspendTheRules>1</motionMadeToSuspendTheRules>
        <unionCalendarAssignment>1</unionCalendarAssignment>
        <committeeReportOfABill>1</committeeReportOfABill>
        <reportedToHouse>1</reportedToHouse>
        <subcommitteeDischarged>1</subcommitteeDischarged>
        <orderedToBeReported>1</orderedToBeReported>
        <committeeConsiderationMarkUp>1</committeeConsiderationMarkUp>
        <placeholderTextForH>1</placeholderTextForH>
        <billReferrals>1</billReferrals>
        <introducedInTheHouse>1</introducedInTheHouse>
        <introducedInHouse>1</introducedInHouse>
      </actionTypeCounts>
      <actionByCounts>
        <senate>4</senate>
        <houseOfRepresentatives>16</houseOfRepresentatives>
      </actionByCounts>
    </actions>
    <sponsors>
      <item>
        <bioguideId>F000450</bioguideId>
        <fullName>Rep. Foxx, Virginia [R-NC-5]</fullName>
        <firstName>Virginia</firstName>
        <middleName />
        <lastName>Foxx</lastName>
        <party>R</party>
        <state>NC</state>
        <identifiers>
          <lisID>1791</lisID>
          <bioguideId>F000450</bioguideId>
          <gpoId>8028</gpoId>
        </identifiers>
        <district>5</district>
        <byRequestType />
      </item>
    </sponsors>
    <cosponsors />
    <cboCostEstimates>
      <item>
        <pubDate>2017-06-13T18:53:00Z</pubDate>
        <title>H.R. 951, a bill to extend the deadline for commencement of construction of a hydroelectric project</title>
        <url>https://www.cbo.gov/publication/52810</url>
      </item>
    </cboCostEstimates>
    <laws>
      <item>
        <type>Public Law</type>
        <number>115-204</number>
      </item>
    </laws>
    <notes />
    <policyArea>
      <name>Energy</name>
    </policyArea>
    <subjects>
      <billSubjects>
        <legislativeSubjects>
          <item>
            <name>Administrative law and regulatory procedures</name>
          </item>
          <item>
            <name>Alternative and renewable resources</name>
          </item>
          <item>
            <name>Dams and canals</name>
          </item>
          <item>
            <name>Electric power generation and transmission</name>
          </item>
          <item>
            <name>Federal Energy Regulatory Commission (FERC)</name>
          </item>
          <item>
            <name>Licensing and registrations</name>
          </item>
          <item>
            <name>North Carolina</name>
          </item>
        </legislativeSubjects>
        <policyArea>
          <name>Energy</name>
        </policyArea>
      </billSubjects>
    </subjects>
    <summaries>
      <billSummaries>
        <item>
          <versionCode>00</versionCode>
          <actionDate>2017-02-07</actionDate>
          <actionDesc>Introduced in House</actionDesc>
          <lastSummaryUpdateDate>2017-06-09T13:38:43Z</lastSummaryUpdateDate>
          <text><![CDATA[<p>This bill authorizes the Federal Energy Regulatory Commission (FERC) to extend for up to six years the time period during which construction must commence on the W. Kerr Scott Hydropower Project located on the Yadkin River in Wilkes County, North Carolina.</p> <p>Additionally, FERC may reinstate the construction license if it is expired.</p>]]></text>
          <updateDate>2017-02-07T05:00:00Z</updateDate>
          <name>Introduced in House</name>
        </item>
        <item>
          <versionCode>81</versionCode>
          <actionDate>2017-06-12</actionDate>
          <actionDesc>Passed House without amendment</actionDesc>
          <lastSummaryUpdateDate>2017-07-10T21:20:42Z</lastSummaryUpdateDate>
          <text><![CDATA[<p>(This measure has not been amended since it was introduced. The summary has been expanded because action occurred on the measure.)</p> <p>(Sec.1)This bill authorizes the Federal Energy Regulatory Commission (FERC) to extend for up to six years the time period during which construction must commence on the W. Kerr Scott Hydropower Project located on the Yadkin River in Wilkes County, North Carolina.</p> <p>Additionally, FERC may reinstate the construction license if it is expired.</p>]]></text>
          <updateDate>2017-06-12T15:25:28Z</updateDate>
          <name>Passed House without amendment</name>
        </item>
        <item>
          <versionCode>82</versionCode>
          <actionDate>2018-06-28</actionDate>
          <actionDesc>Passed Senate without amendment</actionDesc>
          <lastSummaryUpdateDate>2018-07-13T21:41:03Z</lastSummaryUpdateDate>
          <text><![CDATA[<p>(Sec.1)This bill authorizes the Federal Energy Regulatory Commission (FERC) to extend for up to six years the time period during which construction must commence on the W. Kerr Scott Hydropower Project located on the Yadkin River in Wilkes County, North Carolina.</p> <p>Additionally, FERC may reinstate the construction license if it is expired.</p>]]></text>
          <updateDate>2018-06-28T12:18:47Z</updateDate>
          <name>Passed Senate without amendment</name>
        </item>
        <item>
          <versionCode>49</versionCode>
          <actionDate>2018-07-23</actionDate>
          <actionDesc>Public Law</actionDesc>
          <lastSummaryUpdateDate>2018-07-27T22:36:38Z</lastSummaryUpdateDate>
          <text><![CDATA[<p>(Sec.1)This bill authorizes the Federal Energy Regulatory Commission (FERC) to extend for up to six years the time period during which construction must commence on the W. Kerr Scott Hydropower Project located on the Yadkin River in Wilkes County, North Carolina.</p> <p>Additionally, FERC may reinstate the construction license if it is expired.</p>]]></text>
          <updateDate>2018-07-24T03:59:58Z</updateDate>
          <name>Public Law</name>
        </item>
      </billSummaries>
    </summaries>
    <title>To extend the deadline for commencement of construction of a hydroelectric project.</title>
    <titles>
      <item>
        <titleType>Display Title</titleType>
        <parentTitleType />
        <title>To extend the deadline for commencement of construction of a hydroelectric project.</title>
        <chamberCode />
        <chamberName />
      </item>
      <item>
        <titleType>Official Title as Introduced</titleType>
        <parentTitleType />
        <title>To extend the deadline for commencement of construction of a hydroelectric project.</title>
        <chamberCode />
        <chamberName />
      </item>
    </titles>
    <amendments />
    <textVersions>
      <item>
        <type>Enrolled Bill</type>
        <date />
        <formats>
          <item>
            <url>https://www.govinfo.gov/content/pkg/BILLS-115hr951enr/xml/BILLS-115hr951enr.xml</url>
          </item>
        </formats>
      </item>
      <item>
        <type>Placed on Calendar Senate</type>
        <date>2017-06-13T04:00:00Z</date>
        <formats>
          <item>
            <url>https://www.govinfo.gov/content/pkg/BILLS-115hr951pcs/xml/BILLS-115hr951pcs.xml</url>
          </item>
        </formats>
      </item>
      <item>
        <type>Reported in House</type>
        <date>2017-06-12T04:00:00Z</date>
        <formats>
          <item>
            <url>https://www.govinfo.gov/content/pkg/BILLS-115hr951rh/xml/BILLS-115hr951rh.xml</url>
          </item>
        </formats>
      </item>
      <item>
        <type>Engrossed in House</type>
        <date>2017-06-12T04:00:00Z</date>
        <formats>
          <item>
            <url>https://www.govinfo.gov/content/pkg/BILLS-115hr951eh/xml/BILLS-115hr951eh.xml</url>
          </item>
        </formats>
      </item>
      <item>
        <type>Introduced in House</type>
        <date>2017-02-07T05:00:00Z</date>
        <formats>
          <item>
            <url>https://www.govinfo.gov/content/pkg/BILLS-115hr951ih/xml/BILLS-115hr951ih.xml</url>
          </item>
        </formats>
      </item>
    </textVersions>
    <latestAction>
      <actionDate>2018-07-23</actionDate>
      <text>Became Public Law No: 115-204.</text>
      <links />
    </latestAction>
    <calendarNumbers>
      <item>
        <calendar>Senate Calendar of Business</calendar>
        <number>0144</number>
      </item>
      <item>
        <calendar>U00116</calendar>
        <number />
      </item>
    </calendarNumbers>
    <version>1.0.0</version>
  </bill>
  <dublinCore xmlns:dc="http://purl.org/dc/elements/1.1/">
    <dc:format>text/xml</dc:format>
    <dc:language>EN</dc:language>
    <dc:rights>Pursuant to Title 17 Section 105 of the United States Code, this file is not subject to copyright protection and is in the public domain.</dc:rights>
    <dc:contributor>Congressional Research Service, Library of Congress</dc:contributor>
    <dc:description>This file contains bill summaries and statuses for federal legislation. A bill summary describes the most significant provisions of a piece of legislation and details the effects the legislative text may have on current law and federal programs. Bill summaries are authored by the Congressional Research Service (CRS) of the Library of Congress. As stated in Public Law 91-510 (2 USC 166 (d)(6)), one of the duties of CRS is "to prepare summaries and digests of bills and resolutions of a public general nature introduced in the Senate or House of Representatives". For more information, refer to the User Guide that accompanies this file.</dc:description>
  </dublinCore>
</billStatus>

