<?xml version="1.0" encoding="UTF-8"?>
<billStatus>
  <bill>
    <billNumber>935</billNumber>
    <createDate>2017-02-08T04:46:00Z</createDate>
    <updateDate>2021-07-10T20:04:03Z</updateDate>
    <originChamber>House</originChamber>
    <billType>HR</billType>
    <introducedDate>2017-02-07</introducedDate>
    <congress>115</congress>
    <constitutionalAuthorityStatementText><![CDATA[<pre>[Congressional Record Volume 163, Number 21 (Tuesday, February 7, 2017)]From the Congressional Record Online through the Government Publishing Office [<a href='http://www.gpo.gov'>www.gpo.gov</a>]By Ms. JACKSON LEE:H.R. 935.Congress has the power to enact this legislation pursuantto the following:This bill is enacted pursuant to the power granted toCongress under Article I, Section 8, Clauses 1 and 18 of theUnited States Constitution.[Page H1085]</pre>]]></constitutionalAuthorityStatementText>
    <recordedVotes />
    <committees>
      <billCommittees>
        <item>
          <systemCode>hssy00</systemCode>
          <name>Science, Space, and Technology Committee</name>
          <chamber>House</chamber>
          <type>Standing</type>
          <subcommittees>
            <item>
              <systemCode>hssy15</systemCode>
              <name>Research and Technology Subcommittee</name>
              <activities>
                <item>
                  <name>Referred to</name>
                  <date>2017-04-25T14:35:25Z</date>
                </item>
              </activities>
            </item>
          </subcommittees>
          <activities>
            <item>
              <name>Referred to</name>
              <date>2017-02-07T15:11:20Z</date>
            </item>
          </activities>
        </item>
        <item>
          <systemCode>hshm00</systemCode>
          <name>Homeland Security Committee</name>
          <chamber>House</chamber>
          <type>Standing</type>
          <subcommittees>
            <item>
              <systemCode>hshm08</systemCode>
              <name>Cybersecurity, Infrastructure Protection, and Innovation Subcommittee</name>
              <activities>
                <item>
                  <name>Referred to</name>
                  <date>2017-02-24T19:09:44Z</date>
                </item>
              </activities>
            </item>
          </subcommittees>
          <activities>
            <item>
              <name>Referred to</name>
              <date>2017-02-07T15:11:25Z</date>
            </item>
          </activities>
        </item>
        <item>
          <systemCode>hsed00</systemCode>
          <name>Education and Labor Committee</name>
          <chamber>House</chamber>
          <type>Standing</type>
          <subcommittees />
          <activities>
            <item>
              <name>Referred to</name>
              <date>2017-02-07T15:11:15Z</date>
            </item>
          </activities>
        </item>
      </billCommittees>
    </committees>
    <committeeReports />
    <relatedBills>
      <item>
        <latestTitle>Cyber Security Education and Federal Workforce Enhancement Act</latestTitle>
        <congress>115</congress>
        <number>1981</number>
        <type>HR</type>
        <latestAction>
          <actionDate>2017-04-25</actionDate>
          <text>Referred to the Subcommittee on Research and Technology.</text>
        </latestAction>
        <relationshipDetails>
          <item>
            <type>Identical bill</type>
            <identifiedBy>CRS</identifiedBy>
          </item>
        </relationshipDetails>
      </item>
    </relatedBills>
    <actions>
      <item>
        <actionDate>2017-04-25</actionDate>
        <committees>
          <item>
            <systemCode>hssy15</systemCode>
            <name>Research and Technology Subcommittee</name>
          </item>
        </committees>
        <links />
        <sourceSystem>
          <code>1</code>
          <name>House committee actions</name>
        </sourceSystem>
        <text>Referred to the Subcommittee on Research and Technology.</text>
        <type>Committee</type>
      </item>
      <item>
        <actionDate>2017-02-24</actionDate>
        <committees>
          <item>
            <systemCode>hshm08</systemCode>
            <name>Cybersecurity, Infrastructure Protection, and Innovation Subcommittee</name>
          </item>
        </committees>
        <links />
        <sourceSystem>
          <code>1</code>
          <name>House committee actions</name>
        </sourceSystem>
        <text>Referred to the Subcommittee on Cybersecurity and Infrastructure Protection.</text>
        <type>Committee</type>
      </item>
      <item>
        <actionDate>2017-02-07</actionDate>
        <links />
        <text>Referred to the Committee on Education and the Workforce, and in addition to the Committees on Science, Space, and Technology, and Homeland Security, for a period to be subsequently determined by the Speaker, in each case for consideration of such provisions as fall within the jurisdiction of the committee concerned.</text>
        <type>IntroReferral</type>
        <actionCode>H11100</actionCode>
        <sourceSystem>
          <code>2</code>
          <name>House floor actions</name>
        </sourceSystem>
        <committees>
          <item>
            <systemCode>hshm00</systemCode>
            <name>Homeland Security Committee</name>
          </item>
        </committees>
      </item>
      <item>
        <actionDate>2017-02-07</actionDate>
        <links />
        <text>Referred to the Committee on Education and the Workforce, and in addition to the Committees on Science, Space, and Technology, and Homeland Security, for a period to be subsequently determined by the Speaker, in each case for consideration of such provisions as fall within the jurisdiction of the committee concerned.</text>
        <type>IntroReferral</type>
        <actionCode>H11100</actionCode>
        <sourceSystem>
          <code>2</code>
          <name>House floor actions</name>
        </sourceSystem>
        <committees>
          <item>
            <systemCode>hssy00</systemCode>
            <name>Science, Space, and Technology Committee</name>
          </item>
        </committees>
      </item>
      <item>
        <actionDate>2017-02-07</actionDate>
        <links />
        <text>Referred to the Committee on Education and the Workforce, and in addition to the Committees on Science, Space, and Technology, and Homeland Security, for a period to be subsequently determined by the Speaker, in each case for consideration of such provisions as fall within the jurisdiction of the committee concerned.</text>
        <type>IntroReferral</type>
        <actionCode>H11100-A</actionCode>
        <sourceSystem>
          <code>9</code>
          <name>Library of Congress</name>
        </sourceSystem>
        <committees />
      </item>
      <item>
        <actionDate>2017-02-07</actionDate>
        <links />
        <text>Referred to the Committee on Education and the Workforce, and in addition to the Committees on Science, Space, and Technology, and Homeland Security, for a period to be subsequently determined by the Speaker, in each case for consideration of such provisions as fall within the jurisdiction of the committee concerned.</text>
        <type>IntroReferral</type>
        <actionCode>H11100</actionCode>
        <sourceSystem>
          <code>2</code>
          <name>House floor actions</name>
        </sourceSystem>
        <committees>
          <item>
            <systemCode>hsed00</systemCode>
            <name>Education and Labor Committee</name>
          </item>
        </committees>
      </item>
      <item>
        <actionDate>2017-02-07</actionDate>
        <links />
        <text>Introduced in House</text>
        <type>IntroReferral</type>
        <actionCode>Intro-H</actionCode>
        <sourceSystem>
          <code>9</code>
          <name>Library of Congress</name>
        </sourceSystem>
        <committees />
      </item>
      <item>
        <actionDate>2017-02-07</actionDate>
        <links />
        <text>Introduced in House</text>
        <type>IntroReferral</type>
        <actionCode>1000</actionCode>
        <sourceSystem>
          <code>9</code>
          <name>Library of Congress</name>
        </sourceSystem>
        <committees />
      </item>
      <actionTypeCounts>
        <placeholderTextForH>2</placeholderTextForH>
        <billReferrals>3</billReferrals>
        <billReferralsAggregate>1</billReferralsAggregate>
        <introducedInTheHouse>1</introducedInTheHouse>
        <introducedInHouse>1</introducedInHouse>
      </actionTypeCounts>
      <actionByCounts>
        <houseOfRepresentatives>8</houseOfRepresentatives>
      </actionByCounts>
    </actions>
    <sponsors>
      <item>
        <bioguideId>J000032</bioguideId>
        <fullName>Rep. Jackson Lee, Sheila [D-TX-18]</fullName>
        <firstName>SHEILA</firstName>
        <middleName />
        <lastName>JACKSON LEE</lastName>
        <party>D</party>
        <state>TX</state>
        <identifiers>
          <lisID>588</lisID>
          <bioguideId>J000032</bioguideId>
          <gpoId>8174</gpoId>
        </identifiers>
        <district>18</district>
        <byRequestType />
      </item>
    </sponsors>
    <cosponsors />
    <cboCostEstimates />
    <laws />
    <notes />
    <policyArea>
      <name>Emergency Management</name>
    </policyArea>
    <subjects>
      <billSubjects>
        <legislativeSubjects>
          <item>
            <name>Administrative law and regulatory procedures</name>
          </item>
          <item>
            <name>Advisory bodies</name>
          </item>
          <item>
            <name>Computer security and identity theft</name>
          </item>
          <item>
            <name>Computers and information technology</name>
          </item>
          <item>
            <name>Congressional oversight</name>
          </item>
          <item>
            <name>Department of Homeland Security</name>
          </item>
          <item>
            <name>Education programs funding</name>
          </item>
          <item>
            <name>Educational facilities and institutions</name>
          </item>
          <item>
            <name>Educational technology and distance education</name>
          </item>
          <item>
            <name>Elementary and secondary education</name>
          </item>
          <item>
            <name>Employment and training programs</name>
          </item>
          <item>
            <name>Executive agency funding and structure</name>
          </item>
          <item>
            <name>Government employee pay, benefits, personnel management</name>
          </item>
          <item>
            <name>Government studies and investigations</name>
          </item>
          <item>
            <name>Higher education</name>
          </item>
          <item>
            <name>Homeland security</name>
          </item>
          <item>
            <name>Minority education</name>
          </item>
          <item>
            <name>Public-private cooperation</name>
          </item>
          <item>
            <name>Research administration and funding</name>
          </item>
          <item>
            <name>Science and engineering education</name>
          </item>
          <item>
            <name>Teaching, teachers, curricula</name>
          </item>
        </legislativeSubjects>
        <policyArea>
          <name>Emergency Management</name>
        </policyArea>
      </billSubjects>
    </subjects>
    <summaries>
      <billSummaries>
        <item>
          <versionCode>00</versionCode>
          <actionDate>2017-02-07</actionDate>
          <actionDesc>Introduced in House</actionDesc>
          <lastSummaryUpdateDate>2017-03-06T21:53:36Z</lastSummaryUpdateDate>
          <text><![CDATA[<p><b>Cyber Security Education and Federal Workforce Enhancement Act</b></p> <p>This bill amends the Homeland Security Act of 2002 to establish within the Department of Homeland Security (DHS) an Office of Cybersecurity Education and Awareness Branch to make recommendations to DHS regarding: (1) recruitment of information assurance, cybersecurity, and computer security professionals; (2) grants, training programs, and other support for kindergarten through grade 12, secondary, and post-secondary computer security education programs; (3) guest lecturer programs in which professional computer security experts lecture computer science students at institutions of higher education; (4) youth training programs for students to work in part-time or summer positions at federal agencies; and (5) programs to support underrepresented minorities in computer security fields with programs at minority-serving institutions, including Historically Black Colleges and Universities, Hispanic-serving institutions, Native American colleges, Asian-American institutions, and rural colleges and universities.</p> <p>DHS must provide matching funds to local educational agencies for after-school programs dedicated to science, technology, engineering, and math.</p> <p>The bill provides for the establishment of: </p> <ul> <li>a Research K-12 Science and Technology Education Board of Advisors to make recommendations regarding K-12 science and technology education domestically and internationally; </li> <li>a Computing and Information Security Post-Secondary Education Working Group to assist DHS in developing voluntary guidelines for federal civil agency training programs, certification authorities, and accreditation bodies; </li> <li>a Post-Secondary Laboratory Research Development Task Force to recommend best practices for baseline equipment, skilled instruction, and certification needed by college and university laboratory facilities; </li> <li>an Office of Computing and Information Security Professional's Mentoring Program for outreach to institutions of higher education, critical infrastructure owners, and federal agencies to promote professional mentors for students; </li> <li>a program under which DHS may designate colleges and universities as Centers of Academic Computer and Information Assurance Distinction; </li> <li>programs in conjunction with the National Science Foundation (NSF) to award grants to institutions of higher education for cybersecurity and information security professional development programs and degrees; and </li> <li>an E-Security Fellows Program for state, local, tribal, and private sector officials to participate in DHS's National Cybersecurity Division. </li></ul> <p>DHS may make grants to post-secondary institutions to equip computer laboratories for teaching and research purposes.</p> <p>The NSF must report to Congress regarding the causes of the high dropout rates of women and minority students enrolled in science, technology, engineering, and mathematics programs.</p>]]></text>
          <updateDate>2017-02-07T05:00:00Z</updateDate>
          <name>Introduced in House</name>
        </item>
      </billSummaries>
    </summaries>
    <title>Cyber Security Education and Federal Workforce Enhancement Act</title>
    <titles>
      <item>
        <titleType>Official Title as Introduced</titleType>
        <parentTitleType />
        <title>To codify an office within the Department of Homeland Security with the mission of strengthening the capacity of the agency to attract and retain highly trained computer and information security professionals, and for other purposes.</title>
        <chamberCode />
        <chamberName />
      </item>
      <item>
        <titleType>Short Titles as Introduced</titleType>
        <parentTitleType />
        <title>Cyber Security Education and Federal Workforce Enhancement Act</title>
        <chamberCode />
        <chamberName />
      </item>
      <item>
        <titleType>Display Title</titleType>
        <parentTitleType />
        <title>Cyber Security Education and Federal Workforce Enhancement Act</title>
        <chamberCode />
        <chamberName />
      </item>
    </titles>
    <amendments />
    <textVersions>
      <item>
        <type>Introduced in House</type>
        <date>2017-02-07T05:00:00Z</date>
        <formats>
          <item>
            <url>https://www.govinfo.gov/content/pkg/BILLS-115hr935ih/xml/BILLS-115hr935ih.xml</url>
          </item>
        </formats>
      </item>
    </textVersions>
    <latestAction>
      <actionDate>2017-04-25</actionDate>
      <text>Referred to the Subcommittee on Research and Technology.</text>
      <links />
    </latestAction>
    <calendarNumbers />
    <version>1.0.0</version>
  </bill>
  <dublinCore xmlns:dc="http://purl.org/dc/elements/1.1/">
    <dc:format>text/xml</dc:format>
    <dc:language>EN</dc:language>
    <dc:rights>Pursuant to Title 17 Section 105 of the United States Code, this file is not subject to copyright protection and is in the public domain.</dc:rights>
    <dc:contributor>Congressional Research Service, Library of Congress</dc:contributor>
    <dc:description>This file contains bill summaries and statuses for federal legislation. A bill summary describes the most significant provisions of a piece of legislation and details the effects the legislative text may have on current law and federal programs. Bill summaries are authored by the Congressional Research Service (CRS) of the Library of Congress. As stated in Public Law 91-510 (2 USC 166 (d)(6)), one of the duties of CRS is "to prepare summaries and digests of bills and resolutions of a public general nature introduced in the Senate or House of Representatives". For more information, refer to the User Guide that accompanies this file.</dc:description>
  </dublinCore>
</billStatus>

