<?xml version="1.0" encoding="UTF-8"?>
<billStatus>
  <bill>
    <billNumber>2554</billNumber>
    <createDate>2017-05-20T03:11:40Z</createDate>
    <updateDate>2020-09-28T22:14:00Z</updateDate>
    <originChamber>House</originChamber>
    <billType>HR</billType>
    <introducedDate>2017-05-19</introducedDate>
    <congress>115</congress>
    <constitutionalAuthorityStatementText><![CDATA[<pre>[Congressional Record Volume 163, Number 87 (Friday, May 19, 2017)]From the Congressional Record Online through the Government Publishing Office [<a href='http://www.gpo.gov'>www.gpo.gov</a>]By Mr. SOTO:H.R. 2554.Congress has the power to enact this legislation pursuantto the following:Article I, Section 8, of the United States Constitution.[Page H4389]</pre>]]></constitutionalAuthorityStatementText>
    <recordedVotes />
    <committees>
      <billCommittees>
        <item>
          <systemCode>hsed00</systemCode>
          <name>Education and Labor Committee</name>
          <chamber>House</chamber>
          <type>Standing</type>
          <subcommittees />
          <activities>
            <item>
              <name>Referred to</name>
              <date>2017-05-19T13:00:18Z</date>
            </item>
          </activities>
        </item>
      </billCommittees>
    </committees>
    <committeeReports />
    <relatedBills />
    <actions>
      <item>
        <actionDate>2017-05-19</actionDate>
        <links />
        <text>Referred to the House Committee on Education and the Workforce.</text>
        <type>IntroReferral</type>
        <actionCode>H11100</actionCode>
        <sourceSystem>
          <code>2</code>
          <name>House floor actions</name>
        </sourceSystem>
        <committees>
          <item>
            <systemCode>hsed00</systemCode>
            <name>Education and Labor Committee</name>
          </item>
        </committees>
      </item>
      <item>
        <actionDate>2017-05-19</actionDate>
        <links />
        <text>Sponsor introductory remarks on measure. (CR H4361-4362)</text>
        <type>IntroReferral</type>
        <actionCode>B00100</actionCode>
        <sourceSystem>
          <code>9</code>
          <name>Library of Congress</name>
        </sourceSystem>
        <committees />
      </item>
      <item>
        <actionDate>2017-05-19</actionDate>
        <links />
        <text>Introduced in House</text>
        <type>IntroReferral</type>
        <actionCode>Intro-H</actionCode>
        <sourceSystem>
          <code>9</code>
          <name>Library of Congress</name>
        </sourceSystem>
        <committees />
      </item>
      <item>
        <actionDate>2017-05-19</actionDate>
        <links />
        <text>Introduced in House</text>
        <type>IntroReferral</type>
        <actionCode>1000</actionCode>
        <sourceSystem>
          <code>9</code>
          <name>Library of Congress</name>
        </sourceSystem>
        <committees />
      </item>
      <actionTypeCounts>
        <billReferrals>1</billReferrals>
        <placeholderTextForB>1</placeholderTextForB>
        <introducedInTheHouse>1</introducedInTheHouse>
        <introducedInHouse>1</introducedInHouse>
      </actionTypeCounts>
      <actionByCounts>
        <houseOfRepresentatives>3</houseOfRepresentatives>
      </actionByCounts>
    </actions>
    <sponsors>
      <item>
        <bioguideId>S001200</bioguideId>
        <fullName>Rep. Soto, Darren [D-FL-9]</fullName>
        <firstName>Darren</firstName>
        <middleName />
        <lastName>Soto</lastName>
        <party>D</party>
        <state>FL</state>
        <identifiers>
          <lisID>2319</lisID>
          <bioguideId>S001200</bioguideId>
          <gpoId />
        </identifiers>
        <district>9</district>
        <byRequestType />
      </item>
    </sponsors>
    <cosponsors>
      <item>
        <bioguideId>M001202</bioguideId>
        <fullName>Rep. Murphy, Stephanie N. [D-FL-7]</fullName>
        <firstName>Stephanie</firstName>
        <middleName>N.</middleName>
        <lastName>Murphy</lastName>
        <party>D</party>
        <state>FL</state>
        <identifiers>
          <lisID>2318</lisID>
          <bioguideId>M001202</bioguideId>
          <gpoId />
        </identifiers>
        <district>7</district>
        <sponsorshipDate>2017-05-19</sponsorshipDate>
        <isOriginalCosponsor>True</isOriginalCosponsor>
        <sponsorshipWithdrawnDate />
      </item>
      <item>
        <bioguideId>D000627</bioguideId>
        <fullName>Rep. Demings, Val Butler [D-FL-10]</fullName>
        <firstName>Val</firstName>
        <middleName>Butler</middleName>
        <lastName>Demings</lastName>
        <party>D</party>
        <state>FL</state>
        <identifiers>
          <lisID>2320</lisID>
          <bioguideId>D000627</bioguideId>
          <gpoId />
        </identifiers>
        <district>10</district>
        <sponsorshipDate>2017-05-19</sponsorshipDate>
        <isOriginalCosponsor>True</isOriginalCosponsor>
        <sponsorshipWithdrawnDate />
      </item>
      <item>
        <bioguideId>C001066</bioguideId>
        <fullName>Rep. Castor, Kathy [D-FL-14]</fullName>
        <firstName>Kathy</firstName>
        <middleName />
        <lastName>Castor</lastName>
        <party>D</party>
        <state>FL</state>
        <identifiers>
          <lisID>1839</lisID>
          <bioguideId>C001066</bioguideId>
          <gpoId>7883</gpoId>
        </identifiers>
        <district>14</district>
        <sponsorshipDate>2017-05-19</sponsorshipDate>
        <isOriginalCosponsor>True</isOriginalCosponsor>
        <sponsorshipWithdrawnDate />
      </item>
      <item>
        <bioguideId>C001111</bioguideId>
        <fullName>Rep. Crist, Charlie [D-FL-13]</fullName>
        <firstName>Charlie</firstName>
        <middleName />
        <lastName>Crist</lastName>
        <party>D</party>
        <state>FL</state>
        <identifiers>
          <lisID>2321</lisID>
          <bioguideId>C001111</bioguideId>
          <gpoId />
        </identifiers>
        <district>13</district>
        <sponsorshipDate>2017-05-19</sponsorshipDate>
        <isOriginalCosponsor>True</isOriginalCosponsor>
        <sponsorshipWithdrawnDate />
      </item>
      <item>
        <bioguideId>H000324</bioguideId>
        <fullName>Rep. Hastings, Alcee L. [D-FL-20]</fullName>
        <firstName>ALCEE</firstName>
        <middleName>L.</middleName>
        <lastName>HASTINGS</lastName>
        <party>D</party>
        <state>FL</state>
        <identifiers>
          <lisID>511</lisID>
          <bioguideId>H000324</bioguideId>
          <gpoId>7895</gpoId>
        </identifiers>
        <district>20</district>
        <sponsorshipDate>2017-05-19</sponsorshipDate>
        <isOriginalCosponsor>True</isOriginalCosponsor>
        <sponsorshipWithdrawnDate />
      </item>
      <item>
        <bioguideId>L000586</bioguideId>
        <fullName>Rep. Lawson, Al, Jr. [D-FL-5]</fullName>
        <firstName>Al</firstName>
        <middleName />
        <lastName>Lawson</lastName>
        <party>D</party>
        <state>FL</state>
        <identifiers>
          <lisID>2317</lisID>
          <bioguideId>L000586</bioguideId>
          <gpoId />
        </identifiers>
        <district>5</district>
        <sponsorshipDate>2017-05-19</sponsorshipDate>
        <isOriginalCosponsor>True</isOriginalCosponsor>
        <sponsorshipWithdrawnDate />
      </item>
      <item>
        <bioguideId>W000808</bioguideId>
        <fullName>Rep. Wilson, Frederica S. [D-FL-24]</fullName>
        <firstName>Frederica</firstName>
        <middleName>S.</middleName>
        <lastName>Wilson</lastName>
        <party>D</party>
        <state>FL</state>
        <identifiers>
          <lisID>2004</lisID>
          <bioguideId>W000808</bioguideId>
          <gpoId>7889</gpoId>
        </identifiers>
        <district>24</district>
        <sponsorshipDate>2017-05-19</sponsorshipDate>
        <isOriginalCosponsor>True</isOriginalCosponsor>
        <sponsorshipWithdrawnDate />
      </item>
    </cosponsors>
    <cboCostEstimates />
    <laws />
    <notes />
    <policyArea>
      <name>Education</name>
    </policyArea>
    <subjects>
      <billSubjects>
        <legislativeSubjects>
          <item>
            <name>Education programs funding</name>
          </item>
          <item>
            <name>Higher education</name>
          </item>
          <item>
            <name>Teaching, teachers, curricula</name>
          </item>
        </legislativeSubjects>
        <policyArea>
          <name>Education</name>
        </policyArea>
      </billSubjects>
    </subjects>
    <summaries>
      <billSummaries>
        <item>
          <versionCode>00</versionCode>
          <actionDate>2017-05-19</actionDate>
          <actionDesc>Introduced in House</actionDesc>
          <lastSummaryUpdateDate>2019-01-10T22:37:01Z</lastSummaryUpdateDate>
          <text><![CDATA[<p><b>Direct Connect to Success Act</b></p> <p>This bill amends the Higher Education Act of 1965 to require each state that receives assistance under the Act to carry out a program under which graduates of 2-year community colleges with at least 2.0 grade point averages are: (1) automatically enrolled into 4-year public institutions of higher education (IHE) in the state if they meet the admission requirements, and (2) given credits at the 4-year IHE for courses from the community college. The participating 4-year IHEs in the state must meet periodically with first-year students at the community colleges to assist in developing and maintaining 4-year academic plans for the students.</p>]]></text>
          <updateDate>2017-05-19T04:00:00Z</updateDate>
          <name>Introduced in House</name>
        </item>
      </billSummaries>
    </summaries>
    <title>Direct Connect to Success Act</title>
    <titles>
      <item>
        <titleType>Official Title as Introduced</titleType>
        <parentTitleType />
        <title>To amend the Higher Education Act of 1965 to establish a program that automatically enrolls certain community college graduates into 4-year public institutions of higher education.</title>
        <chamberCode />
        <chamberName />
      </item>
      <item>
        <titleType>Short Titles as Introduced</titleType>
        <parentTitleType />
        <title>Direct Connect to Success Act</title>
        <chamberCode />
        <chamberName />
      </item>
      <item>
        <titleType>Display Title</titleType>
        <parentTitleType />
        <title>Direct Connect to Success Act</title>
        <chamberCode />
        <chamberName />
      </item>
      <item>
        <titleType>(Extracted from GPO) Short Titles as Introduced</titleType>
        <parentTitleType />
        <title>Direct Connect to Success Act</title>
        <chamberCode />
        <chamberName />
      </item>
    </titles>
    <amendments />
    <textVersions>
      <item>
        <type>Introduced in House</type>
        <date>2017-05-19T04:00:00Z</date>
        <formats>
          <item>
            <url>https://www.govinfo.gov/content/pkg/BILLS-115hr2554ih/xml/BILLS-115hr2554ih.xml</url>
          </item>
        </formats>
      </item>
    </textVersions>
    <latestAction>
      <actionDate>2017-05-19</actionDate>
      <text>Referred to the House Committee on Education and the Workforce.</text>
      <links />
    </latestAction>
    <calendarNumbers />
    <version>1.0.0</version>
  </bill>
  <dublinCore xmlns:dc="http://purl.org/dc/elements/1.1/">
    <dc:format>text/xml</dc:format>
    <dc:language>EN</dc:language>
    <dc:rights>Pursuant to Title 17 Section 105 of the United States Code, this file is not subject to copyright protection and is in the public domain.</dc:rights>
    <dc:contributor>Congressional Research Service, Library of Congress</dc:contributor>
    <dc:description>This file contains bill summaries and statuses for federal legislation. A bill summary describes the most significant provisions of a piece of legislation and details the effects the legislative text may have on current law and federal programs. Bill summaries are authored by the Congressional Research Service (CRS) of the Library of Congress. As stated in Public Law 91-510 (2 USC 166 (d)(6)), one of the duties of CRS is "to prepare summaries and digests of bills and resolutions of a public general nature introduced in the Senate or House of Representatives". For more information, refer to the User Guide that accompanies this file.</dc:description>
  </dublinCore>
</billStatus>

