<?xml version="1.0" encoding="UTF-8"?>
<billStatus>
  <bill>
    <billNumber>386</billNumber>
    <createDate>2017-01-10T05:15:45Z</createDate>
    <updateDate>2020-12-05T07:07:53Z</updateDate>
    <originChamber>House</originChamber>
    <billType>HR</billType>
    <introducedDate>2017-01-09</introducedDate>
    <congress>115</congress>
    <constitutionalAuthorityStatementText><![CDATA[<pre>[Congressional Record Volume 163, Number 5 (Monday, January 9, 2017)]From the Congressional Record Online through the Government Publishing Office [<a href='http://www.gpo.gov'>www.gpo.gov</a>]By Mr. SENSENBRENNER:H.R. 386.Congress has the power to enact this legislation pursuantto the following:Article I, Section 8[Page H236]</pre>]]></constitutionalAuthorityStatementText>
    <recordedVotes />
    <committees>
      <billCommittees>
        <item>
          <systemCode>hswm00</systemCode>
          <name>Ways and Means Committee</name>
          <chamber>House</chamber>
          <type>Standing</type>
          <subcommittees />
          <activities>
            <item>
              <name>Referred to</name>
              <date>2017-01-09T17:01:15Z</date>
            </item>
          </activities>
        </item>
      </billCommittees>
    </committees>
    <committeeReports />
    <relatedBills>
      <item>
        <latestTitle>To amend the Internal Revenue Code of 1986 to inflation adjust the $5,000 limitation with respect to dependent care assistance programs and flexible spending arrangements.</latestTitle>
        <congress>115</congress>
        <number>775</number>
        <type>HR</type>
        <latestAction>
          <actionDate>2017-01-31</actionDate>
          <text>Referred to the House Committee on Ways and Means.</text>
        </latestAction>
        <relationshipDetails>
          <item>
            <type>Related bill</type>
            <identifiedBy>CRS</identifiedBy>
          </item>
        </relationshipDetails>
      </item>
      <item>
        <latestTitle>Family Care Savings Act</latestTitle>
        <congress>115</congress>
        <number>782</number>
        <type>HR</type>
        <latestAction>
          <actionDate>2017-02-01</actionDate>
          <text>Referred to the House Committee on Ways and Means.</text>
        </latestAction>
        <relationshipDetails>
          <item>
            <type>Related bill</type>
            <identifiedBy>CRS</identifiedBy>
          </item>
        </relationshipDetails>
      </item>
    </relatedBills>
    <actions>
      <item>
        <actionDate>2017-01-09</actionDate>
        <links />
        <text>Referred to the House Committee on Ways and Means.</text>
        <type>IntroReferral</type>
        <actionCode>H11100</actionCode>
        <sourceSystem>
          <code>2</code>
          <name>House floor actions</name>
        </sourceSystem>
        <committees>
          <item>
            <systemCode>hswm00</systemCode>
            <name>Ways and Means Committee</name>
          </item>
        </committees>
      </item>
      <item>
        <actionDate>2017-01-09</actionDate>
        <links />
        <text>Introduced in House</text>
        <type>IntroReferral</type>
        <actionCode>Intro-H</actionCode>
        <sourceSystem>
          <code>9</code>
          <name>Library of Congress</name>
        </sourceSystem>
        <committees />
      </item>
      <item>
        <actionDate>2017-01-09</actionDate>
        <links />
        <text>Introduced in House</text>
        <type>IntroReferral</type>
        <actionCode>1000</actionCode>
        <sourceSystem>
          <code>9</code>
          <name>Library of Congress</name>
        </sourceSystem>
        <committees />
      </item>
      <actionTypeCounts>
        <billReferrals>1</billReferrals>
        <introducedInTheHouse>1</introducedInTheHouse>
        <introducedInHouse>1</introducedInHouse>
      </actionTypeCounts>
      <actionByCounts>
        <houseOfRepresentatives>3</houseOfRepresentatives>
      </actionByCounts>
    </actions>
    <sponsors>
      <item>
        <bioguideId>S000244</bioguideId>
        <fullName>Rep. Sensenbrenner, F. James, Jr. [R-WI-5]</fullName>
        <firstName>F.</firstName>
        <middleName>JAMES</middleName>
        <lastName>SENSENBRENNER</lastName>
        <party>R</party>
        <state>WI</state>
        <identifiers>
          <lisID>1041</lisID>
          <bioguideId>S000244</bioguideId>
          <gpoId>8218</gpoId>
        </identifiers>
        <district>5</district>
        <byRequestType />
      </item>
    </sponsors>
    <cosponsors />
    <cboCostEstimates />
    <laws />
    <notes />
    <policyArea>
      <name>Taxation</name>
    </policyArea>
    <subjects>
      <billSubjects>
        <legislativeSubjects>
          <item>
            <name>Child care and development</name>
          </item>
          <item>
            <name>Disability and paralysis</name>
          </item>
          <item>
            <name>Employee benefits and pensions</name>
          </item>
          <item>
            <name>Income tax exclusion</name>
          </item>
          <item>
            <name>Inflation and prices</name>
          </item>
        </legislativeSubjects>
        <policyArea>
          <name>Taxation</name>
        </policyArea>
      </billSubjects>
    </subjects>
    <summaries>
      <billSummaries>
        <item>
          <versionCode>00</versionCode>
          <actionDate>2017-01-09</actionDate>
          <actionDesc>Introduced in House</actionDesc>
          <lastSummaryUpdateDate>2017-02-08T22:29:19Z</lastSummaryUpdateDate>
          <text><![CDATA[<p><b>Working Parents Tax Relief Act</b></p> <p>This bill amends the Internal Revenue Code to: (1) increase from $5,000 to $7,500 (adjusted for inflation after 2017) the amount of employer-provided dependent care assistance that an employee may exclude from gross income, and (2) permit unused dependent care benefits in cafeteria plans and flexible spending arrangements to be carried forward to the succeeding plan year. </p>]]></text>
          <updateDate>2017-01-09T05:00:00Z</updateDate>
          <name>Introduced in House</name>
        </item>
      </billSummaries>
    </summaries>
    <title>Working Parents Tax Relief Act</title>
    <titles>
      <item>
        <titleType>Short Title(s) as Introduced</titleType>
        <parentTitleType />
        <title>Working Parents Tax Relief Act</title>
        <chamberCode />
        <chamberName />
      </item>
      <item>
        <titleType>Official Title as Introduced</titleType>
        <parentTitleType />
        <title>To amend the Internal Revenue Code of 1986 to increase the amount excludable from gross income for dependent care assistance and dependent care flexible spending arrangements and to provide for a carryover of unused dependent care benefits in dependent care flexible spending arrangements.</title>
        <chamberCode />
        <chamberName />
      </item>
      <item>
        <titleType>Short Titles as Introduced</titleType>
        <parentTitleType />
        <title>Working Parents Tax Relief Act</title>
        <chamberCode />
        <chamberName />
      </item>
      <item>
        <titleType>Display Title</titleType>
        <parentTitleType />
        <title>Working Parents Tax Relief Act</title>
        <chamberCode />
        <chamberName />
      </item>
    </titles>
    <amendments />
    <textVersions>
      <item>
        <type>Introduced in House</type>
        <date>2017-01-09T05:00:00Z</date>
        <formats>
          <item>
            <url>https://www.govinfo.gov/content/pkg/BILLS-115hr386ih/xml/BILLS-115hr386ih.xml</url>
          </item>
        </formats>
      </item>
    </textVersions>
    <latestAction>
      <actionDate>2017-01-09</actionDate>
      <text>Referred to the House Committee on Ways and Means.</text>
      <links />
    </latestAction>
    <calendarNumbers />
    <version>1.0.0</version>
  </bill>
  <dublinCore xmlns:dc="http://purl.org/dc/elements/1.1/">
    <dc:format>text/xml</dc:format>
    <dc:language>EN</dc:language>
    <dc:rights>Pursuant to Title 17 Section 105 of the United States Code, this file is not subject to copyright protection and is in the public domain.</dc:rights>
    <dc:contributor>Congressional Research Service, Library of Congress</dc:contributor>
    <dc:description>This file contains bill summaries and statuses for federal legislation. A bill summary describes the most significant provisions of a piece of legislation and details the effects the legislative text may have on current law and federal programs. Bill summaries are authored by the Congressional Research Service (CRS) of the Library of Congress. As stated in Public Law 91-510 (2 USC 166 (d)(6)), one of the duties of CRS is "to prepare summaries and digests of bills and resolutions of a public general nature introduced in the Senate or House of Representatives". For more information, refer to the User Guide that accompanies this file.</dc:description>
  </dublinCore>
</billStatus>

