<?xml version="1.0" encoding="UTF-8"?>
<billStatus>
  <bill>
    <billNumber>1042</billNumber>
    <createDate>2017-02-15T05:12:52Z</createDate>
    <updateDate>2020-09-28T22:06:45Z</updateDate>
    <originChamber>House</originChamber>
    <billType>HR</billType>
    <introducedDate>2017-02-14</introducedDate>
    <congress>115</congress>
    <constitutionalAuthorityStatementText><![CDATA[<pre>[Congressional Record Volume 163, Number 26 (Tuesday, February 14, 2017)]From the Congressional Record Online through the Government Publishing Office [<a href='http://www.gpo.gov'>www.gpo.gov</a>]By Mr. GOSAR:H.R. 1042.Congress has the power to enact this legislation pursuantto the following:Article 1, Section 8, Clause 1--This legislation adjuststhe formula the federal government uses to spend money onfederal contracts and is authorized by the Constitution underArticle 1, Section 8, Clause 1, which grants Congress itsspending power.[Page H1185]</pre>]]></constitutionalAuthorityStatementText>
    <recordedVotes />
    <committees>
      <billCommittees>
        <item>
          <systemCode>hsed00</systemCode>
          <name>Education and Labor Committee</name>
          <chamber>House</chamber>
          <type>Standing</type>
          <subcommittees />
          <activities>
            <item>
              <name>Referred to</name>
              <date>2017-02-14T15:04:10Z</date>
            </item>
          </activities>
        </item>
      </billCommittees>
    </committees>
    <committeeReports />
    <relatedBills>
      <item>
        <latestTitle>Opportunity in Federal Construction Act</latestTitle>
        <congress>115</congress>
        <number>1200</number>
        <type>S</type>
        <latestAction>
          <actionDate>2017-05-22</actionDate>
          <text>Read twice and referred to the Committee on Homeland Security and Governmental Affairs.</text>
        </latestAction>
        <relationshipDetails>
          <item>
            <type>Related bill</type>
            <identifiedBy>CRS</identifiedBy>
          </item>
        </relationshipDetails>
      </item>
    </relatedBills>
    <actions>
      <item>
        <actionDate>2017-02-14</actionDate>
        <links />
        <text>Referred to the House Committee on Education and the Workforce.</text>
        <type>IntroReferral</type>
        <actionCode>H11100</actionCode>
        <sourceSystem>
          <code>2</code>
          <name>House floor actions</name>
        </sourceSystem>
        <committees>
          <item>
            <systemCode>hsed00</systemCode>
            <name>Education and Labor Committee</name>
          </item>
        </committees>
      </item>
      <item>
        <actionDate>2017-02-14</actionDate>
        <links />
        <text>Introduced in House</text>
        <type>IntroReferral</type>
        <actionCode>Intro-H</actionCode>
        <sourceSystem>
          <code>9</code>
          <name>Library of Congress</name>
        </sourceSystem>
        <committees />
      </item>
      <item>
        <actionDate>2017-02-14</actionDate>
        <links />
        <text>Introduced in House</text>
        <type>IntroReferral</type>
        <actionCode>1000</actionCode>
        <sourceSystem>
          <code>9</code>
          <name>Library of Congress</name>
        </sourceSystem>
        <committees />
      </item>
      <actionTypeCounts>
        <billReferrals>1</billReferrals>
        <introducedInTheHouse>1</introducedInTheHouse>
        <introducedInHouse>1</introducedInHouse>
      </actionTypeCounts>
      <actionByCounts>
        <houseOfRepresentatives>3</houseOfRepresentatives>
      </actionByCounts>
    </actions>
    <sponsors>
      <item>
        <bioguideId>G000565</bioguideId>
        <fullName>Rep. Gosar, Paul A. [R-AZ-4]</fullName>
        <firstName>Paul</firstName>
        <middleName>A.</middleName>
        <lastName>Gosar</lastName>
        <party>R</party>
        <state>AZ</state>
        <identifiers>
          <lisID>1992</lisID>
          <bioguideId>G000565</bioguideId>
          <gpoId>7798</gpoId>
        </identifiers>
        <district>4</district>
        <byRequestType />
      </item>
    </sponsors>
    <cosponsors>
      <item>
        <bioguideId>D000616</bioguideId>
        <fullName>Rep. DesJarlais, Scott [R-TN-4]</fullName>
        <firstName>Scott</firstName>
        <middleName />
        <lastName>DesJarlais</lastName>
        <party>R</party>
        <state>TN</state>
        <identifiers>
          <lisID>2062</lisID>
          <bioguideId>D000616</bioguideId>
          <gpoId>8151</gpoId>
        </identifiers>
        <district>4</district>
        <sponsorshipDate>2017-02-14</sponsorshipDate>
        <isOriginalCosponsor>True</isOriginalCosponsor>
        <sponsorshipWithdrawnDate />
      </item>
      <item>
        <bioguideId>D000615</bioguideId>
        <fullName>Rep. Duncan, Jeff [R-SC-3]</fullName>
        <firstName>Jeff</firstName>
        <middleName />
        <lastName>Duncan</lastName>
        <party>R</party>
        <state>SC</state>
        <identifiers>
          <lisID>2057</lisID>
          <bioguideId>D000615</bioguideId>
          <gpoId>8143</gpoId>
        </identifiers>
        <district>3</district>
        <sponsorshipDate>2017-02-14</sponsorshipDate>
        <isOriginalCosponsor>True</isOriginalCosponsor>
        <sponsorshipWithdrawnDate />
      </item>
      <item>
        <bioguideId>D000533</bioguideId>
        <fullName>Rep. Duncan, John J., Jr. [R-TN-2]</fullName>
        <firstName>JOHN</firstName>
        <middleName>J.</middleName>
        <lastName>DUNCAN</lastName>
        <party>R</party>
        <state>TN</state>
        <identifiers>
          <lisID>322</lisID>
          <bioguideId>D000533</bioguideId>
          <gpoId>8149</gpoId>
        </identifiers>
        <district>2</district>
        <sponsorshipDate>2017-02-14</sponsorshipDate>
        <isOriginalCosponsor>True</isOriginalCosponsor>
        <sponsorshipWithdrawnDate />
      </item>
      <item>
        <bioguideId>F000448</bioguideId>
        <fullName>Rep. Franks, Trent [R-AZ-8]</fullName>
        <firstName>Trent</firstName>
        <middleName />
        <lastName>Franks</lastName>
        <party>R</party>
        <state>AZ</state>
        <identifiers>
          <lisID>1707</lisID>
          <bioguideId>F000448</bioguideId>
          <gpoId>7799</gpoId>
        </identifiers>
        <district>8</district>
        <sponsorshipDate>2017-02-14</sponsorshipDate>
        <isOriginalCosponsor>True</isOriginalCosponsor>
        <sponsorshipWithdrawnDate />
      </item>
      <item>
        <bioguideId>H001036</bioguideId>
        <fullName>Rep. Hensarling, Jeb [R-TX-5]</fullName>
        <firstName>Jeb</firstName>
        <middleName />
        <lastName>Hensarling</lastName>
        <party>R</party>
        <state>TX</state>
        <identifiers>
          <lisID>1749</lisID>
          <bioguideId>H001036</bioguideId>
          <gpoId>8161</gpoId>
        </identifiers>
        <district>5</district>
        <sponsorshipDate>2017-02-14</sponsorshipDate>
        <isOriginalCosponsor>True</isOriginalCosponsor>
        <sponsorshipWithdrawnDate />
      </item>
      <item>
        <bioguideId>J000255</bioguideId>
        <fullName>Rep. Jones, Walter B., Jr. [R-NC-3]</fullName>
        <firstName>WALTER</firstName>
        <middleName>B.</middleName>
        <lastName>JONES</lastName>
        <party>R</party>
        <state>NC</state>
        <identifiers>
          <lisID>612</lisID>
          <bioguideId>J000255</bioguideId>
          <gpoId>8026</gpoId>
        </identifiers>
        <district>3</district>
        <sponsorshipDate>2017-02-14</sponsorshipDate>
        <isOriginalCosponsor>True</isOriginalCosponsor>
        <sponsorshipWithdrawnDate />
      </item>
      <item>
        <bioguideId>R000597</bioguideId>
        <fullName>Rep. Rice, Tom [R-SC-7]</fullName>
        <firstName>Tom</firstName>
        <middleName />
        <lastName>Rice</lastName>
        <party>R</party>
        <state>SC</state>
        <identifiers>
          <lisID>2160</lisID>
          <bioguideId>R000597</bioguideId>
          <gpoId />
        </identifiers>
        <district>7</district>
        <sponsorshipDate>2017-02-14</sponsorshipDate>
        <isOriginalCosponsor>True</isOriginalCosponsor>
        <sponsorshipWithdrawnDate />
      </item>
      <item>
        <bioguideId>S001183</bioguideId>
        <fullName>Rep. Schweikert, David [R-AZ-6]</fullName>
        <firstName>David</firstName>
        <middleName />
        <lastName>Schweikert</lastName>
        <party>R</party>
        <state>AZ</state>
        <identifiers>
          <lisID>1994</lisID>
          <bioguideId>S001183</bioguideId>
          <gpoId>7802</gpoId>
        </identifiers>
        <district>6</district>
        <sponsorshipDate>2017-02-14</sponsorshipDate>
        <isOriginalCosponsor>True</isOriginalCosponsor>
        <sponsorshipWithdrawnDate />
      </item>
      <item>
        <bioguideId>S001192</bioguideId>
        <fullName>Rep. Stewart, Chris [R-UT-2]</fullName>
        <firstName>Chris</firstName>
        <middleName />
        <lastName>Stewart</lastName>
        <party>R</party>
        <state>UT</state>
        <identifiers>
          <lisID>2168</lisID>
          <bioguideId>S001192</bioguideId>
          <gpoId />
        </identifiers>
        <district>2</district>
        <sponsorshipDate>2017-02-14</sponsorshipDate>
        <isOriginalCosponsor>True</isOriginalCosponsor>
        <sponsorshipWithdrawnDate />
      </item>
      <item>
        <bioguideId>R000607</bioguideId>
        <fullName>Rep. Rooney, Francis [R-FL-19]</fullName>
        <firstName>Francis</firstName>
        <middleName />
        <lastName>Rooney</lastName>
        <party>R</party>
        <state>FL</state>
        <identifiers>
          <lisID>2323</lisID>
          <bioguideId>R000607</bioguideId>
          <gpoId />
        </identifiers>
        <district>19</district>
        <sponsorshipDate>2017-12-20</sponsorshipDate>
        <isOriginalCosponsor>False</isOriginalCosponsor>
        <sponsorshipWithdrawnDate />
      </item>
    </cosponsors>
    <cboCostEstimates />
    <laws />
    <notes />
    <policyArea>
      <name>Government Operations and Politics</name>
    </policyArea>
    <subjects>
      <billSubjects>
        <legislativeSubjects>
          <item>
            <name>Building construction</name>
          </item>
          <item>
            <name>Census and government statistics</name>
          </item>
          <item>
            <name>Government buildings, facilities, and property</name>
          </item>
          <item>
            <name>Public contracts and procurement</name>
          </item>
          <item>
            <name>Wages and earnings</name>
          </item>
        </legislativeSubjects>
        <policyArea>
          <name>Government Operations and Politics</name>
        </policyArea>
      </billSubjects>
    </subjects>
    <summaries>
      <billSummaries>
        <item>
          <versionCode>00</versionCode>
          <actionDate>2017-02-14</actionDate>
          <actionDesc>Introduced in House</actionDesc>
          <lastSummaryUpdateDate>2017-02-22T22:58:29Z</lastSummaryUpdateDate>
          <text><![CDATA[<p><b>Responsibility in Federal Contracting Act</b></p> <p> This bill requires that the locally prevailing wage paid to various classes of laborers and mechanics working under federally-financed or federally-assisted contracts for construction, alteration, and repair of public buildings or public works (Davis-Bacon Act) be determined by the Department of Labor (as under current law), but acting through the Bureau of Labor Statistics (BLS), using surveys carried out by BLS that use proper random statistical sampling techniques.</p>]]></text>
          <updateDate>2017-02-14T05:00:00Z</updateDate>
          <name>Introduced in House</name>
        </item>
      </billSummaries>
    </summaries>
    <title>Responsibility in Federal Contracting Act</title>
    <titles>
      <item>
        <titleType>Official Title as Introduced</titleType>
        <parentTitleType />
        <title>To require that the prevailing wage utilized for purposes of subchapter IV of chapter 31 of title 40, United States Code (commonly referred to as the Davis-Bacon Act), be determined by the Bureau of Labor Statistics.</title>
        <chamberCode />
        <chamberName />
      </item>
      <item>
        <titleType>Short Titles as Introduced</titleType>
        <parentTitleType />
        <title>Responsibility in Federal Contracting Act</title>
        <chamberCode />
        <chamberName />
      </item>
      <item>
        <titleType>Display Title</titleType>
        <parentTitleType />
        <title>Responsibility in Federal Contracting Act</title>
        <chamberCode />
        <chamberName />
      </item>
      <item>
        <titleType>(Extracted from GPO) Short Titles as Introduced</titleType>
        <parentTitleType />
        <title>Responsibility in Federal Contracting Act</title>
        <chamberCode />
        <chamberName />
      </item>
    </titles>
    <amendments />
    <textVersions>
      <item>
        <type>Introduced in House</type>
        <date>2017-02-14T05:00:00Z</date>
        <formats>
          <item>
            <url>https://www.govinfo.gov/content/pkg/BILLS-115hr1042ih/xml/BILLS-115hr1042ih.xml</url>
          </item>
        </formats>
      </item>
    </textVersions>
    <latestAction>
      <actionDate>2017-02-14</actionDate>
      <text>Referred to the House Committee on Education and the Workforce.</text>
      <links />
    </latestAction>
    <calendarNumbers />
    <version>1.0.0</version>
  </bill>
  <dublinCore xmlns:dc="http://purl.org/dc/elements/1.1/">
    <dc:format>text/xml</dc:format>
    <dc:language>EN</dc:language>
    <dc:rights>Pursuant to Title 17 Section 105 of the United States Code, this file is not subject to copyright protection and is in the public domain.</dc:rights>
    <dc:contributor>Congressional Research Service, Library of Congress</dc:contributor>
    <dc:description>This file contains bill summaries and statuses for federal legislation. A bill summary describes the most significant provisions of a piece of legislation and details the effects the legislative text may have on current law and federal programs. Bill summaries are authored by the Congressional Research Service (CRS) of the Library of Congress. As stated in Public Law 91-510 (2 USC 166 (d)(6)), one of the duties of CRS is "to prepare summaries and digests of bills and resolutions of a public general nature introduced in the Senate or House of Representatives". For more information, refer to the User Guide that accompanies this file.</dc:description>
  </dublinCore>
</billStatus>

