<?xml version="1.0" encoding="UTF-8"?>
<billStatus>
  <bill>
    <billNumber>340</billNumber>
    <createDate>2017-01-06T04:57:26Z</createDate>
    <updateDate>2020-12-05T07:07:25Z</updateDate>
    <originChamber>House</originChamber>
    <billType>HR</billType>
    <introducedDate>2017-01-05</introducedDate>
    <congress>115</congress>
    <constitutionalAuthorityStatementText><![CDATA[<pre>[Congressional Record Volume 163, Number 3 (Thursday, January 5, 2017)]From the Congressional Record Online through the Government Publishing Office [<a href='http://www.gpo.gov'>www.gpo.gov</a>]By Mr. SERRANO:H.R. 340.Congress has the power to enact this legislation pursuantto the following:Article I, Section 8, clause 18 of the Constitution[Page H183]</pre>]]></constitutionalAuthorityStatementText>
    <recordedVotes />
    <committees>
      <billCommittees>
        <item>
          <systemCode>hswm00</systemCode>
          <name>Ways and Means Committee</name>
          <chamber>House</chamber>
          <type>Standing</type>
          <subcommittees />
          <activities>
            <item>
              <name>Referred to</name>
              <date>2017-01-05T15:06:10Z</date>
            </item>
          </activities>
        </item>
      </billCommittees>
    </committees>
    <committeeReports />
    <relatedBills />
    <actions>
      <item>
        <actionDate>2017-01-05</actionDate>
        <links />
        <text>Referred to the House Committee on Ways and Means.</text>
        <type>IntroReferral</type>
        <actionCode>H11100</actionCode>
        <sourceSystem>
          <code>2</code>
          <name>House floor actions</name>
        </sourceSystem>
        <committees>
          <item>
            <systemCode>hswm00</systemCode>
            <name>Ways and Means Committee</name>
          </item>
        </committees>
      </item>
      <item>
        <actionDate>2017-01-05</actionDate>
        <links />
        <text>Introduced in House</text>
        <type>IntroReferral</type>
        <actionCode>Intro-H</actionCode>
        <sourceSystem>
          <code>9</code>
          <name>Library of Congress</name>
        </sourceSystem>
        <committees />
      </item>
      <item>
        <actionDate>2017-01-05</actionDate>
        <links />
        <text>Introduced in House</text>
        <type>IntroReferral</type>
        <actionCode>1000</actionCode>
        <sourceSystem>
          <code>9</code>
          <name>Library of Congress</name>
        </sourceSystem>
        <committees />
      </item>
      <actionTypeCounts>
        <billReferrals>1</billReferrals>
        <introducedInTheHouse>1</introducedInTheHouse>
        <introducedInHouse>1</introducedInHouse>
      </actionTypeCounts>
      <actionByCounts>
        <houseOfRepresentatives>3</houseOfRepresentatives>
      </actionByCounts>
    </actions>
    <sponsors>
      <item>
        <bioguideId>S000248</bioguideId>
        <fullName>Rep. Serrano, Jose E. [D-NY-15]</fullName>
        <firstName>JOSE</firstName>
        <middleName>E.</middleName>
        <lastName>SERRANO</lastName>
        <party>D</party>
        <state>NY</state>
        <identifiers>
          <lisID>1042</lisID>
          <bioguideId>S000248</bioguideId>
          <gpoId>8077</gpoId>
        </identifiers>
        <district>15</district>
        <byRequestType />
      </item>
    </sponsors>
    <cosponsors />
    <cboCostEstimates />
    <laws />
    <notes />
    <policyArea>
      <name>Taxation</name>
    </policyArea>
    <subjects>
      <billSubjects>
        <legislativeSubjects>
          <item>
            <name>Advanced technology and technological innovations</name>
          </item>
          <item>
            <name>Advisory bodies</name>
          </item>
          <item>
            <name>Building construction</name>
          </item>
          <item>
            <name>Economic performance and conditions</name>
          </item>
          <item>
            <name>Income tax credits</name>
          </item>
          <item>
            <name>Industrial facilities</name>
          </item>
          <item>
            <name>Manufacturing</name>
          </item>
        </legislativeSubjects>
        <policyArea>
          <name>Taxation</name>
        </policyArea>
      </billSubjects>
    </subjects>
    <summaries>
      <billSummaries>
        <item>
          <versionCode>00</versionCode>
          <actionDate>2017-01-05</actionDate>
          <actionDesc>Introduced in House</actionDesc>
          <lastSummaryUpdateDate>2017-01-23T17:50:06Z</lastSummaryUpdateDate>
          <text><![CDATA[<p><strong>Next Generation American Manufacturing Act of 201</strong><b>7</b></p> <p>This bill amends the Internal Revenue Code to allow a tax credit for the purchase (during a specified period of between 5 and 10 years based on the incentive needed with respect to each product) of new products certified as assembled in the United States and consisting of at least 60% of components assembled or otherwise arising in the United States.</p> <p>The bill also establishes the 21st Century American Manufacturing Commission to conduct research to designate products eligible for such tax credit. </p> <p>The bill allows certain start-up companies that are headquartered in the United States a tax credit for up to 25% of their costs for the construction of a manufacturing facility and for the purchase of specialized equipment for use at such facility. A "start-up company" is defined as any corporation or partnership that: (1) first has both gross receipts and qualified research expenses in a taxable year beginning after December 31, 2016; or (2) has both gross receipts and qualified research expenses in fewer than three taxable years beginning after December 31, 2016, and before January 1, 2022. </p>]]></text>
          <updateDate>2017-01-05T05:00:00Z</updateDate>
          <name>Introduced in House</name>
        </item>
      </billSummaries>
    </summaries>
    <title>Next Generation American Manufacturing Act of 2017</title>
    <titles>
      <item>
        <titleType>Short Title(s) as Introduced</titleType>
        <parentTitleType />
        <title>Next Generation American Manufacturing Act of 2017</title>
        <chamberCode />
        <chamberName />
      </item>
      <item>
        <titleType>Official Title as Introduced</titleType>
        <parentTitleType />
        <title>To amend the Internal Revenue Code of 1986 to allow a credit against tax for qualified manufacturing facility construction costs and to allow a credit against tax for qualified manufacturing facility construction costs.</title>
        <chamberCode />
        <chamberName />
      </item>
      <item>
        <titleType>Short Titles as Introduced</titleType>
        <parentTitleType />
        <title>Next Generation American Manufacturing Act of 2017</title>
        <chamberCode />
        <chamberName />
      </item>
      <item>
        <titleType>Display Title</titleType>
        <parentTitleType />
        <title>Next Generation American Manufacturing Act of 2017</title>
        <chamberCode />
        <chamberName />
      </item>
    </titles>
    <amendments />
    <textVersions>
      <item>
        <type>Introduced in House</type>
        <date>2017-01-05T05:00:00Z</date>
        <formats>
          <item>
            <url>https://www.govinfo.gov/content/pkg/BILLS-115hr340ih/xml/BILLS-115hr340ih.xml</url>
          </item>
        </formats>
      </item>
    </textVersions>
    <latestAction>
      <actionDate>2017-01-05</actionDate>
      <text>Referred to the House Committee on Ways and Means.</text>
      <links />
    </latestAction>
    <calendarNumbers />
    <version>1.0.0</version>
  </bill>
  <dublinCore xmlns:dc="http://purl.org/dc/elements/1.1/">
    <dc:format>text/xml</dc:format>
    <dc:language>EN</dc:language>
    <dc:rights>Pursuant to Title 17 Section 105 of the United States Code, this file is not subject to copyright protection and is in the public domain.</dc:rights>
    <dc:contributor>Congressional Research Service, Library of Congress</dc:contributor>
    <dc:description>This file contains bill summaries and statuses for federal legislation. A bill summary describes the most significant provisions of a piece of legislation and details the effects the legislative text may have on current law and federal programs. Bill summaries are authored by the Congressional Research Service (CRS) of the Library of Congress. As stated in Public Law 91-510 (2 USC 166 (d)(6)), one of the duties of CRS is "to prepare summaries and digests of bills and resolutions of a public general nature introduced in the Senate or House of Representatives". For more information, refer to the User Guide that accompanies this file.</dc:description>
  </dublinCore>
</billStatus>

