<?xml version="1.0" encoding="UTF-8"?>
<billStatus>
  <bill>
    <billNumber>654</billNumber>
    <createDate>2017-01-25T04:45:55Z</createDate>
    <updateDate>2021-07-10T20:03:34Z</updateDate>
    <originChamber>House</originChamber>
    <billType>HR</billType>
    <introducedDate>2017-01-24</introducedDate>
    <congress>115</congress>
    <constitutionalAuthorityStatementText><![CDATA[<pre>[Congressional Record Volume 163, Number 13 (Tuesday, January 24, 2017)]From the Congressional Record Online through the Government Publishing Office [<a href='http://www.gpo.gov'>www.gpo.gov</a>]By Mr. DeFAZIO:H.R. 654.Congress has the power to enact this legislation pursuantto the following:Article I, Section 8 of the United States Constitution,specifically Clause 1 (relating to providing for the commondefense and general welfare of the United States) and Clause18 (relating to the power to make all laws necessary andproper for carrying out the powers vested in Congress).[Page H688]</pre>]]></constitutionalAuthorityStatementText>
    <recordedVotes>
      <recordedVote>
        <rollNumber>196</rollNumber>
        <url>https://clerk.house.gov/evs/2017/roll196.xml</url>
        <fullActionName>Final Passage Under Suspension of the Rules Results</fullActionName>
        <chamber>House</chamber>
        <congress>115</congress>
        <date>2017-03-27T23:14:19Z</date>
        <sessionNumber>1</sessionNumber>
      </recordedVote>
    </recordedVotes>
    <committees>
      <billCommittees>
        <item>
          <systemCode>ssga00</systemCode>
          <name>Homeland Security and Governmental Affairs Committee</name>
          <chamber>Senate</chamber>
          <type>Standing</type>
          <subcommittees />
          <activities>
            <item>
              <name>Referred to</name>
              <date>2017-03-28T15:42:36Z</date>
            </item>
          </activities>
        </item>
        <item>
          <systemCode>hspw00</systemCode>
          <name>Transportation and Infrastructure Committee</name>
          <chamber>House</chamber>
          <type>Standing</type>
          <subcommittees>
            <item>
              <systemCode>hspw13</systemCode>
              <name>Economic Development, Public Buildings, and Emergency Management Subcommittee</name>
              <activities>
                <item>
                  <name>Discharged from</name>
                  <date>2017-02-28T16:56:32Z</date>
                </item>
                <item>
                  <name>Referred to</name>
                  <date>2017-01-25T16:54:29Z</date>
                </item>
              </activities>
            </item>
          </subcommittees>
          <activities>
            <item>
              <name>Reported by</name>
              <date>2017-03-09T20:10:49Z</date>
            </item>
            <item>
              <name>Markup by</name>
              <date>2017-02-28T16:35:35Z</date>
            </item>
            <item>
              <name>Referred to</name>
              <date>2017-01-24T15:05:10Z</date>
            </item>
          </activities>
        </item>
      </billCommittees>
    </committees>
    <committeeReports>
      <committeeReport>
        <citation>H. Rept. 115-30</citation>
      </committeeReport>
    </committeeReports>
    <relatedBills />
    <actions>
      <item>
        <actionDate>2017-03-28</actionDate>
        <committees>
          <item>
            <systemCode>ssga00</systemCode>
            <name>Homeland Security and Governmental Affairs Committee</name>
          </item>
        </committees>
        <links />
        <sourceSystem>
          <code>0</code>
          <name>Senate</name>
        </sourceSystem>
        <text>Received in the Senate and Read twice and referred to the Committee on Homeland Security and Governmental Affairs.</text>
        <type>IntroReferral</type>
      </item>
      <item>
        <actionDate>2017-03-27</actionDate>
        <actionTime>19:14:20</actionTime>
        <links />
        <text>Motion to reconsider laid on the table Agreed to without objection.</text>
        <type>Floor</type>
        <actionCode>H38310</actionCode>
        <sourceSystem>
          <code>2</code>
          <name>House floor actions</name>
        </sourceSystem>
        <committees />
      </item>
      <item>
        <actionDate>2017-03-27</actionDate>
        <actionTime>19:14:19</actionTime>
        <links />
        <text>On motion to suspend the rules and pass the bill, as amended Agreed to by the Yeas and Nays: (2/3 required): 395 - 11 (Roll no. 196). (text: CR H2450-2451)</text>
        <type>Floor</type>
        <actionCode>H37300</actionCode>
        <sourceSystem>
          <code>2</code>
          <name>House floor actions</name>
        </sourceSystem>
        <committees />
      </item>
      <item>
        <actionDate>2017-03-27</actionDate>
        <actionTime>19:14:19</actionTime>
        <links />
        <text>Passed/agreed to in House: On motion to suspend the rules and pass the bill, as amended Agreed to by the Yeas and Nays: (2/3 required): 395 - 11 (Roll no. 196).(text: CR H2450-2451)</text>
        <type>Floor</type>
        <actionCode>8000</actionCode>
        <sourceSystem>
          <code>9</code>
          <name>Library of Congress</name>
        </sourceSystem>
        <committees />
      </item>
      <item>
        <actionDate>2017-03-27</actionDate>
        <actionTime>19:06:00</actionTime>
        <links />
        <text>Considered as unfinished business. (consideration: CR H2454-2455)</text>
        <type>Floor</type>
        <actionCode>H30000</actionCode>
        <sourceSystem>
          <code>2</code>
          <name>House floor actions</name>
        </sourceSystem>
        <committees />
      </item>
      <item>
        <actionDate>2017-03-27</actionDate>
        <actionTime>17:23:37</actionTime>
        <links />
        <text>At the conclusion of debate, the Yeas and Nays were demanded and ordered. Pursuant to the provisions of clause 8, rule XX, the Chair announced that further proceedings on the motion would be postponed.</text>
        <type>Floor</type>
        <actionCode>H37220</actionCode>
        <sourceSystem>
          <code>2</code>
          <name>House floor actions</name>
        </sourceSystem>
        <committees />
      </item>
      <item>
        <actionDate>2017-03-27</actionDate>
        <actionTime>17:17:49</actionTime>
        <links />
        <text>DEBATE - The House proceeded with forty minutes of debate on H.R. 654.</text>
        <type>Floor</type>
        <actionCode>H8D000</actionCode>
        <sourceSystem>
          <code>2</code>
          <name>House floor actions</name>
        </sourceSystem>
        <committees />
      </item>
      <item>
        <actionDate>2017-03-27</actionDate>
        <actionTime>17:17:47</actionTime>
        <links />
        <text>Considered under suspension of the rules. (consideration: CR H2450-2452)</text>
        <type>Floor</type>
        <actionCode>H30000</actionCode>
        <sourceSystem>
          <code>2</code>
          <name>House floor actions</name>
        </sourceSystem>
        <committees />
      </item>
      <item>
        <actionDate>2017-03-27</actionDate>
        <actionTime>17:17:24</actionTime>
        <links />
        <text>Mr. Barletta moved to suspend the rules and pass the bill, as amended.</text>
        <type>Floor</type>
        <actionCode>H30300</actionCode>
        <sourceSystem>
          <code>2</code>
          <name>House floor actions</name>
        </sourceSystem>
        <committees />
      </item>
      <item>
        <actionDate>2017-03-09</actionDate>
        <links />
        <text>Placed on the Union Calendar, Calendar No. 12.</text>
        <type>Calendars</type>
        <actionCode>H12410</actionCode>
        <sourceSystem>
          <code>2</code>
          <name>House floor actions</name>
        </sourceSystem>
        <committees />
      </item>
      <item>
        <actionDate>2017-03-09</actionDate>
        <links />
        <text>Reported (Amended) by the Committee on Transportation and Infrastructure. H. Rept. 115-30.</text>
        <type>Committee</type>
        <actionCode>H12200</actionCode>
        <sourceSystem>
          <code>2</code>
          <name>House floor actions</name>
        </sourceSystem>
        <committees>
          <item>
            <systemCode>hspw00</systemCode>
            <name>Transportation and Infrastructure Committee</name>
          </item>
        </committees>
      </item>
      <item>
        <actionDate>2017-03-09</actionDate>
        <links />
        <text>Reported (Amended) by the Committee on Transportation and Infrastructure. H. Rept. 115-30.</text>
        <type>Committee</type>
        <actionCode>5000</actionCode>
        <sourceSystem>
          <code>9</code>
          <name>Library of Congress</name>
        </sourceSystem>
        <committees>
          <item>
            <systemCode>hspw00</systemCode>
            <name>Transportation and Infrastructure Committee</name>
          </item>
        </committees>
      </item>
      <item>
        <actionDate>2017-02-28</actionDate>
        <committees>
          <item>
            <systemCode>hspw00</systemCode>
            <name>Transportation and Infrastructure Committee</name>
          </item>
        </committees>
        <links />
        <sourceSystem>
          <code>1</code>
          <name>House committee actions</name>
        </sourceSystem>
        <text>Subcommittee on Economic Development, Public Buildings and Emergency Management Discharged.</text>
        <type>Committee</type>
      </item>
      <item>
        <actionDate>2017-02-28</actionDate>
        <committees>
          <item>
            <systemCode>hspw00</systemCode>
            <name>Transportation and Infrastructure Committee</name>
          </item>
        </committees>
        <links />
        <sourceSystem>
          <code>1</code>
          <name>House committee actions</name>
        </sourceSystem>
        <text>Ordered to be Reported (Amended) by Voice Vote.</text>
        <type>Committee</type>
      </item>
      <item>
        <actionDate>2017-02-28</actionDate>
        <committees>
          <item>
            <systemCode>hspw00</systemCode>
            <name>Transportation and Infrastructure Committee</name>
          </item>
        </committees>
        <links />
        <sourceSystem>
          <code>1</code>
          <name>House committee actions</name>
        </sourceSystem>
        <text>Committee Consideration and Mark-up Session Held.</text>
        <type>Committee</type>
      </item>
      <item>
        <actionDate>2017-01-25</actionDate>
        <committees>
          <item>
            <systemCode>hspw13</systemCode>
            <name>Economic Development, Public Buildings, and Emergency Management Subcommittee</name>
          </item>
        </committees>
        <links />
        <sourceSystem>
          <code>1</code>
          <name>House committee actions</name>
        </sourceSystem>
        <text>Referred to the Subcommittee on Economic Development, Public Buildings and Emergency Management.</text>
        <type>Committee</type>
      </item>
      <item>
        <actionDate>2017-01-24</actionDate>
        <links />
        <text>Referred to the House Committee on Transportation and Infrastructure.</text>
        <type>IntroReferral</type>
        <actionCode>H11100</actionCode>
        <sourceSystem>
          <code>2</code>
          <name>House floor actions</name>
        </sourceSystem>
        <committees>
          <item>
            <systemCode>hspw00</systemCode>
            <name>Transportation and Infrastructure Committee</name>
          </item>
        </committees>
      </item>
      <item>
        <actionDate>2017-01-24</actionDate>
        <links />
        <text>Sponsor introductory remarks on measure. (CR E91)</text>
        <type>IntroReferral</type>
        <actionCode>B00100</actionCode>
        <sourceSystem>
          <code>9</code>
          <name>Library of Congress</name>
        </sourceSystem>
        <committees />
      </item>
      <item>
        <actionDate>2017-01-24</actionDate>
        <links />
        <text>Introduced in House</text>
        <type>IntroReferral</type>
        <actionCode>Intro-H</actionCode>
        <sourceSystem>
          <code>9</code>
          <name>Library of Congress</name>
        </sourceSystem>
        <committees />
      </item>
      <item>
        <actionDate>2017-01-24</actionDate>
        <links />
        <text>Introduced in House</text>
        <type>IntroReferral</type>
        <actionCode>1000</actionCode>
        <sourceSystem>
          <code>9</code>
          <name>Library of Congress</name>
        </sourceSystem>
        <committees />
      </item>
      <actionTypeCounts>
        <referredToCommittee>1</referredToCommittee>
        <motionToReconsiderResults>1</motionToReconsiderResults>
        <finalPassageUnderSuspensionOfTheRulesResults>1</finalPassageUnderSuspensionOfTheRulesResults>
        <passedAgreedToInHouse>1</passedAgreedToInHouse>
        <considerationByHouse>2</considerationByHouse>
        <placeholderTextForH>2</placeholderTextForH>
        <generalDebate>1</generalDebate>
        <motionMadeToSuspendTheRules>1</motionMadeToSuspendTheRules>
        <unionCalendarAssignment>1</unionCalendarAssignment>
        <committeeReportOfABill>1</committeeReportOfABill>
        <reportedToHouse>1</reportedToHouse>
        <subcommitteeDischarged>1</subcommitteeDischarged>
        <orderedToBeReported>1</orderedToBeReported>
        <committeeConsiderationMarkUp>1</committeeConsiderationMarkUp>
        <billReferrals>1</billReferrals>
        <placeholderTextForB>1</placeholderTextForB>
        <introducedInTheHouse>1</introducedInTheHouse>
        <introducedInHouse>1</introducedInHouse>
      </actionTypeCounts>
      <actionByCounts>
        <senate>1</senate>
        <houseOfRepresentatives>18</houseOfRepresentatives>
      </actionByCounts>
    </actions>
    <sponsors>
      <item>
        <bioguideId>D000191</bioguideId>
        <fullName>Rep. DeFazio, Peter A. [D-OR-4]</fullName>
        <firstName>PETER</firstName>
        <middleName>A.</middleName>
        <lastName>DEFAZIO</lastName>
        <party>D</party>
        <state>OR</state>
        <identifiers>
          <lisID>279</lisID>
          <bioguideId>D000191</bioguideId>
          <gpoId>8117</gpoId>
        </identifiers>
        <district>4</district>
        <byRequestType />
      </item>
    </sponsors>
    <cosponsors />
    <cboCostEstimates>
      <item>
        <pubDate>2017-03-08T22:43:52Z</pubDate>
        <title>H.R. 654, Pacific Northwest Earthquake Preparedness Act of 2017</title>
        <url>https://www.cbo.gov/publication/52485</url>
      </item>
    </cboCostEstimates>
    <laws />
    <notes />
    <policyArea>
      <name>Emergency Management</name>
    </policyArea>
    <subjects>
      <billSubjects>
        <legislativeSubjects>
          <item>
            <name>Advisory bodies</name>
          </item>
          <item>
            <name>California</name>
          </item>
          <item>
            <name>Canada</name>
          </item>
          <item>
            <name>Congressional oversight</name>
          </item>
          <item>
            <name>Disaster relief and insurance</name>
          </item>
          <item>
            <name>Emergency planning and evacuation</name>
          </item>
          <item>
            <name>Intergovernmental relations</name>
          </item>
          <item>
            <name>Natural disasters</name>
          </item>
          <item>
            <name>Oregon</name>
          </item>
          <item>
            <name>Research administration and funding</name>
          </item>
          <item>
            <name>Washington State</name>
          </item>
        </legislativeSubjects>
        <policyArea>
          <name>Emergency Management</name>
        </policyArea>
      </billSubjects>
    </subjects>
    <summaries>
      <billSummaries>
        <item>
          <versionCode>00</versionCode>
          <actionDate>2017-01-24</actionDate>
          <actionDesc>Introduced in House</actionDesc>
          <lastSummaryUpdateDate>2017-03-15T13:59:40Z</lastSummaryUpdateDate>
          <text><![CDATA[<p><strong>Pacific Northwest Earthquake Preparedness Act of 2017</strong></p> <p>This bill requires the Federal Emergency Management Agency (FEMA) to: (1) develop a plan for the purchase and installation of an earthquake early warning system for the Cascadia Subduction Zone; and (2) identify the funds necessary, and make grants to states, Indian tribes, and local governments, for its implementation.</p> <p>The President shall establish an Earthquake and Tsunami Task Force for the purpose of developing a comprehensive strategy and recommendations on how the nation should prepare and plan for, mitigate against, respond to, recover from, and more successfully adapt to an earthquake, tsunami, or combined earthquake and tsunami event in such zone. Such recommendations shall include recommendations on: (1) administrative or legislative changes and funding required to implement the strategy, and (2) the order of priority for implementation of the strategy.</p> <p>The Task Force shall enter into an agreement with the National Academies for developing recommendations for a federal research strategy to advance scientific understanding of a zone earthquake and resulting tsunami preparedness.</p> <p>FEMA shall be responsible for the nation's efforts to reduce the loss of life and property, and to protect the nation, from an earthquake, tsunami, or combined earthquake and tsunami event by developing the ability to prepare and plan for, mitigate against, respond to, recover from, and more successfully adapt to such an event.</p> <p>The Robert T. Stafford Disaster Relief and Emergency Assistance Act is amended to authorize recipients to use hazard mitigation assistance to conduct activities to help reduce the risk of future damage, hardship, loss, or suffering in any area affected by earthquake hazards, including making improvements to:</p> <ul> <li>regional seismic networks in support of building a capability for earthquake early warning; </li> <li>geodetic networks in support of building a capability for earthquake early warning; and </li> <li>seismometers, Global Positioning System receivers, and associated infrastructure in support of building a capability for earthquake early warning. </li></ul>]]></text>
          <updateDate>2017-01-24T05:00:00Z</updateDate>
          <name>Introduced in House</name>
        </item>
        <item>
          <versionCode>17</versionCode>
          <actionDate>2017-03-09</actionDate>
          <actionDesc>Reported to House with amendment(s)</actionDesc>
          <lastSummaryUpdateDate>2017-06-23T21:04:57Z</lastSummaryUpdateDate>
          <text><![CDATA[<p><strong>Pacific Northwest Earthquake Preparedness Act of 2017</strong></p> <p>(Sec. 2) This bill requires the Federal Emergency Management Agency (FEMA) to: (1) develop a plan for the purchase and installation of an earthquake early warning system for the Cascadia Subduction Zone, and (2) identify the funds necessary for its implementation. Such zone is the landward-dipping fault that is approximately 684 miles long, separates the Juan de Fuca and North America plates, and stretches along the western coast of the United States from Cape Mendocino, California, to Northern Vancouver Island, British Columbia.</p> <p>(Sec. 3) The President shall establish an Earthquake and Tsunami Task Force for the purpose of developing a comprehensive strategy and recommendations on how the nation should prepare and plan for, mitigate against, respond to, recover from, and more successfully adapt to an earthquake, tsunami, or combined earthquake and tsunami event in such zone. Such recommendations shall include recommendations on: (1) administrative or legislative changes and funding required to implement the strategy, and (2) the order of priority for implementation of the strategy.</p> <p>The Task Force shall enter into an agreement with the National Academies for developing recommendations for a federal research strategy to advance scientific understanding of a zone earthquake and resulting tsunami preparedness.</p> <p>(Sec. 4) FEMA shall be responsible for the nation's efforts to reduce the loss of life and property, and to protect the nation, from an earthquake, tsunami, or combined earthquake and tsunami event by developing the ability to prepare and plan for, mitigate against, respond to, recover from, and more successfully adapt to such an event.</p> <p>(Sec. 5) The bill amends the Robert T. Stafford Disaster Relief and Emergency Assistance Act to authorize recipients to use hazard mitigation assistance to conduct activities to help reduce the risk of future damage, hardship, loss, or suffering in any area affected by earthquake hazards, including making improvements to:</p> <ul> <li>regional seismic networks in support of building a capability for earthquake early warning; </li> <li>geodetic networks in support of building a capability for earthquake early warning; and </li> <li>seismometers, Global Positioning System receivers, and associated infrastructure in support of building a capability for earthquake early warning. </li></ul>]]></text>
          <updateDate>2017-03-09T14:12:22Z</updateDate>
          <name>Reported to House with amendment(s)</name>
        </item>
        <item>
          <versionCode>36</versionCode>
          <actionDate>2017-03-27</actionDate>
          <actionDesc>Passed House amended</actionDesc>
          <lastSummaryUpdateDate>2017-06-23T21:06:37Z</lastSummaryUpdateDate>
          <text><![CDATA[<p>(This measure has not been amended since it was reported to the House on March 9, 2017. The summary of that version is repeated here.)</p> <p><strong>Pacific Northwest Earthquake Preparedness Act of 2017</strong></p> <p>(Sec. 2) This bill requires the Federal Emergency Management Agency (FEMA) to: (1) develop a plan for the purchase and installation of an earthquake early warning system for the Cascadia Subduction Zone, and (2) identify the funds necessary for its implementation. Such zone is the landward-dipping fault that is approximately 684 miles long, separates the Juan de Fuca and North America plates, and stretches along the western coast of the United States from Cape Mendocino, California, to Northern Vancouver Island, British Columbia.</p> <p>(Sec. 3) The President shall establish an Earthquake and Tsunami Task Force for the purpose of developing a comprehensive strategy and recommendations on how the nation should prepare and plan for, mitigate against, respond to, recover from, and more successfully adapt to an earthquake, tsunami, or combined earthquake and tsunami event in such zone. Such recommendations shall include recommendations on: (1) administrative or legislative changes and funding required to implement the strategy, and (2) the order of priority for implementation of the strategy.</p> <p>The Task Force shall enter into an agreement with the National Academies for developing recommendations for a federal research strategy to advance scientific understanding of a zone earthquake and resulting tsunami preparedness.</p> <p>(Sec. 4) FEMA shall be responsible for the nation's efforts to reduce the loss of life and property, and to protect the nation, from an earthquake, tsunami, or combined earthquake and tsunami event by developing the ability to prepare and plan for, mitigate against, respond to, recover from, and more successfully adapt to such an event.</p> <p>(Sec. 5) The bill amends the Robert T. Stafford Disaster Relief and Emergency Assistance Act to authorize recipients to use hazard mitigation assistance to conduct activities to help reduce the risk of future damage, hardship, loss, or suffering in any area affected by earthquake hazards, including making improvements to:</p> <ul> <li>regional seismic networks in support of building a capability for earthquake early warning; </li> <li>geodetic networks in support of building a capability for earthquake early warning; and </li> <li>seismometers, Global Positioning System receivers, and associated infrastructure in support of building a capability for earthquake early warning. </li> </ul>]]></text>
          <updateDate>2017-03-27T15:05:33Z</updateDate>
          <name>Passed House amended</name>
        </item>
      </billSummaries>
    </summaries>
    <title>Pacific Northwest Earthquake Preparedness Act of 2017</title>
    <titles>
      <item>
        <titleType>Official Title as Introduced</titleType>
        <parentTitleType />
        <title>To direct the Administrator of the Federal Emergency Management Agency to carry out a plan for the purchase and installation of an earthquake early warning system for the Cascadia Subduction Zone, and for other purposes.</title>
        <chamberCode />
        <chamberName />
      </item>
      <item>
        <titleType>Short Titles as Introduced</titleType>
        <parentTitleType />
        <title>Pacific Northwest Earthquake Preparedness Act of 2017</title>
        <chamberCode />
        <chamberName />
      </item>
      <item>
        <titleType>Short Titles as Reported to House</titleType>
        <parentTitleType>Short Titles House of Representatives</parentTitleType>
        <title>Pacific Northwest Earthquake Preparedness Act of 2017</title>
        <chamberCode>H</chamberCode>
        <chamberName>House</chamberName>
      </item>
      <item>
        <titleType>Short Titles as Passed House</titleType>
        <parentTitleType>Short Titles House of Representatives</parentTitleType>
        <title>Pacific Northwest Earthquake Preparedness Act of 2017</title>
        <chamberCode>H</chamberCode>
        <chamberName>House</chamberName>
      </item>
      <item>
        <titleType>Display Title</titleType>
        <parentTitleType />
        <title>Pacific Northwest Earthquake Preparedness Act of 2017</title>
        <chamberCode />
        <chamberName />
      </item>
    </titles>
    <amendments />
    <textVersions>
      <item>
        <type>Referred in Senate</type>
        <date>2017-03-28T04:00:00Z</date>
        <formats>
          <item>
            <url>https://www.govinfo.gov/content/pkg/BILLS-115hr654rfs/xml/BILLS-115hr654rfs.xml</url>
          </item>
        </formats>
      </item>
      <item>
        <type>Engrossed in House</type>
        <date>2017-03-27T04:00:00Z</date>
        <formats>
          <item>
            <url>https://www.govinfo.gov/content/pkg/BILLS-115hr654eh/xml/BILLS-115hr654eh.xml</url>
          </item>
        </formats>
      </item>
      <item>
        <type>Reported in House</type>
        <date>2017-03-09T05:00:00Z</date>
        <formats>
          <item>
            <url>https://www.govinfo.gov/content/pkg/BILLS-115hr654rh/xml/BILLS-115hr654rh.xml</url>
          </item>
        </formats>
      </item>
      <item>
        <type>Introduced in House</type>
        <date>2017-01-24T05:00:00Z</date>
        <formats>
          <item>
            <url>https://www.govinfo.gov/content/pkg/BILLS-115hr654ih/xml/BILLS-115hr654ih.xml</url>
          </item>
        </formats>
      </item>
    </textVersions>
    <latestAction>
      <actionDate>2017-03-28</actionDate>
      <text>Received in the Senate and Read twice and referred to the Committee on Homeland Security and Governmental Affairs.</text>
      <links />
    </latestAction>
    <calendarNumbers>
      <item>
        <calendar>U00012</calendar>
        <number />
      </item>
    </calendarNumbers>
    <version>1.0.0</version>
  </bill>
  <dublinCore xmlns:dc="http://purl.org/dc/elements/1.1/">
    <dc:format>text/xml</dc:format>
    <dc:language>EN</dc:language>
    <dc:rights>Pursuant to Title 17 Section 105 of the United States Code, this file is not subject to copyright protection and is in the public domain.</dc:rights>
    <dc:contributor>Congressional Research Service, Library of Congress</dc:contributor>
    <dc:description>This file contains bill summaries and statuses for federal legislation. A bill summary describes the most significant provisions of a piece of legislation and details the effects the legislative text may have on current law and federal programs. Bill summaries are authored by the Congressional Research Service (CRS) of the Library of Congress. As stated in Public Law 91-510 (2 USC 166 (d)(6)), one of the duties of CRS is "to prepare summaries and digests of bills and resolutions of a public general nature introduced in the Senate or House of Representatives". For more information, refer to the User Guide that accompanies this file.</dc:description>
  </dublinCore>
</billStatus>

