<?xml version="1.0" encoding="UTF-8"?>
<billStatus>
  <bill>
    <billNumber>1004</billNumber>
    <createDate>2017-02-14T05:20:34Z</createDate>
    <updateDate>2021-07-10T20:10:47Z</updateDate>
    <originChamber>House</originChamber>
    <billType>HR</billType>
    <introducedDate>2017-02-13</introducedDate>
    <congress>115</congress>
    <constitutionalAuthorityStatementText><![CDATA[<pre>[Congressional Record Volume 163, Number 25 (Monday, February 13, 2017)]From the Congressional Record Online through the Government Publishing Office [<a href='http://www.gpo.gov'>www.gpo.gov</a>]By Mr. WALBERG:H.R. 1004.Congress has the power to enact this legislation pursuantto the following:Article I, Section 8, Clause 3 of the Constitution of theUnited States; the power to regulate commerce among theseveral states and Article I, Section 8, Clause 18 to makeall Laws which shall be necessary and proper for carryinginto Execution the foregoing Powers.The bill will prevent Executive Agencies from violating therule and spirit of the Administrative Procedures Act byrequiring additional transparency about public communicationsmade by the agencies; most importantly communications madewith the intent of artificially promoting support for pendingregulatory actions. Congress has the authority to limitregulations by the Executive branch under its Commerce Clausepower and it is necessary and proper to introduce legislationto effectively carryout this power.[Page H1126]</pre>]]></constitutionalAuthorityStatementText>
    <recordedVotes>
      <recordedVote>
        <rollNumber>126</rollNumber>
        <url>https://clerk.house.gov/evs/2017/roll126.xml</url>
        <fullActionName>Passage of a Measure</fullActionName>
        <chamber>House</chamber>
        <congress>115</congress>
        <date>2017-03-02T16:15:39Z</date>
        <sessionNumber>1</sessionNumber>
      </recordedVote>
      <recordedVote>
        <rollNumber>125</rollNumber>
        <url>https://clerk.house.gov/evs/2017/roll125.xml</url>
        <fullActionName>Motion to Commit/Recommit With Instructions Results</fullActionName>
        <chamber>House</chamber>
        <congress>115</congress>
        <date>2017-03-02T16:08:31Z</date>
        <sessionNumber>1</sessionNumber>
      </recordedVote>
    </recordedVotes>
    <committees>
      <billCommittees>
        <item>
          <systemCode>ssga00</systemCode>
          <name>Homeland Security and Governmental Affairs Committee</name>
          <chamber>Senate</chamber>
          <type>Standing</type>
          <subcommittees />
          <activities>
            <item>
              <name>Referred to</name>
              <date>2017-03-02T21:08:45Z</date>
            </item>
          </activities>
        </item>
        <item>
          <systemCode>hsgo00</systemCode>
          <name>Oversight and Reform Committee</name>
          <chamber>House</chamber>
          <type>Standing</type>
          <subcommittees />
          <activities>
            <item>
              <name>Reported by</name>
              <date>2017-02-21T19:59:41Z</date>
            </item>
            <item>
              <name>Markup by</name>
              <date>2017-02-14T21:09:51Z</date>
            </item>
            <item>
              <name>Referred to</name>
              <date>2017-02-13T17:00:39Z</date>
            </item>
          </activities>
        </item>
      </billCommittees>
    </committees>
    <committeeReports>
      <committeeReport>
        <citation>H. Rept. 115-15</citation>
      </committeeReport>
    </committeeReports>
    <relatedBills>
      <item>
        <latestTitle>Providing for consideration of the bill (H.R. 1004) to amend chapter 3 of title 5, United States Code, to require the publication of information relating to pending agency regulatory actions, and for other purposes, and providing for consideration of the bill (H.R. 1009) to amend title 44, United States Code, to require the Administrator of the Office of Information and Regulatory Affairs to review regulations, and for other purposes.</latestTitle>
        <congress>115</congress>
        <number>156</number>
        <type>HRES</type>
        <latestAction>
          <actionDate>2017-03-01</actionDate>
          <text>Motion to reconsider laid on the table Agreed to without objection.</text>
          <actionTime>15:21:48</actionTime>
        </latestAction>
        <relationshipDetails>
          <item>
            <type>Related bill</type>
            <identifiedBy>House</identifiedBy>
          </item>
          <item>
            <type>Procedurally-related</type>
            <identifiedBy>House</identifiedBy>
          </item>
        </relationshipDetails>
      </item>
    </relatedBills>
    <actions>
      <item>
        <actionDate>2017-03-02</actionDate>
        <committees>
          <item>
            <systemCode>ssga00</systemCode>
            <name>Homeland Security and Governmental Affairs Committee</name>
          </item>
        </committees>
        <links />
        <sourceSystem>
          <code>0</code>
          <name>Senate</name>
        </sourceSystem>
        <text>Received in the Senate and Read twice and referred to the Committee on Homeland Security and Governmental Affairs.</text>
        <type>IntroReferral</type>
      </item>
      <item>
        <actionDate>2017-03-02</actionDate>
        <actionTime>11:15:41</actionTime>
        <links />
        <text>Motion to reconsider laid on the table Agreed to without objection.</text>
        <type>Floor</type>
        <actionCode>H38310</actionCode>
        <sourceSystem>
          <code>2</code>
          <name>House floor actions</name>
        </sourceSystem>
        <committees />
      </item>
      <item>
        <actionDate>2017-03-02</actionDate>
        <actionTime>11:15:39</actionTime>
        <links />
        <text>On passage Passed by recorded vote: 246 - 176 (Roll no. 126).</text>
        <type>Floor</type>
        <actionCode>H37100</actionCode>
        <sourceSystem>
          <code>2</code>
          <name>House floor actions</name>
        </sourceSystem>
        <committees />
      </item>
      <item>
        <actionDate>2017-03-02</actionDate>
        <actionTime>11:15:39</actionTime>
        <links />
        <text>Passed/agreed to in House: On passage Passed by recorded vote: 246 - 176 (Roll no. 126).</text>
        <type>Floor</type>
        <actionCode>8000</actionCode>
        <sourceSystem>
          <code>9</code>
          <name>Library of Congress</name>
        </sourceSystem>
        <committees />
      </item>
      <item>
        <actionDate>2017-03-02</actionDate>
        <actionTime>11:08:31</actionTime>
        <links />
        <text>On motion to recommit with instructions Failed by recorded vote: 189 - 232 (Roll no. 125).</text>
        <type>Floor</type>
        <actionCode>H36110</actionCode>
        <sourceSystem>
          <code>2</code>
          <name>House floor actions</name>
        </sourceSystem>
        <committees>
          <item>
            <systemCode>hsgo00</systemCode>
            <name>Oversight and Reform Committee</name>
          </item>
        </committees>
      </item>
      <item>
        <actionDate>2017-03-02</actionDate>
        <actionTime>11:01:14</actionTime>
        <links />
        <text>The previous question on the motion to recommit with instructions was ordered without objection.</text>
        <type>Floor</type>
        <actionCode>H8A000</actionCode>
        <sourceSystem>
          <code>2</code>
          <name>House floor actions</name>
        </sourceSystem>
        <committees />
      </item>
      <item>
        <actionDate>2017-03-02</actionDate>
        <actionTime>10:54:06</actionTime>
        <links />
        <text>DEBATE - The House proceeded with 10 minutes of debate on the motion to recommit with instructions. Pending the reservation of a point of order. The instructions contained in the motion seek to require the bill to be reported back to the House with amendments to prevent the President from making public references to businesses in which he has an equity interest. Subsequently, the point of order was withdrawn.</text>
        <type>Floor</type>
        <actionCode>H8D000</actionCode>
        <sourceSystem>
          <code>2</code>
          <name>House floor actions</name>
        </sourceSystem>
        <committees />
      </item>
      <item>
        <actionDate>2017-03-02</actionDate>
        <actionTime>10:53:49</actionTime>
        <links />
        <text>Ms. Jayapal moved to recommit with instructions to the Committee on Oversight and Government Reform. (text: CR H1481-1482)</text>
        <type>Floor</type>
        <actionCode>H36100</actionCode>
        <sourceSystem>
          <code>2</code>
          <name>House floor actions</name>
        </sourceSystem>
        <committees>
          <item>
            <systemCode>hsgo00</systemCode>
            <name>Oversight and Reform Committee</name>
          </item>
        </committees>
      </item>
      <item>
        <actionDate>2017-03-02</actionDate>
        <actionTime>10:52:45</actionTime>
        <links />
        <text>The House adopted the amendment as agreed to by the Committee of the Whole House on the state of the Union.</text>
        <type>Floor</type>
        <actionCode>H34400</actionCode>
        <sourceSystem>
          <code>2</code>
          <name>House floor actions</name>
        </sourceSystem>
        <committees />
      </item>
      <item>
        <actionDate>2017-03-02</actionDate>
        <actionTime>10:52:36</actionTime>
        <links />
        <text>The previous question was ordered pursuant to the rule.</text>
        <type>Floor</type>
        <actionCode>H35000</actionCode>
        <sourceSystem>
          <code>2</code>
          <name>House floor actions</name>
        </sourceSystem>
        <committees />
      </item>
      <item>
        <actionDate>2017-03-02</actionDate>
        <actionTime>10:51:58</actionTime>
        <links />
        <text>The House rose from the Committee of the Whole House on the state of the Union to report H.R. 1004.</text>
        <type>Floor</type>
        <actionCode>H32600</actionCode>
        <sourceSystem>
          <code>2</code>
          <name>House floor actions</name>
        </sourceSystem>
        <committees />
      </item>
      <item>
        <actionDate>2017-03-02</actionDate>
        <actionTime>10:16:39</actionTime>
        <links />
        <text>UNFINISHED BUSINESS - The Chair announced that the unfinished business was on amendments which had been debated earlier and on which further proceedings had been postponed.</text>
        <type>Floor</type>
        <actionCode>H8D000</actionCode>
        <sourceSystem>
          <code>2</code>
          <name>House floor actions</name>
        </sourceSystem>
        <committees />
      </item>
      <item>
        <actionDate>2017-03-02</actionDate>
        <actionTime>10:15:59</actionTime>
        <links />
        <text>POSTPONED PROCEEDINGS - At the conclusion of debate on the Jackson Lee amendment, the Chair put the question on adoption of the amendment and by voice vote, announced that the noes had prevailed. Ms. Jackson Lee demanded a recorded vote and the Chair postponed further proceedings on the question of adoption of the amendment until a time to be announced.</text>
        <type>Floor</type>
        <actionCode>H8D000</actionCode>
        <sourceSystem>
          <code>2</code>
          <name>House floor actions</name>
        </sourceSystem>
        <committees />
      </item>
      <item>
        <actionDate>2017-03-02</actionDate>
        <actionTime>10:05:14</actionTime>
        <links />
        <text>DEBATE - Pursuant to the provisions of H. Res. 156, the Committee of the Whole proceeded with 10 minutes of debate on the Jackson Lee Part A amendment No. 3.</text>
        <type>Floor</type>
        <actionCode>H8D000</actionCode>
        <sourceSystem>
          <code>2</code>
          <name>House floor actions</name>
        </sourceSystem>
        <committees />
      </item>
      <item>
        <actionDate>2017-03-02</actionDate>
        <actionTime>10:04:48</actionTime>
        <links />
        <text>POSTPONED PROCEEDINGS - At the conclusion of debate on the Farenthold amendment, the Chair put the question on adoption of the amendment and by voice vote, announced that the ayes had prevailed. Mr. Raskin demanded a recorded vote and the Chair postponed further proceedings on the question of adoption of the amendment until a time to be announced.</text>
        <type>Floor</type>
        <actionCode>H8D000</actionCode>
        <sourceSystem>
          <code>2</code>
          <name>House floor actions</name>
        </sourceSystem>
        <committees />
      </item>
      <item>
        <actionDate>2017-03-02</actionDate>
        <actionTime>09:57:20</actionTime>
        <links />
        <text>DEBATE - Pursuant to the provisions of H. Res. 156, the Committee of the Whole proceeded with 10 minutes of debate on the Farenthold Part A amendment No. 2.</text>
        <type>Floor</type>
        <actionCode>H8D000</actionCode>
        <sourceSystem>
          <code>2</code>
          <name>House floor actions</name>
        </sourceSystem>
        <committees />
      </item>
      <item>
        <actionDate>2017-03-02</actionDate>
        <actionTime>09:56:26</actionTime>
        <links />
        <text>POSTPONED PROCEEDINGS - At the conclusion of debate on the Jackson Lee amendment, the Chair put the question on adoption of the amendment and by voice vote, announced that the noes had prevailed. Ms. Jackson Lee demanded a recorded vote and the Chair postponed further proceedings on the question of adoption of the amendment until a time to be announced.</text>
        <type>Floor</type>
        <actionCode>H8D000</actionCode>
        <sourceSystem>
          <code>2</code>
          <name>House floor actions</name>
        </sourceSystem>
        <committees />
      </item>
      <item>
        <actionDate>2017-03-02</actionDate>
        <actionTime>09:46:33</actionTime>
        <links />
        <text>DEBATE - Pursuant to the provisions of H. Res. 156, the Committee of the Whole proceeded with 10 minutes of debate on the Jackson Lee Part A amendment No. 1.</text>
        <type>Floor</type>
        <actionCode>H8D000</actionCode>
        <sourceSystem>
          <code>2</code>
          <name>House floor actions</name>
        </sourceSystem>
        <committees />
      </item>
      <item>
        <actionDate>2017-03-02</actionDate>
        <actionTime>09:17:03</actionTime>
        <links />
        <text>GENERAL DEBATE - The Committee of the Whole proceeded with one hour of general debate on H.R. 1004.</text>
        <type>Floor</type>
        <actionCode>H8D000</actionCode>
        <sourceSystem>
          <code>2</code>
          <name>House floor actions</name>
        </sourceSystem>
        <committees />
      </item>
      <item>
        <actionDate>2017-03-02</actionDate>
        <actionTime>09:16:43</actionTime>
        <links />
        <text>The Speaker designated the Honorable Michael K. Simpson to act as Chairman of the Committee.</text>
        <type>Floor</type>
        <actionCode>H32400</actionCode>
        <sourceSystem>
          <code>2</code>
          <name>House floor actions</name>
        </sourceSystem>
        <committees />
      </item>
      <item>
        <actionDate>2017-03-02</actionDate>
        <actionTime>09:16:42</actionTime>
        <links />
        <text>House resolved itself into the Committee of the Whole House on the state of the Union pursuant to H. Res. 156 and Rule XVIII.</text>
        <type>Floor</type>
        <actionCode>H32020</actionCode>
        <sourceSystem>
          <code>2</code>
          <name>House floor actions</name>
        </sourceSystem>
        <committees />
      </item>
      <item>
        <actionDate>2017-03-02</actionDate>
        <actionTime>09:16:00</actionTime>
        <links />
        <text>Providing for consideration of H.R. 1004 and H.R. 1009.</text>
        <type>Floor</type>
        <actionCode>H8D000</actionCode>
        <sourceSystem>
          <code>2</code>
          <name>House floor actions</name>
        </sourceSystem>
        <committees />
      </item>
      <item>
        <actionDate>2017-03-02</actionDate>
        <actionTime>09:15:55</actionTime>
        <links />
        <text>Considered under the provisions of rule H. Res. 156. (consideration: CR H1469-1484; text of measure as reported in House: CR H1474)</text>
        <type>Floor</type>
        <actionCode>H30000</actionCode>
        <sourceSystem>
          <code>2</code>
          <name>House floor actions</name>
        </sourceSystem>
        <committees />
      </item>
      <item>
        <actionDate>2017-02-28</actionDate>
        <actionTime>16:34:26</actionTime>
        <links />
        <text>Rules Committee Resolution H. Res. 156 Reported to House. Providing for consideration of H.R. 1004 and H.R. 1009.</text>
        <type>Floor</type>
        <actionCode>H1L210</actionCode>
        <sourceSystem>
          <code>2</code>
          <name>House floor actions</name>
        </sourceSystem>
        <committees />
      </item>
      <item>
        <actionDate>2017-02-21</actionDate>
        <links />
        <text>Placed on the Union Calendar, Calendar No. 3.</text>
        <type>Calendars</type>
        <actionCode>H12410</actionCode>
        <sourceSystem>
          <code>2</code>
          <name>House floor actions</name>
        </sourceSystem>
        <committees />
      </item>
      <item>
        <actionDate>2017-02-21</actionDate>
        <links />
        <text>Reported by the Committee on Oversight and Government Reform. H. Rept. 115-15.</text>
        <type>Committee</type>
        <actionCode>H12200</actionCode>
        <sourceSystem>
          <code>2</code>
          <name>House floor actions</name>
        </sourceSystem>
        <committees>
          <item>
            <systemCode>hsgo00</systemCode>
            <name>Oversight and Reform Committee</name>
          </item>
        </committees>
      </item>
      <item>
        <actionDate>2017-02-21</actionDate>
        <links />
        <text>Reported by the Committee on Oversight and Government Reform. H. Rept. 115-15.</text>
        <type>Committee</type>
        <actionCode>5000</actionCode>
        <sourceSystem>
          <code>9</code>
          <name>Library of Congress</name>
        </sourceSystem>
        <committees>
          <item>
            <systemCode>hsgo00</systemCode>
            <name>Oversight and Reform Committee</name>
          </item>
        </committees>
      </item>
      <item>
        <actionDate>2017-02-14</actionDate>
        <committees>
          <item>
            <systemCode>hsgo00</systemCode>
            <name>Oversight and Reform Committee</name>
          </item>
        </committees>
        <links />
        <sourceSystem>
          <code>1</code>
          <name>House committee actions</name>
        </sourceSystem>
        <text>Ordered to be Reported by the Yeas and Nays: 22 - 16.</text>
        <type>Committee</type>
      </item>
      <item>
        <actionDate>2017-02-14</actionDate>
        <committees>
          <item>
            <systemCode>hsgo00</systemCode>
            <name>Oversight and Reform Committee</name>
          </item>
        </committees>
        <links />
        <sourceSystem>
          <code>1</code>
          <name>House committee actions</name>
        </sourceSystem>
        <text>Committee Consideration and Mark-up Session Held.</text>
        <type>Committee</type>
      </item>
      <item>
        <actionDate>2017-02-13</actionDate>
        <links />
        <text>Referred to the House Committee on Oversight and Government Reform.</text>
        <type>IntroReferral</type>
        <actionCode>H11100</actionCode>
        <sourceSystem>
          <code>2</code>
          <name>House floor actions</name>
        </sourceSystem>
        <committees>
          <item>
            <systemCode>hsgo00</systemCode>
            <name>Oversight and Reform Committee</name>
          </item>
        </committees>
      </item>
      <item>
        <actionDate>2017-02-13</actionDate>
        <links />
        <text>Introduced in House</text>
        <type>IntroReferral</type>
        <actionCode>Intro-H</actionCode>
        <sourceSystem>
          <code>9</code>
          <name>Library of Congress</name>
        </sourceSystem>
        <committees />
      </item>
      <item>
        <actionDate>2017-02-13</actionDate>
        <links />
        <text>Introduced in House</text>
        <type>IntroReferral</type>
        <actionCode>1000</actionCode>
        <sourceSystem>
          <code>9</code>
          <name>Library of Congress</name>
        </sourceSystem>
        <committees />
      </item>
      <actionTypeCounts>
        <referredToCommittee>1</referredToCommittee>
        <motionToReconsiderResults>1</motionToReconsiderResults>
        <passageOfAMeasure>1</passageOfAMeasure>
        <passedAgreedToInHouse>1</passedAgreedToInHouse>
        <motionToCommitRecommitWithInstructionsResults>1</motionToCommitRecommitWithInstructionsResults>
        <placeholderTextForHA>1</placeholderTextForHA>
        <generalDebate>10</generalDebate>
        <motionToCommitRecommitWithInstructionsOffered>1</motionToCommitRecommitWithInstructionsOffered>
        <placeholderTextForH>1</placeholderTextForH>
        <motionForPreviousQuestion>1</motionForPreviousQuestion>
        <committeeOfTheWholeRisesToReportOnLegislation>1</committeeOfTheWholeRisesToReportOnLegislation>
        <designationOfChairmanCommitteeOfTheWhole>1</designationOfChairmanCommitteeOfTheWhole>
        <resolvingIntoCommitteeOfTheWholePursuantToRule>1</resolvingIntoCommitteeOfTheWholePursuantToRule>
        <considerationByHouse>1</considerationByHouse>
        <ruleForConsiderationOfBillReportedToHouse>1</ruleForConsiderationOfBillReportedToHouse>
        <unionCalendarAssignment>1</unionCalendarAssignment>
        <committeeReportOfABill>1</committeeReportOfABill>
        <reportedToHouse>1</reportedToHouse>
        <orderedToBeReported>1</orderedToBeReported>
        <committeeConsiderationMarkUp>1</committeeConsiderationMarkUp>
        <billReferrals>1</billReferrals>
        <introducedInTheHouse>1</introducedInTheHouse>
        <introducedInHouse>1</introducedInHouse>
      </actionTypeCounts>
      <actionByCounts>
        <senate>1</senate>
        <houseOfRepresentatives>31</houseOfRepresentatives>
      </actionByCounts>
    </actions>
    <sponsors>
      <item>
        <bioguideId>W000798</bioguideId>
        <fullName>Rep. Walberg, Tim [R-MI-7]</fullName>
        <firstName>Tim</firstName>
        <middleName />
        <lastName>Walberg</lastName>
        <party>R</party>
        <state>MI</state>
        <identifiers>
          <lisID>1855</lisID>
          <bioguideId>W000798</bioguideId>
          <gpoId>7992</gpoId>
        </identifiers>
        <district>7</district>
        <byRequestType />
      </item>
    </sponsors>
    <cosponsors>
      <item>
        <bioguideId>C001103</bioguideId>
        <fullName>Rep. Carter, Earl L. "Buddy" [R-GA-1]</fullName>
        <firstName>Earl</firstName>
        <middleName>L. "Buddy"</middleName>
        <lastName>Carter</lastName>
        <party>R</party>
        <state>GA</state>
        <identifiers>
          <lisID>2236</lisID>
          <bioguideId>C001103</bioguideId>
          <gpoId />
        </identifiers>
        <district>1</district>
        <sponsorshipDate>2017-02-13</sponsorshipDate>
        <isOriginalCosponsor>True</isOriginalCosponsor>
        <sponsorshipWithdrawnDate />
      </item>
      <item>
        <bioguideId>M001187</bioguideId>
        <fullName>Rep. Meadows, Mark [R-NC-11]</fullName>
        <firstName>Mark</firstName>
        <middleName />
        <lastName>Meadows</lastName>
        <party>R</party>
        <state>NC</state>
        <identifiers>
          <lisID>2142</lisID>
          <bioguideId>M001187</bioguideId>
          <gpoId />
        </identifiers>
        <district>11</district>
        <sponsorshipDate>2017-02-13</sponsorshipDate>
        <isOriginalCosponsor>True</isOriginalCosponsor>
        <sponsorshipWithdrawnDate />
      </item>
      <item>
        <bioguideId>N000189</bioguideId>
        <fullName>Rep. Newhouse, Dan [R-WA-4]</fullName>
        <firstName>Dan</firstName>
        <middleName />
        <lastName>Newhouse</lastName>
        <party>R</party>
        <state>WA</state>
        <identifiers>
          <lisID>2275</lisID>
          <bioguideId>N000189</bioguideId>
          <gpoId />
        </identifiers>
        <district>4</district>
        <sponsorshipDate>2017-02-13</sponsorshipDate>
        <isOriginalCosponsor>True</isOriginalCosponsor>
        <sponsorshipWithdrawnDate />
      </item>
      <item>
        <bioguideId>G000565</bioguideId>
        <fullName>Rep. Gosar, Paul A. [R-AZ-4]</fullName>
        <firstName>Paul</firstName>
        <middleName>A.</middleName>
        <lastName>Gosar</lastName>
        <party>R</party>
        <state>AZ</state>
        <identifiers>
          <lisID>1992</lisID>
          <bioguideId>G000565</bioguideId>
          <gpoId>7798</gpoId>
        </identifiers>
        <district>4</district>
        <sponsorshipDate>2017-02-13</sponsorshipDate>
        <isOriginalCosponsor>True</isOriginalCosponsor>
        <sponsorshipWithdrawnDate />
      </item>
      <item>
        <bioguideId>F000460</bioguideId>
        <fullName>Rep. Farenthold, Blake [R-TX-27]</fullName>
        <firstName>Blake</firstName>
        <middleName />
        <lastName>Farenthold</lastName>
        <party>R</party>
        <state>TX</state>
        <identifiers>
          <lisID>2067</lisID>
          <bioguideId>F000460</bioguideId>
          <gpoId>8183</gpoId>
        </identifiers>
        <district>27</district>
        <sponsorshipDate>2017-02-13</sponsorshipDate>
        <isOriginalCosponsor>True</isOriginalCosponsor>
        <sponsorshipWithdrawnDate />
      </item>
      <item>
        <bioguideId>S000250</bioguideId>
        <fullName>Rep. Sessions, Pete [R-TX-32]</fullName>
        <firstName>PETE</firstName>
        <middleName />
        <lastName>SESSIONS</lastName>
        <party>R</party>
        <state>TX</state>
        <identifiers>
          <lisID>1525</lisID>
          <bioguideId>S000250</bioguideId>
          <gpoId>8188</gpoId>
        </identifiers>
        <district>32</district>
        <sponsorshipDate>2017-02-14</sponsorshipDate>
        <isOriginalCosponsor>False</isOriginalCosponsor>
        <sponsorshipWithdrawnDate />
      </item>
      <item>
        <bioguideId>M001201</bioguideId>
        <fullName>Rep. Mitchell, Paul [R-MI-10]</fullName>
        <firstName>Paul</firstName>
        <middleName />
        <lastName>Mitchell</lastName>
        <party>R</party>
        <state>MI</state>
        <identifiers>
          <lisID>2334</lisID>
          <bioguideId>M001201</bioguideId>
          <gpoId />
        </identifiers>
        <district>10</district>
        <sponsorshipDate>2017-02-14</sponsorshipDate>
        <isOriginalCosponsor>False</isOriginalCosponsor>
        <sponsorshipWithdrawnDate />
      </item>
      <item>
        <bioguideId>P000258</bioguideId>
        <fullName>Rep. Peterson, Collin C. [D-MN-7]</fullName>
        <firstName>COLLIN</firstName>
        <middleName>C.</middleName>
        <lastName>PETERSON</lastName>
        <party>D</party>
        <state>MN</state>
        <identifiers>
          <lisID>910</lisID>
          <bioguideId>P000258</bioguideId>
          <gpoId>8007</gpoId>
        </identifiers>
        <district>7</district>
        <sponsorshipDate>2017-02-16</sponsorshipDate>
        <isOriginalCosponsor>False</isOriginalCosponsor>
        <sponsorshipWithdrawnDate />
      </item>
    </cosponsors>
    <cboCostEstimates>
      <item>
        <pubDate>2017-02-21T19:51:25Z</pubDate>
        <title>H.R. 1004, Regulatory Integrity Act of 2017</title>
        <url>https://www.cbo.gov/publication/52448</url>
      </item>
    </cboCostEstimates>
    <laws />
    <notes />
    <policyArea>
      <name>Government Operations and Politics</name>
    </policyArea>
    <subjects>
      <billSubjects>
        <legislativeSubjects>
          <item>
            <name>Administrative law and regulatory procedures</name>
          </item>
          <item>
            <name>Congressional oversight</name>
          </item>
          <item>
            <name>Government information and archives</name>
          </item>
          <item>
            <name>Public participation and lobbying</name>
          </item>
        </legislativeSubjects>
        <policyArea>
          <name>Government Operations and Politics</name>
        </policyArea>
      </billSubjects>
    </subjects>
    <summaries>
      <billSummaries>
        <item>
          <versionCode>00</versionCode>
          <actionDate>2017-02-13</actionDate>
          <actionDesc>Introduced in House</actionDesc>
          <lastSummaryUpdateDate>2017-03-28T14:01:29Z</lastSummaryUpdateDate>
          <text><![CDATA[<p><strong>Regulatory Integrity Act of 2017</strong></p> <p>This bill directs each executive agency to make publicly available on the agency website or in the rulemaking docket on Regulations.gov a list of pending agency regulatory actions and for each such action: </p> <ul> <li> the date the agency began to develop or consider the action, its status, an estimate of the date it will be final and in effect, and a brief description of such action; and </li> <li> a list of each public communication about the action issued by the agency, including the date of the communication, its intended audience, the method of communication, and a copy of the original communication.</li> </ul> <p> Each agency shall publish the information required within 24 hours after such communication is issued and maintain the public availability of such information for at least 5 years after the action is finalized.</p> <p>Any public communication issued by an agency that refers to a pending agency regulatory action shall specify whether the agency is considering alternatives and accepting comments and must expressly disclose that the agency is the source of the information to the intended recipients. Except for impartial communications that request comment on or provide information regarding the pending regulatory action, such a public communication referring to a pending action may not: (1) directly advocate, in support of or against the pending action, for the submission of information; (2) appeal to the public, or solicit a third party, to undertake such advocacy; or (3) be for publicity or propaganda purposes unless authorized by law. </p> <p>An agency that communicated about a pending agency regulatory action during the previous fiscal year shall submit to each congressional committee with jurisdiction over the agency's activities, by January 15 of each year, a report indicating:</p> <ul> <li> the number of pending agency regulatory actions the agency issued public communications about during that fiscal year;</li> <li> the average number of public communications issued by the agency for each such action; and </li> <li> the five pending actions with the highest number of public communications issued by the agency in that fiscal year and a copy of each such communication.</li> </ul> <p>The report shall be made publicly available on the agency's website.</p>]]></text>
          <updateDate>2017-02-13T05:00:00Z</updateDate>
          <name>Introduced in House</name>
        </item>
        <item>
          <versionCode>79</versionCode>
          <actionDate>2017-02-21</actionDate>
          <actionDesc>Reported to House without amendment</actionDesc>
          <lastSummaryUpdateDate>2017-03-27T17:55:29Z</lastSummaryUpdateDate>
          <text><![CDATA[<p>(This measure has not been amended since it was introduced. The summary has been expanded because action occurred on the measure.)</p> <p><strong>Regulatory Integrity Act of 2017</strong></p> <p>(Sec. 2) This bill directs each executive agency to make publicly available on the agency website or in the rulemaking docket on Regulations.gov a list of pending agency regulatory actions and for each such action: </p> <ul> <li> the date the agency began to develop or consider the action, its status, an estimate of the date it will be final and in effect, and a brief description of such action; and </li> <li> a list of each public communication about the action issued by the agency, including the date of the communication, its intended audience, the method of communication, and a copy of the original communication.</li> </ul> <p> Each agency shall publish the information required within 24 hours after such communication is issued and maintain the public availability of such information for at least 5 years after the action is finalized.</p> <p>Any public communication issued by an agency that refers to a pending agency regulatory action shall specify whether the agency is considering alternatives and accepting comments and must expressly disclose that the agency is the source of the information to the intended recipients. Except for impartial communications that request comment on or provide information regarding the pending regulatory action, such a public communication referring to a pending action may not: (1) directly advocate, in support of or against the pending action, for the submission of information; (2) appeal to the public, or solicit a third party, to undertake such advocacy; or (3) be for publicity or propaganda purposes unless authorized by law. </p> <p>An agency that communicated about a pending agency regulatory action during the previous fiscal year shall submit to each congressional committee with jurisdiction over the agency's activities, by January 15 of each year, a report indicating:</p> <ul> <li> the number of pending agency regulatory actions the agency issued public communications about during that fiscal year,</li> <li> the average number of public communications issued by the agency for each such action, and </li> <li> the five pending actions with the highest number of public communications issued by the agency in that fiscal year and a copy of each such communication.</li> </ul> <p>The report shall be made publicly available on the agency's website.</p>]]></text>
          <updateDate>2017-02-21T14:49:39Z</updateDate>
          <name>Reported to House without amendment</name>
        </item>
        <item>
          <versionCode>36</versionCode>
          <actionDate>2017-03-02</actionDate>
          <actionDesc>Passed House amended</actionDesc>
          <lastSummaryUpdateDate>2017-03-27T17:57:17Z</lastSummaryUpdateDate>
          <text><![CDATA[<p><strong>Regulatory Integrity Act of 2017</strong></p> <p>(Sec. 2) This bill directs each executive agency to make publicly available on the agency website or in the rulemaking docket on Regulations.gov a list of pending agency regulatory actions and for each such action: </p> <ul> <li> the date the agency began to develop or consider the action, its status, an estimate of the date it will be final and in effect, a brief description of such action, and a list of any applicable agency regulatory actions issued by the agency, or any other executive agency, that duplicate or overlap with the regulatory action; and </li> <li> a list of each public communication about the action issued by the agency, including the date of the communication, its intended audience, the method of communication, and a copy of the original communication.</li> </ul> <p> Each agency shall publish the information required within 24 hours after such communication is issued and maintain the public availability of such information for at least five years after the action is finalized.</p> <p>Any public communication issued by an agency that refers to a pending agency regulatory action shall specify whether the agency is considering alternatives and accepting comments and must expressly disclose that the agency is the source of the information to the intended recipients. Except for impartial communications that request comment on or provide information regarding the pending regulatory action, such a public communication referring to a pending action may not: (1) directly advocate, in support of or against the pending action, for the submission of information; (2) appeal to the public, or solicit a third party, to undertake such advocacy; or (3) be for publicity or propaganda purposes unless authorized by law. </p> <p>An agency that communicated about a pending agency regulatory action during the previous fiscal year shall submit to each congressional committee with jurisdiction over the agency's activities, by January 15 of each year, a report indicating:</p> <ul> <li> the number of pending agency regulatory actions the agency issued public communications about during that fiscal year,</li> <li> the average number of public communications issued by the agency for each such action, and </li> <li> the five pending actions with the highest number of public communications issued by the agency in that fiscal year and a copy of each such communication.</li> </ul> <p>The report shall be made publicly available on the agency's website.</p>]]></text>
          <updateDate>2017-03-02T13:36:34Z</updateDate>
          <name>Passed House amended</name>
        </item>
      </billSummaries>
    </summaries>
    <title>Regulatory Integrity Act of 2017</title>
    <titles>
      <item>
        <titleType>Official Title as Introduced</titleType>
        <parentTitleType />
        <title>To amend chapter 3 of title 5, United States Code, to require the publication of information relating to pending agency regulatory actions, and for other purposes.</title>
        <chamberCode />
        <chamberName />
      </item>
      <item>
        <titleType>Short Titles as Introduced</titleType>
        <parentTitleType />
        <title>Regulatory Integrity Act of 2017</title>
        <chamberCode />
        <chamberName />
      </item>
      <item>
        <titleType>Short Titles as Reported to House</titleType>
        <parentTitleType>Short Titles House of Representatives</parentTitleType>
        <title>Regulatory Integrity Act of 2017</title>
        <chamberCode>H</chamberCode>
        <chamberName>House</chamberName>
      </item>
      <item>
        <titleType>Short Titles as Passed House</titleType>
        <parentTitleType>Short Titles House of Representatives</parentTitleType>
        <title>Regulatory Integrity Act of 2017</title>
        <chamberCode>H</chamberCode>
        <chamberName>House</chamberName>
      </item>
      <item>
        <titleType>Display Title</titleType>
        <parentTitleType />
        <title>Regulatory Integrity Act of 2017</title>
        <chamberCode />
        <chamberName />
      </item>
    </titles>
    <amendments>
      <amendment>
        <number>65</number>
        <description>An amendment numbered 3 printed in Part A of House Report 115-21 to exempt from the rule's prohibited communications any communication that is protected under the First Amendment to the Constitution of the United States of America.</description>
        <purpose>Amendment sought to exempt from and prohibit any communication that is protected under the First Amendment to the United States Constitution.</purpose>
        <congress>115</congress>
        <type>HAMDT</type>
        <latestAction>
          <actionDate>2017-03-02</actionDate>
          <text>On agreeing to the Jackson Lee amendment (A003) Failed by recorded vote: 189 - 232 (Roll no. 124).</text>
          <actionTime>10:51:53</actionTime>
        </latestAction>
        <number>65</number>
        <description>An amendment numbered 3 printed in Part A of House Report 115-21 to exempt from the rule's prohibited communications any communication that is protected under the First Amendment to the Constitution of the United States of America.</description>
        <purpose>Amendment sought to exempt from and prohibit any communication that is protected under the First Amendment to the United States Constitution.</purpose>
        <congress>115</congress>
        <type>HAMDT</type>
        <createDate>2017-03-03T10:12:13Z</createDate>
        <updateDate>2020-12-15T16:29:57Z</updateDate>
        <sponsors>
          <item>
            <bioguideId>J000032</bioguideId>
            <fullName>Rep. Jackson Lee, Sheila [D-TX-18]</fullName>
            <firstName>SHEILA</firstName>
            <middleName />
            <lastName>JACKSON LEE</lastName>
            <party>D</party>
            <state>TX</state>
            <identifiers>
              <lisID>588</lisID>
              <bioguideId>J000032</bioguideId>
              <gpoId>8174</gpoId>
            </identifiers>
            <district>18</district>
          </item>
        </sponsors>
        <cosponsors>
          <totalCount>0</totalCount>
          <currentCount>0</currentCount>
        </cosponsors>
        <titles />
        <proposedDate />
        <submittedDate>2017-03-02T05:00:00Z</submittedDate>
        <chamber>House of Representatives</chamber>
        <amendedBill>
          <congress>115</congress>
          <type>HR</type>
          <originChamber>House</originChamber>
          <originChamberCode>H</originChamberCode>
          <number>1004</number>
          <title>Regulatory Integrity Act of 2017</title>
        </amendedBill>
        <amendedAmendment />
        <amendments>
          <count>0</count>
        </amendments>
        <links />
        <notes />
        <actions>
          <count>8</count>
          <actions>
            <item>
              <actionDate>2017-03-02</actionDate>
              <actionTime>10:51:53</actionTime>
              <links />
              <text>On agreeing to the Jackson Lee amendment (A003) Failed by recorded vote: 189 - 232 (Roll no. 124).</text>
              <type>Floor</type>
              <actionCode>H32111</actionCode>
              <sourceSystem>
                <code>2</code>
                <name>House floor actions</name>
              </sourceSystem>
              <committee />
            </item>
            <item>
              <actionDate>2017-03-02</actionDate>
              <actionTime>10:05:13</actionTime>
              <links />
              <text>Amendment (A003) offered by Ms. Jackson Lee. (consideration: CR H1477-1479, H1481; text: CR H1477)</text>
              <type>Floor</type>
              <actionCode>H3A100</actionCode>
              <sourceSystem>
                <code>2</code>
                <name>House floor actions</name>
              </sourceSystem>
              <committee />
            </item>
            <item>
              <actionDate>2017-03-02</actionDate>
              <links />
              <text />
            </item>
            <item>
              <actionDate>2017-03-02</actionDate>
              <actionTime>10:51:53</actionTime>
              <links />
              <text>Amendment failed in Committee of the Whole</text>
              <type>NotUsed</type>
              <actionCode>77000</actionCode>
              <sourceSystem>
                <code>9</code>
                <name>Library of Congress</name>
              </sourceSystem>
              <committee />
            </item>
            <item>
              <actionDate>2017-03-02</actionDate>
              <actionTime>10:05:13</actionTime>
              <links />
              <text>House amendment offered/reported by : Amendment (A003) offered by Ms. Jackson Lee.(consideration: CR H1477-1479, H1481; text: CR H1477)</text>
              <type>NotUsed</type>
              <actionCode>71500</actionCode>
              <sourceSystem>
                <code>9</code>
                <name>Library of Congress</name>
              </sourceSystem>
              <committee />
            </item>
            <item>
              <actionDate>2017-03-02</actionDate>
              <actionTime>10:51:53</actionTime>
              <links />
              <text>House amendment not agreed to: On agreeing to the Jackson Lee amendment (A003) Failed by recorded vote: 189 - 232 (Roll no. 124).</text>
              <type>Floor</type>
              <actionCode>73000</actionCode>
              <sourceSystem>
                <code>9</code>
                <name>Library of Congress</name>
              </sourceSystem>
              <committee />
            </item>
            <item>
              <actionDate>2017-03-02</actionDate>
              <actionTime>10:51:53</actionTime>
              <links />
              <text>Roll call votes on amendments in House</text>
              <type>Floor</type>
              <actionCode>75000</actionCode>
              <sourceSystem>
                <code>9</code>
                <name>Library of Congress</name>
              </sourceSystem>
              <committee />
            </item>
            <item>
              <actionDate>2017-03-02</actionDate>
              <links />
              <text>House amendment offered</text>
              <type>Floor</type>
              <actionCode>71000</actionCode>
              <sourceSystem>
                <code>9</code>
                <name>Library of Congress</name>
              </sourceSystem>
              <committee />
            </item>
          </actions>
          <actionTypeCounts>
            <agreementToAnAmendmentResultsCommitteeOfTheWhole>1</agreementToAnAmendmentResultsCommitteeOfTheWhole>
            <amendmentOffered>1</amendmentOffered>
            <amendmentFailedInCommitteeOfTheWhole>1</amendmentFailedInCommitteeOfTheWhole>
            <houseAmendmentOfferedReportedBy>1</houseAmendmentOfferedReportedBy>
            <houseAmendmentNotAgreedTo>1</houseAmendmentNotAgreedTo>
            <rollCallVotesOnAmendmentsInHouse>1</rollCallVotesOnAmendmentsInHouse>
            <houseAmendmentOffered>1</houseAmendmentOffered>
          </actionTypeCounts>
          <actionByCounts>
            <houseOfRepresentatives>7</houseOfRepresentatives>
          </actionByCounts>
        </actions>
        <version>1.0.0</version>
      </amendment>
      <amendment>
        <number>64</number>
        <description>An amendment numbered 2 printed in Part A of House Report 115-21 to require the Executive agency to display a list of any regulatory actions that duplicate or overlap with agency regulatory action.</description>
        <purpose>Amendment requires the Executive agency to display a list of any regulatory actions that duplicate or overlap with agency regulatory action.</purpose>
        <congress>115</congress>
        <type>HAMDT</type>
        <latestAction>
          <actionDate>2017-03-02</actionDate>
          <text>On agreeing to the Farenthold amendment (A002) Agreed to by recorded vote: 263 - 145 (Roll no. 123).</text>
          <actionTime>10:44:59</actionTime>
        </latestAction>
        <number>64</number>
        <description>An amendment numbered 2 printed in Part A of House Report 115-21 to require the Executive agency to display a list of any regulatory actions that duplicate or overlap with agency regulatory action.</description>
        <purpose>Amendment requires the Executive agency to display a list of any regulatory actions that duplicate or overlap with agency regulatory action.</purpose>
        <congress>115</congress>
        <type>HAMDT</type>
        <createDate>2017-03-03T10:12:13Z</createDate>
        <updateDate>2020-12-15T16:29:57Z</updateDate>
        <sponsors>
          <item>
            <bioguideId>F000460</bioguideId>
            <fullName>Rep. Farenthold, Blake [R-TX-27]</fullName>
            <firstName>Blake</firstName>
            <middleName />
            <lastName>Farenthold</lastName>
            <party>R</party>
            <state>TX</state>
            <identifiers>
              <lisID>2067</lisID>
              <bioguideId>F000460</bioguideId>
              <gpoId>8183</gpoId>
            </identifiers>
            <district>27</district>
          </item>
        </sponsors>
        <cosponsors>
          <totalCount>0</totalCount>
          <currentCount>0</currentCount>
        </cosponsors>
        <titles />
        <proposedDate />
        <submittedDate>2017-03-02T05:00:00Z</submittedDate>
        <chamber>House of Representatives</chamber>
        <amendedBill>
          <congress>115</congress>
          <type>HR</type>
          <originChamber>House</originChamber>
          <originChamberCode>H</originChamberCode>
          <number>1004</number>
          <title>Regulatory Integrity Act of 2017</title>
        </amendedBill>
        <amendedAmendment />
        <amendments>
          <count>0</count>
        </amendments>
        <links />
        <notes />
        <actions>
          <count>8</count>
          <actions>
            <item>
              <actionDate>2017-03-02</actionDate>
              <actionTime>10:44:59</actionTime>
              <links />
              <text>On agreeing to the Farenthold amendment (A002) Agreed to by recorded vote: 263 - 145 (Roll no. 123).</text>
              <type>Floor</type>
              <actionCode>H32111</actionCode>
              <sourceSystem>
                <code>2</code>
                <name>House floor actions</name>
              </sourceSystem>
              <committee />
            </item>
            <item>
              <actionDate>2017-03-02</actionDate>
              <actionTime>09:57:19</actionTime>
              <links />
              <text>Amendment (A002) offered by Mr. Farenthold. (consideration: CR H1476-1477, H1480-1481; text: CR H1476)</text>
              <type>Floor</type>
              <actionCode>H3A100</actionCode>
              <sourceSystem>
                <code>2</code>
                <name>House floor actions</name>
              </sourceSystem>
              <committee />
            </item>
            <item>
              <actionDate>2017-03-02</actionDate>
              <links />
              <text />
            </item>
            <item>
              <actionDate>2017-03-02</actionDate>
              <actionTime>09:57:19</actionTime>
              <links />
              <text>House amendment offered/reported by : Amendment (A002) offered by Mr. Farenthold.(consideration: CR H1476-1477, H1480-1481; text: CR H1476)</text>
              <type>NotUsed</type>
              <actionCode>71500</actionCode>
              <sourceSystem>
                <code>9</code>
                <name>Library of Congress</name>
              </sourceSystem>
              <committee />
            </item>
            <item>
              <actionDate>2017-03-02</actionDate>
              <actionTime>10:44:59</actionTime>
              <links />
              <text>Amendment agreed to Committee of the Whole</text>
              <type>NotUsed</type>
              <actionCode>76000</actionCode>
              <sourceSystem>
                <code>9</code>
                <name>Library of Congress</name>
              </sourceSystem>
              <committee />
            </item>
            <item>
              <actionDate>2017-03-02</actionDate>
              <actionTime>10:44:59</actionTime>
              <links />
              <text>House amendment agreed to: On agreeing to the Farenthold amendment (A002) Agreed to by recorded vote: 263 - 145 (Roll no. 123).</text>
              <type>Floor</type>
              <actionCode>72000</actionCode>
              <sourceSystem>
                <code>9</code>
                <name>Library of Congress</name>
              </sourceSystem>
              <committee />
            </item>
            <item>
              <actionDate>2017-03-02</actionDate>
              <links />
              <text>House amendment offered</text>
              <type>Floor</type>
              <actionCode>71000</actionCode>
              <sourceSystem>
                <code>9</code>
                <name>Library of Congress</name>
              </sourceSystem>
              <committee />
            </item>
            <item>
              <actionDate>2017-03-02</actionDate>
              <actionTime>10:44:59</actionTime>
              <links />
              <text>Roll call votes on amendments in House</text>
              <type>Floor</type>
              <actionCode>75000</actionCode>
              <sourceSystem>
                <code>9</code>
                <name>Library of Congress</name>
              </sourceSystem>
              <committee />
            </item>
          </actions>
          <actionTypeCounts>
            <agreementToAnAmendmentResultsCommitteeOfTheWhole>1</agreementToAnAmendmentResultsCommitteeOfTheWhole>
            <amendmentOffered>1</amendmentOffered>
            <houseAmendmentOfferedReportedBy>1</houseAmendmentOfferedReportedBy>
            <amendmentAgreedToCommitteeOfTheWhole>1</amendmentAgreedToCommitteeOfTheWhole>
            <houseAmendmentAgreedTo>1</houseAmendmentAgreedTo>
            <houseAmendmentOffered>1</houseAmendmentOffered>
            <rollCallVotesOnAmendmentsInHouse>1</rollCallVotesOnAmendmentsInHouse>
          </actionTypeCounts>
          <actionByCounts>
            <houseOfRepresentatives>7</houseOfRepresentatives>
          </actionByCounts>
        </actions>
        <version>1.0.0</version>
      </amendment>
      <amendment>
        <number>63</number>
        <description>An amendment numbered 1 printed in House Report 115-21 to clarify the terms "propaganda", "publicity", and "advocacy", within the rule's prohibited communications, to mean any information, statements or claims that are unsupported by science or empirical data.</description>
        <purpose>Amendment sought to clarify the terms "propaganda", "publicity", and "advocacy", within the rule's prohibited communications, to mean any information, statements or claims that are unsupported by science or empirical data.</purpose>
        <congress>115</congress>
        <type>HAMDT</type>
        <latestAction>
          <actionDate>2017-03-02</actionDate>
          <text>On agreeing to the Jackson Lee amendment (A001) Failed by recorded vote: 180 - 234 (Roll no. 122).</text>
          <actionTime>10:39:58</actionTime>
        </latestAction>
        <number>63</number>
        <description>An amendment numbered 1 printed in House Report 115-21 to clarify the terms "propaganda", "publicity", and "advocacy", within the rule's prohibited communications, to mean any information, statements or claims that are unsupported by science or empirical data.</description>
        <purpose>Amendment sought to clarify the terms "propaganda", "publicity", and "advocacy", within the rule's prohibited communications, to mean any information, statements or claims that are unsupported by science or empirical data.</purpose>
        <congress>115</congress>
        <type>HAMDT</type>
        <createDate>2017-03-03T10:12:12Z</createDate>
        <updateDate>2020-12-15T16:29:57Z</updateDate>
        <sponsors>
          <item>
            <bioguideId>J000032</bioguideId>
            <fullName>Rep. Jackson Lee, Sheila [D-TX-18]</fullName>
            <firstName>SHEILA</firstName>
            <middleName />
            <lastName>JACKSON LEE</lastName>
            <party>D</party>
            <state>TX</state>
            <identifiers>
              <lisID>588</lisID>
              <bioguideId>J000032</bioguideId>
              <gpoId>8174</gpoId>
            </identifiers>
            <district>18</district>
          </item>
        </sponsors>
        <cosponsors>
          <totalCount>0</totalCount>
          <currentCount>0</currentCount>
        </cosponsors>
        <titles />
        <proposedDate />
        <submittedDate>2017-03-02T05:00:00Z</submittedDate>
        <chamber>House of Representatives</chamber>
        <amendedBill>
          <congress>115</congress>
          <type>HR</type>
          <originChamber>House</originChamber>
          <originChamberCode>H</originChamberCode>
          <number>1004</number>
          <title>Regulatory Integrity Act of 2017</title>
        </amendedBill>
        <amendedAmendment />
        <amendments>
          <count>0</count>
        </amendments>
        <links />
        <notes />
        <actions>
          <count>8</count>
          <actions>
            <item>
              <actionDate>2017-03-02</actionDate>
              <actionTime>10:39:58</actionTime>
              <links />
              <text>On agreeing to the Jackson Lee amendment (A001) Failed by recorded vote: 180 - 234 (Roll no. 122).</text>
              <type>Floor</type>
              <actionCode>H32111</actionCode>
              <sourceSystem>
                <code>2</code>
                <name>House floor actions</name>
              </sourceSystem>
              <committee />
            </item>
            <item>
              <actionDate>2017-03-02</actionDate>
              <actionTime>09:46:31</actionTime>
              <links />
              <text>Amendment (A001) offered by Ms. Jackson Lee. (consideration: CR H1474-1476, H1479-1480; text: CR H1474)</text>
              <type>Floor</type>
              <actionCode>H3A100</actionCode>
              <sourceSystem>
                <code>2</code>
                <name>House floor actions</name>
              </sourceSystem>
              <committee />
            </item>
            <item>
              <actionDate>2017-03-02</actionDate>
              <links />
              <text />
            </item>
            <item>
              <actionDate>2017-03-02</actionDate>
              <actionTime>09:46:31</actionTime>
              <links />
              <text>House amendment offered/reported by : Amendment (A001) offered by Ms. Jackson Lee.(consideration: CR H1474-1476, H1479-1480; text: CR H1474)</text>
              <type>NotUsed</type>
              <actionCode>71500</actionCode>
              <sourceSystem>
                <code>9</code>
                <name>Library of Congress</name>
              </sourceSystem>
              <committee />
            </item>
            <item>
              <actionDate>2017-03-02</actionDate>
              <actionTime>10:39:58</actionTime>
              <links />
              <text>Amendment failed in Committee of the Whole</text>
              <type>NotUsed</type>
              <actionCode>77000</actionCode>
              <sourceSystem>
                <code>9</code>
                <name>Library of Congress</name>
              </sourceSystem>
              <committee />
            </item>
            <item>
              <actionDate>2017-03-02</actionDate>
              <actionTime>10:39:58</actionTime>
              <links />
              <text>Roll call votes on amendments in House</text>
              <type>Floor</type>
              <actionCode>75000</actionCode>
              <sourceSystem>
                <code>9</code>
                <name>Library of Congress</name>
              </sourceSystem>
              <committee />
            </item>
            <item>
              <actionDate>2017-03-02</actionDate>
              <actionTime>10:39:58</actionTime>
              <links />
              <text>House amendment not agreed to: On agreeing to the Jackson Lee amendment (A001) Failed by recorded vote: 180 - 234 (Roll no. 122).</text>
              <type>Floor</type>
              <actionCode>73000</actionCode>
              <sourceSystem>
                <code>9</code>
                <name>Library of Congress</name>
              </sourceSystem>
              <committee />
            </item>
            <item>
              <actionDate>2017-03-02</actionDate>
              <links />
              <text>House amendment offered</text>
              <type>Floor</type>
              <actionCode>71000</actionCode>
              <sourceSystem>
                <code>9</code>
                <name>Library of Congress</name>
              </sourceSystem>
              <committee />
            </item>
          </actions>
          <actionTypeCounts>
            <agreementToAnAmendmentResultsCommitteeOfTheWhole>1</agreementToAnAmendmentResultsCommitteeOfTheWhole>
            <amendmentOffered>1</amendmentOffered>
            <houseAmendmentOfferedReportedBy>1</houseAmendmentOfferedReportedBy>
            <amendmentFailedInCommitteeOfTheWhole>1</amendmentFailedInCommitteeOfTheWhole>
            <rollCallVotesOnAmendmentsInHouse>1</rollCallVotesOnAmendmentsInHouse>
            <houseAmendmentNotAgreedTo>1</houseAmendmentNotAgreedTo>
            <houseAmendmentOffered>1</houseAmendmentOffered>
          </actionTypeCounts>
          <actionByCounts>
            <houseOfRepresentatives>7</houseOfRepresentatives>
          </actionByCounts>
        </actions>
        <version>1.0.0</version>
      </amendment>
    </amendments>
    <textVersions>
      <item>
        <type>Referred in Senate</type>
        <date>2017-03-02T05:00:00Z</date>
        <formats>
          <item>
            <url>https://www.govinfo.gov/content/pkg/BILLS-115hr1004rfs/xml/BILLS-115hr1004rfs.xml</url>
          </item>
        </formats>
      </item>
      <item>
        <type>Engrossed in House</type>
        <date>2017-03-02T05:00:00Z</date>
        <formats>
          <item>
            <url>https://www.govinfo.gov/content/pkg/BILLS-115hr1004eh/xml/BILLS-115hr1004eh.xml</url>
          </item>
        </formats>
      </item>
      <item>
        <type>Reported in House</type>
        <date>2017-02-21T05:00:00Z</date>
        <formats>
          <item>
            <url>https://www.govinfo.gov/content/pkg/BILLS-115hr1004rh/xml/BILLS-115hr1004rh.xml</url>
          </item>
        </formats>
      </item>
      <item>
        <type>Introduced in House</type>
        <date>2017-02-13T05:00:00Z</date>
        <formats>
          <item>
            <url>https://www.govinfo.gov/content/pkg/BILLS-115hr1004ih/xml/BILLS-115hr1004ih.xml</url>
          </item>
        </formats>
      </item>
    </textVersions>
    <latestAction>
      <actionDate>2017-03-02</actionDate>
      <text>Received in the Senate and Read twice and referred to the Committee on Homeland Security and Governmental Affairs.</text>
      <links />
    </latestAction>
    <calendarNumbers>
      <item>
        <calendar>U00003</calendar>
        <number />
      </item>
    </calendarNumbers>
    <version>1.0.0</version>
  </bill>
  <dublinCore xmlns:dc="http://purl.org/dc/elements/1.1/">
    <dc:format>text/xml</dc:format>
    <dc:language>EN</dc:language>
    <dc:rights>Pursuant to Title 17 Section 105 of the United States Code, this file is not subject to copyright protection and is in the public domain.</dc:rights>
    <dc:contributor>Congressional Research Service, Library of Congress</dc:contributor>
    <dc:description>This file contains bill summaries and statuses for federal legislation. A bill summary describes the most significant provisions of a piece of legislation and details the effects the legislative text may have on current law and federal programs. Bill summaries are authored by the Congressional Research Service (CRS) of the Library of Congress. As stated in Public Law 91-510 (2 USC 166 (d)(6)), one of the duties of CRS is "to prepare summaries and digests of bills and resolutions of a public general nature introduced in the Senate or House of Representatives". For more information, refer to the User Guide that accompanies this file.</dc:description>
  </dublinCore>
</billStatus>

