<?xml version="1.0" encoding="UTF-8"?>
<billStatus>
  <bill>
    <billNumber>817</billNumber>
    <createDate>2017-02-03T05:17:29Z</createDate>
    <updateDate>2021-09-27T13:16:28Z</updateDate>
    <originChamber>House</originChamber>
    <billType>HR</billType>
    <introducedDate>2017-02-02</introducedDate>
    <congress>115</congress>
    <constitutionalAuthorityStatementText><![CDATA[<pre>[Congressional Record Volume 163, Number 18 (Thursday, February 2, 2017)]From the Congressional Record Online through the Government Publishing Office [<a href='http://www.gpo.gov'>www.gpo.gov</a>]By Mr. DOGGETT:H.R. 817.Congress has the power to enact this legislation pursuantto the following:Article I, Section 8, Clause 3 of the Constitution of theUnited States[Page H945]</pre>]]></constitutionalAuthorityStatementText>
    <recordedVotes />
    <committees>
      <billCommittees>
        <item>
          <systemCode>hswm00</systemCode>
          <name>Ways and Means Committee</name>
          <chamber>House</chamber>
          <type>Standing</type>
          <subcommittees>
            <item>
              <systemCode>hswm02</systemCode>
              <name>Health Subcommittee</name>
              <activities>
                <item>
                  <name>Referred to</name>
                  <date>2017-02-14T22:09:04Z</date>
                </item>
              </activities>
            </item>
          </subcommittees>
          <activities>
            <item>
              <name>Referred to</name>
              <date>2017-02-02T15:01:25Z</date>
            </item>
          </activities>
        </item>
        <item>
          <systemCode>hsif00</systemCode>
          <name>Energy and Commerce Committee</name>
          <chamber>House</chamber>
          <type>Standing</type>
          <subcommittees>
            <item>
              <systemCode>hsif14</systemCode>
              <name>Health Subcommittee</name>
              <activities>
                <item>
                  <name>Referred to</name>
                  <date>2017-02-03T16:03:33Z</date>
                </item>
              </activities>
            </item>
          </subcommittees>
          <activities>
            <item>
              <name>Referred to</name>
              <date>2017-02-02T15:01:30Z</date>
            </item>
          </activities>
        </item>
      </billCommittees>
    </committees>
    <committeeReports />
    <relatedBills>
      <item>
        <latestTitle>End Surprise Billing Act of 2017</latestTitle>
        <congress>115</congress>
        <number>284</number>
        <type>S</type>
        <latestAction>
          <actionDate>2017-02-02</actionDate>
          <text>Read twice and referred to the Committee on Finance.</text>
        </latestAction>
        <relationshipDetails>
          <item>
            <type>Identical bill</type>
            <identifiedBy>CRS</identifiedBy>
          </item>
        </relationshipDetails>
      </item>
    </relatedBills>
    <actions>
      <item>
        <actionDate>2017-02-14</actionDate>
        <committees>
          <item>
            <systemCode>hswm02</systemCode>
            <name>Health Subcommittee</name>
          </item>
        </committees>
        <links />
        <sourceSystem>
          <code>1</code>
          <name>House committee actions</name>
        </sourceSystem>
        <text>Referred to the Subcommittee on Health.</text>
        <type>Committee</type>
      </item>
      <item>
        <actionDate>2017-02-03</actionDate>
        <committees>
          <item>
            <systemCode>hsif14</systemCode>
            <name>Health Subcommittee</name>
          </item>
        </committees>
        <links />
        <sourceSystem>
          <code>1</code>
          <name>House committee actions</name>
        </sourceSystem>
        <text>Referred to the Subcommittee on Health.</text>
        <type>Committee</type>
      </item>
      <item>
        <actionDate>2017-02-02</actionDate>
        <links />
        <text>Referred to the Committee on Ways and Means, and in addition to the Committee on Energy and Commerce, for a period to be subsequently determined by the Speaker, in each case for consideration of such provisions as fall within the jurisdiction of the committee concerned.</text>
        <type>IntroReferral</type>
        <actionCode>H11100</actionCode>
        <sourceSystem>
          <code>2</code>
          <name>House floor actions</name>
        </sourceSystem>
        <committees>
          <item>
            <systemCode>hsif00</systemCode>
            <name>Energy and Commerce Committee</name>
          </item>
        </committees>
      </item>
      <item>
        <actionDate>2017-02-02</actionDate>
        <links />
        <text>Referred to the Committee on Ways and Means, and in addition to the Committee on Energy and Commerce, for a period to be subsequently determined by the Speaker, in each case for consideration of such provisions as fall within the jurisdiction of the committee concerned.</text>
        <type>IntroReferral</type>
        <actionCode>H11100-A</actionCode>
        <sourceSystem>
          <code>9</code>
          <name>Library of Congress</name>
        </sourceSystem>
        <committees />
      </item>
      <item>
        <actionDate>2017-02-02</actionDate>
        <links />
        <text>Referred to the Committee on Ways and Means, and in addition to the Committee on Energy and Commerce, for a period to be subsequently determined by the Speaker, in each case for consideration of such provisions as fall within the jurisdiction of the committee concerned.</text>
        <type>IntroReferral</type>
        <actionCode>H11100</actionCode>
        <sourceSystem>
          <code>2</code>
          <name>House floor actions</name>
        </sourceSystem>
        <committees>
          <item>
            <systemCode>hswm00</systemCode>
            <name>Ways and Means Committee</name>
          </item>
        </committees>
      </item>
      <item>
        <actionDate>2017-02-02</actionDate>
        <links />
        <text>Introduced in House</text>
        <type>IntroReferral</type>
        <actionCode>Intro-H</actionCode>
        <sourceSystem>
          <code>9</code>
          <name>Library of Congress</name>
        </sourceSystem>
        <committees />
      </item>
      <item>
        <actionDate>2017-02-02</actionDate>
        <links />
        <text>Introduced in House</text>
        <type>IntroReferral</type>
        <actionCode>1000</actionCode>
        <sourceSystem>
          <code>9</code>
          <name>Library of Congress</name>
        </sourceSystem>
        <committees />
      </item>
      <actionTypeCounts>
        <placeholderTextForH>2</placeholderTextForH>
        <billReferrals>2</billReferrals>
        <billReferralsAggregate>1</billReferralsAggregate>
        <introducedInTheHouse>1</introducedInTheHouse>
        <introducedInHouse>1</introducedInHouse>
      </actionTypeCounts>
      <actionByCounts>
        <houseOfRepresentatives>7</houseOfRepresentatives>
      </actionByCounts>
    </actions>
    <sponsors>
      <item>
        <bioguideId>D000399</bioguideId>
        <fullName>Rep. Doggett, Lloyd [D-TX-35]</fullName>
        <firstName>LLOYD</firstName>
        <middleName />
        <lastName>DOGGETT</lastName>
        <party>D</party>
        <state>TX</state>
        <identifiers>
          <lisID>303</lisID>
          <bioguideId>D000399</bioguideId>
          <gpoId>8181</gpoId>
        </identifiers>
        <district>35</district>
        <byRequestType />
      </item>
    </sponsors>
    <cosponsors>
      <item>
        <bioguideId>B001251</bioguideId>
        <fullName>Rep. Butterfield, G. K. [D-NC-1]</fullName>
        <firstName>G. K.</firstName>
        <middleName />
        <lastName>Butterfield</lastName>
        <party>D</party>
        <state>NC</state>
        <identifiers>
          <lisID>1761</lisID>
          <bioguideId>B001251</bioguideId>
          <gpoId>8024</gpoId>
        </identifiers>
        <district>1</district>
        <sponsorshipDate>2017-02-02</sponsorshipDate>
        <isOriginalCosponsor>True</isOriginalCosponsor>
        <sponsorshipWithdrawnDate />
      </item>
      <item>
        <bioguideId>C001090</bioguideId>
        <fullName>Rep. Cartwright, Matt [D-PA-17]</fullName>
        <firstName>Matt</firstName>
        <middleName />
        <lastName>Cartwright</lastName>
        <party>D</party>
        <state>PA</state>
        <identifiers>
          <lisID>2159</lisID>
          <bioguideId>C001090</bioguideId>
          <gpoId />
        </identifiers>
        <district>17</district>
        <sponsorshipDate>2017-02-02</sponsorshipDate>
        <isOriginalCosponsor>True</isOriginalCosponsor>
        <sponsorshipWithdrawnDate />
      </item>
      <item>
        <bioguideId>C001080</bioguideId>
        <fullName>Rep. Chu, Judy [D-CA-27]</fullName>
        <firstName>Judy</firstName>
        <middleName />
        <lastName>Chu</lastName>
        <party>D</party>
        <state>CA</state>
        <identifiers>
          <lisID>1970</lisID>
          <bioguideId>C001080</bioguideId>
          <gpoId>7837</gpoId>
        </identifiers>
        <district>27</district>
        <sponsorshipDate>2017-02-02</sponsorshipDate>
        <isOriginalCosponsor>True</isOriginalCosponsor>
        <sponsorshipWithdrawnDate />
      </item>
      <item>
        <bioguideId>C001084</bioguideId>
        <fullName>Rep. Cicilline, David N. [D-RI-1]</fullName>
        <firstName>David</firstName>
        <middleName>N.</middleName>
        <lastName>Cicilline</lastName>
        <party>D</party>
        <state>RI</state>
        <identifiers>
          <lisID>2055</lisID>
          <bioguideId>C001084</bioguideId>
          <gpoId>8139</gpoId>
        </identifiers>
        <district>1</district>
        <sponsorshipDate>2017-02-02</sponsorshipDate>
        <isOriginalCosponsor>True</isOriginalCosponsor>
        <sponsorshipWithdrawnDate />
      </item>
      <item>
        <bioguideId>C001067</bioguideId>
        <fullName>Rep. Clarke, Yvette D. [D-NY-9]</fullName>
        <firstName>Yvette</firstName>
        <middleName>D.</middleName>
        <lastName>Clarke</lastName>
        <party>D</party>
        <state>NY</state>
        <identifiers>
          <lisID>1864</lisID>
          <bioguideId>C001067</bioguideId>
          <gpoId>8072</gpoId>
        </identifiers>
        <district>9</district>
        <sponsorshipDate>2017-02-02</sponsorshipDate>
        <isOriginalCosponsor>True</isOriginalCosponsor>
        <sponsorshipWithdrawnDate />
      </item>
      <item>
        <bioguideId>C001068</bioguideId>
        <fullName>Rep. Cohen, Steve [D-TN-9]</fullName>
        <firstName>Steve</firstName>
        <middleName />
        <lastName>Cohen</lastName>
        <party>D</party>
        <state>TN</state>
        <identifiers>
          <lisID>1878</lisID>
          <bioguideId>C001068</bioguideId>
          <gpoId>8156</gpoId>
        </identifiers>
        <district>9</district>
        <sponsorshipDate>2017-02-02</sponsorshipDate>
        <isOriginalCosponsor>True</isOriginalCosponsor>
        <sponsorshipWithdrawnDate />
      </item>
      <item>
        <bioguideId>C001069</bioguideId>
        <fullName>Rep. Courtney, Joe [D-CT-2]</fullName>
        <firstName>Joe</firstName>
        <middleName />
        <lastName>Courtney</lastName>
        <party>D</party>
        <state>CT</state>
        <identifiers>
          <lisID>1836</lisID>
          <bioguideId>C001069</bioguideId>
          <gpoId>7867</gpoId>
        </identifiers>
        <district>2</district>
        <sponsorshipDate>2017-02-02</sponsorshipDate>
        <isOriginalCosponsor>True</isOriginalCosponsor>
        <sponsorshipWithdrawnDate />
      </item>
      <item>
        <bioguideId>D000096</bioguideId>
        <fullName>Rep. Davis, Danny K. [D-IL-7]</fullName>
        <firstName>DANNY</firstName>
        <middleName>K.</middleName>
        <lastName>DAVIS</lastName>
        <party>D</party>
        <state>IL</state>
        <identifiers>
          <lisID>1477</lisID>
          <bioguideId>D000096</bioguideId>
          <gpoId>7927</gpoId>
        </identifiers>
        <district>7</district>
        <sponsorshipDate>2017-02-02</sponsorshipDate>
        <isOriginalCosponsor>True</isOriginalCosponsor>
        <sponsorshipWithdrawnDate />
      </item>
      <item>
        <bioguideId>D000216</bioguideId>
        <fullName>Rep. DeLauro, Rosa L. [D-CT-3]</fullName>
        <firstName>ROSA</firstName>
        <middleName />
        <lastName>DELAURO</lastName>
        <party>D</party>
        <state>CT</state>
        <identifiers>
          <lisID>281</lisID>
          <bioguideId>D000216</bioguideId>
          <gpoId>7868</gpoId>
        </identifiers>
        <district>3</district>
        <sponsorshipDate>2017-02-02</sponsorshipDate>
        <isOriginalCosponsor>True</isOriginalCosponsor>
        <sponsorshipWithdrawnDate />
      </item>
      <item>
        <bioguideId>G000574</bioguideId>
        <fullName>Rep. Gallego, Ruben [D-AZ-7]</fullName>
        <firstName>Ruben</firstName>
        <middleName />
        <lastName>Gallego</lastName>
        <party>D</party>
        <state>AZ</state>
        <identifiers>
          <lisID>2226</lisID>
          <bioguideId>G000574</bioguideId>
          <gpoId />
        </identifiers>
        <district>7</district>
        <sponsorshipDate>2017-02-02</sponsorshipDate>
        <isOriginalCosponsor>True</isOriginalCosponsor>
        <sponsorshipWithdrawnDate />
      </item>
      <item>
        <bioguideId>G000559</bioguideId>
        <fullName>Rep. Garamendi, John [D-CA-3]</fullName>
        <firstName>John</firstName>
        <middleName />
        <lastName>Garamendi</lastName>
        <party>D</party>
        <state>CA</state>
        <identifiers>
          <lisID>1973</lisID>
          <bioguideId>G000559</bioguideId>
          <gpoId>7815</gpoId>
        </identifiers>
        <district>3</district>
        <sponsorshipDate>2017-02-02</sponsorshipDate>
        <isOriginalCosponsor>True</isOriginalCosponsor>
        <sponsorshipWithdrawnDate />
      </item>
      <item>
        <bioguideId>G000410</bioguideId>
        <fullName>Rep. Green, Gene [D-TX-29]</fullName>
        <firstName>GENE</firstName>
        <middleName />
        <lastName>GREEN</lastName>
        <party>D</party>
        <state>TX</state>
        <identifiers>
          <lisID>462</lisID>
          <bioguideId>G000410</bioguideId>
          <gpoId>8185</gpoId>
        </identifiers>
        <district>29</district>
        <sponsorshipDate>2017-02-02</sponsorshipDate>
        <isOriginalCosponsor>True</isOriginalCosponsor>
        <sponsorshipWithdrawnDate />
      </item>
      <item>
        <bioguideId>G000551</bioguideId>
        <fullName>Rep. Grijalva, Raúl M. [D-AZ-3]</fullName>
        <firstName>Raúl</firstName>
        <middleName>M.</middleName>
        <lastName>Grijalva</lastName>
        <party>D</party>
        <state>AZ</state>
        <identifiers>
          <lisID>1708</lisID>
          <bioguideId>G000551</bioguideId>
          <gpoId>7804</gpoId>
        </identifiers>
        <district>3</district>
        <sponsorshipDate>2017-02-02</sponsorshipDate>
        <isOriginalCosponsor>True</isOriginalCosponsor>
        <sponsorshipWithdrawnDate />
      </item>
      <item>
        <bioguideId>H000324</bioguideId>
        <fullName>Rep. Hastings, Alcee L. [D-FL-20]</fullName>
        <firstName>ALCEE</firstName>
        <middleName>L.</middleName>
        <lastName>HASTINGS</lastName>
        <party>D</party>
        <state>FL</state>
        <identifiers>
          <lisID>511</lisID>
          <bioguideId>H000324</bioguideId>
          <gpoId>7895</gpoId>
        </identifiers>
        <district>20</district>
        <sponsorshipDate>2017-02-02</sponsorshipDate>
        <isOriginalCosponsor>True</isOriginalCosponsor>
        <sponsorshipWithdrawnDate />
      </item>
      <item>
        <bioguideId>K000385</bioguideId>
        <fullName>Rep. Kelly, Robin L. [D-IL-2]</fullName>
        <firstName>Robin</firstName>
        <middleName>L.</middleName>
        <lastName>Kelly</lastName>
        <party>D</party>
        <state>IL</state>
        <identifiers>
          <lisID>2190</lisID>
          <bioguideId>K000385</bioguideId>
          <gpoId />
        </identifiers>
        <district>2</district>
        <sponsorshipDate>2017-02-02</sponsorshipDate>
        <isOriginalCosponsor>True</isOriginalCosponsor>
        <sponsorshipWithdrawnDate />
      </item>
      <item>
        <bioguideId>L000559</bioguideId>
        <fullName>Rep. Langevin, James R. [D-RI-2]</fullName>
        <firstName>JAMES</firstName>
        <middleName>R.</middleName>
        <lastName>LANGEVIN</lastName>
        <party>D</party>
        <state>RI</state>
        <identifiers>
          <lisID>1668</lisID>
          <bioguideId>L000559</bioguideId>
          <gpoId>8140</gpoId>
        </identifiers>
        <district>2</district>
        <sponsorshipDate>2017-02-02</sponsorshipDate>
        <isOriginalCosponsor>True</isOriginalCosponsor>
        <sponsorshipWithdrawnDate />
      </item>
      <item>
        <bioguideId>L000551</bioguideId>
        <fullName>Rep. Lee, Barbara [D-CA-13]</fullName>
        <firstName>BARBARA</firstName>
        <middleName />
        <lastName>LEE</lastName>
        <party>D</party>
        <state>CA</state>
        <identifiers>
          <lisID>1501</lisID>
          <bioguideId>L000551</bioguideId>
          <gpoId>7814</gpoId>
        </identifiers>
        <district>13</district>
        <sponsorshipDate>2017-02-02</sponsorshipDate>
        <isOriginalCosponsor>True</isOriginalCosponsor>
        <sponsorshipWithdrawnDate />
      </item>
      <item>
        <bioguideId>L000287</bioguideId>
        <fullName>Rep. Lewis, John [D-GA-5]</fullName>
        <firstName>JOHN</firstName>
        <middleName />
        <lastName>LEWIS</lastName>
        <party>D</party>
        <state>GA</state>
        <identifiers>
          <lisID>688</lisID>
          <bioguideId>L000287</bioguideId>
          <gpoId>7902</gpoId>
        </identifiers>
        <district>5</district>
        <sponsorshipDate>2017-02-02</sponsorshipDate>
        <isOriginalCosponsor>True</isOriginalCosponsor>
        <sponsorshipWithdrawnDate />
      </item>
      <item>
        <bioguideId>L000563</bioguideId>
        <fullName>Rep. Lipinski, Daniel [D-IL-3]</fullName>
        <firstName>Daniel</firstName>
        <middleName>William</middleName>
        <lastName>Lipinski</lastName>
        <party>D</party>
        <state>IL</state>
        <identifiers>
          <lisID>1781</lisID>
          <bioguideId>L000563</bioguideId>
          <gpoId>7923</gpoId>
        </identifiers>
        <district>3</district>
        <sponsorshipDate>2017-02-02</sponsorshipDate>
        <isOriginalCosponsor>True</isOriginalCosponsor>
        <sponsorshipWithdrawnDate />
      </item>
      <item>
        <bioguideId>L000397</bioguideId>
        <fullName>Rep. Lofgren, Zoe [D-CA-19]</fullName>
        <firstName>ZOE</firstName>
        <middleName />
        <lastName>LOFGREN</lastName>
        <party>D</party>
        <state>CA</state>
        <identifiers>
          <lisID>701</lisID>
          <bioguideId>L000397</bioguideId>
          <gpoId>7821</gpoId>
        </identifiers>
        <district>19</district>
        <sponsorshipDate>2017-02-02</sponsorshipDate>
        <isOriginalCosponsor>True</isOriginalCosponsor>
        <sponsorshipWithdrawnDate />
      </item>
      <item>
        <bioguideId>M001160</bioguideId>
        <fullName>Rep. Moore, Gwen [D-WI-4]</fullName>
        <firstName>Gwen</firstName>
        <middleName />
        <lastName>Moore</lastName>
        <party>D</party>
        <state>WI</state>
        <identifiers>
          <lisID>1811</lisID>
          <bioguideId>M001160</bioguideId>
          <gpoId>8217</gpoId>
        </identifiers>
        <district>4</district>
        <sponsorshipDate>2017-02-02</sponsorshipDate>
        <isOriginalCosponsor>True</isOriginalCosponsor>
        <sponsorshipWithdrawnDate />
      </item>
      <item>
        <bioguideId>N000002</bioguideId>
        <fullName>Rep. Nadler, Jerrold [D-NY-10]</fullName>
        <firstName>JERROLD</firstName>
        <middleName />
        <lastName>NADLER</lastName>
        <party>D</party>
        <state>NY</state>
        <identifiers>
          <lisID>850</lisID>
          <bioguideId>N000002</bioguideId>
          <gpoId>8069</gpoId>
        </identifiers>
        <district>10</district>
        <sponsorshipDate>2017-02-02</sponsorshipDate>
        <isOriginalCosponsor>True</isOriginalCosponsor>
        <sponsorshipWithdrawnDate />
      </item>
      <item>
        <bioguideId>N000147</bioguideId>
        <fullName>Del. Norton, Eleanor Holmes [D-DC-At Large]</fullName>
        <firstName>ELEANOR</firstName>
        <middleName>HOLMES</middleName>
        <lastName>NORTON</lastName>
        <party>D</party>
        <state>DC</state>
        <identifiers>
          <lisID>868</lisID>
          <bioguideId>N000147</bioguideId>
          <gpoId>7871</gpoId>
        </identifiers>
        <district>0</district>
        <sponsorshipDate>2017-02-02</sponsorshipDate>
        <isOriginalCosponsor>True</isOriginalCosponsor>
        <sponsorshipWithdrawnDate />
      </item>
      <item>
        <bioguideId>P000607</bioguideId>
        <fullName>Rep. Pocan, Mark [D-WI-2]</fullName>
        <firstName>Mark</firstName>
        <middleName />
        <lastName>Pocan</lastName>
        <party>D</party>
        <state>WI</state>
        <identifiers>
          <lisID>2171</lisID>
          <bioguideId>P000607</bioguideId>
          <gpoId />
        </identifiers>
        <district>2</district>
        <sponsorshipDate>2017-02-02</sponsorshipDate>
        <isOriginalCosponsor>True</isOriginalCosponsor>
        <sponsorshipWithdrawnDate />
      </item>
      <item>
        <bioguideId>S001145</bioguideId>
        <fullName>Rep. Schakowsky, Janice D. [D-IL-9]</fullName>
        <firstName>JANICE</firstName>
        <middleName>D.</middleName>
        <lastName>SCHAKOWSKY</lastName>
        <party>D</party>
        <state>IL</state>
        <identifiers>
          <lisID>1588</lisID>
          <bioguideId>S001145</bioguideId>
          <gpoId>7929</gpoId>
        </identifiers>
        <district>9</district>
        <sponsorshipDate>2017-02-02</sponsorshipDate>
        <isOriginalCosponsor>True</isOriginalCosponsor>
        <sponsorshipWithdrawnDate />
      </item>
      <item>
        <bioguideId>T000469</bioguideId>
        <fullName>Rep. Tonko, Paul [D-NY-20]</fullName>
        <firstName>Paul</firstName>
        <middleName />
        <lastName>Tonko</lastName>
        <party>D</party>
        <state>NY</state>
        <identifiers>
          <lisID>1942</lisID>
          <bioguideId>T000469</bioguideId>
          <gpoId>8082</gpoId>
        </identifiers>
        <district>20</district>
        <sponsorshipDate>2017-02-02</sponsorshipDate>
        <isOriginalCosponsor>True</isOriginalCosponsor>
        <sponsorshipWithdrawnDate />
      </item>
      <item>
        <bioguideId>W000800</bioguideId>
        <fullName>Rep. Welch, Peter [D-VT-At Large]</fullName>
        <firstName>Peter</firstName>
        <middleName />
        <lastName>Welch</lastName>
        <party>D</party>
        <state>VT</state>
        <identifiers>
          <lisID>1879</lisID>
          <bioguideId>W000800</bioguideId>
          <gpoId>8204</gpoId>
        </identifiers>
        <district>0</district>
        <sponsorshipDate>2017-02-02</sponsorshipDate>
        <isOriginalCosponsor>True</isOriginalCosponsor>
        <sponsorshipWithdrawnDate />
      </item>
      <item>
        <bioguideId>C000714</bioguideId>
        <fullName>Rep. Conyers, John, Jr. [D-MI-13]</fullName>
        <firstName>JOHN</firstName>
        <middleName />
        <lastName>CONYERS</lastName>
        <party>D</party>
        <state>MI</state>
        <identifiers>
          <lisID>229</lisID>
          <bioguideId>C000714</bioguideId>
          <gpoId>7999</gpoId>
        </identifiers>
        <district>13</district>
        <sponsorshipDate>2017-02-02</sponsorshipDate>
        <isOriginalCosponsor>True</isOriginalCosponsor>
        <sponsorshipWithdrawnDate />
      </item>
      <item>
        <bioguideId>E000288</bioguideId>
        <fullName>Rep. Ellison, Keith [D-MN-5]</fullName>
        <firstName>Keith</firstName>
        <middleName />
        <lastName>Ellison</lastName>
        <party>D</party>
        <state>MN</state>
        <identifiers>
          <lisID>1857</lisID>
          <bioguideId>E000288</bioguideId>
          <gpoId>8005</gpoId>
        </identifiers>
        <district>5</district>
        <sponsorshipDate>2017-02-02</sponsorshipDate>
        <isOriginalCosponsor>True</isOriginalCosponsor>
        <sponsorshipWithdrawnDate />
      </item>
      <item>
        <bioguideId>E000297</bioguideId>
        <fullName>Rep. Espaillat, Adriano [D-NY-13]</fullName>
        <firstName>Adriano</firstName>
        <middleName />
        <lastName>Espaillat</lastName>
        <party>D</party>
        <state>NY</state>
        <identifiers>
          <lisID>2342</lisID>
          <bioguideId>E000297</bioguideId>
          <gpoId />
        </identifiers>
        <district>13</district>
        <sponsorshipDate>2017-02-02</sponsorshipDate>
        <isOriginalCosponsor>True</isOriginalCosponsor>
        <sponsorshipWithdrawnDate />
      </item>
      <item>
        <bioguideId>L000581</bioguideId>
        <fullName>Rep. Lawrence, Brenda L. [D-MI-14]</fullName>
        <firstName>Brenda</firstName>
        <middleName>L.</middleName>
        <lastName>Lawrence</lastName>
        <party>D</party>
        <state>MI</state>
        <identifiers>
          <lisID>2252</lisID>
          <bioguideId>L000581</bioguideId>
          <gpoId />
        </identifiers>
        <district>14</district>
        <sponsorshipDate>2017-02-02</sponsorshipDate>
        <isOriginalCosponsor>True</isOriginalCosponsor>
        <sponsorshipWithdrawnDate />
      </item>
      <item>
        <bioguideId>S001170</bioguideId>
        <fullName>Rep. Shea-Porter, Carol [D-NH-1]</fullName>
        <firstName>Carol</firstName>
        <middleName />
        <lastName>Shea-Porter</lastName>
        <party>D</party>
        <state>NH</state>
        <identifiers>
          <lisID>1861</lisID>
          <bioguideId>S001170</bioguideId>
          <gpoId>7528</gpoId>
        </identifiers>
        <district>1</district>
        <sponsorshipDate>2017-02-02</sponsorshipDate>
        <isOriginalCosponsor>True</isOriginalCosponsor>
        <sponsorshipWithdrawnDate />
      </item>
      <item>
        <bioguideId>P000597</bioguideId>
        <fullName>Rep. Pingree, Chellie [D-ME-1]</fullName>
        <firstName>Chellie</firstName>
        <middleName />
        <lastName>Pingree</lastName>
        <party>D</party>
        <state>ME</state>
        <identifiers>
          <lisID>1927</lisID>
          <bioguideId>P000597</bioguideId>
          <gpoId>7984</gpoId>
        </identifiers>
        <district>1</district>
        <sponsorshipDate>2017-02-15</sponsorshipDate>
        <isOriginalCosponsor>False</isOriginalCosponsor>
        <sponsorshipWithdrawnDate />
      </item>
      <item>
        <bioguideId>Y000062</bioguideId>
        <fullName>Rep. Yarmuth, John A. [D-KY-3]</fullName>
        <firstName>John</firstName>
        <middleName>A.</middleName>
        <lastName>Yarmuth</lastName>
        <party>D</party>
        <state>KY</state>
        <identifiers>
          <lisID>1853</lisID>
          <bioguideId>Y000062</bioguideId>
          <gpoId>7955</gpoId>
        </identifiers>
        <district>3</district>
        <sponsorshipDate>2017-02-15</sponsorshipDate>
        <isOriginalCosponsor>False</isOriginalCosponsor>
        <sponsorshipWithdrawnDate />
      </item>
      <item>
        <bioguideId>K000009</bioguideId>
        <fullName>Rep. Kaptur, Marcy [D-OH-9]</fullName>
        <firstName>MARCY</firstName>
        <middleName />
        <lastName>KAPTUR</lastName>
        <party>D</party>
        <state>OH</state>
        <identifiers>
          <lisID>616</lisID>
          <bioguideId>K000009</bioguideId>
          <gpoId>8099</gpoId>
        </identifiers>
        <district>9</district>
        <sponsorshipDate>2017-03-01</sponsorshipDate>
        <isOriginalCosponsor>False</isOriginalCosponsor>
        <sponsorshipWithdrawnDate />
      </item>
      <item>
        <bioguideId>D000197</bioguideId>
        <fullName>Rep. DeGette, Diana [D-CO-1]</fullName>
        <firstName>DIANA</firstName>
        <middleName />
        <lastName>DEGETTE</lastName>
        <party>D</party>
        <state>CO</state>
        <identifiers>
          <lisID>1479</lisID>
          <bioguideId>D000197</bioguideId>
          <gpoId>7859</gpoId>
        </identifiers>
        <district>1</district>
        <sponsorshipDate>2017-03-01</sponsorshipDate>
        <isOriginalCosponsor>False</isOriginalCosponsor>
        <sponsorshipWithdrawnDate />
      </item>
      <item>
        <bioguideId>R000606</bioguideId>
        <fullName>Rep. Raskin, Jamie [D-MD-8]</fullName>
        <firstName>Jamie</firstName>
        <middleName />
        <lastName>Raskin</lastName>
        <party>D</party>
        <state>MD</state>
        <identifiers>
          <lisID>2332</lisID>
          <bioguideId>R000606</bioguideId>
          <gpoId />
        </identifiers>
        <district>8</district>
        <sponsorshipDate>2017-03-16</sponsorshipDate>
        <isOriginalCosponsor>False</isOriginalCosponsor>
        <sponsorshipWithdrawnDate />
      </item>
      <item>
        <bioguideId>O000170</bioguideId>
        <fullName>Rep. O'Rourke, Beto [D-TX-16]</fullName>
        <firstName>Beto</firstName>
        <middleName />
        <lastName>O'Rourke</lastName>
        <party>D</party>
        <state>TX</state>
        <identifiers>
          <lisID>2162</lisID>
          <bioguideId>O000170</bioguideId>
          <gpoId />
        </identifiers>
        <district>16</district>
        <sponsorshipDate>2017-05-19</sponsorshipDate>
        <isOriginalCosponsor>False</isOriginalCosponsor>
        <sponsorshipWithdrawnDate />
      </item>
      <item>
        <bioguideId>V000081</bioguideId>
        <fullName>Rep. Velazquez, Nydia M. [D-NY-7]</fullName>
        <firstName>NYDIA</firstName>
        <middleName>M.</middleName>
        <lastName>VELAZQUEZ</lastName>
        <party>D</party>
        <state>NY</state>
        <identifiers>
          <lisID>1184</lisID>
          <bioguideId>V000081</bioguideId>
          <gpoId>8073</gpoId>
        </identifiers>
        <district>7</district>
        <sponsorshipDate>2017-05-19</sponsorshipDate>
        <isOriginalCosponsor>False</isOriginalCosponsor>
        <sponsorshipWithdrawnDate />
      </item>
      <item>
        <bioguideId>S000522</bioguideId>
        <fullName>Rep. Smith, Christopher H. [R-NJ-4]</fullName>
        <firstName>CHRISTOPHER</firstName>
        <middleName>H.</middleName>
        <lastName>SMITH</lastName>
        <party>R</party>
        <state>NJ</state>
        <identifiers>
          <lisID>1071</lisID>
          <bioguideId>S000522</bioguideId>
          <gpoId>8046</gpoId>
        </identifiers>
        <district>4</district>
        <sponsorshipDate>2017-05-19</sponsorshipDate>
        <isOriginalCosponsor>False</isOriginalCosponsor>
        <sponsorshipWithdrawnDate />
      </item>
      <item>
        <bioguideId>H001038</bioguideId>
        <fullName>Rep. Higgins, Brian [D-NY-26]</fullName>
        <firstName>Brian</firstName>
        <middleName />
        <lastName>Higgins</lastName>
        <party>D</party>
        <state>NY</state>
        <identifiers>
          <lisID>1794</lisID>
          <bioguideId>H001038</bioguideId>
          <gpoId>8088</gpoId>
        </identifiers>
        <district>26</district>
        <sponsorshipDate>2017-07-20</sponsorshipDate>
        <isOriginalCosponsor>False</isOriginalCosponsor>
        <sponsorshipWithdrawnDate />
      </item>
      <item>
        <bioguideId>J000298</bioguideId>
        <fullName>Rep. Jayapal, Pramila [D-WA-7]</fullName>
        <firstName>Pramila</firstName>
        <middleName />
        <lastName>Jayapal</lastName>
        <party>D</party>
        <state>WA</state>
        <identifiers>
          <lisID>2354</lisID>
          <bioguideId>J000298</bioguideId>
          <gpoId />
        </identifiers>
        <district>7</district>
        <sponsorshipDate>2017-11-28</sponsorshipDate>
        <isOriginalCosponsor>False</isOriginalCosponsor>
        <sponsorshipWithdrawnDate />
      </item>
      <item>
        <bioguideId>G000581</bioguideId>
        <fullName>Rep. Gonzalez, Vicente [D-TX-15]</fullName>
        <firstName>Vicente</firstName>
        <middleName />
        <lastName>Gonzalez</lastName>
        <party>D</party>
        <state>TX</state>
        <identifiers>
          <lisID>2349</lisID>
          <bioguideId>G000581</bioguideId>
          <gpoId />
        </identifiers>
        <district>15</district>
        <sponsorshipDate>2018-01-20</sponsorshipDate>
        <isOriginalCosponsor>False</isOriginalCosponsor>
        <sponsorshipWithdrawnDate />
      </item>
      <item>
        <bioguideId>K000389</bioguideId>
        <fullName>Rep. Khanna, Ro [D-CA-17]</fullName>
        <firstName>Ro</firstName>
        <middleName />
        <lastName>Khanna</lastName>
        <party>D</party>
        <state>CA</state>
        <identifiers>
          <lisID>2308</lisID>
          <bioguideId>K000389</bioguideId>
          <gpoId />
        </identifiers>
        <district>17</district>
        <sponsorshipDate>2018-05-17</sponsorshipDate>
        <isOriginalCosponsor>False</isOriginalCosponsor>
        <sponsorshipWithdrawnDate />
      </item>
      <item>
        <bioguideId>K000382</bioguideId>
        <fullName>Rep. Kuster, Ann M. [D-NH-2]</fullName>
        <firstName>Ann</firstName>
        <middleName>M.</middleName>
        <lastName>Kuster</lastName>
        <party>D</party>
        <state>NH</state>
        <identifiers>
          <lisID>2145</lisID>
          <bioguideId>K000382</bioguideId>
          <gpoId />
        </identifiers>
        <district>2</district>
        <sponsorshipDate>2018-09-25</sponsorshipDate>
        <isOriginalCosponsor>False</isOriginalCosponsor>
        <sponsorshipWithdrawnDate />
      </item>
    </cosponsors>
    <cboCostEstimates />
    <laws />
    <notes />
    <policyArea>
      <name>Health</name>
    </policyArea>
    <subjects>
      <billSubjects>
        <legislativeSubjects>
          <item>
            <name>Emergency medical services and trauma care</name>
          </item>
          <item>
            <name>Hospital care</name>
          </item>
          <item>
            <name>Medicare</name>
          </item>
        </legislativeSubjects>
        <policyArea>
          <name>Health</name>
        </policyArea>
      </billSubjects>
    </subjects>
    <summaries>
      <billSummaries>
        <item>
          <versionCode>00</versionCode>
          <actionDate>2017-02-02</actionDate>
          <actionDesc>Introduced in House</actionDesc>
          <lastSummaryUpdateDate>2017-03-06T17:31:57Z</lastSummaryUpdateDate>
          <text><![CDATA[<p><b>End Surprise Billing Act of 2017</b></p> <p>This bill amends title XVIII (Medicare) of the Social Security Act to require a critical access hospital or other hospital to comply, as a condition of participation in Medicare, with certain requirements related to billing for out-of-network services.</p> <p>With respect to an individual who has health benefits coverage and is seeking services, a hospital must provide notice as to: (1) whether the hospital, or any of the providers furnishing services to the individual at the hospital, is not within the health care provider network or otherwise a participating provider with respect to the individual's health care coverage; and (2) if so, the estimated out-of-pocket costs of the services to the individual. At least 24 hours prior to providing those services, the hospital must document that the individual: (1) has been provided with the required notice, and (2) consents to be furnished with the services and charged an amount approximate to the estimate provided. Otherwise, the hospital may not charge the individual more than the individual would have been required to pay if the services had been furnished by an in-network or participating provider.</p> <p>With respect to such an individual who is seeking same-day emergency services, a hospital may not charge more than the individual would be required to pay for such services furnished by an in-network or participating provider.</p>]]></text>
          <updateDate>2017-02-02T05:00:00Z</updateDate>
          <name>Introduced in House</name>
        </item>
      </billSummaries>
    </summaries>
    <title>End Surprise Billing Act of 2017</title>
    <titles>
      <item>
        <titleType>Official Title as Introduced</titleType>
        <parentTitleType />
        <title>To amend title XVIII of the Social Security Act to prevent surprise billing practices, and for other purposes.</title>
        <chamberCode />
        <chamberName />
      </item>
      <item>
        <titleType>Short Titles as Introduced</titleType>
        <parentTitleType />
        <title>End Surprise Billing Act of 2017</title>
        <chamberCode />
        <chamberName />
      </item>
      <item>
        <titleType>Display Title</titleType>
        <parentTitleType />
        <title>End Surprise Billing Act of 2017</title>
        <chamberCode />
        <chamberName />
      </item>
    </titles>
    <amendments />
    <textVersions>
      <item>
        <type>Introduced in House</type>
        <date>2017-02-02T05:00:00Z</date>
        <formats>
          <item>
            <url>https://www.govinfo.gov/content/pkg/BILLS-115hr817ih/xml/BILLS-115hr817ih.xml</url>
          </item>
        </formats>
      </item>
    </textVersions>
    <latestAction>
      <actionDate>2017-02-14</actionDate>
      <text>Referred to the Subcommittee on Health.</text>
      <links />
    </latestAction>
    <calendarNumbers />
    <version>1.0.0</version>
  </bill>
  <dublinCore xmlns:dc="http://purl.org/dc/elements/1.1/">
    <dc:format>text/xml</dc:format>
    <dc:language>EN</dc:language>
    <dc:rights>Pursuant to Title 17 Section 105 of the United States Code, this file is not subject to copyright protection and is in the public domain.</dc:rights>
    <dc:contributor>Congressional Research Service, Library of Congress</dc:contributor>
    <dc:description>This file contains bill summaries and statuses for federal legislation. A bill summary describes the most significant provisions of a piece of legislation and details the effects the legislative text may have on current law and federal programs. Bill summaries are authored by the Congressional Research Service (CRS) of the Library of Congress. As stated in Public Law 91-510 (2 USC 166 (d)(6)), one of the duties of CRS is "to prepare summaries and digests of bills and resolutions of a public general nature introduced in the Senate or House of Representatives". For more information, refer to the User Guide that accompanies this file.</dc:description>
  </dublinCore>
</billStatus>

