<?xml version="1.0" encoding="UTF-8"?>
<billStatus>
  <bill>
    <billNumber>4886</billNumber>
    <createDate>2018-01-30T03:11:03Z</createDate>
    <updateDate>2020-09-28T22:26:34Z</updateDate>
    <originChamber>House</originChamber>
    <billType>HR</billType>
    <introducedDate>2018-01-29</introducedDate>
    <congress>115</congress>
    <constitutionalAuthorityStatementText><![CDATA[<pre>[Congressional Record Volume 164, Number 19 (Monday, January 29, 2018)]From the Congressional Record Online through the Government Publishing Office [<a href='http://www.gpo.gov'>www.gpo.gov</a>]By Mr. RODNEY DAVIS of Illinois:H.R. 4886.Congress has the power to enact this legislation pursuantto the following:Article I, Section 8, Clause 1 of the Constitution of theUnited States.[Page H677]</pre>]]></constitutionalAuthorityStatementText>
    <recordedVotes />
    <committees>
      <billCommittees>
        <item>
          <systemCode>hswm00</systemCode>
          <name>Ways and Means Committee</name>
          <chamber>House</chamber>
          <type>Standing</type>
          <subcommittees />
          <activities>
            <item>
              <name>Referred to</name>
              <date>2018-01-29T17:00:45Z</date>
            </item>
          </activities>
        </item>
      </billCommittees>
    </committees>
    <committeeReports />
    <relatedBills />
    <actions>
      <item>
        <actionDate>2018-01-29</actionDate>
        <links />
        <text>Referred to the House Committee on Ways and Means.</text>
        <type>IntroReferral</type>
        <actionCode>H11100</actionCode>
        <sourceSystem>
          <code>2</code>
          <name>House floor actions</name>
        </sourceSystem>
        <committees>
          <item>
            <systemCode>hswm00</systemCode>
            <name>Ways and Means Committee</name>
          </item>
        </committees>
      </item>
      <item>
        <actionDate>2018-01-29</actionDate>
        <links />
        <text>Introduced in House</text>
        <type>IntroReferral</type>
        <actionCode>Intro-H</actionCode>
        <sourceSystem>
          <code>9</code>
          <name>Library of Congress</name>
        </sourceSystem>
        <committees />
      </item>
      <item>
        <actionDate>2018-01-29</actionDate>
        <links />
        <text>Introduced in House</text>
        <type>IntroReferral</type>
        <actionCode>1000</actionCode>
        <sourceSystem>
          <code>9</code>
          <name>Library of Congress</name>
        </sourceSystem>
        <committees />
      </item>
      <actionTypeCounts>
        <billReferrals>1</billReferrals>
        <introducedInTheHouse>1</introducedInTheHouse>
        <introducedInHouse>1</introducedInHouse>
      </actionTypeCounts>
      <actionByCounts>
        <houseOfRepresentatives>3</houseOfRepresentatives>
      </actionByCounts>
    </actions>
    <sponsors>
      <item>
        <bioguideId>D000619</bioguideId>
        <fullName>Rep. Davis, Rodney [R-IL-13]</fullName>
        <firstName>Rodney</firstName>
        <middleName />
        <lastName>Davis</lastName>
        <party>R</party>
        <state>IL</state>
        <identifiers>
          <lisID>2126</lisID>
          <bioguideId>D000619</bioguideId>
          <gpoId />
        </identifiers>
        <district>13</district>
        <byRequestType />
      </item>
    </sponsors>
    <cosponsors>
      <item>
        <bioguideId>M001187</bioguideId>
        <fullName>Rep. Meadows, Mark [R-NC-11]</fullName>
        <firstName>Mark</firstName>
        <middleName />
        <lastName>Meadows</lastName>
        <party>R</party>
        <state>NC</state>
        <identifiers>
          <lisID>2142</lisID>
          <bioguideId>M001187</bioguideId>
          <gpoId />
        </identifiers>
        <district>11</district>
        <sponsorshipDate>2018-01-29</sponsorshipDate>
        <isOriginalCosponsor>True</isOriginalCosponsor>
        <sponsorshipWithdrawnDate />
      </item>
      <item>
        <bioguideId>B001282</bioguideId>
        <fullName>Rep. Barr, Andy [R-KY-6]</fullName>
        <firstName>Andy</firstName>
        <middleName />
        <lastName>Barr</lastName>
        <party>R</party>
        <state>KY</state>
        <identifiers>
          <lisID>2131</lisID>
          <bioguideId>B001282</bioguideId>
          <gpoId />
        </identifiers>
        <district>6</district>
        <sponsorshipDate>2018-01-29</sponsorshipDate>
        <isOriginalCosponsor>True</isOriginalCosponsor>
        <sponsorshipWithdrawnDate />
      </item>
      <item>
        <bioguideId>G000579</bioguideId>
        <fullName>Rep. Gallagher, Mike [R-WI-8]</fullName>
        <firstName>Mike</firstName>
        <middleName />
        <lastName>Gallagher</lastName>
        <party>R</party>
        <state>WI</state>
        <identifiers>
          <lisID>2355</lisID>
          <bioguideId>G000579</bioguideId>
          <gpoId />
        </identifiers>
        <district>8</district>
        <sponsorshipDate>2018-01-29</sponsorshipDate>
        <isOriginalCosponsor>True</isOriginalCosponsor>
        <sponsorshipWithdrawnDate />
      </item>
      <item>
        <bioguideId>M001180</bioguideId>
        <fullName>Rep. McKinley, David B. [R-WV-1]</fullName>
        <firstName>David</firstName>
        <middleName>B.</middleName>
        <lastName>McKinley</lastName>
        <party>R</party>
        <state>WV</state>
        <identifiers>
          <lisID>2074</lisID>
          <bioguideId>M001180</bioguideId>
          <gpoId>8222</gpoId>
        </identifiers>
        <district>1</district>
        <sponsorshipDate>2018-01-29</sponsorshipDate>
        <isOriginalCosponsor>True</isOriginalCosponsor>
        <sponsorshipWithdrawnDate />
      </item>
      <item>
        <bioguideId>M001198</bioguideId>
        <fullName>Rep. Marshall, Roger W. [R-KS-1]</fullName>
        <firstName>Roger</firstName>
        <middleName>W.</middleName>
        <lastName>Marshall</lastName>
        <party>R</party>
        <state>KS</state>
        <identifiers>
          <lisID>2328</lisID>
          <bioguideId>M001198</bioguideId>
          <gpoId />
        </identifiers>
        <district>1</district>
        <sponsorshipDate>2018-01-29</sponsorshipDate>
        <isOriginalCosponsor>True</isOriginalCosponsor>
        <sponsorshipWithdrawnDate />
      </item>
      <item>
        <bioguideId>L000566</bioguideId>
        <fullName>Rep. Latta, Robert E. [R-OH-5]</fullName>
        <firstName>Robert</firstName>
        <middleName>E.</middleName>
        <lastName>Latta</lastName>
        <party>R</party>
        <state>OH</state>
        <identifiers>
          <lisID>1885</lisID>
          <bioguideId>L000566</bioguideId>
          <gpoId>8095</gpoId>
        </identifiers>
        <district>5</district>
        <sponsorshipDate>2018-01-29</sponsorshipDate>
        <isOriginalCosponsor>True</isOriginalCosponsor>
        <sponsorshipWithdrawnDate />
      </item>
      <item>
        <bioguideId>W000812</bioguideId>
        <fullName>Rep. Wagner, Ann [R-MO-2]</fullName>
        <firstName>Ann</firstName>
        <middleName />
        <lastName>Wagner</lastName>
        <party>R</party>
        <state>MO</state>
        <identifiers>
          <lisID>2137</lisID>
          <bioguideId>W000812</bioguideId>
          <gpoId />
        </identifiers>
        <district>2</district>
        <sponsorshipDate>2018-01-29</sponsorshipDate>
        <isOriginalCosponsor>True</isOriginalCosponsor>
        <sponsorshipWithdrawnDate />
      </item>
      <item>
        <bioguideId>V000129</bioguideId>
        <fullName>Rep. Valadao, David G. [R-CA-21]</fullName>
        <firstName>David</firstName>
        <middleName>G.</middleName>
        <lastName>Valadao</lastName>
        <party>R</party>
        <state>CA</state>
        <identifiers>
          <lisID>2105</lisID>
          <bioguideId>V000129</bioguideId>
          <gpoId />
        </identifiers>
        <district>21</district>
        <sponsorshipDate>2018-01-29</sponsorshipDate>
        <isOriginalCosponsor>True</isOriginalCosponsor>
        <sponsorshipWithdrawnDate />
      </item>
      <item>
        <bioguideId>R000487</bioguideId>
        <fullName>Rep. Royce, Edward R. [R-CA-39]</fullName>
        <firstName>ED</firstName>
        <middleName />
        <lastName>ROYCE</lastName>
        <party>R</party>
        <state>CA</state>
        <identifiers>
          <lisID>998</lisID>
          <bioguideId>R000487</bioguideId>
          <gpoId>7845</gpoId>
        </identifiers>
        <district>39</district>
        <sponsorshipDate>2018-01-29</sponsorshipDate>
        <isOriginalCosponsor>True</isOriginalCosponsor>
        <sponsorshipWithdrawnDate />
      </item>
      <item>
        <bioguideId>A000374</bioguideId>
        <fullName>Rep. Abraham, Ralph Lee [R-LA-5]</fullName>
        <firstName>Ralph</firstName>
        <middleName>Lee</middleName>
        <lastName>Abraham</lastName>
        <party>R</party>
        <state>LA</state>
        <identifiers>
          <lisID>2244</lisID>
          <bioguideId>A000374</bioguideId>
          <gpoId />
        </identifiers>
        <district>5</district>
        <sponsorshipDate>2018-01-29</sponsorshipDate>
        <isOriginalCosponsor>True</isOriginalCosponsor>
        <sponsorshipWithdrawnDate />
      </item>
      <item>
        <bioguideId>M001201</bioguideId>
        <fullName>Rep. Mitchell, Paul [R-MI-10]</fullName>
        <firstName>Paul</firstName>
        <middleName />
        <lastName>Mitchell</lastName>
        <party>R</party>
        <state>MI</state>
        <identifiers>
          <lisID>2334</lisID>
          <bioguideId>M001201</bioguideId>
          <gpoId />
        </identifiers>
        <district>10</district>
        <sponsorshipDate>2018-01-29</sponsorshipDate>
        <isOriginalCosponsor>True</isOriginalCosponsor>
        <sponsorshipWithdrawnDate />
      </item>
      <item>
        <bioguideId>F000465</bioguideId>
        <fullName>Rep. Ferguson, A. Drew, IV [R-GA-3]</fullName>
        <firstName>A.</firstName>
        <middleName>Drew</middleName>
        <lastName>Ferguson</lastName>
        <party>R</party>
        <state>GA</state>
        <identifiers>
          <lisID>2324</lisID>
          <bioguideId>F000465</bioguideId>
          <gpoId />
        </identifiers>
        <district>3</district>
        <sponsorshipDate>2018-01-29</sponsorshipDate>
        <isOriginalCosponsor>True</isOriginalCosponsor>
        <sponsorshipWithdrawnDate />
      </item>
      <item>
        <bioguideId>R000598</bioguideId>
        <fullName>Rep. Rothfus, Keith J. [R-PA-12]</fullName>
        <firstName>Keith</firstName>
        <middleName>J.</middleName>
        <lastName>Rothfus</lastName>
        <party>R</party>
        <state>PA</state>
        <identifiers>
          <lisID>2158</lisID>
          <bioguideId>R000598</bioguideId>
          <gpoId />
        </identifiers>
        <district>12</district>
        <sponsorshipDate>2018-01-29</sponsorshipDate>
        <isOriginalCosponsor>True</isOriginalCosponsor>
        <sponsorshipWithdrawnDate />
      </item>
      <item>
        <bioguideId>H001058</bioguideId>
        <fullName>Rep. Huizenga, Bill [R-MI-2]</fullName>
        <firstName>Bill</firstName>
        <middleName />
        <lastName>Huizenga</lastName>
        <party>R</party>
        <state>MI</state>
        <identifiers>
          <lisID>2028</lisID>
          <bioguideId>H001058</bioguideId>
          <gpoId>7987</gpoId>
        </identifiers>
        <district>2</district>
        <sponsorshipDate>2018-01-29</sponsorshipDate>
        <isOriginalCosponsor>True</isOriginalCosponsor>
        <sponsorshipWithdrawnDate />
      </item>
      <item>
        <bioguideId>M001193</bioguideId>
        <fullName>Rep. MacArthur, Thomas [R-NJ-3]</fullName>
        <firstName>Thomas</firstName>
        <middleName />
        <lastName>MacArthur</lastName>
        <party>R</party>
        <state>NJ</state>
        <identifiers>
          <lisID>2258</lisID>
          <bioguideId>M001193</bioguideId>
          <gpoId />
        </identifiers>
        <district>3</district>
        <sponsorshipDate>2018-01-29</sponsorshipDate>
        <isOriginalCosponsor>True</isOriginalCosponsor>
        <sponsorshipWithdrawnDate />
      </item>
      <item>
        <bioguideId>M001197</bioguideId>
        <fullName>Rep. McSally, Martha [R-AZ-2]</fullName>
        <firstName>Martha</firstName>
        <middleName />
        <lastName>McSally</lastName>
        <party>R</party>
        <state>AZ</state>
        <identifiers>
          <lisID>2225</lisID>
          <bioguideId>M001197</bioguideId>
          <gpoId />
        </identifiers>
        <district>2</district>
        <sponsorshipDate>2018-01-29</sponsorshipDate>
        <isOriginalCosponsor>True</isOriginalCosponsor>
        <sponsorshipWithdrawnDate />
      </item>
      <item>
        <bioguideId>C001114</bioguideId>
        <fullName>Rep. Curtis, John R. [R-UT-3]</fullName>
        <firstName>John</firstName>
        <middleName>R.</middleName>
        <lastName>Curtis</lastName>
        <party>R</party>
        <state>UT</state>
        <identifiers>
          <lisID>2363</lisID>
          <bioguideId>C001114</bioguideId>
          <gpoId />
        </identifiers>
        <district>3</district>
        <sponsorshipDate>2018-01-29</sponsorshipDate>
        <isOriginalCosponsor>True</isOriginalCosponsor>
        <sponsorshipWithdrawnDate />
      </item>
      <item>
        <bioguideId>J000292</bioguideId>
        <fullName>Rep. Johnson, Bill [R-OH-6]</fullName>
        <firstName>Bill</firstName>
        <middleName />
        <lastName>Johnson</lastName>
        <party>R</party>
        <state>OH</state>
        <identifiers>
          <lisID>2046</lisID>
          <bioguideId>J000292</bioguideId>
          <gpoId>8096</gpoId>
        </identifiers>
        <district>6</district>
        <sponsorshipDate>2018-01-29</sponsorshipDate>
        <isOriginalCosponsor>True</isOriginalCosponsor>
        <sponsorshipWithdrawnDate />
      </item>
      <item>
        <bioguideId>H001056</bioguideId>
        <fullName>Rep. Herrera Beutler, Jaime [R-WA-3]</fullName>
        <firstName>Jaime</firstName>
        <middleName />
        <lastName>Herrera Beutler</lastName>
        <party>R</party>
        <state>WA</state>
        <identifiers>
          <lisID>2071</lisID>
          <bioguideId>H001056</bioguideId>
          <gpoId>8207</gpoId>
        </identifiers>
        <district>3</district>
        <sponsorshipDate>2018-01-29</sponsorshipDate>
        <isOriginalCosponsor>True</isOriginalCosponsor>
        <sponsorshipWithdrawnDate />
      </item>
      <item>
        <bioguideId>S001199</bioguideId>
        <fullName>Rep. Smucker, Lloyd [R-PA-16]</fullName>
        <firstName>Lloyd</firstName>
        <middleName />
        <lastName>Smucker</lastName>
        <party>R</party>
        <state>PA</state>
        <identifiers>
          <lisID>2346</lisID>
          <bioguideId>S001199</bioguideId>
          <gpoId />
        </identifiers>
        <district>16</district>
        <sponsorshipDate>2018-01-29</sponsorshipDate>
        <isOriginalCosponsor>True</isOriginalCosponsor>
        <sponsorshipWithdrawnDate />
      </item>
      <item>
        <bioguideId>B001298</bioguideId>
        <fullName>Rep. Bacon, Don [R-NE-2]</fullName>
        <firstName>Don</firstName>
        <middleName />
        <lastName>Bacon</lastName>
        <party>R</party>
        <state>NE</state>
        <identifiers>
          <lisID>2337</lisID>
          <bioguideId>B001298</bioguideId>
          <gpoId />
        </identifiers>
        <district>2</district>
        <sponsorshipDate>2018-01-29</sponsorshipDate>
        <isOriginalCosponsor>True</isOriginalCosponsor>
        <sponsorshipWithdrawnDate />
      </item>
      <item>
        <bioguideId>P000611</bioguideId>
        <fullName>Rep. Poliquin, Bruce [R-ME-2]</fullName>
        <firstName>Bruce</firstName>
        <middleName />
        <lastName>Poliquin</lastName>
        <party>R</party>
        <state>ME</state>
        <identifiers>
          <lisID>2247</lisID>
          <bioguideId>P000611</bioguideId>
          <gpoId />
        </identifiers>
        <district>2</district>
        <sponsorshipDate>2018-01-29</sponsorshipDate>
        <isOriginalCosponsor>True</isOriginalCosponsor>
        <sponsorshipWithdrawnDate />
      </item>
      <item>
        <bioguideId>F000466</bioguideId>
        <fullName>Rep. Fitzpatrick, Brian K. [R-PA-8]</fullName>
        <firstName>Brian</firstName>
        <middleName>K.</middleName>
        <lastName>Fitzpatrick</lastName>
        <party>R</party>
        <state>PA</state>
        <identifiers>
          <lisID>2345</lisID>
          <bioguideId>F000466</bioguideId>
          <gpoId />
        </identifiers>
        <district>8</district>
        <sponsorshipDate>2018-01-29</sponsorshipDate>
        <isOriginalCosponsor>True</isOriginalCosponsor>
        <sponsorshipWithdrawnDate />
      </item>
      <item>
        <bioguideId>W000821</bioguideId>
        <fullName>Rep. Westerman, Bruce [R-AR-4]</fullName>
        <firstName>Bruce</firstName>
        <middleName />
        <lastName>Westerman</lastName>
        <party>R</party>
        <state>AR</state>
        <identifiers>
          <lisID>2224</lisID>
          <bioguideId>W000821</bioguideId>
          <gpoId />
        </identifiers>
        <district>4</district>
        <sponsorshipDate>2018-01-29</sponsorshipDate>
        <isOriginalCosponsor>True</isOriginalCosponsor>
        <sponsorshipWithdrawnDate />
      </item>
      <item>
        <bioguideId>B001284</bioguideId>
        <fullName>Rep. Brooks, Susan W. [R-IN-5]</fullName>
        <firstName>Susan</firstName>
        <middleName>W.</middleName>
        <lastName>Brooks</lastName>
        <party>R</party>
        <state>IN</state>
        <identifiers>
          <lisID>2129</lisID>
          <bioguideId>B001284</bioguideId>
          <gpoId />
        </identifiers>
        <district>5</district>
        <sponsorshipDate>2018-01-29</sponsorshipDate>
        <isOriginalCosponsor>True</isOriginalCosponsor>
        <sponsorshipWithdrawnDate />
      </item>
      <item>
        <bioguideId>D000600</bioguideId>
        <fullName>Rep. Diaz-Balart, Mario [R-FL-25]</fullName>
        <firstName>Mario</firstName>
        <middleName />
        <lastName>Diaz-Balart</lastName>
        <party>R</party>
        <state>FL</state>
        <identifiers>
          <lisID>1717</lisID>
          <bioguideId>D000600</bioguideId>
          <gpoId>7893</gpoId>
        </identifiers>
        <district>25</district>
        <sponsorshipDate>2018-01-29</sponsorshipDate>
        <isOriginalCosponsor>True</isOriginalCosponsor>
        <sponsorshipWithdrawnDate />
      </item>
      <item>
        <bioguideId>R000586</bioguideId>
        <fullName>Rep. Renacci, James B. [R-OH-16]</fullName>
        <firstName>James</firstName>
        <middleName>B.</middleName>
        <lastName>Renacci</lastName>
        <party>R</party>
        <state>OH</state>
        <identifiers>
          <lisID>2048</lisID>
          <bioguideId>R000586</bioguideId>
          <gpoId>8106</gpoId>
        </identifiers>
        <district>16</district>
        <sponsorshipDate>2018-01-29</sponsorshipDate>
        <isOriginalCosponsor>True</isOriginalCosponsor>
        <sponsorshipWithdrawnDate />
      </item>
      <item>
        <bioguideId>R000603</bioguideId>
        <fullName>Rep. Rouzer, David [R-NC-7]</fullName>
        <firstName>David</firstName>
        <middleName />
        <lastName>Rouzer</lastName>
        <party>R</party>
        <state>NC</state>
        <identifiers>
          <lisID>2256</lisID>
          <bioguideId>R000603</bioguideId>
          <gpoId />
        </identifiers>
        <district>7</district>
        <sponsorshipDate>2018-01-29</sponsorshipDate>
        <isOriginalCosponsor>True</isOriginalCosponsor>
        <sponsorshipWithdrawnDate />
      </item>
      <item>
        <bioguideId>J000295</bioguideId>
        <fullName>Rep. Joyce, David P. [R-OH-14]</fullName>
        <firstName>David</firstName>
        <middleName>P.</middleName>
        <lastName>Joyce</lastName>
        <party>R</party>
        <state>OH</state>
        <identifiers>
          <lisID>2154</lisID>
          <bioguideId>J000295</bioguideId>
          <gpoId />
        </identifiers>
        <district>14</district>
        <sponsorshipDate>2018-01-29</sponsorshipDate>
        <isOriginalCosponsor>True</isOriginalCosponsor>
        <sponsorshipWithdrawnDate />
      </item>
      <item>
        <bioguideId>R000609</bioguideId>
        <fullName>Rep. Rutherford, John H. [R-FL-4]</fullName>
        <firstName>John</firstName>
        <middleName>H.</middleName>
        <lastName>Rutherford</lastName>
        <party>R</party>
        <state>FL</state>
        <identifiers>
          <lisID>2316</lisID>
          <bioguideId>R000609</bioguideId>
          <gpoId />
        </identifiers>
        <district>4</district>
        <sponsorshipDate>2018-01-29</sponsorshipDate>
        <isOriginalCosponsor>True</isOriginalCosponsor>
        <sponsorshipWithdrawnDate />
      </item>
      <item>
        <bioguideId>T000477</bioguideId>
        <fullName>Rep. Taylor, Scott [R-VA-2]</fullName>
        <firstName>Scott</firstName>
        <middleName />
        <lastName>Taylor</lastName>
        <party>R</party>
        <state>VA</state>
        <identifiers>
          <lisID>2351</lisID>
          <bioguideId>T000477</bioguideId>
          <gpoId />
        </identifiers>
        <district>2</district>
        <sponsorshipDate>2018-01-29</sponsorshipDate>
        <isOriginalCosponsor>True</isOriginalCosponsor>
        <sponsorshipWithdrawnDate />
      </item>
      <item>
        <bioguideId>N000189</bioguideId>
        <fullName>Rep. Newhouse, Dan [R-WA-4]</fullName>
        <firstName>Dan</firstName>
        <middleName />
        <lastName>Newhouse</lastName>
        <party>R</party>
        <state>WA</state>
        <identifiers>
          <lisID>2275</lisID>
          <bioguideId>N000189</bioguideId>
          <gpoId />
        </identifiers>
        <district>4</district>
        <sponsorshipDate>2018-01-29</sponsorshipDate>
        <isOriginalCosponsor>True</isOriginalCosponsor>
        <sponsorshipWithdrawnDate />
      </item>
      <item>
        <bioguideId>T000463</bioguideId>
        <fullName>Rep. Turner, Michael R. [R-OH-10]</fullName>
        <firstName>Michael</firstName>
        <middleName>R.</middleName>
        <lastName>Turner</lastName>
        <party>R</party>
        <state>OH</state>
        <identifiers>
          <lisID>1741</lisID>
          <bioguideId>T000463</bioguideId>
          <gpoId>8093</gpoId>
        </identifiers>
        <district>10</district>
        <sponsorshipDate>2018-01-29</sponsorshipDate>
        <isOriginalCosponsor>True</isOriginalCosponsor>
        <sponsorshipWithdrawnDate />
      </item>
      <item>
        <bioguideId>U000031</bioguideId>
        <fullName>Rep. Upton, Fred [R-MI-6]</fullName>
        <firstName>FRED</firstName>
        <middleName />
        <lastName>UPTON</lastName>
        <party>R</party>
        <state>MI</state>
        <identifiers>
          <lisID>1177</lisID>
          <bioguideId>U000031</bioguideId>
          <gpoId>7991</gpoId>
        </identifiers>
        <district>6</district>
        <sponsorshipDate>2018-01-29</sponsorshipDate>
        <isOriginalCosponsor>True</isOriginalCosponsor>
        <sponsorshipWithdrawnDate />
      </item>
      <item>
        <bioguideId>M001194</bioguideId>
        <fullName>Rep. Moolenaar, John R. [R-MI-4]</fullName>
        <firstName>John</firstName>
        <middleName>R.</middleName>
        <lastName>Moolenaar</lastName>
        <party>R</party>
        <state>MI</state>
        <identifiers>
          <lisID>2248</lisID>
          <bioguideId>M001194</bioguideId>
          <gpoId />
        </identifiers>
        <district>4</district>
        <sponsorshipDate>2018-01-29</sponsorshipDate>
        <isOriginalCosponsor>True</isOriginalCosponsor>
        <sponsorshipWithdrawnDate />
      </item>
      <item>
        <bioguideId>D000621</bioguideId>
        <fullName>Rep. DeSantis, Ron [R-FL-6]</fullName>
        <firstName>Ron</firstName>
        <middleName />
        <lastName>DeSantis</lastName>
        <party>R</party>
        <state>FL</state>
        <identifiers>
          <lisID>2116</lisID>
          <bioguideId>D000621</bioguideId>
          <gpoId />
        </identifiers>
        <district>6</district>
        <sponsorshipDate>2018-01-29</sponsorshipDate>
        <isOriginalCosponsor>True</isOriginalCosponsor>
        <sponsorshipWithdrawnDate />
      </item>
      <item>
        <bioguideId>D000612</bioguideId>
        <fullName>Rep. Denham, Jeff [R-CA-10]</fullName>
        <firstName>Jeff</firstName>
        <middleName />
        <lastName>Denham</lastName>
        <party>R</party>
        <state>CA</state>
        <identifiers>
          <lisID>1995</lisID>
          <bioguideId>D000612</bioguideId>
          <gpoId>7824</gpoId>
        </identifiers>
        <district>10</district>
        <sponsorshipDate>2018-01-29</sponsorshipDate>
        <isOriginalCosponsor>True</isOriginalCosponsor>
        <sponsorshipWithdrawnDate />
      </item>
      <item>
        <bioguideId>S001187</bioguideId>
        <fullName>Rep. Stivers, Steve [R-OH-15]</fullName>
        <firstName>Steve</firstName>
        <middleName />
        <lastName>Stivers</lastName>
        <party>R</party>
        <state>OH</state>
        <identifiers>
          <lisID>2047</lisID>
          <bioguideId>S001187</bioguideId>
          <gpoId>8105</gpoId>
        </identifiers>
        <district>15</district>
        <sponsorshipDate>2018-01-29</sponsorshipDate>
        <isOriginalCosponsor>True</isOriginalCosponsor>
        <sponsorshipWithdrawnDate />
      </item>
      <item>
        <bioguideId>G000563</bioguideId>
        <fullName>Rep. Gibbs, Bob [R-OH-7]</fullName>
        <firstName>Bob</firstName>
        <middleName />
        <lastName>Gibbs</lastName>
        <party>R</party>
        <state>OH</state>
        <identifiers>
          <lisID>2049</lisID>
          <bioguideId>G000563</bioguideId>
          <gpoId>8108</gpoId>
        </identifiers>
        <district>7</district>
        <sponsorshipDate>2018-01-29</sponsorshipDate>
        <isOriginalCosponsor>True</isOriginalCosponsor>
        <sponsorshipWithdrawnDate />
      </item>
      <item>
        <bioguideId>W000820</bioguideId>
        <fullName>Rep. Walters, Mimi [R-CA-45]</fullName>
        <firstName>Mimi</firstName>
        <middleName />
        <lastName>Walters</lastName>
        <party>R</party>
        <state>CA</state>
        <identifiers>
          <lisID>2232</lisID>
          <bioguideId>W000820</bioguideId>
          <gpoId />
        </identifiers>
        <district>45</district>
        <sponsorshipDate>2018-01-29</sponsorshipDate>
        <isOriginalCosponsor>True</isOriginalCosponsor>
        <sponsorshipWithdrawnDate />
      </item>
      <item>
        <bioguideId>B001295</bioguideId>
        <fullName>Rep. Bost, Mike [R-IL-12]</fullName>
        <firstName>Mike</firstName>
        <middleName />
        <lastName>Bost</lastName>
        <party>R</party>
        <state>IL</state>
        <identifiers>
          <lisID>2243</lisID>
          <bioguideId>B001295</bioguideId>
          <gpoId />
        </identifiers>
        <district>12</district>
        <sponsorshipDate>2018-01-29</sponsorshipDate>
        <isOriginalCosponsor>True</isOriginalCosponsor>
        <sponsorshipWithdrawnDate />
      </item>
      <item>
        <bioguideId>J000297</bioguideId>
        <fullName>Rep. Jenkins, Evan H. [R-WV-3]</fullName>
        <firstName>Evan</firstName>
        <middleName>H.</middleName>
        <lastName>Jenkins</lastName>
        <party>R</party>
        <state>WV</state>
        <identifiers>
          <lisID>2278</lisID>
          <bioguideId>J000297</bioguideId>
          <gpoId />
        </identifiers>
        <district>3</district>
        <sponsorshipDate>2018-01-29</sponsorshipDate>
        <isOriginalCosponsor>True</isOriginalCosponsor>
        <sponsorshipWithdrawnDate />
      </item>
      <item>
        <bioguideId>C001077</bioguideId>
        <fullName>Rep. Coffman, Mike [R-CO-6]</fullName>
        <firstName>Mike</firstName>
        <middleName />
        <lastName>Coffman</lastName>
        <party>R</party>
        <state>CO</state>
        <identifiers>
          <lisID>1912</lisID>
          <bioguideId>C001077</bioguideId>
          <gpoId>7864</gpoId>
        </identifiers>
        <district>6</district>
        <sponsorshipDate>2018-01-29</sponsorshipDate>
        <isOriginalCosponsor>True</isOriginalCosponsor>
        <sponsorshipWithdrawnDate />
      </item>
      <item>
        <bioguideId>G000568</bioguideId>
        <fullName>Rep. Griffith, H. Morgan [R-VA-9]</fullName>
        <firstName>H.</firstName>
        <middleName>Morgan</middleName>
        <lastName>Griffith</lastName>
        <party>R</party>
        <state>VA</state>
        <identifiers>
          <lisID>2070</lisID>
          <bioguideId>G000568</bioguideId>
          <gpoId>8200</gpoId>
        </identifiers>
        <district>9</district>
        <sponsorshipDate>2018-02-05</sponsorshipDate>
        <isOriginalCosponsor>False</isOriginalCosponsor>
        <sponsorshipWithdrawnDate />
      </item>
      <item>
        <bioguideId>B001257</bioguideId>
        <fullName>Rep. Bilirakis, Gus M. [R-FL-12]</fullName>
        <firstName>Gus</firstName>
        <middleName>M.</middleName>
        <lastName>Bilirakis</lastName>
        <party>R</party>
        <state>FL</state>
        <identifiers>
          <lisID>1838</lisID>
          <bioguideId>B001257</bioguideId>
          <gpoId>7881</gpoId>
        </identifiers>
        <district>12</district>
        <sponsorshipDate>2018-02-05</sponsorshipDate>
        <isOriginalCosponsor>False</isOriginalCosponsor>
        <sponsorshipWithdrawnDate />
      </item>
      <item>
        <bioguideId>H001059</bioguideId>
        <fullName>Rep. Hultgren, Randy [R-IL-14]</fullName>
        <firstName>Randy</firstName>
        <middleName />
        <lastName>Hultgren</lastName>
        <party>R</party>
        <state>IL</state>
        <identifiers>
          <lisID>2015</lisID>
          <bioguideId>H001059</bioguideId>
          <gpoId>7934</gpoId>
        </identifiers>
        <district>14</district>
        <sponsorshipDate>2018-02-05</sponsorshipDate>
        <isOriginalCosponsor>False</isOriginalCosponsor>
        <sponsorshipWithdrawnDate />
      </item>
      <item>
        <bioguideId>G000578</bioguideId>
        <fullName>Rep. Gaetz, Matt [R-FL-1]</fullName>
        <firstName>Matt</firstName>
        <middleName />
        <lastName>Gaetz</lastName>
        <party>R</party>
        <state>FL</state>
        <identifiers>
          <lisID>2314</lisID>
          <bioguideId>G000578</bioguideId>
          <gpoId />
        </identifiers>
        <district>1</district>
        <sponsorshipDate>2018-02-05</sponsorshipDate>
        <isOriginalCosponsor>False</isOriginalCosponsor>
        <sponsorshipWithdrawnDate />
      </item>
      <item>
        <bioguideId>T000478</bioguideId>
        <fullName>Rep. Tenney, Claudia [R-NY-22]</fullName>
        <firstName>Claudia</firstName>
        <middleName />
        <lastName>Tenney</lastName>
        <party>R</party>
        <state>NY</state>
        <identifiers>
          <lisID>2344</lisID>
          <bioguideId>T000478</bioguideId>
          <gpoId />
        </identifiers>
        <district>22</district>
        <sponsorshipDate>2018-02-07</sponsorshipDate>
        <isOriginalCosponsor>False</isOriginalCosponsor>
        <sponsorshipWithdrawnDate />
      </item>
      <item>
        <bioguideId>S000244</bioguideId>
        <fullName>Rep. Sensenbrenner, F. James, Jr. [R-WI-5]</fullName>
        <firstName>F.</firstName>
        <middleName>JAMES</middleName>
        <lastName>SENSENBRENNER</lastName>
        <party>R</party>
        <state>WI</state>
        <identifiers>
          <lisID>1041</lisID>
          <bioguideId>S000244</bioguideId>
          <gpoId>8218</gpoId>
        </identifiers>
        <district>5</district>
        <sponsorshipDate>2018-02-07</sponsorshipDate>
        <isOriginalCosponsor>False</isOriginalCosponsor>
        <sponsorshipWithdrawnDate />
      </item>
      <item>
        <bioguideId>N000190</bioguideId>
        <fullName>Rep. Norman, Ralph [R-SC-5]</fullName>
        <firstName>Ralph</firstName>
        <middleName />
        <lastName>Norman</lastName>
        <party>R</party>
        <state>SC</state>
        <identifiers>
          <lisID>2361</lisID>
          <bioguideId>N000190</bioguideId>
          <gpoId />
        </identifiers>
        <district>5</district>
        <sponsorshipDate>2018-02-08</sponsorshipDate>
        <isOriginalCosponsor>False</isOriginalCosponsor>
        <sponsorshipWithdrawnDate />
      </item>
      <item>
        <bioguideId>D000615</bioguideId>
        <fullName>Rep. Duncan, Jeff [R-SC-3]</fullName>
        <firstName>Jeff</firstName>
        <middleName />
        <lastName>Duncan</lastName>
        <party>R</party>
        <state>SC</state>
        <identifiers>
          <lisID>2057</lisID>
          <bioguideId>D000615</bioguideId>
          <gpoId>8143</gpoId>
        </identifiers>
        <district>3</district>
        <sponsorshipDate>2018-02-13</sponsorshipDate>
        <isOriginalCosponsor>False</isOriginalCosponsor>
        <sponsorshipWithdrawnDate />
      </item>
      <item>
        <bioguideId>B001294</bioguideId>
        <fullName>Rep. Blum, Rod [R-IA-1]</fullName>
        <firstName>Rod</firstName>
        <middleName />
        <lastName>Blum</lastName>
        <party>R</party>
        <state>IA</state>
        <identifiers>
          <lisID>2241</lisID>
          <bioguideId>B001294</bioguideId>
          <gpoId />
        </identifiers>
        <district>1</district>
        <sponsorshipDate>2018-02-13</sponsorshipDate>
        <isOriginalCosponsor>False</isOriginalCosponsor>
        <sponsorshipWithdrawnDate />
      </item>
      <item>
        <bioguideId>B001302</bioguideId>
        <fullName>Rep. Biggs, Andy [R-AZ-5]</fullName>
        <firstName>Andy</firstName>
        <middleName />
        <lastName>Biggs</lastName>
        <party>R</party>
        <state>AZ</state>
        <identifiers>
          <lisID>2307</lisID>
          <bioguideId>B001302</bioguideId>
          <gpoId />
        </identifiers>
        <district>5</district>
        <sponsorshipDate>2018-02-23</sponsorshipDate>
        <isOriginalCosponsor>False</isOriginalCosponsor>
        <sponsorshipWithdrawnDate />
      </item>
      <item>
        <bioguideId>P000599</bioguideId>
        <fullName>Rep. Posey, Bill [R-FL-8]</fullName>
        <firstName>Bill</firstName>
        <middleName />
        <lastName>Posey</lastName>
        <party>R</party>
        <state>FL</state>
        <identifiers>
          <lisID>1915</lisID>
          <bioguideId>P000599</bioguideId>
          <gpoId>7887</gpoId>
        </identifiers>
        <district>8</district>
        <sponsorshipDate>2018-02-23</sponsorshipDate>
        <isOriginalCosponsor>False</isOriginalCosponsor>
        <sponsorshipWithdrawnDate />
      </item>
      <item>
        <bioguideId>R000582</bioguideId>
        <fullName>Rep. Roe, David P. [R-TN-1]</fullName>
        <firstName>David</firstName>
        <middleName>P.</middleName>
        <lastName>Roe</lastName>
        <party>R</party>
        <state>TN</state>
        <identifiers>
          <lisID>1954</lisID>
          <bioguideId>R000582</bioguideId>
          <gpoId>8148</gpoId>
        </identifiers>
        <district>1</district>
        <sponsorshipDate>2018-03-06</sponsorshipDate>
        <isOriginalCosponsor>False</isOriginalCosponsor>
        <sponsorshipWithdrawnDate />
      </item>
      <item>
        <bioguideId>R000592</bioguideId>
        <fullName>Rep. Rokita, Todd [R-IN-4]</fullName>
        <firstName>Todd</firstName>
        <middleName />
        <lastName>Rokita</lastName>
        <party>R</party>
        <state>IN</state>
        <identifiers>
          <lisID>2017</lisID>
          <bioguideId>R000592</bioguideId>
          <gpoId>7943</gpoId>
        </identifiers>
        <district>4</district>
        <sponsorshipDate>2018-03-06</sponsorshipDate>
        <isOriginalCosponsor>False</isOriginalCosponsor>
        <sponsorshipWithdrawnDate />
      </item>
      <item>
        <bioguideId>Y000066</bioguideId>
        <fullName>Rep. Young, David [R-IA-3]</fullName>
        <firstName>David</firstName>
        <middleName />
        <lastName>Young</lastName>
        <party>R</party>
        <state>IA</state>
        <identifiers>
          <lisID>2242</lisID>
          <bioguideId>Y000066</bioguideId>
          <gpoId />
        </identifiers>
        <district>3</district>
        <sponsorshipDate>2018-03-13</sponsorshipDate>
        <isOriginalCosponsor>False</isOriginalCosponsor>
        <sponsorshipWithdrawnDate />
      </item>
      <item>
        <bioguideId>M001189</bioguideId>
        <fullName>Rep. Messer, Luke [R-IN-6]</fullName>
        <firstName>Luke</firstName>
        <middleName />
        <lastName>Messer</lastName>
        <party>R</party>
        <state>IN</state>
        <identifiers>
          <lisID>2130</lisID>
          <bioguideId>M001189</bioguideId>
          <gpoId />
        </identifiers>
        <district>6</district>
        <sponsorshipDate>2018-03-15</sponsorshipDate>
        <isOriginalCosponsor>False</isOriginalCosponsor>
        <sponsorshipWithdrawnDate />
      </item>
      <item>
        <bioguideId>P000588</bioguideId>
        <fullName>Rep. Pearce, Stevan [R-NM-2]</fullName>
        <firstName>Stevan</firstName>
        <middleName />
        <lastName>Pearce</lastName>
        <party>R</party>
        <state>NM</state>
        <identifiers>
          <lisID>1738</lisID>
          <bioguideId>P000588</bioguideId>
          <gpoId>8057</gpoId>
        </identifiers>
        <district>2</district>
        <sponsorshipDate>2018-03-19</sponsorshipDate>
        <isOriginalCosponsor>False</isOriginalCosponsor>
        <sponsorshipWithdrawnDate />
      </item>
      <item>
        <bioguideId>C001092</bioguideId>
        <fullName>Rep. Collins, Chris [R-NY-27]</fullName>
        <firstName>Chris</firstName>
        <middleName />
        <lastName>Collins</lastName>
        <party>R</party>
        <state>NY</state>
        <identifiers>
          <lisID>2151</lisID>
          <bioguideId>C001092</bioguideId>
          <gpoId />
        </identifiers>
        <district>27</district>
        <sponsorshipDate>2018-04-18</sponsorshipDate>
        <isOriginalCosponsor>False</isOriginalCosponsor>
        <sponsorshipWithdrawnDate />
      </item>
      <item>
        <bioguideId>C001096</bioguideId>
        <fullName>Rep. Cramer, Kevin [R-ND-At Large]</fullName>
        <firstName>Kevin</firstName>
        <middleName />
        <lastName>Cramer</lastName>
        <party>R</party>
        <state>ND</state>
        <identifiers>
          <lisID>2144</lisID>
          <bioguideId>C001096</bioguideId>
          <gpoId />
        </identifiers>
        <district>0</district>
        <sponsorshipDate>2018-05-09</sponsorshipDate>
        <isOriginalCosponsor>False</isOriginalCosponsor>
        <sponsorshipWithdrawnDate />
      </item>
      <item>
        <bioguideId>H001073</bioguideId>
        <fullName>Rep. Hurd, Will [R-TX-23]</fullName>
        <firstName>Will</firstName>
        <middleName />
        <lastName>Hurd</lastName>
        <party>R</party>
        <state>TX</state>
        <identifiers>
          <lisID>2269</lisID>
          <bioguideId>H001073</bioguideId>
          <gpoId />
        </identifiers>
        <district>23</district>
        <sponsorshipDate>2018-06-20</sponsorshipDate>
        <isOriginalCosponsor>False</isOriginalCosponsor>
        <sponsorshipWithdrawnDate />
      </item>
      <item>
        <bioguideId>L000576</bioguideId>
        <fullName>Rep. Long, Billy [R-MO-7]</fullName>
        <firstName>Billy</firstName>
        <middleName />
        <lastName>Long</lastName>
        <party>R</party>
        <state>MO</state>
        <identifiers>
          <lisID>2033</lisID>
          <bioguideId>L000576</bioguideId>
          <gpoId>8015</gpoId>
        </identifiers>
        <district>7</district>
        <sponsorshipDate>2018-06-25</sponsorshipDate>
        <isOriginalCosponsor>False</isOriginalCosponsor>
        <sponsorshipWithdrawnDate />
      </item>
      <item>
        <bioguideId>H001067</bioguideId>
        <fullName>Rep. Hudson, Richard [R-NC-8]</fullName>
        <firstName>Richard</firstName>
        <middleName />
        <lastName>Hudson</lastName>
        <party>R</party>
        <state>NC</state>
        <identifiers>
          <lisID>2140</lisID>
          <bioguideId>H001067</bioguideId>
          <gpoId />
        </identifiers>
        <district>8</district>
        <sponsorshipDate>2018-06-25</sponsorshipDate>
        <isOriginalCosponsor>False</isOriginalCosponsor>
        <sponsorshipWithdrawnDate />
      </item>
      <item>
        <bioguideId>L000583</bioguideId>
        <fullName>Rep. Loudermilk, Barry [R-GA-11]</fullName>
        <firstName>Barry</firstName>
        <middleName />
        <lastName>Loudermilk</lastName>
        <party>R</party>
        <state>GA</state>
        <identifiers>
          <lisID>2238</lisID>
          <bioguideId>L000583</bioguideId>
          <gpoId />
        </identifiers>
        <district>11</district>
        <sponsorshipDate>2018-06-25</sponsorshipDate>
        <isOriginalCosponsor>False</isOriginalCosponsor>
        <sponsorshipWithdrawnDate />
      </item>
      <item>
        <bioguideId>B001243</bioguideId>
        <fullName>Rep. Blackburn, Marsha [R-TN-7]</fullName>
        <firstName>Marsha</firstName>
        <middleName />
        <lastName>Blackburn</lastName>
        <party>R</party>
        <state>TN</state>
        <identifiers>
          <lisID>1748</lisID>
          <bioguideId>B001243</bioguideId>
          <gpoId>8154</gpoId>
        </identifiers>
        <district>7</district>
        <sponsorshipDate>2018-06-25</sponsorshipDate>
        <isOriginalCosponsor>False</isOriginalCosponsor>
        <sponsorshipWithdrawnDate />
      </item>
      <item>
        <bioguideId>L000587</bioguideId>
        <fullName>Rep. Lewis, Jason [R-MN-2]</fullName>
        <firstName>Jason</firstName>
        <middleName />
        <lastName>Lewis</lastName>
        <party>R</party>
        <state>MN</state>
        <identifiers>
          <lisID>2335</lisID>
          <bioguideId>L000587</bioguideId>
          <gpoId />
        </identifiers>
        <district>2</district>
        <sponsorshipDate>2018-06-26</sponsorshipDate>
        <isOriginalCosponsor>False</isOriginalCosponsor>
        <sponsorshipWithdrawnDate />
      </item>
      <item>
        <bioguideId>T000470</bioguideId>
        <fullName>Rep. Tipton, Scott  R. [R-CO-3]</fullName>
        <firstName>Scott</firstName>
        <middleName>R.</middleName>
        <lastName>Tipton</lastName>
        <party>R</party>
        <state>CO</state>
        <identifiers>
          <lisID>1997</lisID>
          <bioguideId>T000470</bioguideId>
          <gpoId>7861</gpoId>
        </identifiers>
        <district>3</district>
        <sponsorshipDate>2018-06-26</sponsorshipDate>
        <isOriginalCosponsor>False</isOriginalCosponsor>
        <sponsorshipWithdrawnDate />
      </item>
      <item>
        <bioguideId>R000607</bioguideId>
        <fullName>Rep. Rooney, Francis [R-FL-19]</fullName>
        <firstName>Francis</firstName>
        <middleName />
        <lastName>Rooney</lastName>
        <party>R</party>
        <state>FL</state>
        <identifiers>
          <lisID>2323</lisID>
          <bioguideId>R000607</bioguideId>
          <gpoId />
        </identifiers>
        <district>19</district>
        <sponsorshipDate>2018-06-28</sponsorshipDate>
        <isOriginalCosponsor>False</isOriginalCosponsor>
        <sponsorshipWithdrawnDate />
      </item>
      <item>
        <bioguideId>E000298</bioguideId>
        <fullName>Rep. Estes, Ron [R-KS-4]</fullName>
        <firstName>Ron</firstName>
        <middleName />
        <lastName>Estes</lastName>
        <party>R</party>
        <state>KS</state>
        <identifiers>
          <lisID>2358</lisID>
          <bioguideId>E000298</bioguideId>
          <gpoId />
        </identifiers>
        <district>4</district>
        <sponsorshipDate>2018-07-11</sponsorshipDate>
        <isOriginalCosponsor>False</isOriginalCosponsor>
        <sponsorshipWithdrawnDate />
      </item>
      <item>
        <bioguideId>K000378</bioguideId>
        <fullName>Rep. Kinzinger, Adam [R-IL-16]</fullName>
        <firstName>Adam</firstName>
        <middleName />
        <lastName>Kinzinger</lastName>
        <party>R</party>
        <state>IL</state>
        <identifiers>
          <lisID>2014</lisID>
          <bioguideId>K000378</bioguideId>
          <gpoId>7931</gpoId>
        </identifiers>
        <district>16</district>
        <sponsorshipDate>2018-07-11</sponsorshipDate>
        <isOriginalCosponsor>False</isOriginalCosponsor>
        <sponsorshipWithdrawnDate />
      </item>
      <item>
        <bioguideId>R000593</bioguideId>
        <fullName>Rep. Ross, Dennis A. [R-FL-15]</fullName>
        <firstName>Dennis</firstName>
        <middleName>A.</middleName>
        <lastName>Ross</lastName>
        <party>R</party>
        <state>FL</state>
        <identifiers>
          <lisID>2003</lisID>
          <bioguideId>R000593</bioguideId>
          <gpoId>7884</gpoId>
        </identifiers>
        <district>15</district>
        <sponsorshipDate>2018-07-16</sponsorshipDate>
        <isOriginalCosponsor>False</isOriginalCosponsor>
        <sponsorshipWithdrawnDate />
      </item>
      <item>
        <bioguideId>E000294</bioguideId>
        <fullName>Rep. Emmer, Tom [R-MN-6]</fullName>
        <firstName>Tom</firstName>
        <middleName />
        <lastName>Emmer</lastName>
        <party>R</party>
        <state>MN</state>
        <identifiers>
          <lisID>2253</lisID>
          <bioguideId>E000294</bioguideId>
          <gpoId />
        </identifiers>
        <district>6</district>
        <sponsorshipDate>2018-07-16</sponsorshipDate>
        <isOriginalCosponsor>False</isOriginalCosponsor>
        <sponsorshipWithdrawnDate />
      </item>
      <item>
        <bioguideId>L000589</bioguideId>
        <fullName>Rep. Lesko, Debbie [R-AZ-8]</fullName>
        <firstName>Debbie</firstName>
        <middleName />
        <lastName>Lesko</lastName>
        <party>R</party>
        <state>AZ</state>
        <identifiers>
          <lisID>2368</lisID>
          <bioguideId>L000589</bioguideId>
          <gpoId />
        </identifiers>
        <district>8</district>
        <sponsorshipDate>2018-07-18</sponsorshipDate>
        <isOriginalCosponsor>False</isOriginalCosponsor>
        <sponsorshipWithdrawnDate />
      </item>
      <item>
        <bioguideId>S000250</bioguideId>
        <fullName>Rep. Sessions, Pete [R-TX-32]</fullName>
        <firstName>PETE</firstName>
        <middleName />
        <lastName>SESSIONS</lastName>
        <party>R</party>
        <state>TX</state>
        <identifiers>
          <lisID>1525</lisID>
          <bioguideId>S000250</bioguideId>
          <gpoId>8188</gpoId>
        </identifiers>
        <district>32</district>
        <sponsorshipDate>2018-09-05</sponsorshipDate>
        <isOriginalCosponsor>False</isOriginalCosponsor>
        <sponsorshipWithdrawnDate />
      </item>
    </cosponsors>
    <cboCostEstimates />
    <laws />
    <notes />
    <policyArea>
      <name>Taxation</name>
    </policyArea>
    <subjects>
      <billSubjects>
        <legislativeSubjects>
          <item>
            <name>Capital gains tax</name>
          </item>
          <item>
            <name>Charitable contributions</name>
          </item>
          <item>
            <name>Disaster relief and insurance</name>
          </item>
          <item>
            <name>Egypt</name>
          </item>
          <item>
            <name>Elementary and secondary education</name>
          </item>
          <item>
            <name>Employment taxes</name>
          </item>
          <item>
            <name>Higher education</name>
          </item>
          <item>
            <name>Income tax deductions</name>
          </item>
          <item>
            <name>Income tax exclusion</name>
          </item>
          <item>
            <name>Income tax rates</name>
          </item>
          <item>
            <name>Military personnel and dependents</name>
          </item>
          <item>
            <name>State and local taxation</name>
          </item>
          <item>
            <name>Student aid and college costs</name>
          </item>
          <item>
            <name>Tax administration and collection, taxpayers</name>
          </item>
          <item>
            <name>Tax reform and tax simplification</name>
          </item>
          <item>
            <name>Tax treatment of families</name>
          </item>
          <item>
            <name>Wages and earnings</name>
          </item>
        </legislativeSubjects>
        <policyArea>
          <name>Taxation</name>
        </policyArea>
      </billSubjects>
    </subjects>
    <summaries>
      <billSummaries>
        <item>
          <versionCode>00</versionCode>
          <actionDate>2018-01-29</actionDate>
          <actionDesc>Introduced in House</actionDesc>
          <lastSummaryUpdateDate>2018-01-31T17:23:11Z</lastSummaryUpdateDate>
          <text><![CDATA[<p><b>Permanent Tax Cuts for Americans Act</b></p> <p>This bill makes permanent the provisions of subtitle A (Individual Tax Reform) and subtitle B (Alternative Minimum Tax) of P.L. 115-97 (commonly known as the Tax Cuts and Jobs Act) that are currently scheduled to terminate on December 31, 2025. </p>]]></text>
          <updateDate>2018-01-29T05:00:00Z</updateDate>
          <name>Introduced in House</name>
        </item>
      </billSummaries>
    </summaries>
    <title>Permanent Tax Cuts for Americans Act</title>
    <titles>
      <item>
        <titleType>Official Title as Introduced</titleType>
        <parentTitleType />
        <title>To make permanent certain provisions of Public Law 115-97.</title>
        <chamberCode />
        <chamberName />
      </item>
      <item>
        <titleType>Short Titles as Introduced</titleType>
        <parentTitleType />
        <title>Permanent Tax Cuts for Americans Act</title>
        <chamberCode />
        <chamberName />
      </item>
      <item>
        <titleType>Display Title</titleType>
        <parentTitleType />
        <title>Permanent Tax Cuts for Americans Act</title>
        <chamberCode />
        <chamberName />
      </item>
      <item>
        <titleType>(Extracted from GPO) Short Titles as Introduced</titleType>
        <parentTitleType />
        <title>Permanent Tax Cuts for Americans Act</title>
        <chamberCode />
        <chamberName />
      </item>
    </titles>
    <amendments />
    <textVersions>
      <item>
        <type>Introduced in House</type>
        <date>2018-01-29T05:00:00Z</date>
        <formats>
          <item>
            <url>https://www.govinfo.gov/content/pkg/BILLS-115hr4886ih/xml/BILLS-115hr4886ih.xml</url>
          </item>
        </formats>
      </item>
    </textVersions>
    <latestAction>
      <actionDate>2018-01-29</actionDate>
      <text>Referred to the House Committee on Ways and Means.</text>
      <links />
    </latestAction>
    <calendarNumbers />
    <version>1.0.0</version>
  </bill>
  <dublinCore xmlns:dc="http://purl.org/dc/elements/1.1/">
    <dc:format>text/xml</dc:format>
    <dc:language>EN</dc:language>
    <dc:rights>Pursuant to Title 17 Section 105 of the United States Code, this file is not subject to copyright protection and is in the public domain.</dc:rights>
    <dc:contributor>Congressional Research Service, Library of Congress</dc:contributor>
    <dc:description>This file contains bill summaries and statuses for federal legislation. A bill summary describes the most significant provisions of a piece of legislation and details the effects the legislative text may have on current law and federal programs. Bill summaries are authored by the Congressional Research Service (CRS) of the Library of Congress. As stated in Public Law 91-510 (2 USC 166 (d)(6)), one of the duties of CRS is "to prepare summaries and digests of bills and resolutions of a public general nature introduced in the Senate or House of Representatives". For more information, refer to the User Guide that accompanies this file.</dc:description>
  </dublinCore>
</billStatus>

