<?xml version="1.0" encoding="UTF-8"?>
<billStatus>
  <bill>
    <billNumber>260</billNumber>
    <createDate>2017-01-05T04:47:33Z</createDate>
    <updateDate>2021-09-27T12:23:59Z</updateDate>
    <originChamber>House</originChamber>
    <billType>HR</billType>
    <introducedDate>2017-01-04</introducedDate>
    <congress>115</congress>
    <constitutionalAuthorityStatementText><![CDATA[<pre>[Pages H96-H97]From the Congressional Record Online through the Government Publishing Office [<a href='http://www.gpo.gov'>www.gpo.gov</a>]By Ms. GABBARD:H.R. 258.Congress has the power to enact this legislation pursuantto the following:Article 1, Section 9, Clause 7Article 1, Section 8, Clause 1Article 1, Section 8, Clause 18[[Page H97]]By Miss GONZALEZ-COLON of Puerto Rico:H.R. 259.Congress has the power to enact this legislation pursuantto the following:Article 4, Section 3, Clause 2By Miss GONZALEZ-COLON of Puerto Rico:H.R. 260.Congress has the power to enact this legislation pursuantto the following:Article IV, Section 3, Clause 2By Miss GONZALEZ-COLON of Puerto Rico:H.R. 261.Congress has the power to enact this legislation pursuantto the following:Article 4, Section 3, Clause 2</pre>]]></constitutionalAuthorityStatementText>
    <recordedVotes />
    <committees>
      <billCommittees>
        <item>
          <systemCode>hsii00</systemCode>
          <name>Natural Resources Committee</name>
          <chamber>House</chamber>
          <type>Standing</type>
          <subcommittees>
            <item>
              <systemCode>hsii24</systemCode>
              <name>Indigenous Peoples of the United States Subcommittee</name>
              <activities>
                <item>
                  <name>Referred to</name>
                  <date>2017-02-10T16:56:42Z</date>
                </item>
              </activities>
            </item>
          </subcommittees>
          <activities>
            <item>
              <name>Referred to</name>
              <date>2017-01-04T15:02:25Z</date>
            </item>
          </activities>
        </item>
      </billCommittees>
    </committees>
    <committeeReports />
    <relatedBills />
    <actions>
      <item>
        <actionDate>2017-02-10</actionDate>
        <committees>
          <item>
            <systemCode>hsii24</systemCode>
            <name>Indigenous Peoples of the United States Subcommittee</name>
          </item>
        </committees>
        <links />
        <sourceSystem>
          <code>1</code>
          <name>House committee actions</name>
        </sourceSystem>
        <text>Referred to the Subcommittee on Indian, Insular and Alaska Native Affairs.</text>
        <type>Committee</type>
      </item>
      <item>
        <actionDate>2017-01-04</actionDate>
        <links />
        <text>Referred to the House Committee on Natural Resources.</text>
        <type>IntroReferral</type>
        <actionCode>H11100</actionCode>
        <sourceSystem>
          <code>2</code>
          <name>House floor actions</name>
        </sourceSystem>
        <committees>
          <item>
            <systemCode>hsii00</systemCode>
            <name>Natural Resources Committee</name>
          </item>
        </committees>
      </item>
      <item>
        <actionDate>2017-01-04</actionDate>
        <links />
        <text>Introduced in House</text>
        <type>IntroReferral</type>
        <actionCode>Intro-H</actionCode>
        <sourceSystem>
          <code>9</code>
          <name>Library of Congress</name>
        </sourceSystem>
        <committees />
      </item>
      <item>
        <actionDate>2017-01-04</actionDate>
        <links />
        <text>Introduced in House</text>
        <type>IntroReferral</type>
        <actionCode>1000</actionCode>
        <sourceSystem>
          <code>9</code>
          <name>Library of Congress</name>
        </sourceSystem>
        <committees />
      </item>
      <actionTypeCounts>
        <placeholderTextForH>1</placeholderTextForH>
        <billReferrals>1</billReferrals>
        <introducedInTheHouse>1</introducedInTheHouse>
        <introducedInHouse>1</introducedInHouse>
      </actionTypeCounts>
      <actionByCounts>
        <houseOfRepresentatives>4</houseOfRepresentatives>
      </actionByCounts>
    </actions>
    <sponsors>
      <item>
        <bioguideId>G000582</bioguideId>
        <fullName>Resident Commissioner González-Colón, Jenniffer [R-PR-At Large]</fullName>
        <firstName>Jenniffer</firstName>
        <middleName />
        <lastName>Gonzalez-Colon</lastName>
        <party>R</party>
        <state>PR</state>
        <identifiers>
          <lisID>2347</lisID>
          <bioguideId>G000582</bioguideId>
          <gpoId />
        </identifiers>
        <district>0</district>
        <byRequestType />
      </item>
    </sponsors>
    <cosponsors>
      <item>
        <bioguideId>S001200</bioguideId>
        <fullName>Rep. Soto, Darren [D-FL-9]</fullName>
        <firstName>Darren</firstName>
        <middleName />
        <lastName>Soto</lastName>
        <party>D</party>
        <state>FL</state>
        <identifiers>
          <lisID>2319</lisID>
          <bioguideId>S001200</bioguideId>
          <gpoId />
        </identifiers>
        <district>9</district>
        <sponsorshipDate>2017-06-16</sponsorshipDate>
        <isOriginalCosponsor>False</isOriginalCosponsor>
        <sponsorshipWithdrawnDate />
      </item>
    </cosponsors>
    <cboCostEstimates />
    <laws />
    <notes />
    <policyArea>
      <name>Government Operations and Politics</name>
    </policyArea>
    <subjects>
      <billSubjects>
        <legislativeSubjects>
          <item>
            <name>Caribbean area</name>
          </item>
          <item>
            <name>Congressional districts and representation</name>
          </item>
          <item>
            <name>Congressional elections</name>
          </item>
          <item>
            <name>Elections, voting, political campaign regulation</name>
          </item>
          <item>
            <name>Members of Congress</name>
          </item>
          <item>
            <name>Puerto Rico</name>
          </item>
          <item>
            <name>State and local government operations</name>
          </item>
          <item>
            <name>U.S. territories and protectorates</name>
          </item>
        </legislativeSubjects>
        <policyArea>
          <name>Government Operations and Politics</name>
        </policyArea>
      </billSubjects>
    </subjects>
    <summaries>
      <billSummaries>
        <item>
          <versionCode>00</versionCode>
          <actionDate>2017-01-04</actionDate>
          <actionDesc>Introduced in House</actionDesc>
          <lastSummaryUpdateDate>2017-07-20T19:46:10Z</lastSummaryUpdateDate>
          <text><![CDATA[<p><strong>Puerto Rico Admission Act</strong></p> <p>This bill expresses U.S. policy that the U.S. citizens of Puerto Rico may choose whether Puerto Rico will become a state or a nation through a plebiscite pursuant to provisions of the Consolidated Appropriations Act, 2014. </p> <p>If the U.S. citizens of Puerto Rico reaffirm the territory's choice of statehood through such a plebiscite: </p> <ul> <li>federal laws that do not apply to Puerto Rico or that apply differently to the territory than to the several states shall be amended or repealed to phase in the equal treatment of Puerto Rico with the several states by January 3, 2025, </li> <li> the President's Task Force on Puerto Rico's Status shall submit a plan providing for such equal treatment to Congress and the President by 270 days after the enactment of this bill, </li> <li>Puerto Rico shall be considered a state for purposes of federal elections in November 2024, and</li> <li>Puerto Rico shall become a state and shall be admitted to the Union on equal footing with the other states on January 3, 2025. </li> </ul>]]></text>
          <updateDate>2017-01-04T05:00:00Z</updateDate>
          <name>Introduced in House</name>
        </item>
      </billSummaries>
    </summaries>
    <title>Puerto Rico Admission Act</title>
    <titles>
      <item>
        <titleType>Official Title as Introduced</titleType>
        <parentTitleType />
        <title>To enable the admission of the territory of Puerto Rico into the Union as a State, and for other purposes.</title>
        <chamberCode />
        <chamberName />
      </item>
      <item>
        <titleType>Short Titles as Introduced</titleType>
        <parentTitleType />
        <title>Puerto Rico Admission Act</title>
        <chamberCode />
        <chamberName />
      </item>
      <item>
        <titleType>Display Title</titleType>
        <parentTitleType />
        <title>Puerto Rico Admission Act</title>
        <chamberCode />
        <chamberName />
      </item>
    </titles>
    <amendments />
    <textVersions>
      <item>
        <type>Introduced in House</type>
        <date>2017-01-04T05:00:00Z</date>
        <formats>
          <item>
            <url>https://www.govinfo.gov/content/pkg/BILLS-115hr260ih/xml/BILLS-115hr260ih.xml</url>
          </item>
        </formats>
      </item>
    </textVersions>
    <latestAction>
      <actionDate>2017-02-10</actionDate>
      <text>Referred to the Subcommittee on Indian, Insular and Alaska Native Affairs.</text>
      <links />
    </latestAction>
    <calendarNumbers />
    <version>1.0.0</version>
  </bill>
  <dublinCore xmlns:dc="http://purl.org/dc/elements/1.1/">
    <dc:format>text/xml</dc:format>
    <dc:language>EN</dc:language>
    <dc:rights>Pursuant to Title 17 Section 105 of the United States Code, this file is not subject to copyright protection and is in the public domain.</dc:rights>
    <dc:contributor>Congressional Research Service, Library of Congress</dc:contributor>
    <dc:description>This file contains bill summaries and statuses for federal legislation. A bill summary describes the most significant provisions of a piece of legislation and details the effects the legislative text may have on current law and federal programs. Bill summaries are authored by the Congressional Research Service (CRS) of the Library of Congress. As stated in Public Law 91-510 (2 USC 166 (d)(6)), one of the duties of CRS is "to prepare summaries and digests of bills and resolutions of a public general nature introduced in the Senate or House of Representatives". For more information, refer to the User Guide that accompanies this file.</dc:description>
  </dublinCore>
</billStatus>

