<?xml version="1.0" encoding="UTF-8"?>
<billStatus>
  <bill>
    <billNumber>357</billNumber>
    <createDate>2017-01-07T04:48:26Z</createDate>
    <updateDate>2021-07-10T20:03:07Z</updateDate>
    <originChamber>House</originChamber>
    <billType>HR</billType>
    <introducedDate>2017-01-06</introducedDate>
    <congress>115</congress>
    <constitutionalAuthorityStatementText><![CDATA[<pre>[Congressional Record Volume 163, Number 4 (Friday, January 6, 2017)]From the Congressional Record Online through the Government Publishing Office [<a href='http://www.gpo.gov'>www.gpo.gov</a>]By Mrs. BUSTOS:H.R. 357.Congress has the power to enact this legislation pursuantto the following:This bill is enacted pursuant to the power granted toCongress under Article I, Section 8, Clause 18 of the UnitedStates Constitution.[Page H195]</pre>]]></constitutionalAuthorityStatementText>
    <recordedVotes />
    <committees>
      <billCommittees>
        <item>
          <systemCode>hsed00</systemCode>
          <name>Education and Labor Committee</name>
          <chamber>House</chamber>
          <type>Standing</type>
          <subcommittees />
          <activities>
            <item>
              <name>Referred to</name>
              <date>2017-01-06T17:02:05Z</date>
            </item>
          </activities>
        </item>
      </billCommittees>
    </committees>
    <committeeReports />
    <relatedBills />
    <actions>
      <item>
        <actionDate>2017-01-06</actionDate>
        <links />
        <text>Referred to the House Committee on Education and the Workforce.</text>
        <type>IntroReferral</type>
        <actionCode>H11100</actionCode>
        <sourceSystem>
          <code>2</code>
          <name>House floor actions</name>
        </sourceSystem>
        <committees>
          <item>
            <systemCode>hsed00</systemCode>
            <name>Education and Labor Committee</name>
          </item>
        </committees>
      </item>
      <item>
        <actionDate>2017-01-06</actionDate>
        <links />
        <text>Introduced in House</text>
        <type>IntroReferral</type>
        <actionCode>Intro-H</actionCode>
        <sourceSystem>
          <code>9</code>
          <name>Library of Congress</name>
        </sourceSystem>
        <committees />
      </item>
      <item>
        <actionDate>2017-01-06</actionDate>
        <links />
        <text>Introduced in House</text>
        <type>IntroReferral</type>
        <actionCode>1000</actionCode>
        <sourceSystem>
          <code>9</code>
          <name>Library of Congress</name>
        </sourceSystem>
        <committees />
      </item>
      <actionTypeCounts>
        <billReferrals>1</billReferrals>
        <introducedInTheHouse>1</introducedInTheHouse>
        <introducedInHouse>1</introducedInHouse>
      </actionTypeCounts>
      <actionByCounts>
        <houseOfRepresentatives>3</houseOfRepresentatives>
      </actionByCounts>
    </actions>
    <sponsors>
      <item>
        <bioguideId>B001286</bioguideId>
        <fullName>Rep. Bustos, Cheri [D-IL-17]</fullName>
        <firstName>Cheri</firstName>
        <middleName />
        <lastName>Bustos</lastName>
        <party>D</party>
        <state>IL</state>
        <identifiers>
          <lisID>2127</lisID>
          <bioguideId>B001286</bioguideId>
          <gpoId />
        </identifiers>
        <district>17</district>
        <byRequestType />
      </item>
    </sponsors>
    <cosponsors>
      <item>
        <bioguideId>G000535</bioguideId>
        <fullName>Rep. Gutierrez, Luis V. [D-IL-4]</fullName>
        <firstName>LUIS</firstName>
        <middleName>V.</middleName>
        <lastName>GUTIERREZ</lastName>
        <party>D</party>
        <state>IL</state>
        <identifiers>
          <lisID>478</lisID>
          <bioguideId>G000535</bioguideId>
          <gpoId>7924</gpoId>
        </identifiers>
        <district>4</district>
        <sponsorshipDate>2017-01-06</sponsorshipDate>
        <isOriginalCosponsor>True</isOriginalCosponsor>
        <sponsorshipWithdrawnDate />
      </item>
      <item>
        <bioguideId>S001185</bioguideId>
        <fullName>Rep. Sewell, Terri A. [D-AL-7]</fullName>
        <firstName>Terri</firstName>
        <middleName>A.</middleName>
        <lastName>Sewell</lastName>
        <party>D</party>
        <state>AL</state>
        <identifiers>
          <lisID>1988</lisID>
          <bioguideId>S001185</bioguideId>
          <gpoId>7792</gpoId>
        </identifiers>
        <district>7</district>
        <sponsorshipDate>2017-01-06</sponsorshipDate>
        <isOriginalCosponsor>True</isOriginalCosponsor>
        <sponsorshipWithdrawnDate />
      </item>
      <item>
        <bioguideId>M001143</bioguideId>
        <fullName>Rep. McCollum, Betty [D-MN-4]</fullName>
        <firstName>BETTY</firstName>
        <middleName />
        <lastName>MCCOLLUM</lastName>
        <party>D</party>
        <state>MN</state>
        <identifiers>
          <lisID>1653</lisID>
          <bioguideId>M001143</bioguideId>
          <gpoId>8004</gpoId>
        </identifiers>
        <district>4</district>
        <sponsorshipDate>2017-01-06</sponsorshipDate>
        <isOriginalCosponsor>True</isOriginalCosponsor>
        <sponsorshipWithdrawnDate />
      </item>
      <item>
        <bioguideId>L000565</bioguideId>
        <fullName>Rep. Loebsack, David [D-IA-2]</fullName>
        <firstName>David</firstName>
        <middleName />
        <lastName>Loebsack</lastName>
        <party>D</party>
        <state>IA</state>
        <identifiers>
          <lisID>1846</lisID>
          <bioguideId>L000565</bioguideId>
          <gpoId>7915</gpoId>
        </identifiers>
        <district>2</district>
        <sponsorshipDate>2017-01-06</sponsorshipDate>
        <isOriginalCosponsor>True</isOriginalCosponsor>
        <sponsorshipWithdrawnDate />
      </item>
      <item>
        <bioguideId>P000607</bioguideId>
        <fullName>Rep. Pocan, Mark [D-WI-2]</fullName>
        <firstName>Mark</firstName>
        <middleName />
        <lastName>Pocan</lastName>
        <party>D</party>
        <state>WI</state>
        <identifiers>
          <lisID>2171</lisID>
          <bioguideId>P000607</bioguideId>
          <gpoId />
        </identifiers>
        <district>2</district>
        <sponsorshipDate>2017-01-06</sponsorshipDate>
        <isOriginalCosponsor>True</isOriginalCosponsor>
        <sponsorshipWithdrawnDate />
      </item>
      <item>
        <bioguideId>K000009</bioguideId>
        <fullName>Rep. Kaptur, Marcy [D-OH-9]</fullName>
        <firstName>MARCY</firstName>
        <middleName />
        <lastName>KAPTUR</lastName>
        <party>D</party>
        <state>OH</state>
        <identifiers>
          <lisID>616</lisID>
          <bioguideId>K000009</bioguideId>
          <gpoId>8099</gpoId>
        </identifiers>
        <district>9</district>
        <sponsorshipDate>2017-01-06</sponsorshipDate>
        <isOriginalCosponsor>True</isOriginalCosponsor>
        <sponsorshipWithdrawnDate />
      </item>
      <item>
        <bioguideId>S001145</bioguideId>
        <fullName>Rep. Schakowsky, Janice D. [D-IL-9]</fullName>
        <firstName>JANICE</firstName>
        <middleName>D.</middleName>
        <lastName>SCHAKOWSKY</lastName>
        <party>D</party>
        <state>IL</state>
        <identifiers>
          <lisID>1588</lisID>
          <bioguideId>S001145</bioguideId>
          <gpoId>7929</gpoId>
        </identifiers>
        <district>9</district>
        <sponsorshipDate>2017-01-06</sponsorshipDate>
        <isOriginalCosponsor>True</isOriginalCosponsor>
        <sponsorshipWithdrawnDate />
      </item>
      <item>
        <bioguideId>C001090</bioguideId>
        <fullName>Rep. Cartwright, Matt [D-PA-17]</fullName>
        <firstName>Matt</firstName>
        <middleName />
        <lastName>Cartwright</lastName>
        <party>D</party>
        <state>PA</state>
        <identifiers>
          <lisID>2159</lisID>
          <bioguideId>C001090</bioguideId>
          <gpoId />
        </identifiers>
        <district>17</district>
        <sponsorshipDate>2017-01-06</sponsorshipDate>
        <isOriginalCosponsor>True</isOriginalCosponsor>
        <sponsorshipWithdrawnDate />
      </item>
      <item>
        <bioguideId>L000562</bioguideId>
        <fullName>Rep. Lynch, Stephen F. [D-MA-8]</fullName>
        <firstName>Stephen</firstName>
        <middleName>F.</middleName>
        <lastName>Lynch</lastName>
        <party>D</party>
        <state>MA</state>
        <identifiers>
          <lisID>1686</lisID>
          <bioguideId>L000562</bioguideId>
          <gpoId>7974</gpoId>
        </identifiers>
        <district>8</district>
        <sponsorshipDate>2017-01-06</sponsorshipDate>
        <isOriginalCosponsor>True</isOriginalCosponsor>
        <sponsorshipWithdrawnDate />
      </item>
      <item>
        <bioguideId>W000822</bioguideId>
        <fullName>Rep. Watson Coleman, Bonnie [D-NJ-12]</fullName>
        <firstName>Bonnie</firstName>
        <middleName />
        <lastName>Watson Coleman</lastName>
        <party>D</party>
        <state>NJ</state>
        <identifiers>
          <lisID>2259</lisID>
          <bioguideId>W000822</bioguideId>
          <gpoId />
        </identifiers>
        <district>12</district>
        <sponsorshipDate>2017-01-06</sponsorshipDate>
        <isOriginalCosponsor>True</isOriginalCosponsor>
        <sponsorshipWithdrawnDate />
      </item>
      <item>
        <bioguideId>B001227</bioguideId>
        <fullName>Rep. Brady, Robert A. [D-PA-1]</fullName>
        <firstName>ROBERT</firstName>
        <middleName>A.</middleName>
        <lastName>BRADY</lastName>
        <party>D</party>
        <state>PA</state>
        <identifiers>
          <lisID>1469</lisID>
          <bioguideId>B001227</bioguideId>
          <gpoId>8119</gpoId>
        </identifiers>
        <district>1</district>
        <sponsorshipDate>2017-01-06</sponsorshipDate>
        <isOriginalCosponsor>True</isOriginalCosponsor>
        <sponsorshipWithdrawnDate />
      </item>
      <item>
        <bioguideId>R000577</bioguideId>
        <fullName>Rep. Ryan, Tim [D-OH-13]</fullName>
        <firstName>TIM</firstName>
        <middleName />
        <lastName>RYAN</lastName>
        <party>D</party>
        <state>OH</state>
        <identifiers>
          <lisID>1756</lisID>
          <bioguideId>R000577</bioguideId>
          <gpoId>8107</gpoId>
        </identifiers>
        <district>13</district>
        <sponsorshipDate>2017-01-06</sponsorshipDate>
        <isOriginalCosponsor>True</isOriginalCosponsor>
        <sponsorshipWithdrawnDate />
      </item>
      <item>
        <bioguideId>S001190</bioguideId>
        <fullName>Rep. Schneider, Bradley Scott [D-IL-10]</fullName>
        <firstName>Bradley</firstName>
        <middleName>Scott</middleName>
        <lastName>Schneider</lastName>
        <party>D</party>
        <state>IL</state>
        <identifiers>
          <lisID>2124</lisID>
          <bioguideId>S001190</bioguideId>
          <gpoId />
        </identifiers>
        <district>10</district>
        <sponsorshipDate>2017-01-06</sponsorshipDate>
        <isOriginalCosponsor>True</isOriginalCosponsor>
        <sponsorshipWithdrawnDate />
      </item>
      <item>
        <bioguideId>J000126</bioguideId>
        <fullName>Rep. Johnson, Eddie Bernice [D-TX-30]</fullName>
        <firstName>EDDIE</firstName>
        <middleName>BERNICE</middleName>
        <lastName>JOHNSON</lastName>
        <party>D</party>
        <state>TX</state>
        <identifiers>
          <lisID>599</lisID>
          <bioguideId>J000126</bioguideId>
          <gpoId>8186</gpoId>
        </identifiers>
        <district>30</district>
        <sponsorshipDate>2017-01-06</sponsorshipDate>
        <isOriginalCosponsor>True</isOriginalCosponsor>
        <sponsorshipWithdrawnDate />
      </item>
      <item>
        <bioguideId>N000127</bioguideId>
        <fullName>Rep. Nolan, Richard M. [D-MN-8]</fullName>
        <firstName>RICHARD</firstName>
        <middleName />
        <lastName>NOLAN</lastName>
        <party>D</party>
        <state>MN</state>
        <identifiers>
          <lisID>867</lisID>
          <bioguideId>N000127</bioguideId>
          <gpoId />
        </identifiers>
        <district>8</district>
        <sponsorshipDate>2017-01-06</sponsorshipDate>
        <isOriginalCosponsor>True</isOriginalCosponsor>
        <sponsorshipWithdrawnDate />
      </item>
      <item>
        <bioguideId>K000391</bioguideId>
        <fullName>Rep. Krishnamoorthi, Raja [D-IL-8]</fullName>
        <firstName>Raja</firstName>
        <middleName />
        <lastName>Krishnamoorthi</lastName>
        <party>D</party>
        <state>IL</state>
        <identifiers>
          <lisID>2325</lisID>
          <bioguideId>K000391</bioguideId>
          <gpoId />
        </identifiers>
        <district>8</district>
        <sponsorshipDate>2017-01-06</sponsorshipDate>
        <isOriginalCosponsor>True</isOriginalCosponsor>
        <sponsorshipWithdrawnDate />
      </item>
      <item>
        <bioguideId>L000563</bioguideId>
        <fullName>Rep. Lipinski, Daniel [D-IL-3]</fullName>
        <firstName>Daniel</firstName>
        <middleName>William</middleName>
        <lastName>Lipinski</lastName>
        <party>D</party>
        <state>IL</state>
        <identifiers>
          <lisID>1781</lisID>
          <bioguideId>L000563</bioguideId>
          <gpoId>7923</gpoId>
        </identifiers>
        <district>3</district>
        <sponsorshipDate>2017-01-06</sponsorshipDate>
        <isOriginalCosponsor>True</isOriginalCosponsor>
        <sponsorshipWithdrawnDate />
      </item>
      <item>
        <bioguideId>F000454</bioguideId>
        <fullName>Rep. Foster, Bill [D-IL-11]</fullName>
        <firstName>Bill</firstName>
        <middleName />
        <lastName>Foster</lastName>
        <party>D</party>
        <state>IL</state>
        <identifiers>
          <lisID>1888</lisID>
          <bioguideId>F000454</bioguideId>
          <gpoId>7355</gpoId>
        </identifiers>
        <district>11</district>
        <sponsorshipDate>2017-01-06</sponsorshipDate>
        <isOriginalCosponsor>True</isOriginalCosponsor>
        <sponsorshipWithdrawnDate />
      </item>
      <item>
        <bioguideId>D000624</bioguideId>
        <fullName>Rep. Dingell, Debbie [D-MI-12]</fullName>
        <firstName>Debbie</firstName>
        <middleName />
        <lastName>Dingell</lastName>
        <party>D</party>
        <state>MI</state>
        <identifiers>
          <lisID>2251</lisID>
          <bioguideId>D000624</bioguideId>
          <gpoId />
        </identifiers>
        <district>12</district>
        <sponsorshipDate>2017-01-06</sponsorshipDate>
        <isOriginalCosponsor>True</isOriginalCosponsor>
        <sponsorshipWithdrawnDate />
      </item>
      <item>
        <bioguideId>C000714</bioguideId>
        <fullName>Rep. Conyers, John, Jr. [D-MI-13]</fullName>
        <firstName>JOHN</firstName>
        <middleName />
        <lastName>CONYERS</lastName>
        <party>D</party>
        <state>MI</state>
        <identifiers>
          <lisID>229</lisID>
          <bioguideId>C000714</bioguideId>
          <gpoId>7999</gpoId>
        </identifiers>
        <district>13</district>
        <sponsorshipDate>2017-01-06</sponsorshipDate>
        <isOriginalCosponsor>True</isOriginalCosponsor>
        <sponsorshipWithdrawnDate />
      </item>
      <item>
        <bioguideId>K000380</bioguideId>
        <fullName>Rep. Kildee, Daniel T. [D-MI-5]</fullName>
        <firstName>Daniel</firstName>
        <middleName>T.</middleName>
        <lastName>Kildee</lastName>
        <party>D</party>
        <state>MI</state>
        <identifiers>
          <lisID>2134</lisID>
          <bioguideId>K000380</bioguideId>
          <gpoId />
        </identifiers>
        <district>5</district>
        <sponsorshipDate>2017-01-06</sponsorshipDate>
        <isOriginalCosponsor>True</isOriginalCosponsor>
        <sponsorshipWithdrawnDate />
      </item>
      <item>
        <bioguideId>C001061</bioguideId>
        <fullName>Rep. Cleaver, Emanuel [D-MO-5]</fullName>
        <firstName>Emanuel</firstName>
        <middleName />
        <lastName>Cleaver</lastName>
        <party>D</party>
        <state>MO</state>
        <identifiers>
          <lisID>1790</lisID>
          <bioguideId>C001061</bioguideId>
          <gpoId>8013</gpoId>
        </identifiers>
        <district>5</district>
        <sponsorshipDate>2017-01-06</sponsorshipDate>
        <isOriginalCosponsor>True</isOriginalCosponsor>
        <sponsorshipWithdrawnDate />
      </item>
      <item>
        <bioguideId>D000482</bioguideId>
        <fullName>Rep. Doyle, Michael F. [D-PA-14]</fullName>
        <firstName>MIKE</firstName>
        <middleName />
        <lastName>DOYLE</lastName>
        <party>D</party>
        <state>PA</state>
        <identifiers>
          <lisID>316</lisID>
          <bioguideId>D000482</bioguideId>
          <gpoId>8132</gpoId>
        </identifiers>
        <district>14</district>
        <sponsorshipDate>2017-01-06</sponsorshipDate>
        <isOriginalCosponsor>True</isOriginalCosponsor>
        <sponsorshipWithdrawnDate />
      </item>
      <item>
        <bioguideId>C001072</bioguideId>
        <fullName>Rep. Carson, Andre [D-IN-7]</fullName>
        <firstName>Andre</firstName>
        <middleName />
        <lastName>Carson</lastName>
        <party>D</party>
        <state>IN</state>
        <identifiers>
          <lisID>1889</lisID>
          <bioguideId>C001072</bioguideId>
          <gpoId>7946</gpoId>
        </identifiers>
        <district>7</district>
        <sponsorshipDate>2017-01-06</sponsorshipDate>
        <isOriginalCosponsor>True</isOriginalCosponsor>
        <sponsorshipWithdrawnDate />
      </item>
      <item>
        <bioguideId>C001084</bioguideId>
        <fullName>Rep. Cicilline, David N. [D-RI-1]</fullName>
        <firstName>David</firstName>
        <middleName>N.</middleName>
        <lastName>Cicilline</lastName>
        <party>D</party>
        <state>RI</state>
        <identifiers>
          <lisID>2055</lisID>
          <bioguideId>C001084</bioguideId>
          <gpoId>8139</gpoId>
        </identifiers>
        <district>1</district>
        <sponsorshipDate>2017-01-09</sponsorshipDate>
        <isOriginalCosponsor>False</isOriginalCosponsor>
        <sponsorshipWithdrawnDate />
      </item>
      <item>
        <bioguideId>V000108</bioguideId>
        <fullName>Rep. Visclosky, Peter J. [D-IN-1]</fullName>
        <firstName>PETER</firstName>
        <middleName>J.</middleName>
        <lastName>VISCLOSKY</lastName>
        <party>D</party>
        <state>IN</state>
        <identifiers>
          <lisID>1188</lisID>
          <bioguideId>V000108</bioguideId>
          <gpoId>7940</gpoId>
        </identifiers>
        <district>1</district>
        <sponsorshipDate>2017-01-09</sponsorshipDate>
        <isOriginalCosponsor>False</isOriginalCosponsor>
        <sponsorshipWithdrawnDate />
      </item>
      <item>
        <bioguideId>S001170</bioguideId>
        <fullName>Rep. Shea-Porter, Carol [D-NH-1]</fullName>
        <firstName>Carol</firstName>
        <middleName />
        <lastName>Shea-Porter</lastName>
        <party>D</party>
        <state>NH</state>
        <identifiers>
          <lisID>1861</lisID>
          <bioguideId>S001170</bioguideId>
          <gpoId>7528</gpoId>
        </identifiers>
        <district>1</district>
        <sponsorshipDate>2017-01-10</sponsorshipDate>
        <isOriginalCosponsor>False</isOriginalCosponsor>
        <sponsorshipWithdrawnDate />
      </item>
      <item>
        <bioguideId>S001200</bioguideId>
        <fullName>Rep. Soto, Darren [D-FL-9]</fullName>
        <firstName>Darren</firstName>
        <middleName />
        <lastName>Soto</lastName>
        <party>D</party>
        <state>FL</state>
        <identifiers>
          <lisID>2319</lisID>
          <bioguideId>S001200</bioguideId>
          <gpoId />
        </identifiers>
        <district>9</district>
        <sponsorshipDate>2017-01-10</sponsorshipDate>
        <isOriginalCosponsor>False</isOriginalCosponsor>
        <sponsorshipWithdrawnDate />
      </item>
      <item>
        <bioguideId>P000034</bioguideId>
        <fullName>Rep. Pallone, Frank, Jr. [D-NJ-6]</fullName>
        <firstName>FRANK</firstName>
        <middleName />
        <lastName>PALLONE</lastName>
        <party>D</party>
        <state>NJ</state>
        <identifiers>
          <lisID>887</lisID>
          <bioguideId>P000034</bioguideId>
          <gpoId>8048</gpoId>
        </identifiers>
        <district>6</district>
        <sponsorshipDate>2017-05-16</sponsorshipDate>
        <isOriginalCosponsor>False</isOriginalCosponsor>
        <sponsorshipWithdrawnDate />
      </item>
    </cosponsors>
    <cboCostEstimates />
    <laws />
    <notes />
    <policyArea>
      <name>Labor and Employment</name>
    </policyArea>
    <subjects>
      <billSubjects>
        <legislativeSubjects>
          <item>
            <name>Competitiveness, trade promotion, trade deficits</name>
          </item>
          <item>
            <name>Congressional oversight</name>
          </item>
          <item>
            <name>Economic performance and conditions</name>
          </item>
          <item>
            <name>Unemployment</name>
          </item>
        </legislativeSubjects>
        <policyArea>
          <name>Labor and Employment</name>
        </policyArea>
      </billSubjects>
    </subjects>
    <summaries>
      <billSummaries>
        <item>
          <versionCode>00</versionCode>
          <actionDate>2017-01-06</actionDate>
          <actionDesc>Introduced in House</actionDesc>
          <lastSummaryUpdateDate>2017-07-11T19:13:27Z</lastSummaryUpdateDate>
          <text><![CDATA[<p><b>Overseas Outsourcing Accountability Act</b></p> <p>This bill requires the President to develop a comprehensive national strategy to prevent U.S. employers from overseas outsourcing and offshoring practices that impact the U.S. workforce.</p> <p> The strategy shall:</p> <ul> <li>delineate quantifiable short-term and long-term goals for preventing such practices;</li> <li>describe specific actions and means to achieve such goals; and</li> <li>identify necessary new authorities or changes in existing authorities.</li> </ul>]]></text>
          <updateDate>2017-01-06T05:00:00Z</updateDate>
          <name>Introduced in House</name>
        </item>
      </billSummaries>
    </summaries>
    <title>Overseas Outsourcing Accountability Act</title>
    <titles>
      <item>
        <titleType>Official Title as Introduced</titleType>
        <parentTitleType />
        <title>To require the President to develop and release a comprehensive national strategy to prevent United States employers from overseas outsourcing and offshoring practices that impact the United States workforce.</title>
        <chamberCode />
        <chamberName />
      </item>
      <item>
        <titleType>Short Titles as Introduced</titleType>
        <parentTitleType />
        <title>Overseas Outsourcing Accountability Act</title>
        <chamberCode />
        <chamberName />
      </item>
      <item>
        <titleType>Display Title</titleType>
        <parentTitleType />
        <title>Overseas Outsourcing Accountability Act</title>
        <chamberCode />
        <chamberName />
      </item>
    </titles>
    <amendments />
    <textVersions>
      <item>
        <type>Introduced in House</type>
        <date>2017-01-06T05:00:00Z</date>
        <formats>
          <item>
            <url>https://www.govinfo.gov/content/pkg/BILLS-115hr357ih/xml/BILLS-115hr357ih.xml</url>
          </item>
        </formats>
      </item>
    </textVersions>
    <latestAction>
      <actionDate>2017-01-06</actionDate>
      <text>Referred to the House Committee on Education and the Workforce.</text>
      <links />
    </latestAction>
    <calendarNumbers />
    <version>1.0.0</version>
  </bill>
  <dublinCore xmlns:dc="http://purl.org/dc/elements/1.1/">
    <dc:format>text/xml</dc:format>
    <dc:language>EN</dc:language>
    <dc:rights>Pursuant to Title 17 Section 105 of the United States Code, this file is not subject to copyright protection and is in the public domain.</dc:rights>
    <dc:contributor>Congressional Research Service, Library of Congress</dc:contributor>
    <dc:description>This file contains bill summaries and statuses for federal legislation. A bill summary describes the most significant provisions of a piece of legislation and details the effects the legislative text may have on current law and federal programs. Bill summaries are authored by the Congressional Research Service (CRS) of the Library of Congress. As stated in Public Law 91-510 (2 USC 166 (d)(6)), one of the duties of CRS is "to prepare summaries and digests of bills and resolutions of a public general nature introduced in the Senate or House of Representatives". For more information, refer to the User Guide that accompanies this file.</dc:description>
  </dublinCore>
</billStatus>

