<?xml version="1.0" encoding="UTF-8"?>
<billStatus>
  <bill>
    <billNumber>382</billNumber>
    <createDate>2017-01-10T05:15:44Z</createDate>
    <updateDate>2021-07-10T20:01:08Z</updateDate>
    <originChamber>House</originChamber>
    <billType>HR</billType>
    <introducedDate>2017-01-09</introducedDate>
    <congress>115</congress>
    <constitutionalAuthorityStatementText><![CDATA[<pre>[Congressional Record Volume 163, Number 5 (Monday, January 9, 2017)]From the Congressional Record Online through the Government Publishing Office [<a href='http://www.gpo.gov'>www.gpo.gov</a>]By Ms. MENG:H.R. 382.Congress has the power to enact this legislation pursuantto the following:Article 1, Section 8 of the U.S. Constitution.[Page H235]</pre>]]></constitutionalAuthorityStatementText>
    <recordedVotes />
    <committees>
      <billCommittees>
        <item>
          <systemCode>ssaf00</systemCode>
          <name>Agriculture, Nutrition, and Forestry Committee</name>
          <chamber>Senate</chamber>
          <type>Standing</type>
          <subcommittees />
          <activities>
            <item>
              <name>Referred to</name>
              <date>2017-03-21T15:29:07Z</date>
            </item>
          </activities>
        </item>
        <item>
          <systemCode>hsag00</systemCode>
          <name>Agriculture Committee</name>
          <chamber>House</chamber>
          <type>Standing</type>
          <subcommittees>
            <item>
              <systemCode>hsag14</systemCode>
              <name>Biotechnology, Horticulture, and Research Subcommittee</name>
              <activities>
                <item>
                  <name>Referred to</name>
                  <date>2017-02-13T19:52:28Z</date>
                </item>
              </activities>
            </item>
          </subcommittees>
          <activities>
            <item>
              <name>Referred to</name>
              <date>2017-01-09T17:01:05Z</date>
            </item>
          </activities>
        </item>
      </billCommittees>
    </committees>
    <committeeReports />
    <relatedBills />
    <actions>
      <item>
        <actionDate>2017-03-21</actionDate>
        <committees>
          <item>
            <systemCode>ssaf00</systemCode>
            <name>Agriculture, Nutrition, and Forestry Committee</name>
          </item>
        </committees>
        <links />
        <sourceSystem>
          <code>0</code>
          <name>Senate</name>
        </sourceSystem>
        <text>Received in the Senate and Read twice and referred to the Committee on Agriculture, Nutrition, and Forestry.</text>
        <type>IntroReferral</type>
      </item>
      <item>
        <actionDate>2017-03-20</actionDate>
        <actionTime>15:52:36</actionTime>
        <links />
        <text>Motion to reconsider laid on the table Agreed to without objection.</text>
        <type>Floor</type>
        <actionCode>H38310</actionCode>
        <sourceSystem>
          <code>2</code>
          <name>House floor actions</name>
        </sourceSystem>
        <committees />
      </item>
      <item>
        <actionDate>2017-03-20</actionDate>
        <actionTime>15:52:34</actionTime>
        <links />
        <text>On motion to suspend the rules and pass the bill Agreed to by voice vote. (text of measure as passed: CR H2208)</text>
        <type>Floor</type>
        <actionCode>H37300</actionCode>
        <sourceSystem>
          <code>2</code>
          <name>House floor actions</name>
        </sourceSystem>
        <committees />
      </item>
      <item>
        <actionDate>2017-03-20</actionDate>
        <actionTime>15:52:34</actionTime>
        <links />
        <text>Passed/agreed to in House: On motion to suspend the rules and pass the bill Agreed to by voice vote.(text of measure as passed: CR H2208)</text>
        <type>Floor</type>
        <actionCode>8000</actionCode>
        <sourceSystem>
          <code>9</code>
          <name>Library of Congress</name>
        </sourceSystem>
        <committees />
      </item>
      <item>
        <actionDate>2017-03-20</actionDate>
        <actionTime>15:42:35</actionTime>
        <links />
        <text>DEBATE - The House proceeded with forty minutes of debate on H.R. 382.</text>
        <type>Floor</type>
        <actionCode>H8D000</actionCode>
        <sourceSystem>
          <code>2</code>
          <name>House floor actions</name>
        </sourceSystem>
        <committees />
      </item>
      <item>
        <actionDate>2017-03-20</actionDate>
        <actionTime>15:42:33</actionTime>
        <links />
        <text>Considered under suspension of the rules. (consideration: CR H2208-2210)</text>
        <type>Floor</type>
        <actionCode>H30000</actionCode>
        <sourceSystem>
          <code>2</code>
          <name>House floor actions</name>
        </sourceSystem>
        <committees />
      </item>
      <item>
        <actionDate>2017-03-20</actionDate>
        <actionTime>15:42:23</actionTime>
        <links />
        <text>Mr. Davis, Rodney moved to suspend the rules and pass the bill.</text>
        <type>Floor</type>
        <actionCode>H30300</actionCode>
        <sourceSystem>
          <code>2</code>
          <name>House floor actions</name>
        </sourceSystem>
        <committees />
      </item>
      <item>
        <actionDate>2017-02-13</actionDate>
        <committees>
          <item>
            <systemCode>hsag14</systemCode>
            <name>Biotechnology, Horticulture, and Research Subcommittee</name>
          </item>
        </committees>
        <links />
        <sourceSystem>
          <code>1</code>
          <name>House committee actions</name>
        </sourceSystem>
        <text>Referred to the Subcommittee on Biotechnology, Horticulture, and Research.</text>
        <type>Committee</type>
      </item>
      <item>
        <actionDate>2017-01-09</actionDate>
        <links />
        <text>Referred to the House Committee on Agriculture.</text>
        <type>IntroReferral</type>
        <actionCode>H11100</actionCode>
        <sourceSystem>
          <code>2</code>
          <name>House floor actions</name>
        </sourceSystem>
        <committees>
          <item>
            <systemCode>hsag00</systemCode>
            <name>Agriculture Committee</name>
          </item>
        </committees>
      </item>
      <item>
        <actionDate>2017-01-09</actionDate>
        <links />
        <text>Introduced in House</text>
        <type>IntroReferral</type>
        <actionCode>Intro-H</actionCode>
        <sourceSystem>
          <code>9</code>
          <name>Library of Congress</name>
        </sourceSystem>
        <committees />
      </item>
      <item>
        <actionDate>2017-01-09</actionDate>
        <links />
        <text>Introduced in House</text>
        <type>IntroReferral</type>
        <actionCode>1000</actionCode>
        <sourceSystem>
          <code>9</code>
          <name>Library of Congress</name>
        </sourceSystem>
        <committees />
      </item>
      <actionTypeCounts>
        <referredToCommittee>1</referredToCommittee>
        <motionToReconsiderResults>1</motionToReconsiderResults>
        <finalPassageUnderSuspensionOfTheRulesResults>1</finalPassageUnderSuspensionOfTheRulesResults>
        <passedAgreedToInHouse>1</passedAgreedToInHouse>
        <generalDebate>1</generalDebate>
        <considerationByHouse>1</considerationByHouse>
        <motionMadeToSuspendTheRules>1</motionMadeToSuspendTheRules>
        <placeholderTextForH>1</placeholderTextForH>
        <billReferrals>1</billReferrals>
        <introducedInTheHouse>1</introducedInTheHouse>
        <introducedInHouse>1</introducedInHouse>
      </actionTypeCounts>
      <actionByCounts>
        <senate>1</senate>
        <houseOfRepresentatives>10</houseOfRepresentatives>
      </actionByCounts>
    </actions>
    <sponsors>
      <item>
        <bioguideId>M001188</bioguideId>
        <fullName>Rep. Meng, Grace [D-NY-6]</fullName>
        <firstName>Grace</firstName>
        <middleName />
        <lastName>Meng</lastName>
        <party>D</party>
        <state>NY</state>
        <identifiers>
          <lisID>2148</lisID>
          <bioguideId>M001188</bioguideId>
          <gpoId />
        </identifiers>
        <district>6</district>
        <byRequestType />
      </item>
    </sponsors>
    <cosponsors>
      <item>
        <bioguideId>Z000018</bioguideId>
        <fullName>Rep. Zinke, Ryan K. [R-MT-At Large]</fullName>
        <firstName>Ryan</firstName>
        <middleName>K.</middleName>
        <lastName>Zinke</lastName>
        <party>R</party>
        <state>MT</state>
        <identifiers>
          <lisID>2254</lisID>
          <bioguideId>Z000018</bioguideId>
          <gpoId />
        </identifiers>
        <district>0</district>
        <sponsorshipDate>2017-01-09</sponsorshipDate>
        <isOriginalCosponsor>True</isOriginalCosponsor>
        <sponsorshipWithdrawnDate />
      </item>
      <item>
        <bioguideId>S000480</bioguideId>
        <fullName>Rep. Slaughter, Louise McIntosh [D-NY-25]</fullName>
        <firstName>LOUISE</firstName>
        <middleName>M.</middleName>
        <lastName>SLAUGHTER</lastName>
        <party>D</party>
        <state>NY</state>
        <identifiers>
          <lisID>1069</lisID>
          <bioguideId>S000480</bioguideId>
          <gpoId>8089</gpoId>
        </identifiers>
        <district>25</district>
        <sponsorshipDate>2017-01-12</sponsorshipDate>
        <isOriginalCosponsor>False</isOriginalCosponsor>
        <sponsorshipWithdrawnDate />
      </item>
    </cosponsors>
    <cboCostEstimates />
    <laws />
    <notes />
    <policyArea>
      <name>Agriculture and Food</name>
    </policyArea>
    <subjects>
      <billSubjects>
        <legislativeSubjects>
          <item>
            <name>Agricultural education</name>
          </item>
          <item>
            <name>Agricultural research</name>
          </item>
          <item>
            <name>Education programs funding</name>
          </item>
          <item>
            <name>Higher education</name>
          </item>
          <item>
            <name>Minority education</name>
          </item>
          <item>
            <name>Minority employment</name>
          </item>
          <item>
            <name>Research administration and funding</name>
          </item>
          <item>
            <name>Rural conditions and development</name>
          </item>
          <item>
            <name>Science and engineering education</name>
          </item>
          <item>
            <name>Women's education</name>
          </item>
          <item>
            <name>Women's employment</name>
          </item>
        </legislativeSubjects>
        <policyArea>
          <name>Agriculture and Food</name>
        </policyArea>
      </billSubjects>
    </subjects>
    <summaries>
      <billSummaries>
        <item>
          <versionCode>00</versionCode>
          <actionDate>2017-01-09</actionDate>
          <actionDesc>Introduced in House</actionDesc>
          <lastSummaryUpdateDate>2017-02-01T22:52:11Z</lastSummaryUpdateDate>
          <text><![CDATA[<p><b>100 Years of Women in Congress Act</b></p> <p>This bill amends the Food, Agriculture, Conservation, and Trade Act of 1990 to designate as Jeannette Rankin Women and Minorities in STEM Fields Program Grants the current research and extension grants to increase participation by women and underrepresented minorities from rural areas in the fields of science, technology, engineering, and mathematics (STEM). </p>]]></text>
          <updateDate>2017-01-09T05:00:00Z</updateDate>
          <name>Introduced in House</name>
        </item>
        <item>
          <versionCode>81</versionCode>
          <actionDate>2017-03-20</actionDate>
          <actionDesc>Passed House without amendment</actionDesc>
          <lastSummaryUpdateDate>2017-04-10T15:39:49Z</lastSummaryUpdateDate>
          <text><![CDATA[<p>(This measure has not been amended since it was introduced. The summary has been expanded because action occurred on the measure.)</p> <p><b>100 Years of Women in Congress Act</b></p> <p>(Sec. 3) This bill amends the Food, Agriculture, Conservation, and Trade Act of 1990 to designate as Jeannette Rankin Women and Minorities in STEM Fields Program Grants the current research and extension grants to increase participation by women and underrepresented minorities from rural areas in the fields of science, technology, engineering, and mathematics (STEM). </p>]]></text>
          <updateDate>2017-03-20T12:56:27Z</updateDate>
          <name>Passed House without amendment</name>
        </item>
      </billSummaries>
    </summaries>
    <title>100 Years of Women in Congress Act</title>
    <titles>
      <item>
        <titleType>Official Title as Introduced</titleType>
        <parentTitleType />
        <title>To amend the Department of Agriculture program for research and extension grants to increase participation by women and underrepresented minorities in the fields of science, technology, engineering, and mathematics to redesignate the program as the "Jeannette Rankin Women and Minorities in STEM Fields Program".</title>
        <chamberCode />
        <chamberName />
      </item>
      <item>
        <titleType>Short Titles as Introduced</titleType>
        <parentTitleType />
        <title>100 Years of Women in Congress Act</title>
        <chamberCode />
        <chamberName />
      </item>
      <item>
        <titleType>Short Titles as Passed House</titleType>
        <parentTitleType>Short Titles House of Representatives</parentTitleType>
        <title>100 Years of Women in Congress Act</title>
        <chamberCode>H</chamberCode>
        <chamberName>House</chamberName>
      </item>
      <item>
        <titleType>Display Title</titleType>
        <parentTitleType />
        <title>100 Years of Women in Congress Act</title>
        <chamberCode />
        <chamberName />
      </item>
    </titles>
    <amendments />
    <textVersions>
      <item>
        <type>Referred in Senate</type>
        <date>2017-03-21T04:00:00Z</date>
        <formats>
          <item>
            <url>https://www.govinfo.gov/content/pkg/BILLS-115hr382rfs/xml/BILLS-115hr382rfs.xml</url>
          </item>
        </formats>
      </item>
      <item>
        <type>Engrossed in House</type>
        <date>2017-03-20T04:00:00Z</date>
        <formats>
          <item>
            <url>https://www.govinfo.gov/content/pkg/BILLS-115hr382eh/xml/BILLS-115hr382eh.xml</url>
          </item>
        </formats>
      </item>
      <item>
        <type>Introduced in House</type>
        <date>2017-01-09T05:00:00Z</date>
        <formats>
          <item>
            <url>https://www.govinfo.gov/content/pkg/BILLS-115hr382ih/xml/BILLS-115hr382ih.xml</url>
          </item>
        </formats>
      </item>
    </textVersions>
    <latestAction>
      <actionDate>2017-03-21</actionDate>
      <text>Received in the Senate and Read twice and referred to the Committee on Agriculture, Nutrition, and Forestry.</text>
      <links />
    </latestAction>
    <calendarNumbers />
    <version>1.0.0</version>
  </bill>
  <dublinCore xmlns:dc="http://purl.org/dc/elements/1.1/">
    <dc:format>text/xml</dc:format>
    <dc:language>EN</dc:language>
    <dc:rights>Pursuant to Title 17 Section 105 of the United States Code, this file is not subject to copyright protection and is in the public domain.</dc:rights>
    <dc:contributor>Congressional Research Service, Library of Congress</dc:contributor>
    <dc:description>This file contains bill summaries and statuses for federal legislation. A bill summary describes the most significant provisions of a piece of legislation and details the effects the legislative text may have on current law and federal programs. Bill summaries are authored by the Congressional Research Service (CRS) of the Library of Congress. As stated in Public Law 91-510 (2 USC 166 (d)(6)), one of the duties of CRS is "to prepare summaries and digests of bills and resolutions of a public general nature introduced in the Senate or House of Representatives". For more information, refer to the User Guide that accompanies this file.</dc:description>
  </dublinCore>
</billStatus>

