<?xml version="1.0" encoding="UTF-8"?>
<billStatus>
  <bill>
    <billNumber>955</billNumber>
    <createDate>2017-02-08T04:46:00Z</createDate>
    <updateDate>2020-12-05T08:09:07Z</updateDate>
    <originChamber>House</originChamber>
    <billType>HR</billType>
    <introducedDate>2017-02-07</introducedDate>
    <congress>115</congress>
    <constitutionalAuthorityStatementText><![CDATA[<pre>[Congressional Record Volume 163, Number 21 (Tuesday, February 7, 2017)]From the Congressional Record Online through the Government Publishing Office [<a href='http://www.gpo.gov'>www.gpo.gov</a>]By Ms. JACKSON LEE:H.R. 955.Congress has the power to enact this legislation pursuantto the following:This bill is enacted pursuant to the power granted toCongress under Article I, Section 8, Clauses 1 and 18 of theUnited States Constitution.[Page H1086]</pre>]]></constitutionalAuthorityStatementText>
    <recordedVotes />
    <committees>
      <billCommittees>
        <item>
          <systemCode>hlig00</systemCode>
          <name>Intelligence (Permanent Select) Committee</name>
          <chamber>House</chamber>
          <type>Select</type>
          <subcommittees />
          <activities>
            <item>
              <name>Referred to</name>
              <date>2017-02-07T15:12:00Z</date>
            </item>
          </activities>
        </item>
      </billCommittees>
    </committees>
    <committeeReports />
    <relatedBills>
      <item>
        <latestTitle>CAPITALS Act</latestTitle>
        <congress>115</congress>
        <number>54</number>
        <type>HR</type>
        <latestAction>
          <actionDate>2017-01-11</actionDate>
          <text>Referred to the Subcommittee on Cybersecurity, Infrastructure Protection, and Security Technologies.</text>
        </latestAction>
        <relationshipDetails>
          <item>
            <type>Related bill</type>
            <identifiedBy>CRS</identifiedBy>
          </item>
        </relationshipDetails>
      </item>
    </relatedBills>
    <actions>
      <item>
        <actionDate>2017-02-07</actionDate>
        <links />
        <text>Referred to the House Committee on Intelligence (Permanent Select).</text>
        <type>IntroReferral</type>
        <actionCode>H11100</actionCode>
        <sourceSystem>
          <code>2</code>
          <name>House floor actions</name>
        </sourceSystem>
        <committees>
          <item>
            <systemCode>hlig00</systemCode>
            <name>Intelligence (Permanent Select) Committee</name>
          </item>
        </committees>
      </item>
      <item>
        <actionDate>2017-02-07</actionDate>
        <links />
        <text>Introduced in House</text>
        <type>IntroReferral</type>
        <actionCode>Intro-H</actionCode>
        <sourceSystem>
          <code>9</code>
          <name>Library of Congress</name>
        </sourceSystem>
        <committees />
      </item>
      <item>
        <actionDate>2017-02-07</actionDate>
        <links />
        <text>Introduced in House</text>
        <type>IntroReferral</type>
        <actionCode>1000</actionCode>
        <sourceSystem>
          <code>9</code>
          <name>Library of Congress</name>
        </sourceSystem>
        <committees />
      </item>
      <actionTypeCounts>
        <billReferrals>1</billReferrals>
        <introducedInTheHouse>1</introducedInTheHouse>
        <introducedInHouse>1</introducedInHouse>
      </actionTypeCounts>
      <actionByCounts>
        <houseOfRepresentatives>3</houseOfRepresentatives>
      </actionByCounts>
    </actions>
    <sponsors>
      <item>
        <bioguideId>J000032</bioguideId>
        <fullName>Rep. Jackson Lee, Sheila [D-TX-18]</fullName>
        <firstName>SHEILA</firstName>
        <middleName />
        <lastName>JACKSON LEE</lastName>
        <party>D</party>
        <state>TX</state>
        <identifiers>
          <lisID>588</lisID>
          <bioguideId>J000032</bioguideId>
          <gpoId>8174</gpoId>
        </identifiers>
        <district>18</district>
        <byRequestType />
      </item>
    </sponsors>
    <cosponsors />
    <cboCostEstimates />
    <laws />
    <notes />
    <policyArea>
      <name>Armed Forces and National Security</name>
    </policyArea>
    <subjects>
      <billSubjects>
        <legislativeSubjects>
          <item>
            <name>Computer security and identity theft</name>
          </item>
          <item>
            <name>Congressional oversight</name>
          </item>
          <item>
            <name>Emergency communications systems</name>
          </item>
          <item>
            <name>Emergency planning and evacuation</name>
          </item>
          <item>
            <name>Government studies and investigations</name>
          </item>
          <item>
            <name>Military civil functions</name>
          </item>
          <item>
            <name>Military command and structure</name>
          </item>
          <item>
            <name>Military education and training</name>
          </item>
          <item>
            <name>National Guard and reserves</name>
          </item>
          <item>
            <name>Natural disasters</name>
          </item>
          <item>
            <name>Terrorism</name>
          </item>
        </legislativeSubjects>
        <policyArea>
          <name>Armed Forces and National Security</name>
        </policyArea>
      </billSubjects>
    </subjects>
    <summaries>
      <billSummaries>
        <item>
          <versionCode>00</versionCode>
          <actionDate>2017-02-07</actionDate>
          <actionDesc>Introduced in House</actionDesc>
          <lastSummaryUpdateDate>2017-03-28T21:40:51Z</lastSummaryUpdateDate>
          <text><![CDATA[<p><b>Cyber Defense National Guard Act</b></p> <p> This bill requires the Director of National Intelligence to report to Congress regarding the feasibility of establishing a Cyber Defense National Guard.</p> <p>The report must address: (1) the number of persons who would be needed to defend the critical infrastructure of the United States from a cyber attack or man-made intentional or unintentional catastrophic incident; (2) elements of the federal government that would be best equipped to recruit, train, and manage such a National Guard; (3) resources that can be pre-positioned and training that can be instilled to assure responsiveness if an incident disrupts communications in a region or area; (4) logistics of allowing governors to use such a National Guard in states during times of cyber emergency; and (5) whether a force trained to defend U.S. networks in a major attack or natural or man-made disaster will benefit overall efforts to defend the interests of the United States.</p>]]></text>
          <updateDate>2017-02-07T05:00:00Z</updateDate>
          <name>Introduced in House</name>
        </item>
      </billSummaries>
    </summaries>
    <title>Cyber Defense National Guard Act</title>
    <titles>
      <item>
        <titleType>Short Title(s) as Introduced</titleType>
        <parentTitleType />
        <title>Cyber Defense National Guard Act</title>
        <chamberCode />
        <chamberName />
      </item>
      <item>
        <titleType>Short Titles as Introduced</titleType>
        <parentTitleType />
        <title>Cyber Defense National Guard Act</title>
        <chamberCode />
        <chamberName />
      </item>
      <item>
        <titleType>Display Title</titleType>
        <parentTitleType />
        <title>Cyber Defense National Guard Act</title>
        <chamberCode />
        <chamberName />
      </item>
      <item>
        <titleType>Official Title as Introduced</titleType>
        <parentTitleType />
        <title>To require the Director of National Intelligence to conduct a study on the feasibility of establishing a Cyber Defense National Guard.</title>
        <chamberCode />
        <chamberName />
      </item>
    </titles>
    <amendments />
    <textVersions>
      <item>
        <type>Introduced in House</type>
        <date>2017-02-07T05:00:00Z</date>
        <formats>
          <item>
            <url>https://www.govinfo.gov/content/pkg/BILLS-115hr955ih/xml/BILLS-115hr955ih.xml</url>
          </item>
        </formats>
      </item>
    </textVersions>
    <latestAction>
      <actionDate>2017-02-07</actionDate>
      <text>Referred to the House Committee on Intelligence (Permanent Select).</text>
      <links />
    </latestAction>
    <calendarNumbers />
    <version>1.0.0</version>
  </bill>
  <dublinCore xmlns:dc="http://purl.org/dc/elements/1.1/">
    <dc:format>text/xml</dc:format>
    <dc:language>EN</dc:language>
    <dc:rights>Pursuant to Title 17 Section 105 of the United States Code, this file is not subject to copyright protection and is in the public domain.</dc:rights>
    <dc:contributor>Congressional Research Service, Library of Congress</dc:contributor>
    <dc:description>This file contains bill summaries and statuses for federal legislation. A bill summary describes the most significant provisions of a piece of legislation and details the effects the legislative text may have on current law and federal programs. Bill summaries are authored by the Congressional Research Service (CRS) of the Library of Congress. As stated in Public Law 91-510 (2 USC 166 (d)(6)), one of the duties of CRS is "to prepare summaries and digests of bills and resolutions of a public general nature introduced in the Senate or House of Representatives". For more information, refer to the User Guide that accompanies this file.</dc:description>
  </dublinCore>
</billStatus>

