<?xml version="1.0" encoding="UTF-8"?>
<billStatus>
  <bill>
    <billNumber>1962</billNumber>
    <createDate>2017-04-06T03:11:56Z</createDate>
    <updateDate>2020-12-05T07:07:23Z</updateDate>
    <originChamber>House</originChamber>
    <billType>HR</billType>
    <introducedDate>2017-04-05</introducedDate>
    <congress>115</congress>
    <constitutionalAuthorityStatementText><![CDATA[<pre>[Congressional Record Volume 163, Number 59 (Wednesday, April 5, 2017)]From the Congressional Record Online through the Government Publishing Office [<a href='http://www.gpo.gov'>www.gpo.gov</a>]By Mr. TIBERI:H.R. 1962.Congress has the power to enact this legislation pursuantto the following:Clause 1 of Section 8 of Article I[Page H2755]</pre>]]></constitutionalAuthorityStatementText>
    <recordedVotes />
    <committees>
      <billCommittees>
        <item>
          <systemCode>hswm00</systemCode>
          <name>Ways and Means Committee</name>
          <chamber>House</chamber>
          <type>Standing</type>
          <subcommittees />
          <activities>
            <item>
              <name>Referred to</name>
              <date>2017-04-05T14:03:05Z</date>
            </item>
          </activities>
        </item>
      </billCommittees>
    </committees>
    <committeeReports />
    <relatedBills>
      <item>
        <latestTitle>Family Savings Act of 2018</latestTitle>
        <congress>115</congress>
        <number>6757</number>
        <type>HR</type>
        <latestAction>
          <actionDate>2018-09-28</actionDate>
          <text>Received in the Senate and Read twice and referred to the Committee on Finance.</text>
        </latestAction>
        <relationshipDetails>
          <item>
            <type>Related bill</type>
            <identifiedBy>CRS</identifiedBy>
          </item>
        </relationshipDetails>
      </item>
      <item>
        <latestTitle>Shiloh National Military Park Boundary Adjustment and Parker's Crossroads Battlefield Designation Act</latestTitle>
        <congress>115</congress>
        <number>88</number>
        <type>HR</type>
        <latestAction>
          <actionDate>2018-12-21</actionDate>
          <text>Message on House action received in Senate and at desk: House amendment to Senate amendment.</text>
        </latestAction>
        <relationshipDetails>
          <item>
            <type>Related bill</type>
            <identifiedBy>CRS</identifiedBy>
          </item>
        </relationshipDetails>
      </item>
      <item>
        <latestTitle>Retirement Enhancement and Savings Act of 2018</latestTitle>
        <congress>115</congress>
        <number>2526</number>
        <type>S</type>
        <latestAction>
          <actionDate>2018-03-08</actionDate>
          <text>Read twice and referred to the Committee on Finance.</text>
        </latestAction>
        <relationshipDetails>
          <item>
            <type>Related bill</type>
            <identifiedBy>CRS</identifiedBy>
          </item>
        </relationshipDetails>
      </item>
      <item>
        <latestTitle>Retirement Security Preservation Act of 2017</latestTitle>
        <congress>115</congress>
        <number>852</number>
        <type>S</type>
        <latestAction>
          <actionDate>2017-04-05</actionDate>
          <text>Read twice and referred to the Committee on Finance.</text>
        </latestAction>
        <relationshipDetails>
          <item>
            <type>Identical bill</type>
            <identifiedBy>CRS</identifiedBy>
          </item>
        </relationshipDetails>
      </item>
      <item>
        <latestTitle>An Act to provide for reconciliation pursuant to titles II and V of the concurrent resolution on the budget for fiscal year 2018.</latestTitle>
        <congress>115</congress>
        <number>1</number>
        <type>HR</type>
        <latestAction>
          <actionDate>2017-12-22</actionDate>
          <text>Became Public Law No: 115-97.</text>
        </latestAction>
        <relationshipDetails>
          <item>
            <type>Related bill</type>
            <identifiedBy>CRS</identifiedBy>
          </item>
        </relationshipDetails>
      </item>
    </relatedBills>
    <actions>
      <item>
        <actionDate>2017-04-05</actionDate>
        <links />
        <text>Referred to the House Committee on Ways and Means.</text>
        <type>IntroReferral</type>
        <actionCode>H11100</actionCode>
        <sourceSystem>
          <code>2</code>
          <name>House floor actions</name>
        </sourceSystem>
        <committees>
          <item>
            <systemCode>hswm00</systemCode>
            <name>Ways and Means Committee</name>
          </item>
        </committees>
      </item>
      <item>
        <actionDate>2017-04-05</actionDate>
        <links />
        <text>Introduced in House</text>
        <type>IntroReferral</type>
        <actionCode>Intro-H</actionCode>
        <sourceSystem>
          <code>9</code>
          <name>Library of Congress</name>
        </sourceSystem>
        <committees />
      </item>
      <item>
        <actionDate>2017-04-05</actionDate>
        <links />
        <text>Introduced in House</text>
        <type>IntroReferral</type>
        <actionCode>1000</actionCode>
        <sourceSystem>
          <code>9</code>
          <name>Library of Congress</name>
        </sourceSystem>
        <committees />
      </item>
      <actionTypeCounts>
        <billReferrals>1</billReferrals>
        <introducedInTheHouse>1</introducedInTheHouse>
        <introducedInHouse>1</introducedInHouse>
      </actionTypeCounts>
      <actionByCounts>
        <houseOfRepresentatives>3</houseOfRepresentatives>
      </actionByCounts>
    </actions>
    <sponsors>
      <item>
        <bioguideId>T000462</bioguideId>
        <fullName>Rep. Tiberi, Patrick J. [R-OH-12]</fullName>
        <firstName>PATRICK</firstName>
        <middleName>J.</middleName>
        <lastName>TIBERI</lastName>
        <party>R</party>
        <state>OH</state>
        <identifiers>
          <lisID>1664</lisID>
          <bioguideId>T000462</bioguideId>
          <gpoId>8102</gpoId>
        </identifiers>
        <district>12</district>
        <byRequestType />
      </item>
    </sponsors>
    <cosponsors>
      <item>
        <bioguideId>N000015</bioguideId>
        <fullName>Rep. Neal, Richard E. [D-MA-1]</fullName>
        <firstName>RICHARD</firstName>
        <middleName>E.</middleName>
        <lastName>NEAL</lastName>
        <party>D</party>
        <state>MA</state>
        <identifiers>
          <lisID>854</lisID>
          <bioguideId>N000015</bioguideId>
          <gpoId>7967</gpoId>
        </identifiers>
        <district>1</district>
        <sponsorshipDate>2017-04-05</sponsorshipDate>
        <isOriginalCosponsor>True</isOriginalCosponsor>
        <sponsorshipWithdrawnDate />
      </item>
    </cosponsors>
    <cboCostEstimates />
    <laws />
    <notes />
    <policyArea>
      <name>Taxation</name>
    </policyArea>
    <subjects>
      <billSubjects>
        <legislativeSubjects>
          <item>
            <name>Employee benefits and pensions</name>
          </item>
          <item>
            <name>Income tax deferral</name>
          </item>
        </legislativeSubjects>
        <policyArea>
          <name>Taxation</name>
        </policyArea>
      </billSubjects>
    </subjects>
    <summaries>
      <billSummaries>
        <item>
          <versionCode>00</versionCode>
          <actionDate>2017-04-05</actionDate>
          <actionDesc>Introduced in House</actionDesc>
          <lastSummaryUpdateDate>2017-04-14T13:13:40Z</lastSummaryUpdateDate>
          <text><![CDATA[<p><b>Retirement Security Preservation Act of 2017</b></p> <p>This bill amends the Internal Revenue Code to modify the nondiscrimination requirements for certain defined benefit retirement plans that limit participation or certain features to a closed class, such as individuals who were hired before a certain date. </p> <p>(Under current law, the plans may not discriminate in favor of highly compensated employees and must meet minimum participation requirements.) </p> <p>The bill applies only to a defined benefit plan that: (1) closed before April 5, 2017; or (2) was in effect for at least five years when it closed and did not substantially increase the coverage or value of the benefits, rights, or features for the closed class during the five-year period before it closed, except as the result of certain business acquisitions or mergers. </p> <p>Such a plan meets the nondiscrimination requirements if it: (1) satisfies certain testing rules for the year that the class closes and the two succeeding plan years, and (2) is not amended in a discriminatory manner after the class is closed. </p> <p>A defined contribution plan that offers additional contributions or benefits to a closed class whose benefits under a defined benefit plan have been reduced or eliminated meets the nondiscrimination requirements if: (1) the group receiving the contributions or benefits satisfies certain testing rules for the year in which the group is closed and for two subsequent plan years, and (2) the plan is not amended in a discriminatory manner. </p> <p>A defined benefit plan that is either closed or has ceased benefit accruals for all participants (frozen plan) satisfies the minimum participation requirements if the plan met the requirements when it was closed or frozen. </p>]]></text>
          <updateDate>2017-04-05T04:00:00Z</updateDate>
          <name>Introduced in House</name>
        </item>
      </billSummaries>
    </summaries>
    <title>Retirement Security Preservation Act of 2017</title>
    <titles>
      <item>
        <titleType>Short Title(s) as Introduced</titleType>
        <parentTitleType />
        <title>Retirement Security Preservation Act of 2017</title>
        <chamberCode />
        <chamberName />
      </item>
      <item>
        <titleType>Official Title as Introduced</titleType>
        <parentTitleType />
        <title>To amend the Internal Revenue Code of 1986 to protect older, longer service and grandfathered participants in defined benefit plans.</title>
        <chamberCode />
        <chamberName />
      </item>
      <item>
        <titleType>Short Titles as Introduced</titleType>
        <parentTitleType />
        <title>Retirement Security Preservation Act of 2017</title>
        <chamberCode />
        <chamberName />
      </item>
      <item>
        <titleType>Display Title</titleType>
        <parentTitleType />
        <title>Retirement Security Preservation Act of 2017</title>
        <chamberCode />
        <chamberName />
      </item>
    </titles>
    <amendments />
    <textVersions>
      <item>
        <type>Introduced in House</type>
        <date>2017-04-05T04:00:00Z</date>
        <formats>
          <item>
            <url>https://www.govinfo.gov/content/pkg/BILLS-115hr1962ih/xml/BILLS-115hr1962ih.xml</url>
          </item>
        </formats>
      </item>
    </textVersions>
    <latestAction>
      <actionDate>2017-04-05</actionDate>
      <text>Referred to the House Committee on Ways and Means.</text>
      <links />
    </latestAction>
    <calendarNumbers />
    <version>1.0.0</version>
  </bill>
  <dublinCore xmlns:dc="http://purl.org/dc/elements/1.1/">
    <dc:format>text/xml</dc:format>
    <dc:language>EN</dc:language>
    <dc:rights>Pursuant to Title 17 Section 105 of the United States Code, this file is not subject to copyright protection and is in the public domain.</dc:rights>
    <dc:contributor>Congressional Research Service, Library of Congress</dc:contributor>
    <dc:description>This file contains bill summaries and statuses for federal legislation. A bill summary describes the most significant provisions of a piece of legislation and details the effects the legislative text may have on current law and federal programs. Bill summaries are authored by the Congressional Research Service (CRS) of the Library of Congress. As stated in Public Law 91-510 (2 USC 166 (d)(6)), one of the duties of CRS is "to prepare summaries and digests of bills and resolutions of a public general nature introduced in the Senate or House of Representatives". For more information, refer to the User Guide that accompanies this file.</dc:description>
  </dublinCore>
</billStatus>

