<?xml version="1.0" encoding="UTF-8"?>
<billStatus>
  <bill>
    <billNumber>238</billNumber>
    <createDate>2017-01-05T04:47:32Z</createDate>
    <updateDate>2021-07-10T20:08:35Z</updateDate>
    <originChamber>House</originChamber>
    <billType>HR</billType>
    <introducedDate>2017-01-04</introducedDate>
    <congress>115</congress>
    <constitutionalAuthorityStatementText><![CDATA[<pre>From the Congressional Record Online through the Government Publishing Office [<a href='http://www.gpo.gov'>www.gpo.gov</a>]By Mr. CONAWAY:H.R. 238.Congress has the power to enact this legislation pursuantto the following:Pursuant to Article 1, Section 8, Clause 3, Congress hasthe authority to regulate foreign and interstate commerce.[Page H96]</pre>]]></constitutionalAuthorityStatementText>
    <recordedVotes>
      <recordedVote>
        <rollNumber>54</rollNumber>
        <url>https://clerk.house.gov/evs/2017/roll054.xml</url>
        <fullActionName>Passage of a Measure</fullActionName>
        <chamber>House</chamber>
        <congress>115</congress>
        <date>2017-01-12T22:41:21Z</date>
        <sessionNumber>1</sessionNumber>
      </recordedVote>
      <recordedVote>
        <rollNumber>53</rollNumber>
        <url>https://clerk.house.gov/evs/2017/roll053.xml</url>
        <fullActionName>Motion to Commit/Recommit With Instructions Results</fullActionName>
        <chamber>House</chamber>
        <congress>115</congress>
        <date>2017-01-12T22:35:06Z</date>
        <sessionNumber>1</sessionNumber>
      </recordedVote>
    </recordedVotes>
    <committees>
      <billCommittees>
        <item>
          <systemCode>ssaf00</systemCode>
          <name>Agriculture, Nutrition, and Forestry Committee</name>
          <chamber>Senate</chamber>
          <type>Standing</type>
          <subcommittees />
          <activities>
            <item>
              <name>Referred to</name>
              <date>2017-01-17T21:16:22Z</date>
            </item>
          </activities>
        </item>
        <item>
          <systemCode>hsba00</systemCode>
          <name>Financial Services Committee</name>
          <chamber>House</chamber>
          <type>Standing</type>
          <subcommittees />
          <activities>
            <item>
              <name>Referred to</name>
              <date>2017-01-04T15:00:10Z</date>
            </item>
          </activities>
        </item>
        <item>
          <systemCode>hsag00</systemCode>
          <name>Agriculture Committee</name>
          <chamber>House</chamber>
          <type>Standing</type>
          <subcommittees />
          <activities>
            <item>
              <name>Referred to</name>
              <date>2017-01-04T15:00:05Z</date>
            </item>
          </activities>
        </item>
      </billCommittees>
    </committees>
    <committeeReports />
    <relatedBills>
      <item>
        <latestTitle>Providing for consideration of the bill (H.R. 78) to improve the consideration by the Securities and Exchange Commission of the costs and benefits of its regulations and orders; providing for consideration of the bill (H.R. 238) to reauthorize the Commodity Futures Trading Commission, to better protect futures customers, to provide end-users with market certainty, to make basic reforms to ensure transparency and accountability at the Commission, to help farmers, ranchers, and end-users manage risks, to help keep consumer costs low, and for other purposes; and for other purposes.</latestTitle>
        <congress>115</congress>
        <number>40</number>
        <type>HRES</type>
        <latestAction>
          <actionDate>2017-01-11</actionDate>
          <text>Motion to reconsider laid on the table Agreed to without objection.</text>
          <actionTime>13:40:11</actionTime>
        </latestAction>
        <relationshipDetails>
          <item>
            <type>Procedurally-related</type>
            <identifiedBy>House</identifiedBy>
          </item>
        </relationshipDetails>
      </item>
      <item>
        <latestTitle>Protection of Source Code Act</latestTitle>
        <congress>115</congress>
        <number>3732</number>
        <type>S</type>
        <latestAction>
          <actionDate>2018-12-10</actionDate>
          <text>Read twice and referred to the Committee on Agriculture, Nutrition, and Forestry.</text>
        </latestAction>
        <relationshipDetails>
          <item>
            <type>Related bill</type>
            <identifiedBy>CRS</identifiedBy>
          </item>
        </relationshipDetails>
      </item>
    </relatedBills>
    <actions>
      <item>
        <actionDate>2017-01-17</actionDate>
        <committees>
          <item>
            <systemCode>ssaf00</systemCode>
            <name>Agriculture, Nutrition, and Forestry Committee</name>
          </item>
        </committees>
        <links />
        <sourceSystem>
          <code>0</code>
          <name>Senate</name>
        </sourceSystem>
        <text>Received in the Senate and Read twice and referred to the Committee on Agriculture, Nutrition, and Forestry.</text>
        <type>IntroReferral</type>
      </item>
      <item>
        <actionDate>2017-01-12</actionDate>
        <actionTime>17:41:22</actionTime>
        <links />
        <text>Motion to reconsider laid on the table Agreed to without objection.</text>
        <type>Floor</type>
        <actionCode>H38310</actionCode>
        <sourceSystem>
          <code>2</code>
          <name>House floor actions</name>
        </sourceSystem>
        <committees />
      </item>
      <item>
        <actionDate>2017-01-12</actionDate>
        <actionTime>17:41:21</actionTime>
        <links />
        <text>On passage Passed by the Yeas and Nays: 239 - 182 (Roll no. 54).</text>
        <type>Floor</type>
        <actionCode>H37100</actionCode>
        <sourceSystem>
          <code>2</code>
          <name>House floor actions</name>
        </sourceSystem>
        <committees />
      </item>
      <item>
        <actionDate>2017-01-12</actionDate>
        <actionTime>17:41:21</actionTime>
        <links />
        <text>Passed/agreed to in House: On passage Passed by the Yeas and Nays: 239 - 182 (Roll no. 54).</text>
        <type>Floor</type>
        <actionCode>8000</actionCode>
        <sourceSystem>
          <code>9</code>
          <name>Library of Congress</name>
        </sourceSystem>
        <committees />
      </item>
      <item>
        <actionDate>2017-01-12</actionDate>
        <actionTime>17:35:06</actionTime>
        <links />
        <text>On motion to recommit with instructions Failed by recorded vote: 190 - 235 (Roll no. 53).</text>
        <type>Floor</type>
        <actionCode>H36110</actionCode>
        <sourceSystem>
          <code>2</code>
          <name>House floor actions</name>
        </sourceSystem>
        <committees>
          <item>
            <systemCode>hsag00</systemCode>
            <name>Agriculture Committee</name>
          </item>
        </committees>
      </item>
      <item>
        <actionDate>2017-01-12</actionDate>
        <actionTime>17:28:03</actionTime>
        <links />
        <text>The previous question on the motion to recommit with instructions was ordered without objection.</text>
        <type>Floor</type>
        <actionCode>H8A000</actionCode>
        <sourceSystem>
          <code>2</code>
          <name>House floor actions</name>
        </sourceSystem>
        <committees />
      </item>
      <item>
        <actionDate>2017-01-12</actionDate>
        <actionTime>17:21:29</actionTime>
        <links />
        <text>DEBATE - The House proceeded with 10 minutes of debate on the motion to recommit with instructions. The instructions contained in the motion seek to require the bill to be reported back to the House with an amendment to insert language prohibiting the Commission from considering the swaps regulatory requirements of a foreign jurisdiction if that jurisdiction has been found by the Commission, in consultation with the Director of National Intelligence, to have engaged in cyber-attacks targeting any election held in the United States.</text>
        <type>Floor</type>
        <actionCode>H8D000</actionCode>
        <sourceSystem>
          <code>2</code>
          <name>House floor actions</name>
        </sourceSystem>
        <committees />
      </item>
      <item>
        <actionDate>2017-01-12</actionDate>
        <actionTime>17:21:14</actionTime>
        <links />
        <text>Mr. Langevin moved to recommit with instructions to the Committee on Agriculture. (text: CR H449)</text>
        <type>Floor</type>
        <actionCode>H36100</actionCode>
        <sourceSystem>
          <code>2</code>
          <name>House floor actions</name>
        </sourceSystem>
        <committees>
          <item>
            <systemCode>hsag00</systemCode>
            <name>Agriculture Committee</name>
          </item>
        </committees>
      </item>
      <item>
        <actionDate>2017-01-12</actionDate>
        <actionTime>17:20:06</actionTime>
        <links />
        <text>The House adopted the amendment in the nature of a substitute as agreed to by the Committee of the Whole House on the state of the Union. (text of amendment in the nature of a substitute: CR H414-421)</text>
        <type>Floor</type>
        <actionCode>H34400</actionCode>
        <sourceSystem>
          <code>2</code>
          <name>House floor actions</name>
        </sourceSystem>
        <committees />
      </item>
      <item>
        <actionDate>2017-01-12</actionDate>
        <actionTime>17:19:52</actionTime>
        <links />
        <text>The previous question was ordered pursuant to the rule.</text>
        <type>Floor</type>
        <actionCode>H35000</actionCode>
        <sourceSystem>
          <code>2</code>
          <name>House floor actions</name>
        </sourceSystem>
        <committees />
      </item>
      <item>
        <actionDate>2017-01-12</actionDate>
        <actionTime>17:19:10</actionTime>
        <links />
        <text>The House rose from the Committee of the Whole House on the state of the Union to report H.R. 238.</text>
        <type>Floor</type>
        <actionCode>H32600</actionCode>
        <sourceSystem>
          <code>2</code>
          <name>House floor actions</name>
        </sourceSystem>
        <committees />
      </item>
      <item>
        <actionDate>2017-01-12</actionDate>
        <actionTime>17:14:28</actionTime>
        <links />
        <text>UNFINISHED BUSINESS - The Chair announced that the unfinished business was on adoption of amendments which were debated earlier an on which further proceedings had been postponed.</text>
        <type>Floor</type>
        <actionCode>H8D000</actionCode>
        <sourceSystem>
          <code>2</code>
          <name>House floor actions</name>
        </sourceSystem>
        <committees />
      </item>
      <item>
        <actionDate>2017-01-12</actionDate>
        <actionTime>17:14:13</actionTime>
        <links />
        <text>The House resolved into Committee of the Whole House on the state of the Union for further consideration.</text>
        <type>Floor</type>
        <actionCode>H32050</actionCode>
        <sourceSystem>
          <code>2</code>
          <name>House floor actions</name>
        </sourceSystem>
        <committees />
      </item>
      <item>
        <actionDate>2017-01-12</actionDate>
        <actionTime>17:14:01</actionTime>
        <links />
        <text>Considered as unfinished business. (consideration: CR H450-451)</text>
        <type>Floor</type>
        <actionCode>H30000</actionCode>
        <sourceSystem>
          <code>2</code>
          <name>House floor actions</name>
        </sourceSystem>
        <committees />
      </item>
      <item>
        <actionDate>2017-01-12</actionDate>
        <actionTime>14:14:33</actionTime>
        <links />
        <text>Committee of the Whole House on the state of the Union rises leaving H.R. 238 as unfinished business.</text>
        <type>Floor</type>
        <actionCode>H32700</actionCode>
        <sourceSystem>
          <code>2</code>
          <name>House floor actions</name>
        </sourceSystem>
        <committees />
      </item>
      <item>
        <actionDate>2017-01-12</actionDate>
        <actionTime>14:14:17</actionTime>
        <links />
        <text>On motion that the committee rise Agreed to by voice vote.</text>
        <type>Floor</type>
        <actionCode>H32341</actionCode>
        <sourceSystem>
          <code>2</code>
          <name>House floor actions</name>
        </sourceSystem>
        <committees />
      </item>
      <item>
        <actionDate>2017-01-12</actionDate>
        <actionTime>14:14:02</actionTime>
        <links />
        <text>Mr. Conaway moved that the committee rise.</text>
        <type>Floor</type>
        <actionCode>H32340</actionCode>
        <sourceSystem>
          <code>2</code>
          <name>House floor actions</name>
        </sourceSystem>
        <committees />
      </item>
      <item>
        <actionDate>2017-01-12</actionDate>
        <actionTime>14:07:26</actionTime>
        <links />
        <text>DEBATE - Pursuant to the provisions of H. Res. 40, the Committee of the Whole proceeded with 10 minutes of debate on the Hartzler Part B amendment No. 8.</text>
        <type>Floor</type>
        <actionCode>H8D000</actionCode>
        <sourceSystem>
          <code>2</code>
          <name>House floor actions</name>
        </sourceSystem>
        <committees />
      </item>
      <item>
        <actionDate>2017-01-12</actionDate>
        <actionTime>14:00:27</actionTime>
        <links />
        <text>DEBATE - Pursuant to the provisions of H. Res. 40, the Committee of the Whole proceeded with 10 minutes of debate on the Lucas Part B amendment No. 7.</text>
        <type>Floor</type>
        <actionCode>H8D000</actionCode>
        <sourceSystem>
          <code>2</code>
          <name>House floor actions</name>
        </sourceSystem>
        <committees />
      </item>
      <item>
        <actionDate>2017-01-12</actionDate>
        <actionTime>13:57:38</actionTime>
        <links />
        <text>DEBATE - Pursuant to the provisions of H. Res. 40, the Committee of the Whole proceeded with 10 minutes of debate on the LaMalfa Part B amendment No. 6.</text>
        <type>Floor</type>
        <actionCode>H8D000</actionCode>
        <sourceSystem>
          <code>2</code>
          <name>House floor actions</name>
        </sourceSystem>
        <committees />
      </item>
      <item>
        <actionDate>2017-01-12</actionDate>
        <actionTime>13:50:48</actionTime>
        <links />
        <text>DEBATE - Pursuant to the provisions of H. Res. 40, the Committee of the Whole proceeded with 10 minutes of debate on the Duffy Part B amendment No. 5.</text>
        <type>Floor</type>
        <actionCode>H8D000</actionCode>
        <sourceSystem>
          <code>2</code>
          <name>House floor actions</name>
        </sourceSystem>
        <committees />
      </item>
      <item>
        <actionDate>2017-01-12</actionDate>
        <actionTime>13:50:20</actionTime>
        <links />
        <text>POSTSPONED PROCEEDINGS - At the conclusion of debate on the Conaway amendment, the Chair put the question on adoption of the amendment and by voice vote announced that the ayes had prevailed. Mr. Courtney demanded a recorded vote and the Chair postponed further proceedings on the question of adoption of the amendment until a time to be announced.</text>
        <type>Floor</type>
        <actionCode>H8D000</actionCode>
        <sourceSystem>
          <code>2</code>
          <name>House floor actions</name>
        </sourceSystem>
        <committees />
      </item>
      <item>
        <actionDate>2017-01-12</actionDate>
        <actionTime>13:39:12</actionTime>
        <links />
        <text>DEBATE - Pursuant to the provisions of H. Res. 40, the Committee of the Whole proceeded with 10 minutes of debate on the Conaway Part B amendment No. 4.</text>
        <type>Floor</type>
        <actionCode>H8D000</actionCode>
        <sourceSystem>
          <code>2</code>
          <name>House floor actions</name>
        </sourceSystem>
        <committees />
      </item>
      <item>
        <actionDate>2017-01-12</actionDate>
        <actionTime>13:37:27</actionTime>
        <links />
        <text>DEBATE - Pursuant to the provisions of H. Res. 40, the Committee of the Whole proceeded with 10 minutes of debate on the Conaway Part B amendment No. 3.</text>
        <type>Floor</type>
        <actionCode>H8D000</actionCode>
        <sourceSystem>
          <code>2</code>
          <name>House floor actions</name>
        </sourceSystem>
        <committees />
      </item>
      <item>
        <actionDate>2017-01-12</actionDate>
        <actionTime>13:31:40</actionTime>
        <links />
        <text>DEBATE - Pursuant to the provisions of H. Res. 40, the Committee of the Whole proceeded with 10 minutes of debate on the Austin Scott (GA) Part B amendment No. 2.</text>
        <type>Floor</type>
        <actionCode>H8D000</actionCode>
        <sourceSystem>
          <code>2</code>
          <name>House floor actions</name>
        </sourceSystem>
        <committees />
      </item>
      <item>
        <actionDate>2017-01-12</actionDate>
        <actionTime>13:25:31</actionTime>
        <links />
        <text>DEBATE - Pursuant to the provisions of H. Res. 40, the Committee of the Whole proceeded with 10 minutes of debate on the Aderholt Part B amendment No. 1.</text>
        <type>Floor</type>
        <actionCode>H8D000</actionCode>
        <sourceSystem>
          <code>2</code>
          <name>House floor actions</name>
        </sourceSystem>
        <committees />
      </item>
      <item>
        <actionDate>2017-01-12</actionDate>
        <actionTime>12:40:19</actionTime>
        <links />
        <text>GENERAL DEBATE - The Committee of the Whole proceeded with one hour of general debate on H.R. 238.</text>
        <type>Floor</type>
        <actionCode>H8D000</actionCode>
        <sourceSystem>
          <code>2</code>
          <name>House floor actions</name>
        </sourceSystem>
        <committees />
      </item>
      <item>
        <actionDate>2017-01-12</actionDate>
        <actionTime>12:39:35</actionTime>
        <links />
        <text>The Speaker designated the Honorable John J. Duncan, Jr. to act as Chairman of the Committee.</text>
        <type>Floor</type>
        <actionCode>H32400</actionCode>
        <sourceSystem>
          <code>2</code>
          <name>House floor actions</name>
        </sourceSystem>
        <committees />
      </item>
      <item>
        <actionDate>2017-01-12</actionDate>
        <actionTime>12:39:33</actionTime>
        <links />
        <text>House resolved itself into the Committee of the Whole House on the state of the Union pursuant to H. Res. 40 and Rule XVIII.</text>
        <type>Floor</type>
        <actionCode>H32020</actionCode>
        <sourceSystem>
          <code>2</code>
          <name>House floor actions</name>
        </sourceSystem>
        <committees />
      </item>
      <item>
        <actionDate>2017-01-12</actionDate>
        <actionTime>12:39:20</actionTime>
        <links />
        <text>Rule provides for consideration of H.R. 78 and H.R. 238. The resolution provides for one hour of general debate on both H.R. 78 and H.R. 238. The resolution provides for suspension authority at any time on the legislative day of January 13, 2017. The resolution also provides for legislative proceedings during the period of January 16, 2017 through January 20, 2017.</text>
        <type>Floor</type>
        <actionCode>H8D000</actionCode>
        <sourceSystem>
          <code>2</code>
          <name>House floor actions</name>
        </sourceSystem>
        <committees />
      </item>
      <item>
        <actionDate>2017-01-12</actionDate>
        <actionTime>12:39:15</actionTime>
        <links />
        <text>Considered under the provisions of rule H. Res. 40. (consideration: CR H404-428)</text>
        <type>Floor</type>
        <actionCode>H30000</actionCode>
        <sourceSystem>
          <code>2</code>
          <name>House floor actions</name>
        </sourceSystem>
        <committees />
      </item>
      <item>
        <actionDate>2017-01-11</actionDate>
        <actionTime>13:40:11</actionTime>
        <links />
        <text>Rule H. Res. 40 passed House.</text>
        <type>Floor</type>
        <actionCode>H1L220</actionCode>
        <sourceSystem>
          <code>2</code>
          <name>House floor actions</name>
        </sourceSystem>
        <committees />
      </item>
      <item>
        <actionDate>2017-01-10</actionDate>
        <actionTime>18:02:35</actionTime>
        <links />
        <text>Rules Committee Resolution H. Res. 40 Reported to House. Rule provides for consideration of H.R. 78 and H.R. 238. The resolution provides for one hour of general debate on both H.R. 78 and H.R. 238. The resolution provides for suspension authority at any time on the legislative day of January 13, 2017. The resolution also provides for legislative proceedings during the period of January 16, 2017 through January 20, 2017.</text>
        <type>Floor</type>
        <actionCode>H1L210</actionCode>
        <sourceSystem>
          <code>2</code>
          <name>House floor actions</name>
        </sourceSystem>
        <committees />
      </item>
      <item>
        <actionDate>2017-01-04</actionDate>
        <links />
        <text>Referred to the Committee on Agriculture, and in addition to the Committee on Financial Services, for a period to be subsequently determined by the Speaker, in each case for consideration of such provisions as fall within the jurisdiction of the committee concerned.</text>
        <type>IntroReferral</type>
        <actionCode>H11100</actionCode>
        <sourceSystem>
          <code>2</code>
          <name>House floor actions</name>
        </sourceSystem>
        <committees>
          <item>
            <systemCode>hsba00</systemCode>
            <name>Financial Services Committee</name>
          </item>
        </committees>
      </item>
      <item>
        <actionDate>2017-01-04</actionDate>
        <links />
        <text>Referred to the Committee on Agriculture, and in addition to the Committee on Financial Services, for a period to be subsequently determined by the Speaker, in each case for consideration of such provisions as fall within the jurisdiction of the committee concerned.</text>
        <type>IntroReferral</type>
        <actionCode>H11100-A</actionCode>
        <sourceSystem>
          <code>9</code>
          <name>Library of Congress</name>
        </sourceSystem>
        <committees />
      </item>
      <item>
        <actionDate>2017-01-04</actionDate>
        <links />
        <text>Referred to the Committee on Agriculture, and in addition to the Committee on Financial Services, for a period to be subsequently determined by the Speaker, in each case for consideration of such provisions as fall within the jurisdiction of the committee concerned.</text>
        <type>IntroReferral</type>
        <actionCode>H11100</actionCode>
        <sourceSystem>
          <code>2</code>
          <name>House floor actions</name>
        </sourceSystem>
        <committees>
          <item>
            <systemCode>hsag00</systemCode>
            <name>Agriculture Committee</name>
          </item>
        </committees>
      </item>
      <item>
        <actionDate>2017-01-04</actionDate>
        <links />
        <text>Introduced in House</text>
        <type>IntroReferral</type>
        <actionCode>Intro-H</actionCode>
        <sourceSystem>
          <code>9</code>
          <name>Library of Congress</name>
        </sourceSystem>
        <committees />
      </item>
      <item>
        <actionDate>2017-01-04</actionDate>
        <links />
        <text>Introduced in House</text>
        <type>IntroReferral</type>
        <actionCode>1000</actionCode>
        <sourceSystem>
          <code>9</code>
          <name>Library of Congress</name>
        </sourceSystem>
        <committees />
      </item>
      <actionTypeCounts>
        <referredToCommittee>1</referredToCommittee>
        <motionToReconsiderResults>1</motionToReconsiderResults>
        <passageOfAMeasure>1</passageOfAMeasure>
        <passedAgreedToInHouse>1</passedAgreedToInHouse>
        <motionToCommitRecommitWithInstructionsResults>1</motionToCommitRecommitWithInstructionsResults>
        <placeholderTextForHA>1</placeholderTextForHA>
        <generalDebate>13</generalDebate>
        <motionToCommitRecommitWithInstructionsOffered>1</motionToCommitRecommitWithInstructionsOffered>
        <placeholderTextForH>3</placeholderTextForH>
        <motionForPreviousQuestion>1</motionForPreviousQuestion>
        <committeeOfTheWholeRisesToReportOnLegislation>1</committeeOfTheWholeRisesToReportOnLegislation>
        <unfinishedBusinessInCommitteeOfTheWhole>1</unfinishedBusinessInCommitteeOfTheWhole>
        <considerationByHouse>2</considerationByHouse>
        <committeeOfTheWholeRisesLeavingAsUnfinishedBusiness>1</committeeOfTheWholeRisesLeavingAsUnfinishedBusiness>
        <designationOfChairmanCommitteeOfTheWhole>1</designationOfChairmanCommitteeOfTheWhole>
        <resolvingIntoCommitteeOfTheWholePursuantToRule>1</resolvingIntoCommitteeOfTheWholePursuantToRule>
        <placeholderTextForHL>1</placeholderTextForHL>
        <ruleForConsiderationOfBillReportedToHouse>1</ruleForConsiderationOfBillReportedToHouse>
        <billReferrals>2</billReferrals>
        <billReferralsAggregate>1</billReferralsAggregate>
        <introducedInTheHouse>1</introducedInTheHouse>
        <introducedInHouse>1</introducedInHouse>
      </actionTypeCounts>
      <actionByCounts>
        <senate>1</senate>
        <houseOfRepresentatives>37</houseOfRepresentatives>
      </actionByCounts>
    </actions>
    <sponsors>
      <item>
        <bioguideId>C001062</bioguideId>
        <fullName>Rep. Conaway, K. Michael [R-TX-11]</fullName>
        <firstName>K.</firstName>
        <middleName>Michael</middleName>
        <lastName>Conaway</lastName>
        <party>R</party>
        <state>TX</state>
        <identifiers>
          <lisID>1805</lisID>
          <bioguideId>C001062</bioguideId>
          <gpoId>8167</gpoId>
        </identifiers>
        <district>11</district>
        <byRequestType />
      </item>
    </sponsors>
    <cosponsors>
      <item>
        <bioguideId>S001189</bioguideId>
        <fullName>Rep. Scott, Austin [R-GA-8]</fullName>
        <firstName>Austin</firstName>
        <middleName />
        <lastName>Scott</lastName>
        <party>R</party>
        <state>GA</state>
        <identifiers>
          <lisID>2009</lisID>
          <bioguideId>S001189</bioguideId>
          <gpoId>7905</gpoId>
        </identifiers>
        <district>8</district>
        <sponsorshipDate>2017-01-04</sponsorshipDate>
        <isOriginalCosponsor>True</isOriginalCosponsor>
        <sponsorshipWithdrawnDate />
      </item>
      <item>
        <bioguideId>S000250</bioguideId>
        <fullName>Rep. Sessions, Pete [R-TX-32]</fullName>
        <firstName>PETE</firstName>
        <middleName />
        <lastName>SESSIONS</lastName>
        <party>R</party>
        <state>TX</state>
        <identifiers>
          <lisID>1525</lisID>
          <bioguideId>S000250</bioguideId>
          <gpoId>8188</gpoId>
        </identifiers>
        <district>32</district>
        <sponsorshipDate>2017-01-04</sponsorshipDate>
        <isOriginalCosponsor>True</isOriginalCosponsor>
        <sponsorshipWithdrawnDate />
      </item>
      <item>
        <bioguideId>S001157</bioguideId>
        <fullName>Rep. Scott, David [D-GA-13]</fullName>
        <firstName>David</firstName>
        <middleName />
        <lastName>Scott</lastName>
        <party>D</party>
        <state>GA</state>
        <identifiers>
          <lisID>1722</lisID>
          <bioguideId>S001157</bioguideId>
          <gpoId>7910</gpoId>
        </identifiers>
        <district>13</district>
        <sponsorshipDate>2017-01-04</sponsorshipDate>
        <isOriginalCosponsor>True</isOriginalCosponsor>
        <sponsorshipWithdrawnDate />
      </item>
    </cosponsors>
    <cboCostEstimates />
    <laws />
    <notes />
    <policyArea>
      <name>Finance and Financial Sector</name>
    </policyArea>
    <subjects>
      <billSubjects>
        <legislativeSubjects>
          <item>
            <name>Administrative law and regulatory procedures</name>
          </item>
          <item>
            <name>Administrative remedies</name>
          </item>
          <item>
            <name>Banking and financial institutions regulation</name>
          </item>
          <item>
            <name>Bankruptcy</name>
          </item>
          <item>
            <name>Business records</name>
          </item>
          <item>
            <name>Commodities markets</name>
          </item>
          <item>
            <name>Commodity Futures Trading Commission</name>
          </item>
          <item>
            <name>Computers and information technology</name>
          </item>
          <item>
            <name>Congressional oversight</name>
          </item>
          <item>
            <name>Electric power generation and transmission</name>
          </item>
          <item>
            <name>Executive agency funding and structure</name>
          </item>
          <item>
            <name>Financial services and investments</name>
          </item>
          <item>
            <name>Government employee pay, benefits, personnel management</name>
          </item>
          <item>
            <name>Government studies and investigations</name>
          </item>
          <item>
            <name>Judicial review and appeals</name>
          </item>
          <item>
            <name>Minority employment</name>
          </item>
          <item>
            <name>Oil and gas</name>
          </item>
          <item>
            <name>Public utilities and utility rates</name>
          </item>
          <item>
            <name>Securities</name>
          </item>
          <item>
            <name>Women's employment</name>
          </item>
        </legislativeSubjects>
        <policyArea>
          <name>Finance and Financial Sector</name>
        </policyArea>
      </billSubjects>
    </subjects>
    <summaries>
      <billSummaries>
        <item>
          <versionCode>00</versionCode>
          <actionDate>2017-01-04</actionDate>
          <actionDesc>Introduced in House</actionDesc>
          <lastSummaryUpdateDate>2017-01-11T14:53:34Z</lastSummaryUpdateDate>
          <text><![CDATA[<p><b>Commodity End User Relief Act</b></p> <p>This bill reauthorizes through FY2021, and revises provisions related to, operations of the Commodity Futures Trading Commission (CFTC).</p> <p>In addition, the bill amends the Commodity Exchange Act to direct registered futures associations to require their futures commission merchant members to meet certain procedural and reporting requirements. </p> <p> </s>The CFTC is authorized to require that certain property of the bankruptcy estate of a commodity broker who is a debtor in Chapter 7 bankruptcy (also known as "liquidation" bankruptcy) be included in customer property to the extent that such property is insufficient to satisfy the net equity claims of the broker's public customers. </p> <p> </s>Before promulgating a regulation or issuing an order, the CFTC must publish an assessment of the costs and benefits of the action.</p> <p>The heads of the CFTC's administrative units shall serve at the pleasure of the CFTC.</p> <p>The bill establishes, within the CFTC, the Office of the Chief Economist.</p> <p>The duration of an omnibus order of investigation (authorizing the CFTC to issue subpoenas to multiple persons in relation to a particular subject matter area) shall not be indefinite.</p> <p>The bill exempts specified entities from certain&nbsp;clearing requirements applicable to swaps.</p> <p> With respect to swap dealer registration requirements, the bill: (1)&nbsp;prohibits the CFTC from modifying,&nbsp;except by affirmative rule or regulation,&nbsp;the threshold for <em>de minimus</em> (minor in quantity) swap dealing; (2) under certain circumstances, allows the use of specified financial models with respect to calculating capital requirements; and (3) modifies other provisions.</p> <p>The bill exempts certain swap activities involving non-U.S. persons&nbsp;from U.S. swaps requirements.</p>]]></text>
          <updateDate>2017-01-04T05:00:00Z</updateDate>
          <name>Introduced in House</name>
        </item>
        <item>
          <versionCode>36</versionCode>
          <actionDate>2017-01-12</actionDate>
          <actionDesc>Passed House amended</actionDesc>
          <lastSummaryUpdateDate>2018-12-03T19:16:19Z</lastSummaryUpdateDate>
          <text><![CDATA[<p><b>Commodity End User Relief Act</b></p> <p>This bill reauthorizes through FY2021, and otherwise revises provisions related to, operations of the Commodity Futures Trading Commission (CFTC).</p> <p></s />The CFTC is authorized to require that certain property of the bankruptcy estate of a commodity broker who is a debtor in Chapter 7 bankruptcy (also known as "liquidation" bankruptcy) be included in customer property to the extent that such property is insufficient to satisfy the net equity claims of the broker's public customers. </p> <p></s />Before promulgating a regulation or issuing an order, the CFTC must publish an assessment of the costs and benefits of the action.</p> <p>The heads of the CFTC's administrative units shall serve at the pleasure of the CFTC.</p> <p>The bill establishes, within the CFTC, the Office of the Chief Economist.</p> <p>The bill eliminates the CFTC's authority to lease space.</p> <p>The bill modifies provisions related to the CFTC's Customer Protection Fund.</p> <p>The duration of an omnibus order of investigation (authorizing the CFTC to issue subpoenas to multiple persons in relation to a particular subject matter area) shall not be indefinite.</p> <p>The bill exempts specified entities from certain&nbsp;clearing requirements applicable to swaps.</p> <p>With respect to swap dealer registration requirements, the bill: (1)&nbsp;prohibits the CFTC from modifying,&nbsp;except by affirmative rule or regulation,&nbsp;the threshold for <em>de minimus</em> (minor in quantity) swap dealing; (2) under certain circumstances, allows the use of specified financial models with respect to calculating capital requirements; and (3) modifies other provisions.</p> <p>The bill exempts certain swap activities involving non-U.S. persons&nbsp;from U.S. swaps requirements.</p> <p>In addition, the bill amends the Commodity Exchange Act to direct registered futures associations to require their futures commission merchant members to meet certain procedural and reporting requirements. </p>]]></text>
          <updateDate>2017-01-12T14:53:03Z</updateDate>
          <name>Passed House amended</name>
        </item>
      </billSummaries>
    </summaries>
    <title>Commodity End-User Relief Act</title>
    <titles>
      <item>
        <titleType>Short Titles as Introduced</titleType>
        <parentTitleType />
        <title>Commodity End-User Relief Act</title>
        <chamberCode />
        <chamberName />
      </item>
      <item>
        <titleType>Short Titles as Passed House</titleType>
        <parentTitleType>Short Titles House of Representatives</parentTitleType>
        <title>Commodity End-User Relief Act</title>
        <chamberCode>H</chamberCode>
        <chamberName>House</chamberName>
      </item>
      <item>
        <titleType>Display Title</titleType>
        <parentTitleType />
        <title>Commodity End-User Relief Act</title>
        <chamberCode />
        <chamberName />
      </item>
      <item>
        <titleType>Official Title as Introduced</titleType>
        <parentTitleType />
        <title>To reauthorize the Commodity Futures Trading Commission, to better protect futures customers, to provide end-users with market certainty, to make basic reforms to ensure transparency and accountability at the Commission, to help farmers, ranchers, and end-users manage risks, to help keep consumer costs low, and for other purposes.</title>
        <chamberCode />
        <chamberName />
      </item>
    </titles>
    <amendments>
      <amendment>
        <number>38</number>
        <description>An amendment numbered 8 printed in Part B of House Report 115-3 to delay implementation of the CFTC Ownership and Control Reports Rule until the Chairman determines the rule has been amended by adjusting reporting trading volume levels to 300 contracts per day, removing the requirements for natural person controller data, and ensuring the rule does not require entities to violate foreign privacy laws.</description>
        <purpose>Amendment delays implementation of the CFTC Ownership and Control Reports Rule until the Chairman determines the rule has been amended by adjusting reporting trading volume levels to 300 contracts per day, removing the requirements for natural person controller data, and ensuring the rule does not require entities to violate foreign privacy laws.</purpose>
        <congress>115</congress>
        <type>HAMDT</type>
        <latestAction>
          <actionDate>2017-01-12</actionDate>
          <text>On agreeing to the Hartzler amendment (A008) Agreed to by voice vote.</text>
          <actionTime>14:13:48</actionTime>
        </latestAction>
        <number>38</number>
        <description>An amendment numbered 8 printed in Part B of House Report 115-3 to delay implementation of the CFTC Ownership and Control Reports Rule until the Chairman determines the rule has been amended by adjusting reporting trading volume levels to 300 contracts per day, removing the requirements for natural person controller data, and ensuring the rule does not require entities to violate foreign privacy laws.</description>
        <purpose>Amendment delays implementation of the CFTC Ownership and Control Reports Rule until the Chairman determines the rule has been amended by adjusting reporting trading volume levels to 300 contracts per day, removing the requirements for natural person controller data, and ensuring the rule does not require entities to violate foreign privacy laws.</purpose>
        <congress>115</congress>
        <type>HAMDT</type>
        <createDate>2017-01-13T09:56:20Z</createDate>
        <updateDate>2020-12-15T16:29:55Z</updateDate>
        <sponsors>
          <item>
            <bioguideId>H001053</bioguideId>
            <fullName>Rep. Hartzler, Vicky [R-MO-4]</fullName>
            <firstName>Vicky</firstName>
            <middleName />
            <lastName>Hartzler</lastName>
            <party>R</party>
            <state>MO</state>
            <identifiers>
              <lisID>2032</lisID>
              <bioguideId>H001053</bioguideId>
              <gpoId>8012</gpoId>
            </identifiers>
            <district>4</district>
          </item>
        </sponsors>
        <cosponsors>
          <totalCount>0</totalCount>
          <currentCount>0</currentCount>
        </cosponsors>
        <titles />
        <proposedDate />
        <submittedDate>2017-01-12T05:00:00Z</submittedDate>
        <chamber>House of Representatives</chamber>
        <amendedBill>
          <congress>115</congress>
          <type>HR</type>
          <originChamber>House</originChamber>
          <originChamberCode>H</originChamberCode>
          <number>238</number>
          <title>Commodity End-User Relief Act</title>
        </amendedBill>
        <amendedAmendment />
        <amendments>
          <count>0</count>
        </amendments>
        <links />
        <notes />
        <actions>
          <count>7</count>
          <actions>
            <item>
              <actionDate>2017-01-12</actionDate>
              <actionTime>14:13:48</actionTime>
              <links />
              <text>On agreeing to the Hartzler amendment (A008) Agreed to by voice vote.</text>
              <type>Floor</type>
              <actionCode>H32111</actionCode>
              <sourceSystem>
                <code>2</code>
                <name>House floor actions</name>
              </sourceSystem>
              <committee />
            </item>
            <item>
              <actionDate>2017-01-12</actionDate>
              <actionTime>14:07:05</actionTime>
              <links />
              <text>Amendment (A008) offered by Mrs. Hartzler. (consideration: CR H427; text: CR H427)</text>
              <type>Floor</type>
              <actionCode>H3A100</actionCode>
              <sourceSystem>
                <code>2</code>
                <name>House floor actions</name>
              </sourceSystem>
              <committee />
            </item>
            <item>
              <actionDate>2017-01-12</actionDate>
              <links />
              <text />
            </item>
            <item>
              <actionDate>2017-01-12</actionDate>
              <actionTime>14:07:05</actionTime>
              <links />
              <text>House amendment offered/reported by : Amendment (A008) offered by Mrs. Hartzler.(consideration: CR H427; text: CR H427)</text>
              <type>NotUsed</type>
              <actionCode>71500</actionCode>
              <sourceSystem>
                <code>9</code>
                <name>Library of Congress</name>
              </sourceSystem>
              <committee />
            </item>
            <item>
              <actionDate>2017-01-12</actionDate>
              <actionTime>14:13:48</actionTime>
              <links />
              <text>House amendment agreed to: On agreeing to the Hartzler amendment (A008) Agreed to by voice vote.</text>
              <type>Floor</type>
              <actionCode>72000</actionCode>
              <sourceSystem>
                <code>9</code>
                <name>Library of Congress</name>
              </sourceSystem>
              <committee />
            </item>
            <item>
              <actionDate>2017-01-12</actionDate>
              <actionTime>14:13:48</actionTime>
              <links />
              <text>Amendment agreed to Committee of the Whole</text>
              <type>NotUsed</type>
              <actionCode>76000</actionCode>
              <sourceSystem>
                <code>9</code>
                <name>Library of Congress</name>
              </sourceSystem>
              <committee />
            </item>
            <item>
              <actionDate>2017-01-12</actionDate>
              <links />
              <text>House amendment offered</text>
              <type>Floor</type>
              <actionCode>71000</actionCode>
              <sourceSystem>
                <code>9</code>
                <name>Library of Congress</name>
              </sourceSystem>
              <committee />
            </item>
          </actions>
          <actionTypeCounts>
            <agreementToAnAmendmentResultsCommitteeOfTheWhole>1</agreementToAnAmendmentResultsCommitteeOfTheWhole>
            <amendmentOffered>1</amendmentOffered>
            <houseAmendmentOfferedReportedBy>1</houseAmendmentOfferedReportedBy>
            <houseAmendmentAgreedTo>1</houseAmendmentAgreedTo>
            <amendmentAgreedToCommitteeOfTheWhole>1</amendmentAgreedToCommitteeOfTheWhole>
            <houseAmendmentOffered>1</houseAmendmentOffered>
          </actionTypeCounts>
          <actionByCounts>
            <houseOfRepresentatives>6</houseOfRepresentatives>
          </actionByCounts>
        </actions>
        <version>1.0.0</version>
      </amendment>
      <amendment>
        <number>37</number>
        <description>An amendment numbered 7 printed in Part B of House Report 115-3 to exempt all inter-affiliate transactions from being regulated as `swaps' under the Dodd-Frank related provisions of the Commodity Exchange Act (`CEA') and Commodity Futures Trading Commission (`CFTC') regulations promulgated thereunder.</description>
        <purpose>Amendment exempts all inter-affiliate transactions from being regulated as "swaps" under the Dodd-Frank related provisions of the Commodity Exchange Act ("CEA") and Commodity Futures Trading Commission ("CFTC") regulations promulgated thereunder.</purpose>
        <congress>115</congress>
        <type>HAMDT</type>
        <latestAction>
          <actionDate>2017-01-12</actionDate>
          <text>On agreeing to the Lucas amendment (A007) Agreed to by voice vote.</text>
          <actionTime>14:06:49</actionTime>
        </latestAction>
        <number>37</number>
        <description>An amendment numbered 7 printed in Part B of House Report 115-3 to exempt all inter-affiliate transactions from being regulated as `swaps' under the Dodd-Frank related provisions of the Commodity Exchange Act (`CEA') and Commodity Futures Trading Commission (`CFTC') regulations promulgated thereunder.</description>
        <purpose>Amendment exempts all inter-affiliate transactions from being regulated as "swaps" under the Dodd-Frank related provisions of the Commodity Exchange Act ("CEA") and Commodity Futures Trading Commission ("CFTC") regulations promulgated thereunder.</purpose>
        <congress>115</congress>
        <type>HAMDT</type>
        <createDate>2017-01-13T09:56:20Z</createDate>
        <updateDate>2020-12-15T16:29:55Z</updateDate>
        <sponsors>
          <item>
            <bioguideId>L000491</bioguideId>
            <fullName>Rep. Lucas, Frank D. [R-OK-3]</fullName>
            <firstName>FRANK</firstName>
            <middleName>D.</middleName>
            <lastName>LUCAS</lastName>
            <party>R</party>
            <state>OK</state>
            <identifiers>
              <lisID>711</lisID>
              <bioguideId>L000491</bioguideId>
              <gpoId>8111</gpoId>
            </identifiers>
            <district>3</district>
          </item>
        </sponsors>
        <cosponsors>
          <totalCount>0</totalCount>
          <currentCount>0</currentCount>
        </cosponsors>
        <titles />
        <proposedDate />
        <submittedDate>2017-01-12T05:00:00Z</submittedDate>
        <chamber>House of Representatives</chamber>
        <amendedBill>
          <congress>115</congress>
          <type>HR</type>
          <originChamber>House</originChamber>
          <originChamberCode>H</originChamberCode>
          <number>238</number>
          <title>Commodity End-User Relief Act</title>
        </amendedBill>
        <amendedAmendment />
        <amendments>
          <count>0</count>
        </amendments>
        <links />
        <notes />
        <actions>
          <count>7</count>
          <actions>
            <item>
              <actionDate>2017-01-12</actionDate>
              <actionTime>14:06:49</actionTime>
              <links />
              <text>On agreeing to the Lucas amendment (A007) Agreed to by voice vote.</text>
              <type>Floor</type>
              <actionCode>H32111</actionCode>
              <sourceSystem>
                <code>2</code>
                <name>House floor actions</name>
              </sourceSystem>
              <committee />
            </item>
            <item>
              <actionDate>2017-01-12</actionDate>
              <actionTime>14:00:24</actionTime>
              <links />
              <text>Amendment (A007) offered by Mr. Lucas. (consideration: CR H426-427 text: CR H426)</text>
              <type>Floor</type>
              <actionCode>H3A100</actionCode>
              <sourceSystem>
                <code>2</code>
                <name>House floor actions</name>
              </sourceSystem>
              <committee />
            </item>
            <item>
              <actionDate>2017-01-12</actionDate>
              <links />
              <text />
            </item>
            <item>
              <actionDate>2017-01-12</actionDate>
              <actionTime>14:00:24</actionTime>
              <links />
              <text>House amendment offered/reported by : Amendment (A007) offered by Mr. Lucas.(consideration: CR H426-427 text: CR H426)</text>
              <type>NotUsed</type>
              <actionCode>71500</actionCode>
              <sourceSystem>
                <code>9</code>
                <name>Library of Congress</name>
              </sourceSystem>
              <committee />
            </item>
            <item>
              <actionDate>2017-01-12</actionDate>
              <actionTime>14:06:49</actionTime>
              <links />
              <text>House amendment agreed to: On agreeing to the Lucas amendment (A007) Agreed to by voice vote.</text>
              <type>Floor</type>
              <actionCode>72000</actionCode>
              <sourceSystem>
                <code>9</code>
                <name>Library of Congress</name>
              </sourceSystem>
              <committee />
            </item>
            <item>
              <actionDate>2017-01-12</actionDate>
              <actionTime>14:06:49</actionTime>
              <links />
              <text>Amendment agreed to Committee of the Whole</text>
              <type>NotUsed</type>
              <actionCode>76000</actionCode>
              <sourceSystem>
                <code>9</code>
                <name>Library of Congress</name>
              </sourceSystem>
              <committee />
            </item>
            <item>
              <actionDate>2017-01-12</actionDate>
              <links />
              <text>House amendment offered</text>
              <type>Floor</type>
              <actionCode>71000</actionCode>
              <sourceSystem>
                <code>9</code>
                <name>Library of Congress</name>
              </sourceSystem>
              <committee />
            </item>
          </actions>
          <actionTypeCounts>
            <agreementToAnAmendmentResultsCommitteeOfTheWhole>1</agreementToAnAmendmentResultsCommitteeOfTheWhole>
            <amendmentOffered>1</amendmentOffered>
            <houseAmendmentOfferedReportedBy>1</houseAmendmentOfferedReportedBy>
            <houseAmendmentAgreedTo>1</houseAmendmentAgreedTo>
            <amendmentAgreedToCommitteeOfTheWhole>1</amendmentAgreedToCommitteeOfTheWhole>
            <houseAmendmentOffered>1</houseAmendmentOffered>
          </actionTypeCounts>
          <actionByCounts>
            <houseOfRepresentatives>6</houseOfRepresentatives>
          </actionByCounts>
        </actions>
        <version>1.0.0</version>
      </amendment>
      <amendment>
        <number>36</number>
        <description>An amendment numbered 6 printed in Part B of House Report 115-3 to prevent a situation in which an end-user loses its ability to rely on the end-user exception to the clearing requirement due simply to the positive performance of transactions entered into solely to mitigate the prospect of falling revenues and asset values.</description>
        <purpose>Amendment prevents a situation in which an end-user loses its ability to rely on the end-user exception to the clearing requirement due simply to the positive performance of transactions entered into solely to mitigate the prospect of falling revenues and asset values.</purpose>
        <congress>115</congress>
        <type>HAMDT</type>
        <latestAction>
          <actionDate>2017-01-12</actionDate>
          <text>On agreeing to the LaMalfa amendment (A006) Agreed to by voice vote.</text>
          <actionTime>14:00:04</actionTime>
        </latestAction>
        <number>36</number>
        <description>An amendment numbered 6 printed in Part B of House Report 115-3 to prevent a situation in which an end-user loses its ability to rely on the end-user exception to the clearing requirement due simply to the positive performance of transactions entered into solely to mitigate the prospect of falling revenues and asset values.</description>
        <purpose>Amendment prevents a situation in which an end-user loses its ability to rely on the end-user exception to the clearing requirement due simply to the positive performance of transactions entered into solely to mitigate the prospect of falling revenues and asset values.</purpose>
        <congress>115</congress>
        <type>HAMDT</type>
        <createDate>2017-01-13T09:56:19Z</createDate>
        <updateDate>2020-12-15T16:29:55Z</updateDate>
        <sponsors>
          <item>
            <bioguideId>L000578</bioguideId>
            <fullName>Rep. LaMalfa, Doug [R-CA-1]</fullName>
            <firstName>Doug</firstName>
            <middleName />
            <lastName>LaMalfa</lastName>
            <party>R</party>
            <state>CA</state>
            <identifiers>
              <lisID>2100</lisID>
              <bioguideId>L000578</bioguideId>
              <gpoId />
            </identifiers>
            <district>1</district>
          </item>
        </sponsors>
        <cosponsors>
          <totalCount>0</totalCount>
          <currentCount>0</currentCount>
        </cosponsors>
        <titles />
        <proposedDate />
        <submittedDate>2017-01-12T05:00:00Z</submittedDate>
        <chamber>House of Representatives</chamber>
        <amendedBill>
          <congress>115</congress>
          <type>HR</type>
          <originChamber>House</originChamber>
          <originChamberCode>H</originChamberCode>
          <number>238</number>
          <title>Commodity End-User Relief Act</title>
        </amendedBill>
        <amendedAmendment />
        <amendments>
          <count>0</count>
        </amendments>
        <links />
        <notes />
        <actions>
          <count>7</count>
          <actions>
            <item>
              <actionDate>2017-01-12</actionDate>
              <actionTime>14:00:04</actionTime>
              <links />
              <text>On agreeing to the LaMalfa amendment (A006) Agreed to by voice vote.</text>
              <type>Floor</type>
              <actionCode>H32111</actionCode>
              <sourceSystem>
                <code>2</code>
                <name>House floor actions</name>
              </sourceSystem>
              <committee />
            </item>
            <item>
              <actionDate>2017-01-12</actionDate>
              <actionTime>13:57:33</actionTime>
              <links />
              <text>Amendment (A006) offered by Mr. LaMalfa. (consideration: CR H425-426; text: CR H425)</text>
              <type>Floor</type>
              <actionCode>H3A100</actionCode>
              <sourceSystem>
                <code>2</code>
                <name>House floor actions</name>
              </sourceSystem>
              <committee />
            </item>
            <item>
              <actionDate>2017-01-12</actionDate>
              <links />
              <text />
            </item>
            <item>
              <actionDate>2017-01-12</actionDate>
              <actionTime>13:57:33</actionTime>
              <links />
              <text>House amendment offered/reported by : Amendment (A006) offered by Mr. LaMalfa.(consideration: CR H425-426; text: CR H425)</text>
              <type>NotUsed</type>
              <actionCode>71500</actionCode>
              <sourceSystem>
                <code>9</code>
                <name>Library of Congress</name>
              </sourceSystem>
              <committee />
            </item>
            <item>
              <actionDate>2017-01-12</actionDate>
              <actionTime>14:00:04</actionTime>
              <links />
              <text>House amendment agreed to: On agreeing to the LaMalfa amendment (A006) Agreed to by voice vote.</text>
              <type>Floor</type>
              <actionCode>72000</actionCode>
              <sourceSystem>
                <code>9</code>
                <name>Library of Congress</name>
              </sourceSystem>
              <committee />
            </item>
            <item>
              <actionDate>2017-01-12</actionDate>
              <actionTime>14:00:04</actionTime>
              <links />
              <text>Amendment agreed to Committee of the Whole</text>
              <type>NotUsed</type>
              <actionCode>76000</actionCode>
              <sourceSystem>
                <code>9</code>
                <name>Library of Congress</name>
              </sourceSystem>
              <committee />
            </item>
            <item>
              <actionDate>2017-01-12</actionDate>
              <links />
              <text>House amendment offered</text>
              <type>Floor</type>
              <actionCode>71000</actionCode>
              <sourceSystem>
                <code>9</code>
                <name>Library of Congress</name>
              </sourceSystem>
              <committee />
            </item>
          </actions>
          <actionTypeCounts>
            <agreementToAnAmendmentResultsCommitteeOfTheWhole>1</agreementToAnAmendmentResultsCommitteeOfTheWhole>
            <amendmentOffered>1</amendmentOffered>
            <houseAmendmentOfferedReportedBy>1</houseAmendmentOfferedReportedBy>
            <houseAmendmentAgreedTo>1</houseAmendmentAgreedTo>
            <amendmentAgreedToCommitteeOfTheWhole>1</amendmentAgreedToCommitteeOfTheWhole>
            <houseAmendmentOffered>1</houseAmendmentOffered>
          </actionTypeCounts>
          <actionByCounts>
            <houseOfRepresentatives>6</houseOfRepresentatives>
          </actionByCounts>
        </actions>
        <version>1.0.0</version>
      </amendment>
      <amendment>
        <number>35</number>
        <description>An amendment numbered 5 printed in Part B of House Report 115-3 to prohibit the CFTC from compelling the production of algorithmic trading source code and similar intellectual property unless it has issued a subpoena.</description>
        <purpose>Amendment prohibits the CFTC from compelling the production of algorithmic trading source code and similar intellectual property unless it has issued a subpoena.</purpose>
        <congress>115</congress>
        <type>HAMDT</type>
        <latestAction>
          <actionDate>2017-01-12</actionDate>
          <text>On agreeing to the Duffy amendment (A005) Agreed to by voice vote.</text>
          <actionTime>13:56:55</actionTime>
        </latestAction>
        <number>35</number>
        <description>An amendment numbered 5 printed in Part B of House Report 115-3 to prohibit the CFTC from compelling the production of algorithmic trading source code and similar intellectual property unless it has issued a subpoena.</description>
        <purpose>Amendment prohibits the CFTC from compelling the production of algorithmic trading source code and similar intellectual property unless it has issued a subpoena.</purpose>
        <congress>115</congress>
        <type>HAMDT</type>
        <createDate>2017-01-13T09:56:19Z</createDate>
        <updateDate>2020-12-15T16:29:55Z</updateDate>
        <sponsors>
          <item>
            <bioguideId>D000614</bioguideId>
            <fullName>Rep. Duffy, Sean P. [R-WI-7]</fullName>
            <firstName>Sean</firstName>
            <middleName>P.</middleName>
            <lastName>Duffy</lastName>
            <party>R</party>
            <state>WI</state>
            <identifiers>
              <lisID>2072</lisID>
              <bioguideId>D000614</bioguideId>
              <gpoId>8220</gpoId>
            </identifiers>
            <district>7</district>
          </item>
        </sponsors>
        <cosponsors>
          <totalCount>0</totalCount>
          <currentCount>0</currentCount>
        </cosponsors>
        <titles />
        <proposedDate />
        <submittedDate>2017-01-12T05:00:00Z</submittedDate>
        <chamber>House of Representatives</chamber>
        <amendedBill>
          <congress>115</congress>
          <type>HR</type>
          <originChamber>House</originChamber>
          <originChamberCode>H</originChamberCode>
          <number>238</number>
          <title>Commodity End-User Relief Act</title>
        </amendedBill>
        <amendedAmendment />
        <amendments>
          <count>0</count>
        </amendments>
        <links />
        <notes />
        <actions>
          <count>7</count>
          <actions>
            <item>
              <actionDate>2017-01-12</actionDate>
              <actionTime>13:56:55</actionTime>
              <links />
              <text>On agreeing to the Duffy amendment (A005) Agreed to by voice vote.</text>
              <type>Floor</type>
              <actionCode>H32111</actionCode>
              <sourceSystem>
                <code>2</code>
                <name>House floor actions</name>
              </sourceSystem>
              <committee />
            </item>
            <item>
              <actionDate>2017-01-12</actionDate>
              <actionTime>13:50:43</actionTime>
              <links />
              <text>Amendment (A005) offered by Mr. Duffy. (consideration: CR H424-425; text: CR H424)</text>
              <type>Floor</type>
              <actionCode>H3A100</actionCode>
              <sourceSystem>
                <code>2</code>
                <name>House floor actions</name>
              </sourceSystem>
              <committee />
            </item>
            <item>
              <actionDate>2017-01-12</actionDate>
              <links />
              <text />
            </item>
            <item>
              <actionDate>2017-01-12</actionDate>
              <actionTime>13:50:43</actionTime>
              <links />
              <text>House amendment offered/reported by : Amendment (A005) offered by Mr. Duffy.(consideration: CR H424-425; text: CR H424)</text>
              <type>NotUsed</type>
              <actionCode>71500</actionCode>
              <sourceSystem>
                <code>9</code>
                <name>Library of Congress</name>
              </sourceSystem>
              <committee />
            </item>
            <item>
              <actionDate>2017-01-12</actionDate>
              <actionTime>13:56:55</actionTime>
              <links />
              <text>House amendment agreed to: On agreeing to the Duffy amendment (A005) Agreed to by voice vote.</text>
              <type>Floor</type>
              <actionCode>72000</actionCode>
              <sourceSystem>
                <code>9</code>
                <name>Library of Congress</name>
              </sourceSystem>
              <committee />
            </item>
            <item>
              <actionDate>2017-01-12</actionDate>
              <actionTime>13:56:55</actionTime>
              <links />
              <text>Amendment agreed to Committee of the Whole</text>
              <type>NotUsed</type>
              <actionCode>76000</actionCode>
              <sourceSystem>
                <code>9</code>
                <name>Library of Congress</name>
              </sourceSystem>
              <committee />
            </item>
            <item>
              <actionDate>2017-01-12</actionDate>
              <links />
              <text>House amendment offered</text>
              <type>Floor</type>
              <actionCode>71000</actionCode>
              <sourceSystem>
                <code>9</code>
                <name>Library of Congress</name>
              </sourceSystem>
              <committee />
            </item>
          </actions>
          <actionTypeCounts>
            <agreementToAnAmendmentResultsCommitteeOfTheWhole>1</agreementToAnAmendmentResultsCommitteeOfTheWhole>
            <amendmentOffered>1</amendmentOffered>
            <houseAmendmentOfferedReportedBy>1</houseAmendmentOfferedReportedBy>
            <houseAmendmentAgreedTo>1</houseAmendmentAgreedTo>
            <amendmentAgreedToCommitteeOfTheWhole>1</amendmentAgreedToCommitteeOfTheWhole>
            <houseAmendmentOffered>1</houseAmendmentOffered>
          </actionTypeCounts>
          <actionByCounts>
            <houseOfRepresentatives>6</houseOfRepresentatives>
          </actionByCounts>
        </actions>
        <version>1.0.0</version>
      </amendment>
      <amendment>
        <number>34</number>
        <description>An amendment numbered 4 printed in Part B of House Report 115-3 to make clear Congress's intent that the Commission may impose and implement position limits as it finds necessary, provided the Commission makes a finding prior to imposing such limits. It makes no changes to the longstanding federal position limits regime for the enumerated agricultural commodities or the existing statutory requirements that Designated Contract Markets impose position limits or accountability levels on all contracts.</description>
        <purpose>Amendment makes clear that the Commission may impose and implement position limits as it finds necessary, provided the Commission makes a finding prior to imposing such limits. It makes no changes to the longstanding federal position limits regime for the enumerated agricultural commodities or the existing statutory requirements that Designated Contract Markets impose position limits or accountability levels on all contracts.</purpose>
        <congress>115</congress>
        <type>HAMDT</type>
        <latestAction>
          <actionDate>2017-01-12</actionDate>
          <text>On agreeing to the Conaway amendment (A004) Agreed to by recorded vote: 236 - 191 (Roll no. 52).</text>
          <actionTime>17:18:49</actionTime>
        </latestAction>
        <number>34</number>
        <description>An amendment numbered 4 printed in Part B of House Report 115-3 to make clear Congress's intent that the Commission may impose and implement position limits as it finds necessary, provided the Commission makes a finding prior to imposing such limits. It makes no changes to the longstanding federal position limits regime for the enumerated agricultural commodities or the existing statutory requirements that Designated Contract Markets impose position limits or accountability levels on all contracts.</description>
        <purpose>Amendment makes clear that the Commission may impose and implement position limits as it finds necessary, provided the Commission makes a finding prior to imposing such limits. It makes no changes to the longstanding federal position limits regime for the enumerated agricultural commodities or the existing statutory requirements that Designated Contract Markets impose position limits or accountability levels on all contracts.</purpose>
        <congress>115</congress>
        <type>HAMDT</type>
        <createDate>2017-01-13T09:56:19Z</createDate>
        <updateDate>2020-12-15T16:29:55Z</updateDate>
        <sponsors>
          <item>
            <bioguideId>C001062</bioguideId>
            <fullName>Rep. Conaway, K. Michael [R-TX-11]</fullName>
            <firstName>K.</firstName>
            <middleName>Michael</middleName>
            <lastName>Conaway</lastName>
            <party>R</party>
            <state>TX</state>
            <identifiers>
              <lisID>1805</lisID>
              <bioguideId>C001062</bioguideId>
              <gpoId>8167</gpoId>
            </identifiers>
            <district>11</district>
          </item>
        </sponsors>
        <cosponsors>
          <totalCount>0</totalCount>
          <currentCount>0</currentCount>
        </cosponsors>
        <titles />
        <proposedDate />
        <submittedDate>2017-01-12T05:00:00Z</submittedDate>
        <chamber>House of Representatives</chamber>
        <amendedBill>
          <congress>115</congress>
          <type>HR</type>
          <originChamber>House</originChamber>
          <originChamberCode>H</originChamberCode>
          <number>238</number>
          <title>Commodity End-User Relief Act</title>
        </amendedBill>
        <amendedAmendment />
        <amendments>
          <count>0</count>
        </amendments>
        <links />
        <notes />
        <actions>
          <count>8</count>
          <actions>
            <item>
              <actionDate>2017-01-12</actionDate>
              <actionTime>17:18:49</actionTime>
              <links />
              <text>On agreeing to the Conaway amendment (A004) Agreed to by recorded vote: 236 - 191 (Roll no. 52).</text>
              <type>Floor</type>
              <actionCode>H32111</actionCode>
              <sourceSystem>
                <code>2</code>
                <name>House floor actions</name>
              </sourceSystem>
              <committee />
            </item>
            <item>
              <actionDate>2017-01-12</actionDate>
              <actionTime>13:39:09</actionTime>
              <links />
              <text>Amendment (A004) offered by Mr. Conaway. (consideration: CR H423-424; text: CR H423)</text>
              <type>Floor</type>
              <actionCode>H3A100</actionCode>
              <sourceSystem>
                <code>2</code>
                <name>House floor actions</name>
              </sourceSystem>
              <committee />
            </item>
            <item>
              <actionDate>2017-01-12</actionDate>
              <links />
              <text />
            </item>
            <item>
              <actionDate>2017-01-12</actionDate>
              <actionTime>17:18:49</actionTime>
              <links />
              <text>Amendment agreed to Committee of the Whole</text>
              <type>NotUsed</type>
              <actionCode>76000</actionCode>
              <sourceSystem>
                <code>9</code>
                <name>Library of Congress</name>
              </sourceSystem>
              <committee />
            </item>
            <item>
              <actionDate>2017-01-12</actionDate>
              <actionTime>13:39:09</actionTime>
              <links />
              <text>House amendment offered/reported by : Amendment (A004) offered by Mr. Conaway.(consideration: CR H423-424; text: CR H423)</text>
              <type>NotUsed</type>
              <actionCode>71500</actionCode>
              <sourceSystem>
                <code>9</code>
                <name>Library of Congress</name>
              </sourceSystem>
              <committee />
            </item>
            <item>
              <actionDate>2017-01-12</actionDate>
              <actionTime>17:18:49</actionTime>
              <links />
              <text>House amendment agreed to: On agreeing to the Conaway amendment (A004) Agreed to by recorded vote: 236 - 191 (Roll no. 52).</text>
              <type>Floor</type>
              <actionCode>72000</actionCode>
              <sourceSystem>
                <code>9</code>
                <name>Library of Congress</name>
              </sourceSystem>
              <committee />
            </item>
            <item>
              <actionDate>2017-01-12</actionDate>
              <actionTime>17:18:49</actionTime>
              <links />
              <text>Roll call votes on amendments in House</text>
              <type>Floor</type>
              <actionCode>75000</actionCode>
              <sourceSystem>
                <code>9</code>
                <name>Library of Congress</name>
              </sourceSystem>
              <committee />
            </item>
            <item>
              <actionDate>2017-01-12</actionDate>
              <links />
              <text>House amendment offered</text>
              <type>Floor</type>
              <actionCode>71000</actionCode>
              <sourceSystem>
                <code>9</code>
                <name>Library of Congress</name>
              </sourceSystem>
              <committee />
            </item>
          </actions>
          <actionTypeCounts>
            <agreementToAnAmendmentResultsCommitteeOfTheWhole>1</agreementToAnAmendmentResultsCommitteeOfTheWhole>
            <amendmentOffered>1</amendmentOffered>
            <amendmentAgreedToCommitteeOfTheWhole>1</amendmentAgreedToCommitteeOfTheWhole>
            <houseAmendmentOfferedReportedBy>1</houseAmendmentOfferedReportedBy>
            <houseAmendmentAgreedTo>1</houseAmendmentAgreedTo>
            <rollCallVotesOnAmendmentsInHouse>1</rollCallVotesOnAmendmentsInHouse>
            <houseAmendmentOffered>1</houseAmendmentOffered>
          </actionTypeCounts>
          <actionByCounts>
            <houseOfRepresentatives>7</houseOfRepresentatives>
          </actionByCounts>
        </actions>
        <version>1.0.0</version>
      </amendment>
      <amendment>
        <number>33</number>
        <description>An amendment numbered 3 printed in Part B of House Report 115-3 to make technical and conforming changes to the bill.</description>
        <purpose>Amendment makes technical and conforming changes to the bill.</purpose>
        <congress>115</congress>
        <type>HAMDT</type>
        <latestAction>
          <actionDate>2017-01-12</actionDate>
          <text>On agreeing to the Conaway amendment (A003) Agreed to by voice vote.</text>
          <actionTime>13:38:58</actionTime>
        </latestAction>
        <number>33</number>
        <description>An amendment numbered 3 printed in Part B of House Report 115-3 to make technical and conforming changes to the bill.</description>
        <purpose>Amendment makes technical and conforming changes to the bill.</purpose>
        <congress>115</congress>
        <type>HAMDT</type>
        <createDate>2017-01-13T09:56:19Z</createDate>
        <updateDate>2020-12-15T16:29:55Z</updateDate>
        <sponsors>
          <item>
            <bioguideId>C001062</bioguideId>
            <fullName>Rep. Conaway, K. Michael [R-TX-11]</fullName>
            <firstName>K.</firstName>
            <middleName>Michael</middleName>
            <lastName>Conaway</lastName>
            <party>R</party>
            <state>TX</state>
            <identifiers>
              <lisID>1805</lisID>
              <bioguideId>C001062</bioguideId>
              <gpoId>8167</gpoId>
            </identifiers>
            <district>11</district>
          </item>
        </sponsors>
        <cosponsors>
          <totalCount>0</totalCount>
          <currentCount>0</currentCount>
        </cosponsors>
        <titles />
        <proposedDate />
        <submittedDate>2017-01-12T05:00:00Z</submittedDate>
        <chamber>House of Representatives</chamber>
        <amendedBill>
          <congress>115</congress>
          <type>HR</type>
          <originChamber>House</originChamber>
          <originChamberCode>H</originChamberCode>
          <number>238</number>
          <title>Commodity End-User Relief Act</title>
        </amendedBill>
        <amendedAmendment />
        <amendments>
          <count>0</count>
        </amendments>
        <links />
        <notes />
        <actions>
          <count>7</count>
          <actions>
            <item>
              <actionDate>2017-01-12</actionDate>
              <actionTime>13:38:58</actionTime>
              <links />
              <text>On agreeing to the Conaway amendment (A003) Agreed to by voice vote.</text>
              <type>Floor</type>
              <actionCode>H32111</actionCode>
              <sourceSystem>
                <code>2</code>
                <name>House floor actions</name>
              </sourceSystem>
              <committee />
            </item>
            <item>
              <actionDate>2017-01-12</actionDate>
              <actionTime>13:37:25</actionTime>
              <links />
              <text>Amendment (A003) offered by Mr. Conaway. (consideration: CR H423; text: CR H423)</text>
              <type>Floor</type>
              <actionCode>H3A100</actionCode>
              <sourceSystem>
                <code>2</code>
                <name>House floor actions</name>
              </sourceSystem>
              <committee />
            </item>
            <item>
              <actionDate>2017-01-12</actionDate>
              <links />
              <text />
            </item>
            <item>
              <actionDate>2017-01-12</actionDate>
              <actionTime>13:37:25</actionTime>
              <links />
              <text>House amendment offered/reported by : Amendment (A003) offered by Mr. Conaway.(consideration: CR H423; text: CR H423)</text>
              <type>NotUsed</type>
              <actionCode>71500</actionCode>
              <sourceSystem>
                <code>9</code>
                <name>Library of Congress</name>
              </sourceSystem>
              <committee />
            </item>
            <item>
              <actionDate>2017-01-12</actionDate>
              <actionTime>13:38:58</actionTime>
              <links />
              <text>House amendment agreed to: On agreeing to the Conaway amendment (A003) Agreed to by voice vote.</text>
              <type>Floor</type>
              <actionCode>72000</actionCode>
              <sourceSystem>
                <code>9</code>
                <name>Library of Congress</name>
              </sourceSystem>
              <committee />
            </item>
            <item>
              <actionDate>2017-01-12</actionDate>
              <actionTime>13:38:58</actionTime>
              <links />
              <text>Amendment agreed to Committee of the Whole</text>
              <type>NotUsed</type>
              <actionCode>76000</actionCode>
              <sourceSystem>
                <code>9</code>
                <name>Library of Congress</name>
              </sourceSystem>
              <committee />
            </item>
            <item>
              <actionDate>2017-01-12</actionDate>
              <links />
              <text>House amendment offered</text>
              <type>Floor</type>
              <actionCode>71000</actionCode>
              <sourceSystem>
                <code>9</code>
                <name>Library of Congress</name>
              </sourceSystem>
              <committee />
            </item>
          </actions>
          <actionTypeCounts>
            <agreementToAnAmendmentResultsCommitteeOfTheWhole>1</agreementToAnAmendmentResultsCommitteeOfTheWhole>
            <amendmentOffered>1</amendmentOffered>
            <houseAmendmentOfferedReportedBy>1</houseAmendmentOfferedReportedBy>
            <houseAmendmentAgreedTo>1</houseAmendmentAgreedTo>
            <amendmentAgreedToCommitteeOfTheWhole>1</amendmentAgreedToCommitteeOfTheWhole>
            <houseAmendmentOffered>1</houseAmendmentOffered>
          </actionTypeCounts>
          <actionByCounts>
            <houseOfRepresentatives>6</houseOfRepresentatives>
          </actionByCounts>
        </actions>
        <version>1.0.0</version>
      </amendment>
      <amendment>
        <number>32</number>
        <description>An amendment numbered 2 printed in Part B of House Report 115-3 to reform the Customer Protection Fund at the CFTC to amend the size of the fund, annual expenditures from the fund and return excess balance to the Treasury.</description>
        <purpose>Amendment reforms the Customer Protection Fund at the CFTC to modify the size of the fund, annual expenditures from the fund and return excess balance to the Treasury.</purpose>
        <congress>115</congress>
        <type>HAMDT</type>
        <latestAction>
          <actionDate>2017-01-12</actionDate>
          <text>On agreeing to the Scott, Austin amendment (A002) Agreed to by voice vote.</text>
          <actionTime>13:36:56</actionTime>
        </latestAction>
        <number>32</number>
        <description>An amendment numbered 2 printed in Part B of House Report 115-3 to reform the Customer Protection Fund at the CFTC to amend the size of the fund, annual expenditures from the fund and return excess balance to the Treasury.</description>
        <purpose>Amendment reforms the Customer Protection Fund at the CFTC to modify the size of the fund, annual expenditures from the fund and return excess balance to the Treasury.</purpose>
        <congress>115</congress>
        <type>HAMDT</type>
        <createDate>2017-01-13T09:56:18Z</createDate>
        <updateDate>2020-12-15T16:29:55Z</updateDate>
        <sponsors>
          <item>
            <bioguideId>S001189</bioguideId>
            <fullName>Rep. Scott, Austin [R-GA-8]</fullName>
            <firstName>Austin</firstName>
            <middleName />
            <lastName>Scott</lastName>
            <party>R</party>
            <state>GA</state>
            <identifiers>
              <lisID>2009</lisID>
              <bioguideId>S001189</bioguideId>
              <gpoId>7905</gpoId>
            </identifiers>
            <district>8</district>
          </item>
        </sponsors>
        <cosponsors>
          <totalCount>0</totalCount>
          <currentCount>0</currentCount>
        </cosponsors>
        <titles />
        <proposedDate />
        <submittedDate>2017-01-12T05:00:00Z</submittedDate>
        <chamber>House of Representatives</chamber>
        <amendedBill>
          <congress>115</congress>
          <type>HR</type>
          <originChamber>House</originChamber>
          <originChamberCode>H</originChamberCode>
          <number>238</number>
          <title>Commodity End-User Relief Act</title>
        </amendedBill>
        <amendedAmendment />
        <amendments>
          <count>0</count>
        </amendments>
        <links />
        <notes />
        <actions>
          <count>7</count>
          <actions>
            <item>
              <actionDate>2017-01-12</actionDate>
              <actionTime>13:36:56</actionTime>
              <links />
              <text>On agreeing to the Scott, Austin amendment (A002) Agreed to by voice vote.</text>
              <type>Floor</type>
              <actionCode>H32111</actionCode>
              <sourceSystem>
                <code>2</code>
                <name>House floor actions</name>
              </sourceSystem>
              <committee />
            </item>
            <item>
              <actionDate>2017-01-12</actionDate>
              <actionTime>13:31:34</actionTime>
              <links />
              <text>Amendment (A002) offered by Mr. Scott, Austin. (consideration: CR H422; text: CR H422)</text>
              <type>Floor</type>
              <actionCode>H3A100</actionCode>
              <sourceSystem>
                <code>2</code>
                <name>House floor actions</name>
              </sourceSystem>
              <committee />
            </item>
            <item>
              <actionDate>2017-01-12</actionDate>
              <links />
              <text />
            </item>
            <item>
              <actionDate>2017-01-12</actionDate>
              <actionTime>13:31:34</actionTime>
              <links />
              <text>House amendment offered/reported by : Amendment (A002) offered by Mr. Scott, Austin.(consideration: CR H422; text: CR H422)</text>
              <type>NotUsed</type>
              <actionCode>71500</actionCode>
              <sourceSystem>
                <code>9</code>
                <name>Library of Congress</name>
              </sourceSystem>
              <committee />
            </item>
            <item>
              <actionDate>2017-01-12</actionDate>
              <actionTime>13:36:56</actionTime>
              <links />
              <text>House amendment agreed to: On agreeing to the Scott, Austin amendment (A002) Agreed to by voice vote.</text>
              <type>Floor</type>
              <actionCode>72000</actionCode>
              <sourceSystem>
                <code>9</code>
                <name>Library of Congress</name>
              </sourceSystem>
              <committee />
            </item>
            <item>
              <actionDate>2017-01-12</actionDate>
              <actionTime>13:36:56</actionTime>
              <links />
              <text>Amendment agreed to Committee of the Whole</text>
              <type>NotUsed</type>
              <actionCode>76000</actionCode>
              <sourceSystem>
                <code>9</code>
                <name>Library of Congress</name>
              </sourceSystem>
              <committee />
            </item>
            <item>
              <actionDate>2017-01-12</actionDate>
              <links />
              <text>House amendment offered</text>
              <type>Floor</type>
              <actionCode>71000</actionCode>
              <sourceSystem>
                <code>9</code>
                <name>Library of Congress</name>
              </sourceSystem>
              <committee />
            </item>
          </actions>
          <actionTypeCounts>
            <agreementToAnAmendmentResultsCommitteeOfTheWhole>1</agreementToAnAmendmentResultsCommitteeOfTheWhole>
            <amendmentOffered>1</amendmentOffered>
            <houseAmendmentOfferedReportedBy>1</houseAmendmentOfferedReportedBy>
            <houseAmendmentAgreedTo>1</houseAmendmentAgreedTo>
            <amendmentAgreedToCommitteeOfTheWhole>1</amendmentAgreedToCommitteeOfTheWhole>
            <houseAmendmentOffered>1</houseAmendmentOffered>
          </actionTypeCounts>
          <actionByCounts>
            <houseOfRepresentatives>6</houseOfRepresentatives>
          </actionByCounts>
        </actions>
        <version>1.0.0</version>
      </amendment>
      <amendment>
        <number>31</number>
        <description>An amendment numbered 1 printed in Part B of House Report 115-3 to amend the Commodity Exchange Act to give the Commodity Futures Trading Commission authority to designate other agencies to manage its leases.</description>
        <purpose>Amendment modifies the Commodity Exchange Act to give the Commodity Futures Trading Commission authority to designate other agencies to manage its leases.</purpose>
        <congress>115</congress>
        <type>HAMDT</type>
        <latestAction>
          <actionDate>2017-01-12</actionDate>
          <text>On agreeing to the Aderholt amendment (A001) Agreed to by voice vote.</text>
          <actionTime>13:31:05</actionTime>
        </latestAction>
        <number>31</number>
        <description>An amendment numbered 1 printed in Part B of House Report 115-3 to amend the Commodity Exchange Act to give the Commodity Futures Trading Commission authority to designate other agencies to manage its leases.</description>
        <purpose>Amendment modifies the Commodity Exchange Act to give the Commodity Futures Trading Commission authority to designate other agencies to manage its leases.</purpose>
        <congress>115</congress>
        <type>HAMDT</type>
        <createDate>2017-01-13T09:56:17Z</createDate>
        <updateDate>2020-12-15T16:29:55Z</updateDate>
        <sponsors>
          <item>
            <bioguideId>A000055</bioguideId>
            <fullName>Rep. Aderholt, Robert B. [R-AL-4]</fullName>
            <firstName>ROBERT</firstName>
            <middleName>B.</middleName>
            <lastName>ADERHOLT</lastName>
            <party>R</party>
            <state>AL</state>
            <identifiers>
              <lisID>1460</lisID>
              <bioguideId>A000055</bioguideId>
              <gpoId>7789</gpoId>
            </identifiers>
            <district>4</district>
          </item>
        </sponsors>
        <cosponsors>
          <totalCount>0</totalCount>
          <currentCount>0</currentCount>
        </cosponsors>
        <titles />
        <proposedDate />
        <submittedDate>2017-01-12T05:00:00Z</submittedDate>
        <chamber>House of Representatives</chamber>
        <amendedBill>
          <congress>115</congress>
          <type>HR</type>
          <originChamber>House</originChamber>
          <originChamberCode>H</originChamberCode>
          <number>238</number>
          <title>Commodity End-User Relief Act</title>
        </amendedBill>
        <amendedAmendment />
        <amendments>
          <count>0</count>
        </amendments>
        <links />
        <notes />
        <actions>
          <count>7</count>
          <actions>
            <item>
              <actionDate>2017-01-12</actionDate>
              <actionTime>13:31:05</actionTime>
              <links />
              <text>On agreeing to the Aderholt amendment (A001) Agreed to by voice vote.</text>
              <type>Floor</type>
              <actionCode>H32111</actionCode>
              <sourceSystem>
                <code>2</code>
                <name>House floor actions</name>
              </sourceSystem>
              <committee />
            </item>
            <item>
              <actionDate>2017-01-12</actionDate>
              <actionTime>13:25:26</actionTime>
              <links />
              <text>Amendment (A001) offered by Mr. Aderholt. (consideration: CR H421-422; text: CR H421)</text>
              <type>Floor</type>
              <actionCode>H3A100</actionCode>
              <sourceSystem>
                <code>2</code>
                <name>House floor actions</name>
              </sourceSystem>
              <committee />
            </item>
            <item>
              <actionDate>2017-01-12</actionDate>
              <links />
              <text />
            </item>
            <item>
              <actionDate>2017-01-12</actionDate>
              <actionTime>13:25:26</actionTime>
              <links />
              <text>House amendment offered/reported by : Amendment (A001) offered by Mr. Aderholt.(consideration: CR H421-422; text: CR H421)</text>
              <type>NotUsed</type>
              <actionCode>71500</actionCode>
              <sourceSystem>
                <code>9</code>
                <name>Library of Congress</name>
              </sourceSystem>
              <committee />
            </item>
            <item>
              <actionDate>2017-01-12</actionDate>
              <actionTime>13:31:05</actionTime>
              <links />
              <text>Amendment agreed to Committee of the Whole</text>
              <type>NotUsed</type>
              <actionCode>76000</actionCode>
              <sourceSystem>
                <code>9</code>
                <name>Library of Congress</name>
              </sourceSystem>
              <committee />
            </item>
            <item>
              <actionDate>2017-01-12</actionDate>
              <actionTime>13:31:05</actionTime>
              <links />
              <text>House amendment agreed to: On agreeing to the Aderholt amendment (A001) Agreed to by voice vote.</text>
              <type>Floor</type>
              <actionCode>72000</actionCode>
              <sourceSystem>
                <code>9</code>
                <name>Library of Congress</name>
              </sourceSystem>
              <committee />
            </item>
            <item>
              <actionDate>2017-01-12</actionDate>
              <links />
              <text>House amendment offered</text>
              <type>Floor</type>
              <actionCode>71000</actionCode>
              <sourceSystem>
                <code>9</code>
                <name>Library of Congress</name>
              </sourceSystem>
              <committee />
            </item>
          </actions>
          <actionTypeCounts>
            <agreementToAnAmendmentResultsCommitteeOfTheWhole>1</agreementToAnAmendmentResultsCommitteeOfTheWhole>
            <amendmentOffered>1</amendmentOffered>
            <houseAmendmentOfferedReportedBy>1</houseAmendmentOfferedReportedBy>
            <amendmentAgreedToCommitteeOfTheWhole>1</amendmentAgreedToCommitteeOfTheWhole>
            <houseAmendmentAgreedTo>1</houseAmendmentAgreedTo>
            <houseAmendmentOffered>1</houseAmendmentOffered>
          </actionTypeCounts>
          <actionByCounts>
            <houseOfRepresentatives>6</houseOfRepresentatives>
          </actionByCounts>
        </actions>
        <version>1.0.0</version>
      </amendment>
    </amendments>
    <textVersions>
      <item>
        <type>Referred in Senate</type>
        <date>2017-01-17T05:00:00Z</date>
        <formats>
          <item>
            <url>https://www.govinfo.gov/content/pkg/BILLS-115hr238rfs/xml/BILLS-115hr238rfs.xml</url>
          </item>
        </formats>
      </item>
      <item>
        <type>Engrossed in House</type>
        <date>2017-01-12T05:00:00Z</date>
        <formats>
          <item>
            <url>https://www.govinfo.gov/content/pkg/BILLS-115hr238eh/xml/BILLS-115hr238eh.xml</url>
          </item>
        </formats>
      </item>
      <item>
        <type>Introduced in House</type>
        <date>2017-01-04T05:00:00Z</date>
        <formats>
          <item>
            <url>https://www.govinfo.gov/content/pkg/BILLS-115hr238ih/xml/BILLS-115hr238ih.xml</url>
          </item>
        </formats>
      </item>
    </textVersions>
    <latestAction>
      <actionDate>2017-01-17</actionDate>
      <text>Received in the Senate and Read twice and referred to the Committee on Agriculture, Nutrition, and Forestry.</text>
      <links />
    </latestAction>
    <calendarNumbers />
    <version>1.0.0</version>
  </bill>
  <dublinCore xmlns:dc="http://purl.org/dc/elements/1.1/">
    <dc:format>text/xml</dc:format>
    <dc:language>EN</dc:language>
    <dc:rights>Pursuant to Title 17 Section 105 of the United States Code, this file is not subject to copyright protection and is in the public domain.</dc:rights>
    <dc:contributor>Congressional Research Service, Library of Congress</dc:contributor>
    <dc:description>This file contains bill summaries and statuses for federal legislation. A bill summary describes the most significant provisions of a piece of legislation and details the effects the legislative text may have on current law and federal programs. Bill summaries are authored by the Congressional Research Service (CRS) of the Library of Congress. As stated in Public Law 91-510 (2 USC 166 (d)(6)), one of the duties of CRS is "to prepare summaries and digests of bills and resolutions of a public general nature introduced in the Senate or House of Representatives". For more information, refer to the User Guide that accompanies this file.</dc:description>
  </dublinCore>
</billStatus>

