<?xml version="1.0" encoding="UTF-8"?>
<billStatus>
  <bill>
    <billNumber>6664</billNumber>
    <createDate>2018-08-11T07:10:37Z</createDate>
    <updateDate>2020-09-28T22:37:22Z</updateDate>
    <originChamber>House</originChamber>
    <billType>HR</billType>
    <introducedDate>2018-08-10</introducedDate>
    <congress>115</congress>
    <constitutionalAuthorityStatementText><![CDATA[<pre>[Congressional Record Volume 164, Number 133 (Friday, August 10, 2018)]From the Congressional Record Online through the Government Publishing Office [<a href='http://www.gpo.gov'>www.gpo.gov</a>]By Mr. BABIN:H.R. 6664.Congress has the power to enact this legislation pursuantto the following:Article 1, Section 8[Page H7751]</pre>]]></constitutionalAuthorityStatementText>
    <recordedVotes />
    <committees>
      <billCommittees>
        <item>
          <systemCode>hsju00</systemCode>
          <name>Judiciary Committee</name>
          <chamber>House</chamber>
          <type>Standing</type>
          <subcommittees>
            <item>
              <systemCode>hsju08</systemCode>
              <name>Crime, Terrorism, and Homeland Security Subcommittee</name>
              <activities>
                <item>
                  <name>Referred to</name>
                  <date>2018-10-01T21:11:59Z</date>
                </item>
              </activities>
            </item>
          </subcommittees>
          <activities>
            <item>
              <name>Referred to</name>
              <date>2018-08-10T14:00:25Z</date>
            </item>
          </activities>
        </item>
      </billCommittees>
    </committees>
    <committeeReports />
    <relatedBills />
    <actions>
      <item>
        <actionDate>2018-10-01</actionDate>
        <committees>
          <item>
            <systemCode>hsju08</systemCode>
            <name>Crime, Terrorism, and Homeland Security Subcommittee</name>
          </item>
        </committees>
        <links />
        <sourceSystem>
          <code>1</code>
          <name>House committee actions</name>
        </sourceSystem>
        <text>Referred to the Subcommittee on Crime, Terrorism, Homeland Security, and Investigations.</text>
        <type>Committee</type>
      </item>
      <item>
        <actionDate>2018-08-10</actionDate>
        <links />
        <text>Referred to the House Committee on the Judiciary.</text>
        <type>IntroReferral</type>
        <actionCode>H11100</actionCode>
        <sourceSystem>
          <code>2</code>
          <name>House floor actions</name>
        </sourceSystem>
        <committees>
          <item>
            <systemCode>hsju00</systemCode>
            <name>Judiciary Committee</name>
          </item>
        </committees>
      </item>
      <item>
        <actionDate>2018-08-10</actionDate>
        <links />
        <text>Introduced in House</text>
        <type>IntroReferral</type>
        <actionCode>Intro-H</actionCode>
        <sourceSystem>
          <code>9</code>
          <name>Library of Congress</name>
        </sourceSystem>
        <committees />
      </item>
      <item>
        <actionDate>2018-08-10</actionDate>
        <links />
        <text>Introduced in House</text>
        <type>IntroReferral</type>
        <actionCode>1000</actionCode>
        <sourceSystem>
          <code>9</code>
          <name>Library of Congress</name>
        </sourceSystem>
        <committees />
      </item>
      <actionTypeCounts>
        <placeholderTextForH>1</placeholderTextForH>
        <billReferrals>1</billReferrals>
        <introducedInTheHouse>1</introducedInTheHouse>
        <introducedInHouse>1</introducedInHouse>
      </actionTypeCounts>
      <actionByCounts>
        <houseOfRepresentatives>4</houseOfRepresentatives>
      </actionByCounts>
    </actions>
    <sponsors>
      <item>
        <bioguideId>B001291</bioguideId>
        <fullName>Rep. Babin, Brian [R-TX-36]</fullName>
        <firstName>Brian</firstName>
        <middleName />
        <lastName>Babin</lastName>
        <party>R</party>
        <state>TX</state>
        <identifiers>
          <lisID>2270</lisID>
          <bioguideId>B001291</bioguideId>
          <gpoId />
        </identifiers>
        <district>36</district>
        <byRequestType />
      </item>
    </sponsors>
    <cosponsors>
      <item>
        <bioguideId>C000266</bioguideId>
        <fullName>Rep. Chabot, Steve [R-OH-1]</fullName>
        <firstName>STEVE</firstName>
        <middleName />
        <lastName>CHABOT</lastName>
        <party>R</party>
        <state>OH</state>
        <identifiers>
          <lisID>186</lisID>
          <bioguideId>C000266</bioguideId>
          <gpoId>8091</gpoId>
        </identifiers>
        <district>1</district>
        <sponsorshipDate>2018-09-13</sponsorshipDate>
        <isOriginalCosponsor>False</isOriginalCosponsor>
        <sponsorshipWithdrawnDate />
      </item>
      <item>
        <bioguideId>W000814</bioguideId>
        <fullName>Rep. Weber, Randy K., Sr. [R-TX-14]</fullName>
        <firstName>Randy</firstName>
        <middleName>K.</middleName>
        <lastName>Weber</lastName>
        <party>R</party>
        <state>TX</state>
        <identifiers>
          <lisID>2161</lisID>
          <bioguideId>W000814</bioguideId>
          <gpoId />
        </identifiers>
        <district>14</district>
        <sponsorshipDate>2018-09-13</sponsorshipDate>
        <isOriginalCosponsor>False</isOriginalCosponsor>
        <sponsorshipWithdrawnDate />
      </item>
      <item>
        <bioguideId>D000533</bioguideId>
        <fullName>Rep. Duncan, John J., Jr. [R-TN-2]</fullName>
        <firstName>JOHN</firstName>
        <middleName>J.</middleName>
        <lastName>DUNCAN</lastName>
        <party>R</party>
        <state>TN</state>
        <identifiers>
          <lisID>322</lisID>
          <bioguideId>D000533</bioguideId>
          <gpoId>8149</gpoId>
        </identifiers>
        <district>2</district>
        <sponsorshipDate>2018-09-13</sponsorshipDate>
        <isOriginalCosponsor>False</isOriginalCosponsor>
        <sponsorshipWithdrawnDate />
      </item>
      <item>
        <bioguideId>D000628</bioguideId>
        <fullName>Rep. Dunn, Neal P. [R-FL-2]</fullName>
        <firstName>Neal</firstName>
        <middleName>P.</middleName>
        <lastName>Dunn</lastName>
        <party>R</party>
        <state>FL</state>
        <identifiers>
          <lisID>2315</lisID>
          <bioguideId>D000628</bioguideId>
          <gpoId />
        </identifiers>
        <district>2</district>
        <sponsorshipDate>2018-09-13</sponsorshipDate>
        <isOriginalCosponsor>False</isOriginalCosponsor>
        <sponsorshipWithdrawnDate />
      </item>
      <item>
        <bioguideId>G000410</bioguideId>
        <fullName>Rep. Green, Gene [D-TX-29]</fullName>
        <firstName>GENE</firstName>
        <middleName />
        <lastName>GREEN</lastName>
        <party>D</party>
        <state>TX</state>
        <identifiers>
          <lisID>462</lisID>
          <bioguideId>G000410</bioguideId>
          <gpoId>8185</gpoId>
        </identifiers>
        <district>29</district>
        <sponsorshipDate>2018-09-13</sponsorshipDate>
        <isOriginalCosponsor>False</isOriginalCosponsor>
        <sponsorshipWithdrawnDate />
      </item>
      <item>
        <bioguideId>K000210</bioguideId>
        <fullName>Rep. King, Peter T. [R-NY-2]</fullName>
        <firstName>PETER</firstName>
        <middleName>T.</middleName>
        <lastName>KING</lastName>
        <party>R</party>
        <state>NY</state>
        <identifiers>
          <lisID>635</lisID>
          <bioguideId>K000210</bioguideId>
          <gpoId>8064</gpoId>
        </identifiers>
        <district>2</district>
        <sponsorshipDate>2018-09-13</sponsorshipDate>
        <isOriginalCosponsor>False</isOriginalCosponsor>
        <sponsorshipWithdrawnDate />
      </item>
      <item>
        <bioguideId>L000563</bioguideId>
        <fullName>Rep. Lipinski, Daniel [D-IL-3]</fullName>
        <firstName>Daniel</firstName>
        <middleName>William</middleName>
        <lastName>Lipinski</lastName>
        <party>D</party>
        <state>IL</state>
        <identifiers>
          <lisID>1781</lisID>
          <bioguideId>L000563</bioguideId>
          <gpoId>7923</gpoId>
        </identifiers>
        <district>3</district>
        <sponsorshipDate>2018-09-13</sponsorshipDate>
        <isOriginalCosponsor>False</isOriginalCosponsor>
        <sponsorshipWithdrawnDate />
      </item>
      <item>
        <bioguideId>M001194</bioguideId>
        <fullName>Rep. Moolenaar, John R. [R-MI-4]</fullName>
        <firstName>John</firstName>
        <middleName>R.</middleName>
        <lastName>Moolenaar</lastName>
        <party>R</party>
        <state>MI</state>
        <identifiers>
          <lisID>2248</lisID>
          <bioguideId>M001194</bioguideId>
          <gpoId />
        </identifiers>
        <district>4</district>
        <sponsorshipDate>2018-09-13</sponsorshipDate>
        <isOriginalCosponsor>False</isOriginalCosponsor>
        <sponsorshipWithdrawnDate />
      </item>
      <item>
        <bioguideId>N000190</bioguideId>
        <fullName>Rep. Norman, Ralph [R-SC-5]</fullName>
        <firstName>Ralph</firstName>
        <middleName />
        <lastName>Norman</lastName>
        <party>R</party>
        <state>SC</state>
        <identifiers>
          <lisID>2361</lisID>
          <bioguideId>N000190</bioguideId>
          <gpoId />
        </identifiers>
        <district>5</district>
        <sponsorshipDate>2018-09-13</sponsorshipDate>
        <isOriginalCosponsor>False</isOriginalCosponsor>
        <sponsorshipWithdrawnDate />
      </item>
      <item>
        <bioguideId>B001282</bioguideId>
        <fullName>Rep. Barr, Andy [R-KY-6]</fullName>
        <firstName>Andy</firstName>
        <middleName />
        <lastName>Barr</lastName>
        <party>R</party>
        <state>KY</state>
        <identifiers>
          <lisID>2131</lisID>
          <bioguideId>B001282</bioguideId>
          <gpoId />
        </identifiers>
        <district>6</district>
        <sponsorshipDate>2018-09-13</sponsorshipDate>
        <isOriginalCosponsor>False</isOriginalCosponsor>
        <sponsorshipWithdrawnDate />
      </item>
      <item>
        <bioguideId>S000522</bioguideId>
        <fullName>Rep. Smith, Christopher H. [R-NJ-4]</fullName>
        <firstName>CHRISTOPHER</firstName>
        <middleName>H.</middleName>
        <lastName>SMITH</lastName>
        <party>R</party>
        <state>NJ</state>
        <identifiers>
          <lisID>1071</lisID>
          <bioguideId>S000522</bioguideId>
          <gpoId>8046</gpoId>
        </identifiers>
        <district>4</district>
        <sponsorshipDate>2018-09-13</sponsorshipDate>
        <isOriginalCosponsor>False</isOriginalCosponsor>
        <sponsorshipWithdrawnDate />
      </item>
      <item>
        <bioguideId>S000583</bioguideId>
        <fullName>Rep. Smith, Lamar [R-TX-21]</fullName>
        <firstName>LAMAR</firstName>
        <middleName />
        <lastName>SMITH</lastName>
        <party>R</party>
        <state>TX</state>
        <identifiers>
          <lisID>1075</lisID>
          <bioguideId>S000583</bioguideId>
          <gpoId>8177</gpoId>
        </identifiers>
        <district>21</district>
        <sponsorshipDate>2018-09-20</sponsorshipDate>
        <isOriginalCosponsor>False</isOriginalCosponsor>
        <sponsorshipWithdrawnDate />
      </item>
      <item>
        <bioguideId>R000598</bioguideId>
        <fullName>Rep. Rothfus, Keith J. [R-PA-12]</fullName>
        <firstName>Keith</firstName>
        <middleName>J.</middleName>
        <lastName>Rothfus</lastName>
        <party>R</party>
        <state>PA</state>
        <identifiers>
          <lisID>2158</lisID>
          <bioguideId>R000598</bioguideId>
          <gpoId />
        </identifiers>
        <district>12</district>
        <sponsorshipDate>2018-09-26</sponsorshipDate>
        <isOriginalCosponsor>False</isOriginalCosponsor>
        <sponsorshipWithdrawnDate />
      </item>
      <item>
        <bioguideId>W000815</bioguideId>
        <fullName>Rep. Wenstrup, Brad R. [R-OH-2]</fullName>
        <firstName>Brad</firstName>
        <middleName>R.</middleName>
        <lastName>Wenstrup</lastName>
        <party>R</party>
        <state>OH</state>
        <identifiers>
          <lisID>2152</lisID>
          <bioguideId>W000815</bioguideId>
          <gpoId />
        </identifiers>
        <district>2</district>
        <sponsorshipDate>2018-09-26</sponsorshipDate>
        <isOriginalCosponsor>False</isOriginalCosponsor>
        <sponsorshipWithdrawnDate />
      </item>
      <item>
        <bioguideId>B000213</bioguideId>
        <fullName>Rep. Barton, Joe [R-TX-6]</fullName>
        <firstName>JOE</firstName>
        <middleName>L.</middleName>
        <lastName>BARTON</lastName>
        <party>R</party>
        <state>TX</state>
        <identifiers>
          <lisID>62</lisID>
          <bioguideId>B000213</bioguideId>
          <gpoId>8162</gpoId>
        </identifiers>
        <district>6</district>
        <sponsorshipDate>2018-09-27</sponsorshipDate>
        <isOriginalCosponsor>False</isOriginalCosponsor>
        <sponsorshipWithdrawnDate />
      </item>
      <item>
        <bioguideId>T000478</bioguideId>
        <fullName>Rep. Tenney, Claudia [R-NY-22]</fullName>
        <firstName>Claudia</firstName>
        <middleName />
        <lastName>Tenney</lastName>
        <party>R</party>
        <state>NY</state>
        <identifiers>
          <lisID>2344</lisID>
          <bioguideId>T000478</bioguideId>
          <gpoId />
        </identifiers>
        <district>22</district>
        <sponsorshipDate>2018-09-28</sponsorshipDate>
        <isOriginalCosponsor>False</isOriginalCosponsor>
        <sponsorshipWithdrawnDate />
      </item>
      <item>
        <bioguideId>C001063</bioguideId>
        <fullName>Rep. Cuellar, Henry [D-TX-28]</fullName>
        <firstName>Henry</firstName>
        <middleName />
        <lastName>Cuellar</lastName>
        <party>D</party>
        <state>TX</state>
        <identifiers>
          <lisID>1807</lisID>
          <bioguideId>C001063</bioguideId>
          <gpoId>8184</gpoId>
        </identifiers>
        <district>28</district>
        <sponsorshipDate>2018-09-28</sponsorshipDate>
        <isOriginalCosponsor>False</isOriginalCosponsor>
        <sponsorshipWithdrawnDate />
      </item>
      <item>
        <bioguideId>S001191</bioguideId>
        <fullName>Rep. Sinema, Kyrsten [D-AZ-9]</fullName>
        <firstName>Kyrsten</firstName>
        <middleName />
        <lastName>Sinema</lastName>
        <party>D</party>
        <state>AZ</state>
        <identifiers>
          <lisID>2099</lisID>
          <bioguideId>S001191</bioguideId>
          <gpoId />
        </identifiers>
        <district>9</district>
        <sponsorshipDate>2018-10-05</sponsorshipDate>
        <isOriginalCosponsor>False</isOriginalCosponsor>
        <sponsorshipWithdrawnDate />
      </item>
      <item>
        <bioguideId>S001187</bioguideId>
        <fullName>Rep. Stivers, Steve [R-OH-15]</fullName>
        <firstName>Steve</firstName>
        <middleName />
        <lastName>Stivers</lastName>
        <party>R</party>
        <state>OH</state>
        <identifiers>
          <lisID>2047</lisID>
          <bioguideId>S001187</bioguideId>
          <gpoId>8105</gpoId>
        </identifiers>
        <district>15</district>
        <sponsorshipDate>2018-10-23</sponsorshipDate>
        <isOriginalCosponsor>False</isOriginalCosponsor>
        <sponsorshipWithdrawnDate />
      </item>
      <item>
        <bioguideId>B001281</bioguideId>
        <fullName>Rep. Beatty, Joyce [D-OH-3]</fullName>
        <firstName>Joyce</firstName>
        <middleName />
        <lastName>Beatty</lastName>
        <party>D</party>
        <state>OH</state>
        <identifiers>
          <lisID>2153</lisID>
          <bioguideId>B001281</bioguideId>
          <gpoId />
        </identifiers>
        <district>3</district>
        <sponsorshipDate>2018-11-15</sponsorshipDate>
        <isOriginalCosponsor>False</isOriginalCosponsor>
        <sponsorshipWithdrawnDate />
      </item>
    </cosponsors>
    <cboCostEstimates />
    <laws />
    <notes />
    <policyArea>
      <name>Emergency Management</name>
    </policyArea>
    <subjects>
      <billSubjects>
        <legislativeSubjects>
          <item>
            <name>Child safety and welfare</name>
          </item>
          <item>
            <name>Congressional oversight</name>
          </item>
          <item>
            <name>Crime prevention</name>
          </item>
          <item>
            <name>Crimes against children</name>
          </item>
          <item>
            <name>Criminal investigation, prosecution, interrogation</name>
          </item>
          <item>
            <name>Department of Homeland Security</name>
          </item>
          <item>
            <name>Educational facilities and institutions</name>
          </item>
          <item>
            <name>Elementary and secondary education</name>
          </item>
          <item>
            <name>Executive agency funding and structure</name>
          </item>
          <item>
            <name>Government information and archives</name>
          </item>
          <item>
            <name>Higher education</name>
          </item>
          <item>
            <name>Mental health</name>
          </item>
          <item>
            <name>Terrorism</name>
          </item>
          <item>
            <name>Violent crime</name>
          </item>
        </legislativeSubjects>
        <policyArea>
          <name>Emergency Management</name>
        </policyArea>
      </billSubjects>
    </subjects>
    <summaries>
      <billSummaries>
        <item>
          <versionCode>00</versionCode>
          <actionDate>2018-08-10</actionDate>
          <actionDesc>Introduced in House</actionDesc>
          <lastSummaryUpdateDate>2018-08-28T19:22:19Z</lastSummaryUpdateDate>
          <text><![CDATA[<p><b>Threat Assessment, Prevention, and Safety Act of 2018</b></p> <p>This bill directs the Department of Homeland Security (DHS) to establish within itself a Joint Threat Assessment and Management Task Force, which shall provide recommendations to Congress and DHS on the development and implementation of a national strategy for preventing targeted violence through threat assessment and management. The task force shall make recommendations relating to the most effective use of existing government infrastructure, workforce, and experience, unit support, training, and school violence prevention. </p> <p>The bill defines &quot;threat assessment and management&quot; as the systematic and evidence-based process of: (1) identifying individuals whose behavior indicates a capacity for committing acts of violence; (2) investigating and gathering information to assess whether such individuals pose a real threat; and (3) the subsequent management of such a threat. </p>  <p>DHS shall develop and implement the national strategy and provide information and training services related to it. </p>  <p>The bill directs DHS to award grants to governmental and educational entities and nongovernmental organizations to establish community based units for implementing the national strategy.</p>]]></text>
          <updateDate>2018-08-10T04:00:00Z</updateDate>
          <name>Introduced in House</name>
        </item>
      </billSummaries>
    </summaries>
    <title>Threat Assessment, Prevention, and Safety Act of 2018</title>
    <titles>
      <item>
        <titleType>Official Title as Introduced</titleType>
        <parentTitleType />
        <title>To develop a national strategy to prevent targeted violence through threat assessment and management, and for other purposes.</title>
        <chamberCode />
        <chamberName />
      </item>
      <item>
        <titleType>Short Titles as Introduced</titleType>
        <parentTitleType />
        <title>Threat Assessment, Prevention, and Safety Act of 2018</title>
        <chamberCode />
        <chamberName />
      </item>
      <item>
        <titleType>Display Title</titleType>
        <parentTitleType />
        <title>Threat Assessment, Prevention, and Safety Act of 2018</title>
        <chamberCode />
        <chamberName />
      </item>
      <item>
        <titleType>(Extracted from GPO) Short Titles as Introduced</titleType>
        <parentTitleType />
        <title>Threat Assessment, Prevention, and Safety Act of 2018</title>
        <chamberCode />
        <chamberName />
      </item>
    </titles>
    <amendments />
    <textVersions>
      <item>
        <type>Introduced in House</type>
        <date>2018-08-10T04:00:00Z</date>
        <formats>
          <item>
            <url>https://www.govinfo.gov/content/pkg/BILLS-115hr6664ih/xml/BILLS-115hr6664ih.xml</url>
          </item>
        </formats>
      </item>
    </textVersions>
    <latestAction>
      <actionDate>2018-10-01</actionDate>
      <text>Referred to the Subcommittee on Crime, Terrorism, Homeland Security, and Investigations.</text>
      <links />
    </latestAction>
    <calendarNumbers />
    <version>1.0.0</version>
  </bill>
  <dublinCore xmlns:dc="http://purl.org/dc/elements/1.1/">
    <dc:format>text/xml</dc:format>
    <dc:language>EN</dc:language>
    <dc:rights>Pursuant to Title 17 Section 105 of the United States Code, this file is not subject to copyright protection and is in the public domain.</dc:rights>
    <dc:contributor>Congressional Research Service, Library of Congress</dc:contributor>
    <dc:description>This file contains bill summaries and statuses for federal legislation. A bill summary describes the most significant provisions of a piece of legislation and details the effects the legislative text may have on current law and federal programs. Bill summaries are authored by the Congressional Research Service (CRS) of the Library of Congress. As stated in Public Law 91-510 (2 USC 166 (d)(6)), one of the duties of CRS is "to prepare summaries and digests of bills and resolutions of a public general nature introduced in the Senate or House of Representatives". For more information, refer to the User Guide that accompanies this file.</dc:description>
  </dublinCore>
</billStatus>

