<?xml version="1.0" encoding="UTF-8"?>
<billStatus>
  <bill>
    <billNumber>348</billNumber>
    <createDate>2017-01-06T04:57:26Z</createDate>
    <updateDate>2021-07-10T20:08:48Z</updateDate>
    <originChamber>House</originChamber>
    <billType>HR</billType>
    <introducedDate>2017-01-05</introducedDate>
    <congress>115</congress>
    <constitutionalAuthorityStatementText><![CDATA[<pre>[Congressional Record Volume 163, Number 3 (Thursday, January 5, 2017)]From the Congressional Record Online through the Government Publishing Office [<a href='http://www.gpo.gov'>www.gpo.gov</a>]By Mr. YOUNG of Alaska:H.R. 348.Congress has the power to enact this legislation pursuantto the following:Article IV, Section 3, Clause 2 & Article 1, Section 8,Clause 3``The Congress shall have Power to dispose of and make allneedful Rules and Regulations respecting the Territory orother Property belonging to the United States; and nothing inthis Constitution shall be so construed as to Prejudice anyClaims of the United States, or of any particular State.''``The Congress shall have the power to regulate commercewith foreign nations, and among the several states, and withthe Indian tribes''[Page H184]</pre>]]></constitutionalAuthorityStatementText>
    <recordedVotes />
    <committees>
      <billCommittees>
        <item>
          <systemCode>hsii00</systemCode>
          <name>Natural Resources Committee</name>
          <chamber>House</chamber>
          <type>Standing</type>
          <subcommittees>
            <item>
              <systemCode>hsii10</systemCode>
              <name>National Parks, Forests, and Public Lands Subcommittee</name>
              <activities>
                <item>
                  <name>Referred to</name>
                  <date>2017-02-10T16:42:48Z</date>
                </item>
              </activities>
            </item>
            <item>
              <systemCode>hsii06</systemCode>
              <name>Energy and Mineral Resources Subcommittee</name>
              <activities>
                <item>
                  <name>Referred to</name>
                  <date>2017-02-10T16:42:36Z</date>
                </item>
              </activities>
            </item>
          </subcommittees>
          <activities>
            <item>
              <name>Referred to</name>
              <date>2017-01-05T15:07:25Z</date>
            </item>
          </activities>
        </item>
      </billCommittees>
    </committees>
    <committeeReports />
    <relatedBills />
    <actions>
      <item>
        <actionDate>2017-02-10</actionDate>
        <committees>
          <item>
            <systemCode>hsii10</systemCode>
            <name>National Parks, Forests, and Public Lands Subcommittee</name>
          </item>
        </committees>
        <links />
        <sourceSystem>
          <code>1</code>
          <name>House committee actions</name>
        </sourceSystem>
        <text>Referred to the Subcommittee on Federal Lands.</text>
        <type>Committee</type>
      </item>
      <item>
        <actionDate>2017-02-10</actionDate>
        <committees>
          <item>
            <systemCode>hsii06</systemCode>
            <name>Energy and Mineral Resources Subcommittee</name>
          </item>
        </committees>
        <links />
        <sourceSystem>
          <code>1</code>
          <name>House committee actions</name>
        </sourceSystem>
        <text>Referred to the Subcommittee on Energy and Mineral Resources.</text>
        <type>Committee</type>
      </item>
      <item>
        <actionDate>2017-01-05</actionDate>
        <links />
        <text>Referred to the House Committee on Natural Resources.</text>
        <type>IntroReferral</type>
        <actionCode>H11100</actionCode>
        <sourceSystem>
          <code>2</code>
          <name>House floor actions</name>
        </sourceSystem>
        <committees>
          <item>
            <systemCode>hsii00</systemCode>
            <name>Natural Resources Committee</name>
          </item>
        </committees>
      </item>
      <item>
        <actionDate>2017-01-05</actionDate>
        <links />
        <text>Introduced in House</text>
        <type>IntroReferral</type>
        <actionCode>Intro-H</actionCode>
        <sourceSystem>
          <code>9</code>
          <name>Library of Congress</name>
        </sourceSystem>
        <committees />
      </item>
      <item>
        <actionDate>2017-01-05</actionDate>
        <links />
        <text>Introduced in House</text>
        <type>IntroReferral</type>
        <actionCode>1000</actionCode>
        <sourceSystem>
          <code>9</code>
          <name>Library of Congress</name>
        </sourceSystem>
        <committees />
      </item>
      <actionTypeCounts>
        <placeholderTextForH>2</placeholderTextForH>
        <billReferrals>1</billReferrals>
        <introducedInTheHouse>1</introducedInTheHouse>
        <introducedInHouse>1</introducedInHouse>
      </actionTypeCounts>
      <actionByCounts>
        <houseOfRepresentatives>5</houseOfRepresentatives>
      </actionByCounts>
    </actions>
    <sponsors>
      <item>
        <bioguideId>Y000033</bioguideId>
        <fullName>Rep. Young, Don [R-AK-At Large]</fullName>
        <firstName>DON</firstName>
        <middleName>E.</middleName>
        <lastName>YOUNG</lastName>
        <party>R</party>
        <state>AK</state>
        <identifiers>
          <lisID>1256</lisID>
          <bioguideId>Y000033</bioguideId>
          <gpoId>7785</gpoId>
        </identifiers>
        <district>0</district>
        <byRequestType />
      </item>
    </sponsors>
    <cosponsors />
    <cboCostEstimates />
    <laws />
    <notes />
    <policyArea>
      <name>Public Lands and Natural Resources</name>
    </policyArea>
    <subjects>
      <billSubjects>
        <legislativeSubjects>
          <item>
            <name>Alaska</name>
          </item>
          <item>
            <name>Alaska Natives and Hawaiians</name>
          </item>
          <item>
            <name>Indian lands and resources rights</name>
          </item>
          <item>
            <name>Land transfers</name>
          </item>
          <item>
            <name>Oil and gas</name>
          </item>
        </legislativeSubjects>
        <policyArea>
          <name>Public Lands and Natural Resources</name>
        </policyArea>
      </billSubjects>
    </subjects>
    <summaries>
      <billSummaries>
        <item>
          <versionCode>00</versionCode>
          <actionDate>2017-01-05</actionDate>
          <actionDesc>Introduced in House</actionDesc>
          <lastSummaryUpdateDate>2017-02-01T22:41:05Z</lastSummaryUpdateDate>
          <text><![CDATA[<p><b>Ukpeagvik Inupiat Corporation Gravel Exchange Amendment Act</b></p> <p>This bill amends the Barrow Gas Field Transfer Act of 1984 with respect to the conveyance to the Ukpeagvik Inupiat Corporation (UIC) of all right, title, and interest held by the United States to sand and gravel underlying the surface estate owned by UIC in the Barrow gas fields and Walakpa gas discovery site.</p> <p>This conveyance shall include all U.S. right, title, and interest to specified sand and gravel deposits underlying the surface estate owned by UIC that are contiguous to the Barrow gas fields. </p>]]></text>
          <updateDate>2017-01-05T05:00:00Z</updateDate>
          <name>Introduced in House</name>
        </item>
      </billSummaries>
    </summaries>
    <title>Ukpeagvik Inupiat Corporation Gravel Exchange Amendment Act</title>
    <titles>
      <item>
        <titleType>Display Title</titleType>
        <parentTitleType />
        <title>Ukpeagvik Inupiat Corporation Gravel Exchange Amendment Act</title>
        <chamberCode />
        <chamberName />
      </item>
      <item>
        <titleType>Official Title as Introduced</titleType>
        <parentTitleType />
        <title>To more accurately identify and transfer subsurface gravel sources originally intended to be made available to the Ukpeagvik Inupiat Corporation in exchange for its relinquishment of related property rights.</title>
        <chamberCode />
        <chamberName />
      </item>
      <item>
        <titleType>Short Titles as Introduced</titleType>
        <parentTitleType />
        <title>Ukpeagvik Inupiat Corporation Gravel Exchange Amendment Act</title>
        <chamberCode />
        <chamberName />
      </item>
    </titles>
    <amendments />
    <textVersions>
      <item>
        <type>Introduced in House</type>
        <date>2017-01-05T05:00:00Z</date>
        <formats>
          <item>
            <url>https://www.govinfo.gov/content/pkg/BILLS-115hr348ih/xml/BILLS-115hr348ih.xml</url>
          </item>
        </formats>
      </item>
    </textVersions>
    <latestAction>
      <actionDate>2017-02-10</actionDate>
      <text>Referred to the Subcommittee on Federal Lands.</text>
      <links />
    </latestAction>
    <calendarNumbers />
    <version>1.0.0</version>
  </bill>
  <dublinCore xmlns:dc="http://purl.org/dc/elements/1.1/">
    <dc:format>text/xml</dc:format>
    <dc:language>EN</dc:language>
    <dc:rights>Pursuant to Title 17 Section 105 of the United States Code, this file is not subject to copyright protection and is in the public domain.</dc:rights>
    <dc:contributor>Congressional Research Service, Library of Congress</dc:contributor>
    <dc:description>This file contains bill summaries and statuses for federal legislation. A bill summary describes the most significant provisions of a piece of legislation and details the effects the legislative text may have on current law and federal programs. Bill summaries are authored by the Congressional Research Service (CRS) of the Library of Congress. As stated in Public Law 91-510 (2 USC 166 (d)(6)), one of the duties of CRS is "to prepare summaries and digests of bills and resolutions of a public general nature introduced in the Senate or House of Representatives". For more information, refer to the User Guide that accompanies this file.</dc:description>
  </dublinCore>
</billStatus>

