<?xml version="1.0" encoding="UTF-8"?>
<billStatus>
  <bill>
    <billNumber>82</billNumber>
    <createDate>2020-01-08T08:12:09Z</createDate>
    <updateDate>2020-07-13T18:50:05Z</updateDate>
    <originChamber>House</originChamber>
    <billType>HJRES</billType>
    <introducedDate>2020-01-07</introducedDate>
    <congress>116</congress>
    <constitutionalAuthorityStatementText><![CDATA[<pre>[Congressional Record Volume 166, Number 3 (Tuesday, January 7, 2020)][House]From the Congressional Record Online through the Government Publishing Office [<a href="http://www.gpo.gov">www.gpo.gov</a>]By Ms. OMAR:H.J. Res. 82.Congress has the power to enact this legislation pursuantto the following:Article I Section 8.[Page H12]</pre>]]></constitutionalAuthorityStatementText>
    <recordedVotes />
    <committees>
      <billCommittees>
        <item>
          <systemCode>hsfa00</systemCode>
          <name>Foreign Affairs Committee</name>
          <chamber>House</chamber>
          <type>Standing</type>
          <subcommittees />
          <activities>
            <item>
              <name>Referred to</name>
              <date>2020-01-07T19:02:10Z</date>
            </item>
          </activities>
        </item>
      </billCommittees>
    </committees>
    <committeeReports />
    <relatedBills>
      <item>
        <latestTitle>A joint resolution to direct the removal of United States Armed Forces from hostilities against the Islamic Republic of Iran that have not been authorized by Congress.</latestTitle>
        <congress>116</congress>
        <number>63</number>
        <type>SJRES</type>
        <latestAction>
          <actionDate>2020-01-03</actionDate>
          <text>Read twice and referred to the Committee on Foreign Relations.</text>
        </latestAction>
        <relationshipDetails>
          <item>
            <type>Identical bill</type>
            <identifiedBy>CRS</identifiedBy>
          </item>
        </relationshipDetails>
      </item>
      <item>
        <latestTitle>A joint resolution to direct the removal of United States Armed Forces from hostilities against the Islamic Republic of Iran that have not been authorized by Congress.</latestTitle>
        <congress>116</congress>
        <number>69</number>
        <type>SJRES</type>
        <latestAction>
          <actionDate>2020-01-16</actionDate>
          <text>Read twice and referred to the Committee on Foreign Relations.</text>
        </latestAction>
        <relationshipDetails>
          <item>
            <type>Related bill</type>
            <identifiedBy>CRS</identifiedBy>
          </item>
        </relationshipDetails>
      </item>
      <item>
        <latestTitle>A joint resolution to direct the removal of United States Armed Forces from hostilities against the Islamic Republic of Iran that have not been authorized by Congress.</latestTitle>
        <congress>116</congress>
        <number>68</number>
        <type>SJRES</type>
        <latestAction>
          <actionDate>2020-05-07</actionDate>
          <text>Failed of passage in Senate over veto by Yea-Nay Vote. 49 - 44. Record Vote Number: 84.</text>
        </latestAction>
        <relationshipDetails>
          <item>
            <type>Related bill</type>
            <identifiedBy>CRS</identifiedBy>
          </item>
        </relationshipDetails>
      </item>
    </relatedBills>
    <actions>
      <item>
        <actionDate>2020-01-07</actionDate>
        <links />
        <text>Referred to the House Committee on Foreign Affairs.</text>
        <type>IntroReferral</type>
        <actionCode>H11100</actionCode>
        <sourceSystem>
          <code>2</code>
          <name>House floor actions</name>
        </sourceSystem>
        <committees>
          <item>
            <systemCode>hsfa00</systemCode>
            <name>Foreign Affairs Committee</name>
          </item>
        </committees>
      </item>
      <item>
        <actionDate>2020-01-07</actionDate>
        <links />
        <text>Introduced in House</text>
        <type>IntroReferral</type>
        <actionCode>Intro-H</actionCode>
        <sourceSystem>
          <code>9</code>
          <name>Library of Congress</name>
        </sourceSystem>
        <committees />
      </item>
      <item>
        <actionDate>2020-01-07</actionDate>
        <links />
        <text>Introduced in House</text>
        <type>IntroReferral</type>
        <actionCode>1000</actionCode>
        <sourceSystem>
          <code>9</code>
          <name>Library of Congress</name>
        </sourceSystem>
        <committees />
      </item>
      <actionTypeCounts>
        <billReferrals>1</billReferrals>
        <introducedInTheHouse>1</introducedInTheHouse>
        <introducedInHouse>1</introducedInHouse>
      </actionTypeCounts>
      <actionByCounts>
        <houseOfRepresentatives>3</houseOfRepresentatives>
      </actionByCounts>
    </actions>
    <sponsors>
      <item>
        <bioguideId>O000173</bioguideId>
        <fullName>Rep. Omar, Ilhan [D-MN-5]</fullName>
        <firstName>Ilhan</firstName>
        <middleName />
        <lastName>Omar</lastName>
        <party>D</party>
        <state>MN</state>
        <identifiers>
          <lisID>2414</lisID>
          <bioguideId>O000173</bioguideId>
          <gpoId />
        </identifiers>
        <district>5</district>
        <byRequestType />
      </item>
    </sponsors>
    <cosponsors />
    <cboCostEstimates />
    <laws />
    <notes />
    <policyArea>
      <name>International Affairs</name>
    </policyArea>
    <subjects>
      <billSubjects>
        <legislativeSubjects>
          <item>
            <name>Conflicts and wars</name>
          </item>
          <item>
            <name>Congressional oversight</name>
          </item>
          <item>
            <name>Iran</name>
          </item>
          <item>
            <name>Middle East</name>
          </item>
          <item>
            <name>Military operations and strategy</name>
          </item>
          <item>
            <name>Presidents and presidential powers, Vice Presidents</name>
          </item>
          <item>
            <name>War and emergency powers</name>
          </item>
        </legislativeSubjects>
        <policyArea>
          <name>International Affairs</name>
        </policyArea>
      </billSubjects>
    </subjects>
    <summaries>
      <billSummaries>
        <item>
          <versionCode>00</versionCode>
          <actionDate>2020-01-07</actionDate>
          <actionDesc>Introduced in House</actionDesc>
          <lastSummaryUpdateDate>2020-01-13T22:56:32Z</lastSummaryUpdateDate>
          <text><![CDATA[<p>This joint resolution directs the President to remove U.S. Armed Forces from hostilities against Iran unless explicitly authorized by a congressional declaration of war or a specific authorization for use of military force.</p>]]></text>
          <updateDate>2020-01-07T05:00:00Z</updateDate>
          <name>Introduced in House</name>
        </item>
      </billSummaries>
    </summaries>
    <title>Direct the removal of United States Armed Forces from hostilities against the Islamic Republic of Iran that have not been authorized by Congress.</title>
    <titles>
      <item>
        <titleType>Official Title as Introduced</titleType>
        <parentTitleType />
        <title>Direct the removal of United States Armed Forces from hostilities against the Islamic Republic of Iran that have not been authorized by Congress.</title>
        <chamberCode />
        <chamberName />
      </item>
      <item>
        <titleType>Display Title</titleType>
        <parentTitleType />
        <title>Direct the removal of United States Armed Forces from hostilities against the Islamic Republic of Iran that have not been authorized by Congress.</title>
        <chamberCode />
        <chamberName />
      </item>
    </titles>
    <amendments />
    <textVersions>
      <item>
        <type>Introduced in House</type>
        <date>2020-01-07T05:00:00Z</date>
        <formats>
          <item>
            <url>https://www.govinfo.gov/content/pkg/BILLS-116hjres82ih/xml/BILLS-116hjres82ih.xml</url>
          </item>
        </formats>
      </item>
    </textVersions>
    <latestAction>
      <actionDate>2020-01-07</actionDate>
      <text>Referred to the House Committee on Foreign Affairs.</text>
      <links />
    </latestAction>
    <calendarNumbers />
    <version>1.0.0</version>
  </bill>
  <dublinCore xmlns:dc="http://purl.org/dc/elements/1.1/">
    <dc:format>text/xml</dc:format>
    <dc:language>EN</dc:language>
    <dc:rights>Pursuant to Title 17 Section 105 of the United States Code, this file is not subject to copyright protection and is in the public domain.</dc:rights>
    <dc:contributor>Congressional Research Service, Library of Congress</dc:contributor>
    <dc:description>This file contains bill summaries and statuses for federal legislation. A bill summary describes the most significant provisions of a piece of legislation and details the effects the legislative text may have on current law and federal programs. Bill summaries are authored by the Congressional Research Service (CRS) of the Library of Congress. As stated in Public Law 91-510 (2 USC 166 (d)(6)), one of the duties of CRS is "to prepare summaries and digests of bills and resolutions of a public general nature introduced in the Senate or House of Representatives". For more information, refer to the User Guide that accompanies this file.</dc:description>
  </dublinCore>
</billStatus>

