<?xml version="1.0" encoding="UTF-8"?>
<billStatus>
  <bill>
    <billNumber>30</billNumber>
    <createDate>2019-01-16T08:10:15Z</createDate>
    <updateDate>2020-07-13T18:49:41Z</updateDate>
    <originChamber>House</originChamber>
    <billType>HJRES</billType>
    <introducedDate>2019-01-15</introducedDate>
    <congress>116</congress>
    <constitutionalAuthorityStatementText><![CDATA[<pre>[Congressional Record Volume 165, Number 8 (Tuesday, January 15, 2019)][House]From the Congressional Record Online through the Government Publishing Office [<a href="http://www.gpo.gov">www.gpo.gov</a>]By Mr. HOYER:H.J. Res. 30.Congress has the power to enact this legislation pursuantto the following:Article I, Section 8 of the U.S. Constitution under theGeneral Welfare Clause.[Page H603]</pre>]]></constitutionalAuthorityStatementText>
    <recordedVotes>
      <recordedVote>
        <rollNumber>42</rollNumber>
        <url>http://clerk.house.gov/evs/2019/roll042.xml</url>
        <fullActionName>Final Passage Under Suspension of the Rules Results</fullActionName>
        <chamber>House</chamber>
        <congress>116</congress>
        <date>2019-01-17T17:41:55Z</date>
        <sessionNumber>1</sessionNumber>
      </recordedVote>
    </recordedVotes>
    <committees>
      <billCommittees>
        <item>
          <systemCode>hsju00</systemCode>
          <name>Judiciary Committee</name>
          <chamber>House</chamber>
          <type>Standing</type>
          <subcommittees />
          <activities>
            <item>
              <name>Referred to</name>
              <date>2019-01-15T15:03:30Z</date>
            </item>
          </activities>
        </item>
        <item>
          <systemCode>hsfa00</systemCode>
          <name>Foreign Affairs Committee</name>
          <chamber>House</chamber>
          <type>Standing</type>
          <subcommittees />
          <activities>
            <item>
              <name>Referred to</name>
              <date>2019-01-15T15:03:25Z</date>
            </item>
          </activities>
        </item>
      </billCommittees>
    </committees>
    <committeeReports />
    <relatedBills>
      <item>
        <latestTitle>A joint resolution disapproving the President's proposal to take an action relating to the application of certain sanctions with respect to the Russian Federation.</latestTitle>
        <congress>116</congress>
        <number>2</number>
        <type>SJRES</type>
        <latestAction>
          <actionDate>2019-01-16</actionDate>
          <text>Returned to the Calendar. Calendar No. 13.</text>
        </latestAction>
        <relationshipDetails>
          <item>
            <type>Related bill</type>
            <identifiedBy>House</identifiedBy>
          </item>
          <item>
            <type>Identical bill</type>
            <identifiedBy>CRS</identifiedBy>
          </item>
        </relationshipDetails>
      </item>
    </relatedBills>
    <actions>
      <item>
        <actionDate>2019-01-17</actionDate>
        <committees />
        <links />
        <sourceSystem>
          <code>0</code>
          <name>Senate</name>
        </sourceSystem>
        <text>Received in the Senate. Read twice. Placed on Senate Legislative Calendar under General Orders. Calendar No. 14 pursuant to section 216(c)(6)(B) of Public Law 115-44.</text>
        <type>Calendars</type>
      </item>
      <item>
        <actionDate>2019-01-17</actionDate>
        <actionTime>12:41:57</actionTime>
        <links />
        <text>Motion to reconsider laid on the table Agreed to without objection.</text>
        <type>Floor</type>
        <actionCode>H38310</actionCode>
        <sourceSystem>
          <code>2</code>
          <name>House floor actions</name>
        </sourceSystem>
        <committees />
      </item>
      <item>
        <actionDate>2019-01-17</actionDate>
        <actionTime>12:41:55</actionTime>
        <links />
        <text>On motion to suspend the rules and pass the resolution Agreed to by the Yeas and Nays: (2/3 required): 362 - 53 (Roll no. 42). (text: CR H692)</text>
        <type>Floor</type>
        <actionCode>H37300</actionCode>
        <sourceSystem>
          <code>2</code>
          <name>House floor actions</name>
        </sourceSystem>
        <committees />
      </item>
      <item>
        <actionDate>2019-01-17</actionDate>
        <actionTime>12:41:55</actionTime>
        <links />
        <text>Passed/agreed to in House: On motion to suspend the rules and pass the resolution Agreed to by the Yeas and Nays: (2/3 required): 362 - 53 (Roll no. 42).(text: CR H692)</text>
        <type>Floor</type>
        <actionCode>8000</actionCode>
        <sourceSystem>
          <code>9</code>
          <name>Library of Congress</name>
        </sourceSystem>
        <committees />
      </item>
      <item>
        <actionDate>2019-01-17</actionDate>
        <actionTime>12:13:29</actionTime>
        <links />
        <text>Considered as unfinished business. (consideration: CR H698)</text>
        <type>Floor</type>
        <actionCode>H30000</actionCode>
        <sourceSystem>
          <code>2</code>
          <name>House floor actions</name>
        </sourceSystem>
        <committees />
      </item>
      <item>
        <actionDate>2019-01-17</actionDate>
        <actionTime>11:59:39</actionTime>
        <links />
        <text>At the conclusion of debate, the Yeas and Nays were demanded and ordered. Pursuant to the provisions of clause 8, rule XX, the Chair announced that further proceedings on the motion would be postponed.</text>
        <type>Floor</type>
        <actionCode>H37220</actionCode>
        <sourceSystem>
          <code>2</code>
          <name>House floor actions</name>
        </sourceSystem>
        <committees />
      </item>
      <item>
        <actionDate>2019-01-17</actionDate>
        <actionTime>11:24:40</actionTime>
        <links />
        <text>DEBATE - The House proceeded with forty minutes of debate on H.J. Res. 30.</text>
        <type>Floor</type>
        <actionCode>H8D000</actionCode>
        <sourceSystem>
          <code>2</code>
          <name>House floor actions</name>
        </sourceSystem>
        <committees />
      </item>
      <item>
        <actionDate>2019-01-17</actionDate>
        <actionTime>11:24:39</actionTime>
        <links />
        <text>Considered under suspension of the rules. (consideration: CR H692-696)</text>
        <type>Floor</type>
        <actionCode>H30000</actionCode>
        <sourceSystem>
          <code>2</code>
          <name>House floor actions</name>
        </sourceSystem>
        <committees />
      </item>
      <item>
        <actionDate>2019-01-17</actionDate>
        <actionTime>11:24:17</actionTime>
        <links />
        <text>Mr. Engel moved to suspend the rules and pass the resolution.</text>
        <type>Floor</type>
        <actionCode>H30300</actionCode>
        <sourceSystem>
          <code>2</code>
          <name>House floor actions</name>
        </sourceSystem>
        <committees />
      </item>
      <item>
        <actionDate>2019-01-15</actionDate>
        <links />
        <text>Referred to the Committee on Foreign Affairs, and in addition to the Committee on the Judiciary, for a period to be subsequently determined by the Speaker, in each case for consideration of such provisions as fall within the jurisdiction of the committee concerned.</text>
        <type>IntroReferral</type>
        <actionCode>H11100</actionCode>
        <sourceSystem>
          <code>2</code>
          <name>House floor actions</name>
        </sourceSystem>
        <committees>
          <item>
            <systemCode>hsju00</systemCode>
            <name>Judiciary Committee</name>
          </item>
        </committees>
      </item>
      <item>
        <actionDate>2019-01-15</actionDate>
        <links />
        <text>Referred to the Committee on Foreign Affairs, and in addition to the Committee on the Judiciary, for a period to be subsequently determined by the Speaker, in each case for consideration of such provisions as fall within the jurisdiction of the committee concerned.</text>
        <type>IntroReferral</type>
        <actionCode>H11100</actionCode>
        <sourceSystem>
          <code>2</code>
          <name>House floor actions</name>
        </sourceSystem>
        <committees>
          <item>
            <systemCode>hsfa00</systemCode>
            <name>Foreign Affairs Committee</name>
          </item>
        </committees>
      </item>
      <item>
        <actionDate>2019-01-15</actionDate>
        <links />
        <text>Introduced in House</text>
        <type>IntroReferral</type>
        <actionCode>Intro-H</actionCode>
        <sourceSystem>
          <code>9</code>
          <name>Library of Congress</name>
        </sourceSystem>
        <committees />
      </item>
      <item>
        <actionDate>2019-01-15</actionDate>
        <links />
        <text>Introduced in House</text>
        <type>IntroReferral</type>
        <actionCode>1000</actionCode>
        <sourceSystem>
          <code>9</code>
          <name>Library of Congress</name>
        </sourceSystem>
        <committees />
      </item>
      <actionTypeCounts>
        <placedOnCalendarSection>1</placedOnCalendarSection>
        <motionToReconsiderResults>1</motionToReconsiderResults>
        <finalPassageUnderSuspensionOfTheRulesResults>1</finalPassageUnderSuspensionOfTheRulesResults>
        <passedAgreedToInHouse>1</passedAgreedToInHouse>
        <considerationByHouse>2</considerationByHouse>
        <placeholderTextForH>1</placeholderTextForH>
        <generalDebate>1</generalDebate>
        <motionMadeToSuspendTheRules>1</motionMadeToSuspendTheRules>
        <billReferrals>2</billReferrals>
        <introducedInTheHouse>1</introducedInTheHouse>
        <introducedInHouse>1</introducedInHouse>
      </actionTypeCounts>
      <actionByCounts>
        <senate>1</senate>
        <houseOfRepresentatives>12</houseOfRepresentatives>
      </actionByCounts>
    </actions>
    <sponsors>
      <item>
        <bioguideId>H000874</bioguideId>
        <fullName>Rep. Hoyer, Steny H. [D-MD-5]</fullName>
        <firstName>STENY</firstName>
        <middleName>H.</middleName>
        <lastName>HOYER</lastName>
        <party>D</party>
        <state>MD</state>
        <identifiers>
          <lisID>566</lisID>
          <bioguideId>H000874</bioguideId>
          <gpoId>7980</gpoId>
        </identifiers>
        <district>5</district>
        <byRequestType />
      </item>
    </sponsors>
    <cosponsors />
    <cboCostEstimates />
    <laws />
    <notes />
    <policyArea>
      <name>International Affairs</name>
    </policyArea>
    <subjects>
      <billSubjects>
        <legislativeSubjects>
          <item>
            <name>Congressional oversight</name>
          </item>
          <item>
            <name>Corporate finance and management</name>
          </item>
          <item>
            <name>Elections, voting, political campaign regulation</name>
          </item>
          <item>
            <name>Foreign and international corporations</name>
          </item>
          <item>
            <name>Russia</name>
          </item>
          <item>
            <name>Sanctions</name>
          </item>
          <item>
            <name>Subversive activities</name>
          </item>
        </legislativeSubjects>
        <policyArea>
          <name>International Affairs</name>
        </policyArea>
      </billSubjects>
    </subjects>
    <summaries>
      <billSummaries>
        <item>
          <versionCode>00</versionCode>
          <actionDate>2019-01-15</actionDate>
          <actionDesc>Introduced in House</actionDesc>
          <lastSummaryUpdateDate>2019-01-17T20:08:03Z</lastSummaryUpdateDate>
          <text><![CDATA[<p>This joint resolution expresses disapproval of the Office of Foreign Assets Control's report to Congress that it intends to terminate sanctions imposed on En+ Group plc, UC Rusal plc, and JSC EuroSibEnergo, companies connected to sanctioned Russian oligarch Oleg Deripaska.</p>]]></text>
          <updateDate>2019-01-15T05:00:00Z</updateDate>
          <name>Introduced in House</name>
        </item>
        <item>
          <versionCode>53</versionCode>
          <actionDate>2019-01-17</actionDate>
          <actionDesc>Passed House</actionDesc>
          <lastSummaryUpdateDate>2019-01-23T19:46:20Z</lastSummaryUpdateDate>
          <text><![CDATA[<p>This joint resolution expresses disapproval of the Office of Foreign Assets Control's report to Congress that it intends to terminate sanctions imposed on En+ Group plc, UC Rusal plc, and JSC EuroSibEnergo, companies connected to sanctioned Russian oligarch Oleg Deripaska. </p>]]></text>
          <updateDate>2019-01-17T16:02:37Z</updateDate>
          <name>Passed House</name>
        </item>
      </billSummaries>
    </summaries>
    <title>Disapproving the President's proposal to take an action relating to the application of certain sanctions with respect to the Russian Federation.</title>
    <titles>
      <item>
        <titleType>Official Title as Introduced</titleType>
        <parentTitleType />
        <title>Disapproving the President's proposal to take an action relating to the application of certain sanctions with respect to the Russian Federation.</title>
        <chamberCode />
        <chamberName />
      </item>
      <item>
        <titleType>Display Title</titleType>
        <parentTitleType />
        <title>Disapproving the President's proposal to take an action relating to the application of certain sanctions with respect to the Russian Federation.</title>
        <chamberCode />
        <chamberName />
      </item>
    </titles>
    <amendments />
    <textVersions>
      <item>
        <type>Placed on Calendar Senate</type>
        <date>2019-01-17T05:00:00Z</date>
        <formats>
          <item>
            <url>https://www.govinfo.gov/content/pkg/BILLS-116hjres30pcs/xml/BILLS-116hjres30pcs.xml</url>
          </item>
        </formats>
      </item>
      <item>
        <type>Engrossed in House</type>
        <date>2019-01-17T05:00:00Z</date>
        <formats>
          <item>
            <url>https://www.govinfo.gov/content/pkg/BILLS-116hjres30eh/xml/BILLS-116hjres30eh.xml</url>
          </item>
        </formats>
      </item>
      <item>
        <type>Introduced in House</type>
        <date>2019-01-15T05:00:00Z</date>
        <formats>
          <item>
            <url>https://www.govinfo.gov/content/pkg/BILLS-116hjres30ih/xml/BILLS-116hjres30ih.xml</url>
          </item>
        </formats>
      </item>
    </textVersions>
    <latestAction>
      <actionDate>2019-01-17</actionDate>
      <text>Received in the Senate. Read twice. Placed on Senate Legislative Calendar under General Orders. Calendar No. 14 pursuant to section 216(c)(6)(B) of Public Law 115-44.</text>
      <links />
    </latestAction>
    <calendarNumbers>
      <item>
        <calendar>Senate Calendar of Business</calendar>
        <number>0014</number>
      </item>
    </calendarNumbers>
    <version>1.0.0</version>
  </bill>
  <dublinCore xmlns:dc="http://purl.org/dc/elements/1.1/">
    <dc:format>text/xml</dc:format>
    <dc:language>EN</dc:language>
    <dc:rights>Pursuant to Title 17 Section 105 of the United States Code, this file is not subject to copyright protection and is in the public domain.</dc:rights>
    <dc:contributor>Congressional Research Service, Library of Congress</dc:contributor>
    <dc:description>This file contains bill summaries and statuses for federal legislation. A bill summary describes the most significant provisions of a piece of legislation and details the effects the legislative text may have on current law and federal programs. Bill summaries are authored by the Congressional Research Service (CRS) of the Library of Congress. As stated in Public Law 91-510 (2 USC 166 (d)(6)), one of the duties of CRS is "to prepare summaries and digests of bills and resolutions of a public general nature introduced in the Senate or House of Representatives". For more information, refer to the User Guide that accompanies this file.</dc:description>
  </dublinCore>
</billStatus>

