<?xml version="1.0" encoding="UTF-8"?>
<billStatus>
  <bill>
    <billNumber>28</billNumber>
    <createDate>2019-01-15T08:10:14Z</createDate>
    <updateDate>2021-10-15T23:30:36Z</updateDate>
    <originChamber>House</originChamber>
    <billType>HJRES</billType>
    <introducedDate>2019-01-14</introducedDate>
    <congress>116</congress>
    <constitutionalAuthorityStatementText><![CDATA[<pre>[Congressional Record Volume 165, Number 7 (Monday, January 14, 2019)][House]From the Congressional Record Online through the Government Publishing Office [<a href="http://www.gpo.gov">www.gpo.gov</a>]By Mrs. LOWEY:H.J. Res. 28.Congress has the power to enact this legislation pursuantto the following:The principal constitutional authority for this legislationis clause 7 of section 9 of article I of the Constitution ofthe United States (the appropriation power), which states:``No Money shall be drawn from the Treasury, but inConsequence of Appropriations made by Law . . . .''In addition, clause 1 of section 8 of article I of theConstitution (the spending power) provides:``The Congress shall have the Power . . . to pay the Debtsand provide for the common Defence and general Welfare of theUnited States . . .''Together, these specific constitutional provisionsestablish the congressional power of the purse, grantingCongress the authority to appropriate funds, to determinetheir purpose, amount, and period of availability, and to setforth terms and conditions governing their use.[Page H545]</pre>]]></constitutionalAuthorityStatementText>
    <recordedVotes>
      <recordedVote>
        <rollNumber>46</rollNumber>
        <url>https://clerk.house.gov/evs/2019/roll046.xml</url>
        <fullActionName>Passage of a Measure</fullActionName>
        <chamber>House</chamber>
        <congress>116</congress>
        <date>2019-01-23T18:45:43Z</date>
        <sessionNumber>1</sessionNumber>
      </recordedVote>
      <recordedVote>
        <rollNumber>43</rollNumber>
        <url>https://clerk.house.gov/evs/2019/roll043.xml</url>
        <fullActionName>Motion to Commit/Recommit With Instructions Results</fullActionName>
        <chamber>House</chamber>
        <congress>116</congress>
        <date>2019-01-17T17:51:25Z</date>
        <sessionNumber>1</sessionNumber>
      </recordedVote>
    </recordedVotes>
    <committees>
      <billCommittees>
        <item>
          <systemCode>hsap00</systemCode>
          <name>Appropriations Committee</name>
          <chamber>House</chamber>
          <type>Standing</type>
          <subcommittees />
          <activities>
            <item>
              <name>Referred to</name>
              <date>2019-01-14T17:01:00Z</date>
            </item>
          </activities>
        </item>
      </billCommittees>
    </committees>
    <committeeReports />
    <relatedBills>
      <item>
        <latestTitle>Making further continuing appropriations for fiscal year 2019, and for other purposes.</latestTitle>
        <congress>116</congress>
        <number>45</number>
        <type>HJRES</type>
        <latestAction>
          <actionDate>2019-02-13</actionDate>
          <text>Referred to the House Committee on Appropriations.</text>
        </latestAction>
        <relationshipDetails>
          <item>
            <type>Related bill</type>
            <identifiedBy>CRS</identifiedBy>
          </item>
        </relationshipDetails>
      </item>
      <item>
        <latestTitle>Further Additional Continuing Appropriations Act, 2019</latestTitle>
        <congress>116</congress>
        <number>27</number>
        <type>HJRES</type>
        <latestAction>
          <actionDate>2019-01-15</actionDate>
          <text>On motion to suspend the rules and pass the resolution Failed by the Yeas and Nays: (2/3 required): 237 - 187 (Roll no. 31).</text>
          <actionTime>15:19:09</actionTime>
        </latestAction>
        <relationshipDetails>
          <item>
            <type>Related bill</type>
            <identifiedBy>CRS</identifiedBy>
          </item>
        </relationshipDetails>
      </item>
      <item>
        <latestTitle>Providing for consideration of the joint resolution (H.J. Res. 28) making further continuing appropriations for fiscal year 2019, and for other purposes, and providing for consideration of motions to suspend the rules.</latestTitle>
        <congress>116</congress>
        <number>52</number>
        <type>HRES</type>
        <latestAction>
          <actionDate>2019-01-17</actionDate>
          <text>Motion to reconsider laid on the table Agreed to without objection.</text>
          <actionTime>10:32:41</actionTime>
        </latestAction>
        <relationshipDetails>
          <item>
            <type>Procedurally-related</type>
            <identifiedBy>House</identifiedBy>
          </item>
        </relationshipDetails>
      </item>
    </relatedBills>
    <actions>
      <item>
        <actionDate>2019-01-25</actionDate>
        <links />
        <text>Became Public Law No: 116-5.</text>
        <type>President</type>
        <actionCode>E40000</actionCode>
        <sourceSystem>
          <code>2</code>
          <name>House floor actions</name>
        </sourceSystem>
        <committees />
      </item>
      <item>
        <actionDate>2019-01-25</actionDate>
        <links />
        <text>Became Public Law No: 116-5.</text>
        <type>BecameLaw</type>
        <actionCode>36000</actionCode>
        <sourceSystem>
          <code>9</code>
          <name>Library of Congress</name>
        </sourceSystem>
        <committees />
      </item>
      <item>
        <actionDate>2019-01-25</actionDate>
        <links />
        <text>Signed by President.</text>
        <type>President</type>
        <actionCode>E30000</actionCode>
        <sourceSystem>
          <code>2</code>
          <name>House floor actions</name>
        </sourceSystem>
        <committees />
      </item>
      <item>
        <actionDate>2019-01-25</actionDate>
        <links />
        <text>Signed by President.</text>
        <type>BecameLaw</type>
        <actionCode>36000</actionCode>
        <sourceSystem>
          <code>9</code>
          <name>Library of Congress</name>
        </sourceSystem>
        <committees />
      </item>
      <item>
        <actionDate>2019-01-25</actionDate>
        <links />
        <text>Presented to President.</text>
        <type>Floor</type>
        <actionCode>E20000</actionCode>
        <sourceSystem>
          <code>2</code>
          <name>House floor actions</name>
        </sourceSystem>
        <committees />
      </item>
      <item>
        <actionDate>2019-01-25</actionDate>
        <links />
        <text>Presented to President.</text>
        <type>President</type>
        <actionCode>28000</actionCode>
        <sourceSystem>
          <code>9</code>
          <name>Library of Congress</name>
        </sourceSystem>
        <committees />
      </item>
      <item>
        <actionDate>2019-01-25</actionDate>
        <actionTime>18:58:40</actionTime>
        <links />
        <text>Motion to reconsider laid on the table Agreed to without objection.</text>
        <type>ResolvingDifferences</type>
        <actionCode>H41931</actionCode>
        <sourceSystem>
          <code>2</code>
          <name>House floor actions</name>
        </sourceSystem>
        <committees />
      </item>
      <item>
        <actionDate>2019-01-25</actionDate>
        <actionTime>18:58:36</actionTime>
        <links />
        <text>On motion that the House agree to the Senate amendment Agreed to without objection. (text: CR H1215-1216)</text>
        <type>ResolvingDifferences</type>
        <actionCode>H41610</actionCode>
        <sourceSystem>
          <code>2</code>
          <name>House floor actions</name>
        </sourceSystem>
        <committees />
      </item>
      <item>
        <actionDate>2019-01-25</actionDate>
        <links />
        <text>Resolving differences -- House actions: On motion that the House agree to the Senate amendment Agreed to without objection.(text: CR H1215-1216)</text>
        <type>NotUsed</type>
        <actionCode>19500</actionCode>
        <sourceSystem>
          <code>9</code>
          <name>Library of Congress</name>
        </sourceSystem>
        <committees />
      </item>
      <item>
        <actionDate>2019-01-25</actionDate>
        <actionTime>18:57:50</actionTime>
        <links />
        <text>Mrs. Lowey asked unanimous consent to take from the Speaker's table, with the Senate amendment thereto, and agree to the Senate amendment. (consideration: CR H1215-1216)</text>
        <type>Floor</type>
        <actionCode>H8D000</actionCode>
        <sourceSystem>
          <code>2</code>
          <name>House floor actions</name>
        </sourceSystem>
        <committees />
      </item>
      <item>
        <actionDate>2019-01-25</actionDate>
        <committees />
        <links />
        <sourceSystem>
          <code>0</code>
          <name>Senate</name>
        </sourceSystem>
        <text>Message on Senate action sent to the House.</text>
        <type>Floor</type>
      </item>
      <item>
        <actionDate>2019-01-25</actionDate>
        <committees />
        <links />
        <sourceSystem>
          <code>0</code>
          <name>Senate</name>
        </sourceSystem>
        <text>Passed Senate with an amendment by Voice Vote.</text>
        <type>Floor</type>
      </item>
      <item>
        <actionDate>2019-01-25</actionDate>
        <links />
        <text>Passed/agreed to in Senate: Passed Senate with an amendment by Voice Vote.</text>
        <type>Floor</type>
        <actionCode>17000</actionCode>
        <sourceSystem>
          <code>9</code>
          <name>Library of Congress</name>
        </sourceSystem>
        <committees />
      </item>
      <item>
        <actionDate>2019-01-25</actionDate>
        <committees />
        <links />
        <sourceSystem>
          <code>0</code>
          <name>Senate</name>
        </sourceSystem>
        <text>Measure laid before Senate by unanimous consent. (consideration: CR S683-684)</text>
        <type>Floor</type>
      </item>
      <item>
        <actionDate>2019-01-25</actionDate>
        <committees />
        <links />
        <sourceSystem>
          <code>0</code>
          <name>Senate</name>
        </sourceSystem>
        <text>The joint resolution was considered read the second time.</text>
        <type>Floor</type>
      </item>
      <item>
        <actionDate>2019-01-24</actionDate>
        <committees />
        <links />
        <sourceSystem>
          <code>0</code>
          <name>Senate</name>
        </sourceSystem>
        <text>Received in the Senate. Read the first time. Placed on Senate Legislative Calendar under Read the First Time.</text>
        <type>Calendars</type>
      </item>
      <item>
        <actionDate>2019-01-23</actionDate>
        <actionTime>13:45:44</actionTime>
        <links />
        <text>Motion to reconsider laid on the table Agreed to without objection.</text>
        <type>Floor</type>
        <actionCode>H38310</actionCode>
        <sourceSystem>
          <code>2</code>
          <name>House floor actions</name>
        </sourceSystem>
        <committees />
      </item>
      <item>
        <actionDate>2019-01-23</actionDate>
        <actionTime>13:45:43</actionTime>
        <links />
        <text>On passage Passed by the Yeas and Nays: 229 - 184 (Roll no. 46).</text>
        <type>Floor</type>
        <actionCode>H37100</actionCode>
        <sourceSystem>
          <code>2</code>
          <name>House floor actions</name>
        </sourceSystem>
        <committees />
      </item>
      <item>
        <actionDate>2019-01-23</actionDate>
        <actionTime>13:45:43</actionTime>
        <links />
        <text>Passed/agreed to in House: On passage Passed by the Yeas and Nays: 229 - 184 (Roll no. 46).</text>
        <type>Floor</type>
        <actionCode>8000</actionCode>
        <sourceSystem>
          <code>9</code>
          <name>Library of Congress</name>
        </sourceSystem>
        <committees />
      </item>
      <item>
        <actionDate>2019-01-23</actionDate>
        <actionTime>13:20:38</actionTime>
        <links />
        <text>Considered as unfinished business. (consideration: CR H1022-1023)</text>
        <type>Floor</type>
        <actionCode>H30000</actionCode>
        <sourceSystem>
          <code>2</code>
          <name>House floor actions</name>
        </sourceSystem>
        <committees />
      </item>
      <item>
        <actionDate>2019-01-17</actionDate>
        <actionTime>13:53:20</actionTime>
        <links />
        <text>POSTPONED PROCEEDINGS - Pursuant to the order of the House of January 17, 2019, the Chair put the question on passage of H.J.Res. 28 and by voice vote announced that the ayes prevailed. Mr. Scalise demanded the yeas and nays and the Chair postponed further proceedings on the question of passage through the legislative day of January 23, 2019.</text>
        <type>Floor</type>
        <actionCode>H8D000</actionCode>
        <sourceSystem>
          <code>2</code>
          <name>House floor actions</name>
        </sourceSystem>
        <committees />
      </item>
      <item>
        <actionDate>2019-01-17</actionDate>
        <actionTime>13:52:20</actionTime>
        <links />
        <text>VITIATION OF EARLIER PROCEEDINGS - Mr. Hoyer asked unanimous consent to vacate proceedings by which House Joint Resolution 28 was passed, and the motion to reconsider laid upon the table, to the end that the Chair put the question on passage of House Joint Resolution 28 de novo, and further that if a recorded vote or the yeas and nays are ordered on the question of passage of House Joint Resolution 28, further proceedings may be postponed through the legislative day of January 23, 2019, as though under clause 8 of rule 20. Agreed to without objection.</text>
        <type>Floor</type>
        <actionCode>H8D000</actionCode>
        <sourceSystem>
          <code>2</code>
          <name>House floor actions</name>
        </sourceSystem>
        <committees />
      </item>
      <item>
        <actionDate>2019-01-17</actionDate>
        <actionTime>12:51:29</actionTime>
        <links />
        <text>Motion to reconsider laid on the table Agreed to without objection.</text>
        <type>Floor</type>
        <actionCode>H8D000</actionCode>
        <sourceSystem>
          <code>2</code>
          <name>House floor actions</name>
        </sourceSystem>
        <committees />
      </item>
      <item>
        <actionDate>2019-01-17</actionDate>
        <actionTime>12:51:26</actionTime>
        <links />
        <text>On passage Passed by voice vote. (text: CR H689)</text>
        <type>Floor</type>
        <actionCode>H8D000</actionCode>
        <sourceSystem>
          <code>2</code>
          <name>House floor actions</name>
        </sourceSystem>
        <committees />
      </item>
      <item>
        <actionDate>2019-01-17</actionDate>
        <actionTime>12:51:25</actionTime>
        <links />
        <text>On motion to recommit with instructions Failed by the Yeas and Nays: 195 - 222 (Roll no. 43).</text>
        <type>Floor</type>
        <actionCode>H36110</actionCode>
        <sourceSystem>
          <code>2</code>
          <name>House floor actions</name>
        </sourceSystem>
        <committees>
          <item>
            <systemCode>hsap00</systemCode>
            <name>Appropriations Committee</name>
          </item>
        </committees>
      </item>
      <item>
        <actionDate>2019-01-17</actionDate>
        <actionTime>12:42:44</actionTime>
        <links />
        <text>Considered as unfinished business. (consideration: CR H698-699)</text>
        <type>Floor</type>
        <actionCode>H30000</actionCode>
        <sourceSystem>
          <code>2</code>
          <name>House floor actions</name>
        </sourceSystem>
        <committees />
      </item>
      <item>
        <actionDate>2019-01-17</actionDate>
        <actionTime>11:22:25</actionTime>
        <links />
        <text>POSTPONED PROCEEDINGS - At the conclusion of debate on the Granger motion to recommit with instructions, the Chair put the question on the motion to recommit and by voice vote announced that the noes had prevailed. Ms. Granger demanded the yeas and nays and the Chair postponed further proceedings until later in the legislative day.</text>
        <type>Floor</type>
        <actionCode>H8D000</actionCode>
        <sourceSystem>
          <code>2</code>
          <name>House floor actions</name>
        </sourceSystem>
        <committees />
      </item>
      <item>
        <actionDate>2019-01-17</actionDate>
        <actionTime>11:21:43</actionTime>
        <links />
        <text>The previous question on the motion to recommit with instructions was ordered without objection.</text>
        <type>Floor</type>
        <actionCode>H8A000</actionCode>
        <sourceSystem>
          <code>2</code>
          <name>House floor actions</name>
        </sourceSystem>
        <committees />
      </item>
      <item>
        <actionDate>2019-01-17</actionDate>
        <actionTime>11:17:34</actionTime>
        <links />
        <text>DEBATE - The House proceeded with 10 minutes of debate on the Granger motion to recommit with instructions. The instructions contained in the motion seek to require the bill to be reported back to the House with an amendment striking the date February 28, 2019 and inserting January 15, 2019.</text>
        <type>Floor</type>
        <actionCode>H8D000</actionCode>
        <sourceSystem>
          <code>2</code>
          <name>House floor actions</name>
        </sourceSystem>
        <committees />
      </item>
      <item>
        <actionDate>2019-01-17</actionDate>
        <actionTime>11:17:23</actionTime>
        <links />
        <text>Ms. Granger moved to recommit with instructions to the Committee on Appropriations. (text: CR H692)</text>
        <type>Floor</type>
        <actionCode>H36100</actionCode>
        <sourceSystem>
          <code>2</code>
          <name>House floor actions</name>
        </sourceSystem>
        <committees>
          <item>
            <systemCode>hsap00</systemCode>
            <name>Appropriations Committee</name>
          </item>
        </committees>
      </item>
      <item>
        <actionDate>2019-01-17</actionDate>
        <actionTime>11:17:13</actionTime>
        <links />
        <text>The previous question was ordered pursuant to the rule.</text>
        <type>Floor</type>
        <actionCode>H35000</actionCode>
        <sourceSystem>
          <code>2</code>
          <name>House floor actions</name>
        </sourceSystem>
        <committees />
      </item>
      <item>
        <actionDate>2019-01-17</actionDate>
        <actionTime>10:44:52</actionTime>
        <links />
        <text>DEBATE - The House proceeded with one hour of debate on H.J. Res. 28.</text>
        <type>Floor</type>
        <actionCode>H8D000</actionCode>
        <sourceSystem>
          <code>2</code>
          <name>House floor actions</name>
        </sourceSystem>
        <committees />
      </item>
      <item>
        <actionDate>2019-01-17</actionDate>
        <actionTime>10:44:25</actionTime>
        <links />
        <text>Rule provides for consideration of H.J. Res. 28. The resolution provides for consideration of H.J. Res. 28 under a closed rule with one motion to recommit. Also, the resolution provides that it shall be in order at any time through the legislative day of January 25, 2019, for the Speaker to entertain motions to suspend the rules.</text>
        <type>Floor</type>
        <actionCode>H8D000</actionCode>
        <sourceSystem>
          <code>2</code>
          <name>House floor actions</name>
        </sourceSystem>
        <committees />
      </item>
      <item>
        <actionDate>2019-01-17</actionDate>
        <actionTime>10:44:20</actionTime>
        <links />
        <text>Considered under the provisions of rule H. Res. 52. (consideration: CR H689-692)</text>
        <type>Floor</type>
        <actionCode>H30000</actionCode>
        <sourceSystem>
          <code>2</code>
          <name>House floor actions</name>
        </sourceSystem>
        <committees />
      </item>
      <item>
        <actionDate>2019-01-17</actionDate>
        <actionTime>10:32:50</actionTime>
        <links />
        <text>Rule H. Res. 52 passed House.</text>
        <type>Floor</type>
        <actionCode>H1L220</actionCode>
        <sourceSystem>
          <code>2</code>
          <name>House floor actions</name>
        </sourceSystem>
        <committees />
      </item>
      <item>
        <actionDate>2019-01-16</actionDate>
        <actionTime>18:05:18</actionTime>
        <links />
        <text>Rules Committee Resolution H. Res. 52 Reported to House. Rule provides for consideration of H.J. Res. 28. The resolution provides for consideration of H.J. Res. 28 under a closed rule with one motion to recommit. Also, the resolution provides that it shall be in order at any time through the legislative day of January 25, 2019, for the Speaker to entertain motions to suspend the rules.</text>
        <type>Floor</type>
        <actionCode>H1L210</actionCode>
        <sourceSystem>
          <code>2</code>
          <name>House floor actions</name>
        </sourceSystem>
        <committees />
      </item>
      <item>
        <actionDate>2019-01-14</actionDate>
        <links />
        <text>Referred to the House Committee on Appropriations.</text>
        <type>IntroReferral</type>
        <actionCode>H11100</actionCode>
        <sourceSystem>
          <code>2</code>
          <name>House floor actions</name>
        </sourceSystem>
        <committees>
          <item>
            <systemCode>hsap00</systemCode>
            <name>Appropriations Committee</name>
          </item>
        </committees>
      </item>
      <item>
        <actionDate>2019-01-14</actionDate>
        <links />
        <text>Introduced in House</text>
        <type>IntroReferral</type>
        <actionCode>Intro-H</actionCode>
        <sourceSystem>
          <code>9</code>
          <name>Library of Congress</name>
        </sourceSystem>
        <committees />
      </item>
      <item>
        <actionDate>2019-01-14</actionDate>
        <links />
        <text>Introduced in House</text>
        <type>IntroReferral</type>
        <actionCode>1000</actionCode>
        <sourceSystem>
          <code>9</code>
          <name>Library of Congress</name>
        </sourceSystem>
        <committees />
      </item>
      <actionTypeCounts>
        <publicLawOrPrivateLaw>1</publicLawOrPrivateLaw>
        <becamePublicLaw>2</becamePublicLaw>
        <signedByPresidentOrSentToArchivistOfTheUnitedStatesUnsignedOrVetoedByPresidentOrPocketVetoedByPresident>1</signedByPresidentOrSentToArchivistOfTheUnitedStatesUnsignedOrVetoedByPresidentOrPocketVetoedByPresident>
        <presentedToPresident>2</presentedToPresident>
        <motionToReconsiderResults>2</motionToReconsiderResults>
        <voteOnHouseAgreeingToTheSenateAction>1</voteOnHouseAgreeingToTheSenateAction>
        <resolvingDifferencesHouseActions>1</resolvingDifferencesHouseActions>
        <generalDebate>9</generalDebate>
        <sentToHouse>1</sentToHouse>
        <passedSenate>1</passedSenate>
        <passedAgreedToInSenate>1</passedAgreedToInSenate>
        <measureLaidBeforeSenate>1</measureLaidBeforeSenate>
        <freeText>1</freeText>
        <placedOnCalendarSection>1</placedOnCalendarSection>
        <passageOfAMeasure>1</passageOfAMeasure>
        <passedAgreedToInHouse>1</passedAgreedToInHouse>
        <considerationByHouse>3</considerationByHouse>
        <motionToCommitRecommitWithInstructionsResults>1</motionToCommitRecommitWithInstructionsResults>
        <placeholderTextForHA>1</placeholderTextForHA>
        <motionToCommitRecommitWithInstructionsOffered>1</motionToCommitRecommitWithInstructionsOffered>
        <motionForPreviousQuestion>1</motionForPreviousQuestion>
        <placeholderTextForHL>1</placeholderTextForHL>
        <ruleForConsiderationOfBillReportedToHouse>1</ruleForConsiderationOfBillReportedToHouse>
        <billReferrals>1</billReferrals>
        <introducedInTheHouse>1</introducedInTheHouse>
        <introducedInHouse>1</introducedInHouse>
      </actionTypeCounts>
      <actionByCounts>
        <houseOfRepresentatives>27</houseOfRepresentatives>
        <senate>6</senate>
      </actionByCounts>
    </actions>
    <sponsors>
      <item>
        <bioguideId>L000480</bioguideId>
        <fullName>Rep. Lowey, Nita M. [D-NY-17]</fullName>
        <firstName>NITA</firstName>
        <middleName>M.</middleName>
        <lastName>LOWEY</lastName>
        <party>D</party>
        <state>NY</state>
        <identifiers>
          <lisID>709</lisID>
          <bioguideId>L000480</bioguideId>
          <gpoId>8079</gpoId>
        </identifiers>
        <district>17</district>
        <byRequestType />
      </item>
    </sponsors>
    <cosponsors />
    <cboCostEstimates />
    <laws>
      <item>
        <type>Public Law</type>
        <number>116-5</number>
      </item>
    </laws>
    <notes />
    <policyArea>
      <name>Economics and Public Finance</name>
    </policyArea>
    <subjects>
      <billSubjects>
        <legislativeSubjects>
          <item>
            <name>Appropriations</name>
          </item>
          <item>
            <name>Budget deficits and national debt</name>
          </item>
          <item>
            <name>Chemical and biological weapons</name>
          </item>
          <item>
            <name>Competition and antitrust</name>
          </item>
          <item>
            <name>Crimes against women</name>
          </item>
          <item>
            <name>Department of Health and Human Services</name>
          </item>
          <item>
            <name>Drug safety, medical device, and laboratory regulation</name>
          </item>
          <item>
            <name>Emergency medical services and trauma care</name>
          </item>
          <item>
            <name>Executive agency funding and structure</name>
          </item>
          <item>
            <name>Government employee pay, benefits, personnel management</name>
          </item>
          <item>
            <name>Hazardous wastes and toxic substances</name>
          </item>
          <item>
            <name>Health promotion and preventive care</name>
          </item>
          <item>
            <name>Immigration status and procedures</name>
          </item>
          <item>
            <name>Immunology and vaccination</name>
          </item>
          <item>
            <name>Licensing and registrations</name>
          </item>
          <item>
            <name>Medical research</name>
          </item>
          <item>
            <name>Nuclear weapons</name>
          </item>
          <item>
            <name>Pest management</name>
          </item>
          <item>
            <name>Poverty and welfare assistance</name>
          </item>
          <item>
            <name>Research administration and funding</name>
          </item>
          <item>
            <name>Research and development</name>
          </item>
          <item>
            <name>State and local government operations</name>
          </item>
          <item>
            <name>Terrorism</name>
          </item>
          <item>
            <name>User charges and fees</name>
          </item>
          <item>
            <name>Violent crime</name>
          </item>
        </legislativeSubjects>
        <policyArea>
          <name>Economics and Public Finance</name>
        </policyArea>
      </billSubjects>
    </subjects>
    <summaries>
      <billSummaries>
        <item>
          <versionCode>00</versionCode>
          <actionDate>2019-01-14</actionDate>
          <actionDesc>Introduced in House</actionDesc>
          <lastSummaryUpdateDate>2019-01-15T17:30:58Z</lastSummaryUpdateDate>
          <text><![CDATA[<p><b>Further Additional Continuing Appropriations Act, 2019</b></p> <p>This joint resolution provides continuing FY2019 appropriations to several federal agencies through the earlier of February 28, 2019, or the enactment of the applicable appropriations legislation. </p> <p>It is known as a continuing resolution (CR) and ends the partial government shutdown that began after the existing CR expired on December 21, 2018, because seven of the remaining FY2019 appropriations bills have not been enacted. </p> <p>(Five of the FY2019 appropriations bills were enacted last year, including</p> <ul> <li> the Department of Defense Appropriations Act, 2019; </li> <li>the Energy and Water Development and Related Agencies Appropriations Act, 2019; </li> <li>the Departments of Labor, Health and Human Services, and Education, and Related Agencies Appropriations Act, 2019; </li> <li>the Legislative Branch Appropriations Act, 2019; and </li> <li>the Military Construction, Veterans Affairs, and Related Agencies Appropriations Act, 2019.)</li> </ul> <p>Additionally, the CR has the effect of extending through February 28, 2019, several authorities and programs that were extended in prior CRs, including </p> <ul> <li> the Violence Against Women Act, </li> <li>the authority for the Environmental Protection Agency to collect and spend certain fees related to pesticides,</li> <li> the Temporary Assistance for Needy Families (TANF) program, and </li> <li>several authorities related to immigration.</li> </ul>]]></text>
          <updateDate>2019-01-14T05:00:00Z</updateDate>
          <name>Introduced in House</name>
        </item>
        <item>
          <versionCode>53</versionCode>
          <actionDate>2019-01-23</actionDate>
          <actionDesc>Passed House</actionDesc>
          <lastSummaryUpdateDate>2019-01-25T16:58:39Z</lastSummaryUpdateDate>
          <text><![CDATA[<p><b>Further Additional Continuing Appropriations Act, 2019</b></p> <p>This joint resolution provides continuing FY2019 appropriations to several federal agencies through the earlier of February 28, 2019, or the enactment of the applicable appropriations legislation. </p> <p>It is known as a continuing resolution (CR) and ends the partial government shutdown that began after the existing CR expired on December 21, 2018, because seven of the remaining FY2019 appropriations bills have not been enacted. </p> <p>(Five of the FY2019 appropriations bills were enacted last year, including</p> <ul> <li> the Department of Defense Appropriations Act, 2019; </li> <li>the Energy and Water Development and Related Agencies Appropriations Act, 2019; </li> <li>the Departments of Labor, Health and Human Services, and Education, and Related Agencies Appropriations Act, 2019; </li> <li>the Legislative Branch Appropriations Act, 2019; and </li> <li>the Military Construction, Veterans Affairs, and Related Agencies Appropriations Act, 2019.)</li> </ul> <p>Additionally, the CR has the effect of extending through February 28, 2019, several authorities and programs that were extended in prior CRs, including </p> <ul> <li> the Violence Against Women Act, </li> <li>the authority for the Environmental Protection Agency to collect and spend certain fees related to pesticides,</li> <li> the Temporary Assistance for Needy Families (TANF) program, and </li> <li>several authorities related to immigration.</li> </ul>]]></text>
          <updateDate>2019-01-23T16:27:05Z</updateDate>
          <name>Passed House</name>
        </item>
        <item>
          <versionCode>55</versionCode>
          <actionDate>2019-01-25</actionDate>
          <actionDesc>Passed Senate</actionDesc>
          <lastSummaryUpdateDate>2019-01-31T20:11:31Z</lastSummaryUpdateDate>
          <text><![CDATA[<p><b>Further Additional Continuing Appropriations Act, 2019 </b></p> <p>(Sec. 101) This joint resolution provides continuing FY2019 appropriations to several federal agencies through the earlier of February 15, 2019, or the enactment of the applicable appropriations legislation.</p> <p>It is known as a continuing resolution (CR) and ends the partial government shutdown that began after the existing CR expired on December 21, 2018, because seven of the remaining FY2019 appropriations bills have not been enacted.</p> <p> (Five of the FY2019 appropriations bills were enacted last year, including</p> <ul> <li> the Department of Defense Appropriations Act, 2019; </li> <li> the Energy and Water Development and Related Agencies Appropriations Act, 2019; </li> <li> the Departments of Labor, Health and Human Services, and Education, and Related Agencies Appropriations Act, 2019; </li> <li> the Legislative Branch Appropriations Act, 2019; and </li> <li> the Military Construction, Veterans Affairs, and Related Agencies Appropriations Act, 2019.) </li> </ul> <p>The CR also</p> <ul> <li>makes appropriations available, pursuant to a requirement under current law, to compensate employees furloughed as a result of any lapse in appropriations that began on or about December 22, 2018;</li> <li>ratifies and approves certain obligations incurred in anticipation of the appropriations made and the authority granted by this joint resolution;</li> <li>reimburses or compensates certain states, federal grantees, and furloughed state employees for the lapse in appropriations; and</li> <li> delays the release of required sequestration reports and orders by the Congressional Budget Office and the Office of Management and Budget. </li> </ul> <p>Additionally, the CR extends through February 15, 2019, several programs and authorities, including </p> <ul> <li> the authority for the Department of Health and Human Services Biomedical Advanced Research and Development Authority to withhold from public disclosure certain technical data or scientific information that reveals vulnerabilities of existing medical or public health defenses against biological, chemical, nuclear, or radiological threats;</li> <li>an exemption from antitrust laws for meetings and consultations to discuss the development of certain vaccines and drugs related to public health threats such as bioterrorism, pandemics, or epidemics; </li> <li> the Violence Against Women Act; </li> <li> the authority for the Environmental Protection Agency to collect and spend certain fees related to pesticides; and </li> <li> several authorities related to immigration.</li> </ul> <p>(Sec. 102) This section specifies that the time period covered by the Continuing Appropriations Act, 2019 includes the lapse in appropriations that began on or about December 22, 2018. </p> <p>(Sec. 103) This section specifies that the requirement under current law to compensate employees furloughed as a result of a lapse in appropriations is subject to the enactment of appropriations legislation ending the lapse.</p> <p>(Sec. 104) This section requires any debits on the scorecard maintained under the Statutory Pay-As-You-Go Act of 2010 (PAYGO Act) for 2019 to be transferred to the 2020 scorecard. </p> <p>(The PAYGO Act prohibits direct spending and revenue legislation from increasing the budget deficit. PAYGO scorecards are used to enforce the requirements and determine whether a sequestration order implementing spending cuts is necessary.) </p>]]></text>
          <updateDate>2019-01-25T15:07:32Z</updateDate>
          <name>Passed Senate</name>
        </item>
        <item>
          <versionCode>59</versionCode>
          <actionDate>2019-01-25</actionDate>
          <actionDesc>House agreed to Senate amendment</actionDesc>
          <lastSummaryUpdateDate>2019-01-31T20:11:42Z</lastSummaryUpdateDate>
          <text><![CDATA[<p><b>Further Additional Continuing Appropriations Act, 2019 </b></p> <p>(Sec. 101) This joint resolution provides continuing FY2019 appropriations to several federal agencies through the earlier of February 15, 2019, or the enactment of the applicable appropriations legislation.</p> <p>It is known as a continuing resolution (CR) and ends the partial government shutdown that began after the existing CR expired on December 21, 2018, because seven of the remaining FY2019 appropriations bills have not been enacted.</p> <p> (Five of the FY2019 appropriations bills were enacted last year, including</p> <ul> <li> the Department of Defense Appropriations Act, 2019; </li> <li> the Energy and Water Development and Related Agencies Appropriations Act, 2019; </li> <li> the Departments of Labor, Health and Human Services, and Education, and Related Agencies Appropriations Act, 2019; </li> <li> the Legislative Branch Appropriations Act, 2019; and </li> <li> the Military Construction, Veterans Affairs, and Related Agencies Appropriations Act, 2019.) </li> </ul> <p>The CR also</p> <ul> <li>makes appropriations available, pursuant to a requirement under current law, to compensate employees furloughed as a result of any lapse in appropriations that began on or about December 22, 2018;</li> <li>ratifies and approves certain obligations incurred in anticipation of the appropriations made and the authority granted by this joint resolution;</li> <li>reimburses or compensates certain states, federal grantees, and furloughed state employees for the lapse in appropriations; and</li> <li> delays the release of required sequestration reports and orders by the Congressional Budget Office and the Office of Management and Budget. </li> </ul> <p>Additionally, the CR extends through February 15, 2019, several programs and authorities, including </p> <ul> <li> the authority for the Department of Health and Human Services Biomedical Advanced Research and Development Authority to withhold from public disclosure certain technical data or scientific information that reveals vulnerabilities of existing medical or public health defenses against biological, chemical, nuclear, or radiological threats;</li> <li>an exemption from antitrust laws for meetings and consultations to discuss the development of certain vaccines and drugs related to public health threats such as bioterrorism, pandemics, or epidemics; </li> <li> the Violence Against Women Act; </li> <li> the authority for the Environmental Protection Agency to collect and spend certain fees related to pesticides; and </li> <li> several authorities related to immigration.</li> </ul> <p>(Sec. 102) This section specifies that the time period covered by the Continuing Appropriations Act, 2019 includes the lapse in appropriations that began on or about December 22, 2018. </p> <p>(Sec. 103) This section specifies that the requirement under current law to compensate employees furloughed as a result of a lapse in appropriations is subject to the enactment of appropriations legislation ending the lapse.</p> <p>(Sec. 104) This section requires any debits on the scorecard maintained under the Statutory Pay-As-You-Go Act of 2010 (PAYGO Act) for 2019 to be transferred to the 2020 scorecard. </p> <p>(The PAYGO Act prohibits direct spending and revenue legislation from increasing the budget deficit. PAYGO scorecards are used to enforce the requirements and determine whether a sequestration order implementing spending cuts is necessary.) </p>]]></text>
          <updateDate>2019-01-25T15:08:49Z</updateDate>
          <name>House agreed to Senate amendment</name>
        </item>
        <item>
          <versionCode>49</versionCode>
          <actionDate>2019-01-25</actionDate>
          <actionDesc>Public Law</actionDesc>
          <lastSummaryUpdateDate>2019-01-31T20:11:51Z</lastSummaryUpdateDate>
          <text><![CDATA[<p><b>Further Additional Continuing Appropriations Act, 2019 </b></p> <p>(Sec. 101) This joint resolution provides continuing FY2019 appropriations to several federal agencies through the earlier of February 15, 2019, or the enactment of the applicable appropriations legislation.</p> <p>It is known as a continuing resolution (CR) and ends the partial government shutdown that began after the existing CR expired on December 21, 2018, because seven of the remaining FY2019 appropriations bills have not been enacted.</p> <p> (Five of the FY2019 appropriations bills were enacted last year, including</p> <ul> <li> the Department of Defense Appropriations Act, 2019; </li> <li> the Energy and Water Development and Related Agencies Appropriations Act, 2019; </li> <li> the Departments of Labor, Health and Human Services, and Education, and Related Agencies Appropriations Act, 2019; </li> <li> the Legislative Branch Appropriations Act, 2019; and </li> <li> the Military Construction, Veterans Affairs, and Related Agencies Appropriations Act, 2019.) </li> </ul> <p>The CR also</p> <ul> <li>makes appropriations available, pursuant to a requirement under current law, to compensate employees furloughed as a result of any lapse in appropriations that began on or about December 22, 2018;</li> <li>ratifies and approves certain obligations incurred in anticipation of the appropriations made and the authority granted by this joint resolution;</li> <li>reimburses or compensates certain states, federal grantees, and furloughed state employees for the lapse in appropriations; and</li> <li> delays the release of required sequestration reports and orders by the Congressional Budget Office and the Office of Management and Budget. </li> </ul> <p>Additionally, the CR extends through February 15, 2019, several programs and authorities, including </p> <ul> <li> the authority for the Department of Health and Human Services Biomedical Advanced Research and Development Authority to withhold from public disclosure certain technical data or scientific information that reveals vulnerabilities of existing medical or public health defenses against biological, chemical, nuclear, or radiological threats;</li> <li>an exemption from antitrust laws for meetings and consultations to discuss the development of certain vaccines and drugs related to public health threats such as bioterrorism, pandemics, or epidemics; </li> <li> the Violence Against Women Act; </li> <li> the authority for the Environmental Protection Agency to collect and spend certain fees related to pesticides; and </li> <li> several authorities related to immigration.</li> </ul> <p>(Sec. 102) This section specifies that the time period covered by the Continuing Appropriations Act, 2019 includes the lapse in appropriations that began on or about December 22, 2018. </p> <p>(Sec. 103) This section specifies that the requirement under current law to compensate employees furloughed as a result of a lapse in appropriations is subject to the enactment of appropriations legislation ending the lapse.</p> <p>(Sec. 104) This section requires any debits on the scorecard maintained under the Statutory Pay-As-You-Go Act of 2010 (PAYGO Act) for 2019 to be transferred to the 2020 scorecard. </p> <p>(The PAYGO Act prohibits direct spending and revenue legislation from increasing the budget deficit. PAYGO scorecards are used to enforce the requirements and determine whether a sequestration order implementing spending cuts is necessary.) </p>]]></text>
          <updateDate>2019-01-26T04:59:58Z</updateDate>
          <name>Public Law</name>
        </item>
      </billSummaries>
    </summaries>
    <title>Further Additional Continuing Appropriations Act, 2019</title>
    <titles>
      <item>
        <titleType>Short Title(s) as Introduced</titleType>
        <parentTitleType>Short Title</parentTitleType>
        <title>Further Additional Continuing Appropriations Act, 2019</title>
        <chamberCode />
        <chamberName />
      </item>
      <item>
        <titleType>Short Titles as Passed House</titleType>
        <parentTitleType>Short Titles House of Representatives</parentTitleType>
        <title>Further Additional Continuing Appropriations Act, 2019</title>
        <chamberCode>H</chamberCode>
        <chamberName>House</chamberName>
      </item>
      <item>
        <titleType>Short Titles as Passed Senate</titleType>
        <parentTitleType>Short Titles Senate</parentTitleType>
        <title>Further Additional Continuing Appropriations Act, 2019</title>
        <chamberCode>S</chamberCode>
        <chamberName>Senate</chamberName>
      </item>
      <item>
        <titleType>Official Title as Introduced</titleType>
        <parentTitleType />
        <title>Making further continuing appropriations for fiscal year 2019, and for other purposes.</title>
        <chamberCode />
        <chamberName />
      </item>
      <item>
        <titleType>Other Short Titles</titleType>
        <parentTitleType>Short Title</parentTitleType>
        <title>Further Additional Continuing Appropriations Act, 2019</title>
        <chamberCode />
        <chamberName />
      </item>
      <item>
        <titleType>Display Title</titleType>
        <parentTitleType />
        <title>Further Additional Continuing Appropriations Act, 2019</title>
        <chamberCode />
        <chamberName />
      </item>
      <item>
        <titleType>Short Titles as Enacted</titleType>
        <parentTitleType>Short Title</parentTitleType>
        <title>Further Additional Continuing Appropriations Act, 2019</title>
        <chamberCode />
        <chamberName />
      </item>
    </titles>
    <amendments>
      <amendment>
        <number>54</number>
        <description />
        <purpose>In the nature of a substitute.</purpose>
        <congress>116</congress>
        <type>SAMDT</type>
        <latestAction>
          <actionDate>2019-01-25</actionDate>
          <text>Amendment SA 54 agreed to in Senate by Unanimous Consent.</text>
        </latestAction>
        <number>54</number>
        <description />
        <purpose>In the nature of a substitute.</purpose>
        <congress>116</congress>
        <type>SAMDT</type>
        <createDate>2019-01-26T05:31:08Z</createDate>
        <updateDate>2020-12-15T15:29:15Z</updateDate>
        <sponsors>
          <item>
            <bioguideId>S000320</bioguideId>
            <fullName>Sen. Shelby, Richard C. [R-AL]</fullName>
            <firstName>RICHARD</firstName>
            <middleName>CRAIG</middleName>
            <lastName>SHELBY</lastName>
            <party>R</party>
            <state>AL</state>
            <identifiers>
              <lisID>1049</lisID>
              <bioguideId>S000320</bioguideId>
              <gpoId>8277</gpoId>
            </identifiers>
          </item>
        </sponsors>
        <cosponsors>
          <totalCount>0</totalCount>
          <currentCount>0</currentCount>
        </cosponsors>
        <titles />
        <proposedDate>2019-01-25T05:00:00Z</proposedDate>
        <submittedDate>2019-01-25T05:00:00Z</submittedDate>
        <chamber>Senate</chamber>
        <amendedBill>
          <congress>116</congress>
          <type>HJRES</type>
          <originChamber>House</originChamber>
          <originChamberCode>H</originChamberCode>
          <number>28</number>
          <title>Further Additional Continuing Appropriations Act, 2019</title>
        </amendedBill>
        <amendedAmendment />
        <amendments>
          <count>0</count>
        </amendments>
        <links />
        <notes />
        <actions>
          <count>6</count>
          <actions>
            <item>
              <actionDate>2019-01-25</actionDate>
              <links />
              <sourceSystem>
                <code>0</code>
                <name>Senate</name>
              </sourceSystem>
              <text>Amendment SA 54 agreed to in Senate by Unanimous Consent.</text>
              <type>Floor</type>
            </item>
            <item>
              <actionDate>2019-01-25</actionDate>
              <links />
              <sourceSystem>
                <code>0</code>
                <name>Senate</name>
              </sourceSystem>
              <text>Amendment SA 54 proposed by Senator McConnell for Senator Shelby. (consideration: CR S683-684; text: CR S683-684) In the nature of a substitute.</text>
              <type>Floor</type>
            </item>
            <item>
              <actionDate>2019-01-25</actionDate>
              <links />
              <text />
            </item>
            <item>
              <actionDate>2019-01-25</actionDate>
              <links />
              <text>Senate amendment proposed (on the floor): Amendment SA 54 proposed by Senator McConnell for Senator Shelby.</text>
              <type>Floor</type>
              <actionCode>93000</actionCode>
              <sourceSystem>
                <code>9</code>
                <name>Library of Congress</name>
              </sourceSystem>
              <committee />
            </item>
            <item>
              <actionDate>2019-01-25</actionDate>
              <links />
              <text>Senate amendment agreed to: Amendment SA 54 agreed to in Senate by Unanimous Consent.</text>
              <type>Floor</type>
              <actionCode>94000</actionCode>
              <sourceSystem>
                <code>9</code>
                <name>Library of Congress</name>
              </sourceSystem>
              <committee />
            </item>
            <item>
              <actionDate>2019-01-25</actionDate>
              <links />
              <text>Senate amendment submitted</text>
              <type>Floor</type>
              <actionCode>91000</actionCode>
              <sourceSystem>
                <code>9</code>
                <name>Library of Congress</name>
              </sourceSystem>
              <committee />
            </item>
          </actions>
          <actionTypeCounts>
            <amendmentAgreedTo>1</amendmentAgreedTo>
            <amendmentProposed>1</amendmentProposed>
            <senateAmendmentProposedOnTheFloor>1</senateAmendmentProposedOnTheFloor>
            <senateAmendmentAgreedTo>1</senateAmendmentAgreedTo>
            <senateAmendmentSubmitted>1</senateAmendmentSubmitted>
          </actionTypeCounts>
          <actionByCounts>
            <senate>5</senate>
          </actionByCounts>
        </actions>
        <version>1.0.0</version>
      </amendment>
    </amendments>
    <textVersions>
      <item>
        <type>Enrolled Bill</type>
        <date />
        <formats>
          <item>
            <url>https://www.govinfo.gov/content/pkg/BILLS-116hjres28enr/xml/BILLS-116hjres28enr.xml</url>
          </item>
        </formats>
      </item>
      <item>
        <type>Engrossed Amendment Senate</type>
        <date>2019-01-25T05:00:00Z</date>
        <formats>
          <item>
            <url>https://www.govinfo.gov/content/pkg/BILLS-116hjres28eas/xml/BILLS-116hjres28eas.xml</url>
          </item>
        </formats>
      </item>
      <item>
        <type>Received in Senate</type>
        <date>2019-01-24T05:00:00Z</date>
        <formats>
          <item>
            <url>https://www.govinfo.gov/content/pkg/BILLS-116hjres28rds/xml/BILLS-116hjres28rds.xml</url>
          </item>
        </formats>
      </item>
      <item>
        <type>Engrossed in House</type>
        <date>2019-01-23T05:00:00Z</date>
        <formats>
          <item>
            <url>https://www.govinfo.gov/content/pkg/BILLS-116hjres28eh/xml/BILLS-116hjres28eh.xml</url>
          </item>
        </formats>
      </item>
      <item>
        <type>Introduced in House</type>
        <date>2019-01-14T05:00:00Z</date>
        <formats>
          <item>
            <url>https://www.govinfo.gov/content/pkg/BILLS-116hjres28ih/xml/BILLS-116hjres28ih.xml</url>
          </item>
        </formats>
      </item>
    </textVersions>
    <latestAction>
      <actionDate>2019-01-25</actionDate>
      <text>Became Public Law No: 116-5.</text>
      <links />
    </latestAction>
    <calendarNumbers>
      <item>
        <calendar>Senate Calendar of Business</calendar>
        <number />
      </item>
    </calendarNumbers>
    <version>1.0.0</version>
  </bill>
  <dublinCore xmlns:dc="http://purl.org/dc/elements/1.1/">
    <dc:format>text/xml</dc:format>
    <dc:language>EN</dc:language>
    <dc:rights>Pursuant to Title 17 Section 105 of the United States Code, this file is not subject to copyright protection and is in the public domain.</dc:rights>
    <dc:contributor>Congressional Research Service, Library of Congress</dc:contributor>
    <dc:description>This file contains bill summaries and statuses for federal legislation. A bill summary describes the most significant provisions of a piece of legislation and details the effects the legislative text may have on current law and federal programs. Bill summaries are authored by the Congressional Research Service (CRS) of the Library of Congress. As stated in Public Law 91-510 (2 USC 166 (d)(6)), one of the duties of CRS is "to prepare summaries and digests of bills and resolutions of a public general nature introduced in the Senate or House of Representatives". For more information, refer to the User Guide that accompanies this file.</dc:description>
  </dublinCore>
</billStatus>

