<?xml version="1.0" encoding="UTF-8"?>
<billStatus>
  <bill>
    <billNumber>51</billNumber>
    <createDate>2021-06-15T07:12:12Z</createDate>
    <updateDate>2021-11-17T08:15:40Z</updateDate>
    <originChamber>House</originChamber>
    <billType>HJRES</billType>
    <introducedDate>2021-06-14</introducedDate>
    <congress>117</congress>
    <constitutionalAuthorityStatementText><![CDATA[<pre>[Congressional Record Volume 167, Number 103 (Monday, June 14, 2021)][House]From the Congressional Record Online through the Government Publishing Office [<a href="https://www.gpo.gov">www.gpo.gov</a>]By Mr. WOMACK:H.J. Res. 51.Congress has the power to enact this legislation pursuantto the following:Article V, U.S. Constitution[Page H2747]</pre>]]></constitutionalAuthorityStatementText>
    <recordedVotes />
    <committees>
      <billCommittees>
        <item>
          <systemCode>hsju00</systemCode>
          <name>Judiciary Committee</name>
          <chamber>House</chamber>
          <type>Standing</type>
          <subcommittees />
          <activities>
            <item>
              <name>Referred to</name>
              <date>2021-06-14T21:01:30Z</date>
            </item>
          </activities>
        </item>
      </billCommittees>
    </committees>
    <committeeReports />
    <relatedBills>
      <item>
        <latestTitle>A joint resolution proposing an amendment to the Constitution of the United States authorizing the Congress to prohibit the physical desecration of the flag of the United States.</latestTitle>
        <congress>117</congress>
        <number>20</number>
        <type>SJRES</type>
        <latestAction>
          <actionDate>2021-06-14</actionDate>
          <text>Read twice and referred to the Committee on the Judiciary.</text>
        </latestAction>
        <relationshipDetails>
          <item>
            <type>Related bill</type>
            <identifiedBy>CRS</identifiedBy>
          </item>
        </relationshipDetails>
      </item>
    </relatedBills>
    <actions>
      <item>
        <actionDate>2021-06-14</actionDate>
        <links />
        <text>Referred to the House Committee on the Judiciary.</text>
        <type>IntroReferral</type>
        <actionCode>H11100</actionCode>
        <sourceSystem>
          <code>2</code>
          <name>House floor actions</name>
        </sourceSystem>
        <committees>
          <item>
            <systemCode>hsju00</systemCode>
            <name>Judiciary Committee</name>
          </item>
        </committees>
      </item>
      <item>
        <actionDate>2021-06-14</actionDate>
        <links />
        <text>Introduced in House</text>
        <type>IntroReferral</type>
        <actionCode>Intro-H</actionCode>
        <sourceSystem>
          <code>9</code>
          <name>Library of Congress</name>
        </sourceSystem>
        <committees />
      </item>
      <item>
        <actionDate>2021-06-14</actionDate>
        <links />
        <text>Introduced in House</text>
        <type>IntroReferral</type>
        <actionCode>1000</actionCode>
        <sourceSystem>
          <code>9</code>
          <name>Library of Congress</name>
        </sourceSystem>
        <committees />
      </item>
      <actionTypeCounts>
        <billReferrals>1</billReferrals>
        <introducedInTheHouse>1</introducedInTheHouse>
        <introducedInHouse>1</introducedInHouse>
      </actionTypeCounts>
      <actionByCounts>
        <houseOfRepresentatives>3</houseOfRepresentatives>
      </actionByCounts>
    </actions>
    <sponsors>
      <item>
        <bioguideId>W000809</bioguideId>
        <fullName>Rep. Womack, Steve [R-AR-3]</fullName>
        <firstName>Steve</firstName>
        <middleName />
        <lastName>Womack</lastName>
        <party>R</party>
        <state>AR</state>
        <identifiers>
          <lisID>1991</lisID>
          <bioguideId>W000809</bioguideId>
          <gpoId>7795</gpoId>
        </identifiers>
        <district>3</district>
        <byRequestType />
      </item>
    </sponsors>
    <cosponsors>
      <item>
        <bioguideId>N000189</bioguideId>
        <fullName>Rep. Newhouse, Dan [R-WA-4]</fullName>
        <firstName>Dan</firstName>
        <middleName />
        <lastName>Newhouse</lastName>
        <party>R</party>
        <state>WA</state>
        <identifiers>
          <lisID>2275</lisID>
          <bioguideId>N000189</bioguideId>
          <gpoId />
        </identifiers>
        <district>4</district>
        <sponsorshipDate>2021-06-14</sponsorshipDate>
        <isOriginalCosponsor>True</isOriginalCosponsor>
        <sponsorshipWithdrawnDate />
      </item>
      <item>
        <bioguideId>L000564</bioguideId>
        <fullName>Rep. Lamborn, Doug [R-CO-5]</fullName>
        <firstName>Doug</firstName>
        <middleName />
        <lastName>Lamborn</lastName>
        <party>R</party>
        <state>CO</state>
        <identifiers>
          <lisID>1834</lisID>
          <bioguideId>L000564</bioguideId>
          <gpoId>7863</gpoId>
        </identifiers>
        <district>5</district>
        <sponsorshipDate>2021-06-14</sponsorshipDate>
        <isOriginalCosponsor>True</isOriginalCosponsor>
        <sponsorshipWithdrawnDate />
      </item>
      <item>
        <bioguideId>B001305</bioguideId>
        <fullName>Rep. Budd, Ted [R-NC-13]</fullName>
        <firstName>Ted</firstName>
        <middleName />
        <lastName>Budd</lastName>
        <party>R</party>
        <state>NC</state>
        <identifiers>
          <lisID>2336</lisID>
          <bioguideId>B001305</bioguideId>
          <gpoId />
        </identifiers>
        <district>13</district>
        <sponsorshipDate>2021-06-14</sponsorshipDate>
        <isOriginalCosponsor>True</isOriginalCosponsor>
        <sponsorshipWithdrawnDate />
      </item>
      <item>
        <bioguideId>H001052</bioguideId>
        <fullName>Rep. Harris, Andy [R-MD-1]</fullName>
        <firstName>Andy</firstName>
        <middleName />
        <lastName>Harris</lastName>
        <party>R</party>
        <state>MD</state>
        <identifiers>
          <lisID>2026</lisID>
          <bioguideId>H001052</bioguideId>
          <gpoId>7976</gpoId>
        </identifiers>
        <district>1</district>
        <sponsorshipDate>2021-06-14</sponsorshipDate>
        <isOriginalCosponsor>True</isOriginalCosponsor>
        <sponsorshipWithdrawnDate />
      </item>
      <item>
        <bioguideId>C001087</bioguideId>
        <fullName>Rep. Crawford, Eric A. "Rick" [R-AR-1]</fullName>
        <firstName>Eric</firstName>
        <middleName>A. "Rick"</middleName>
        <lastName>Crawford</lastName>
        <party>R</party>
        <state>AR</state>
        <identifiers>
          <lisID>1989</lisID>
          <bioguideId>C001087</bioguideId>
          <gpoId>7793</gpoId>
        </identifiers>
        <district>1</district>
        <sponsorshipDate>2021-06-14</sponsorshipDate>
        <isOriginalCosponsor>True</isOriginalCosponsor>
        <sponsorshipWithdrawnDate />
      </item>
      <item>
        <bioguideId>S001172</bioguideId>
        <fullName>Rep. Smith, Adrian [R-NE-3]</fullName>
        <firstName>Adrian</firstName>
        <middleName />
        <lastName>Smith</lastName>
        <party>R</party>
        <state>NE</state>
        <identifiers>
          <lisID>1860</lisID>
          <bioguideId>S001172</bioguideId>
          <gpoId>8040</gpoId>
        </identifiers>
        <district>3</district>
        <sponsorshipDate>2021-06-16</sponsorshipDate>
        <isOriginalCosponsor>False</isOriginalCosponsor>
        <sponsorshipWithdrawnDate />
      </item>
      <item>
        <bioguideId>H001071</bioguideId>
        <fullName>Rep. Hice, Jody B. [R-GA-10]</fullName>
        <firstName>Jody</firstName>
        <middleName>B.</middleName>
        <lastName>Hice</lastName>
        <party>R</party>
        <state>GA</state>
        <identifiers>
          <lisID>2237</lisID>
          <bioguideId>H001071</bioguideId>
          <gpoId />
        </identifiers>
        <district>10</district>
        <sponsorshipDate>2021-06-16</sponsorshipDate>
        <isOriginalCosponsor>False</isOriginalCosponsor>
        <sponsorshipWithdrawnDate />
      </item>
      <item>
        <bioguideId>F000449</bioguideId>
        <fullName>Rep. Fortenberry, Jeff [R-NE-1]</fullName>
        <firstName>Jeff</firstName>
        <middleName />
        <lastName>Fortenberry</lastName>
        <party>R</party>
        <state>NE</state>
        <identifiers>
          <lisID>1793</lisID>
          <bioguideId>F000449</bioguideId>
          <gpoId>8038</gpoId>
        </identifiers>
        <district>1</district>
        <sponsorshipDate>2021-06-16</sponsorshipDate>
        <isOriginalCosponsor>False</isOriginalCosponsor>
        <sponsorshipWithdrawnDate />
      </item>
      <item>
        <bioguideId>C000059</bioguideId>
        <fullName>Rep. Calvert, Ken [R-CA-42]</fullName>
        <firstName>KEN</firstName>
        <middleName />
        <lastName>CALVERT</lastName>
        <party>R</party>
        <state>CA</state>
        <identifiers>
          <lisID>165</lisID>
          <bioguideId>C000059</bioguideId>
          <gpoId>7849</gpoId>
        </identifiers>
        <district>42</district>
        <sponsorshipDate>2021-06-24</sponsorshipDate>
        <isOriginalCosponsor>False</isOriginalCosponsor>
        <sponsorshipWithdrawnDate />
      </item>
      <item>
        <bioguideId>B001298</bioguideId>
        <fullName>Rep. Bacon, Don [R-NE-2]</fullName>
        <firstName>Don</firstName>
        <middleName />
        <lastName>Bacon</lastName>
        <party>R</party>
        <state>NE</state>
        <identifiers>
          <lisID>2337</lisID>
          <bioguideId>B001298</bioguideId>
          <gpoId />
        </identifiers>
        <district>2</district>
        <sponsorshipDate>2021-11-16</sponsorshipDate>
        <isOriginalCosponsor>False</isOriginalCosponsor>
        <sponsorshipWithdrawnDate />
      </item>
    </cosponsors>
    <cboCostEstimates />
    <laws />
    <notes />
    <policyArea>
      <name>Civil Rights and Liberties, Minority Issues</name>
    </policyArea>
    <subjects>
      <billSubjects>
        <legislativeSubjects>
          <item>
            <name>Constitution and constitutional amendments</name>
          </item>
          <item>
            <name>First Amendment rights</name>
          </item>
          <item>
            <name>National symbols</name>
          </item>
        </legislativeSubjects>
        <policyArea>
          <name>Civil Rights and Liberties, Minority Issues</name>
        </policyArea>
      </billSubjects>
    </subjects>
    <summaries>
      <billSummaries>
        <item>
          <versionCode>00</versionCode>
          <actionDate>2021-06-14</actionDate>
          <actionDesc>Introduced in House</actionDesc>
          <lastSummaryUpdateDate>2021-07-06T20:27:48Z</lastSummaryUpdateDate>
          <text><![CDATA[<p>This joint resolution proposes a constitutional amendment to authorize Congress to prohibit the physical desecration of the U.S. flag.</p>]]></text>
          <updateDate>2021-06-14T04:00:00Z</updateDate>
          <name>Introduced in House</name>
        </item>
      </billSummaries>
    </summaries>
    <title>Proposing an amendment to the Constitution of the United States giving Congress power to prohibit the physical desecration of the flag of the United States.</title>
    <titles>
      <item>
        <titleType>Official Title as Introduced</titleType>
        <parentTitleType />
        <title>Proposing an amendment to the Constitution of the United States giving Congress power to prohibit the physical desecration of the flag of the United States.</title>
        <chamberCode />
        <chamberName />
      </item>
      <item>
        <titleType>Display Title</titleType>
        <parentTitleType />
        <title>Proposing an amendment to the Constitution of the United States giving Congress power to prohibit the physical desecration of the flag of the United States.</title>
        <chamberCode />
        <chamberName />
      </item>
    </titles>
    <amendments />
    <textVersions>
      <item>
        <type>Introduced in House</type>
        <date>2021-06-14T04:00:00Z</date>
        <formats>
          <item>
            <url>https://www.govinfo.gov/content/pkg/BILLS-117hjres51ih/xml/BILLS-117hjres51ih.xml</url>
          </item>
        </formats>
      </item>
    </textVersions>
    <latestAction>
      <actionDate>2021-06-14</actionDate>
      <text>Referred to the House Committee on the Judiciary.</text>
      <links />
    </latestAction>
    <calendarNumbers />
    <version>1.0.0</version>
  </bill>
  <dublinCore xmlns:dc="http://purl.org/dc/elements/1.1/">
    <dc:format>text/xml</dc:format>
    <dc:language>EN</dc:language>
    <dc:rights>Pursuant to Title 17 Section 105 of the United States Code, this file is not subject to copyright protection and is in the public domain.</dc:rights>
    <dc:contributor>Congressional Research Service, Library of Congress</dc:contributor>
    <dc:description>This file contains bill summaries and statuses for federal legislation. A bill summary describes the most significant provisions of a piece of legislation and details the effects the legislative text may have on current law and federal programs. Bill summaries are authored by the Congressional Research Service (CRS) of the Library of Congress. As stated in Public Law 91-510 (2 USC 166 (d)(6)), one of the duties of CRS is "to prepare summaries and digests of bills and resolutions of a public general nature introduced in the Senate or House of Representatives". For more information, refer to the User Guide that accompanies this file.</dc:description>
  </dublinCore>
</billStatus>

