<?xml version="1.0" encoding="UTF-8"?>
<billStatus>
  <bill>
    <billNumber>398</billNumber>
    <createDate>2021-01-22T08:12:10Z</createDate>
    <updateDate>2021-07-02T07:15:36Z</updateDate>
    <originChamber>House</originChamber>
    <billType>HR</billType>
    <introducedDate>2021-01-21</introducedDate>
    <congress>117</congress>
    <constitutionalAuthorityStatementText><![CDATA[<pre>[Congressional Record Volume 167, Number 17 (Thursday, January 28, 2021)][House]From the Congressional Record Online through the Government Publishing Office [<a href="https://www.gpo.gov">www.gpo.gov</a>]By Ms. SANCHEZ:H.J. Res. 22.Congress has the power to enact this legislation pursuantto the following:Article 1 Section 8ADDITIONAL SPONSORSUnder clause 7 of rule XII, sponsors were added to public bills andresolutions, as follows:H.R. 28: Mr. Chabot, Mr. Armstrong, Mrs. Fischbach, Mr.Lucas, Mr. Mast, and Mr. Womack.H.R. 40: Mr. Kahele, Ms. Roybal-Allard, Mr. Aguilar, Ms.Waters, Mr. Vela, Mr. Sires, and Mr. Huffman.H.R. 51: Mr. Mrvan and Ms. Davids of Kansas.H.R. 55: Ms. Ross, Mr. Lynch, Mr. Larsen of Washington, Mr.Thompson of California, Ms. Manning, Ms. Jayapal, Ms. Adams,Mr. Schneider, Mr. Veasey, and Ms. Wild.H.R. 77: Mr. Grothman.H.R. 78: Mr. Smith of New Jersey, Mr. Hice of Georgia, Mr.Bucshon, Mr. Burgess, and Mr. Norman.H.R. 97: Mrs. Hayes, Mr. Welch, Mr. Torres of New York, Mr.Cicilline, and Mr. Danny K. Davis of Illinois.H.R. 147: Mr. Ryan and Mr. Brown.H.R. 197: Mr. Brendan F. Boyle of Pennsylvania and Mr.Hastings.H.R. 217: Mr. Hice of Georgia.H.R. 235: Mr. Meeks and Mr. Torres of New York.H.R. 243: Mr. Armstrong.H.R. 255: Mr. Auchincloss, Mr. DeSaulnier, Mr. Schrader,and Ms. Chu.H.R. 256: Mr. Schrader and Ms. Chu.H.R. 262: Mr. Cicilline and Mr. Torres of New York.H.R. 265: Mr. Veasey.H.R. 275: Mr. Jacobs of New York, Ms. Herrera Beutler, Mr.McCaul, Mr. Joyce of Ohio, Mrs. Bice of Oklahoma, Mr.LaMalfa, Mrs. Steel, Mr. Hill, Mr. Garbarino, Mr. Pfluger,Mr. Gimenez, and Mrs. Cammack.H.R. 279: Mr. Neguse, Mr. Crow, and Mr. DeSaulnier.H.R. 289: Mr. Perry.H.R. 295: Mr. Cloud.H.R. 302: Mr. Costa.H.R. 304: Mr. Raskin, Mr. Lynch, Mr. Carson, Ms. Norton,and Mr. Kilmer.H.R. 305: Ms. Ross, Mr. Kind, and Mr. Michael F. Doyle ofPennsylvania.H.R. 322: Mr. Wilson of South Carolina.H.R. 326: Mr. Costa.H.R. 332: Mr. Stanton and Mrs. Wagner.H.R. 349: Ms. Williams of Georgia, Ms. Brownley, Ms. BluntRochester, and Mrs. Trahan.H.R. 359: Mr. Rodney Davis of Illinois.H.R. 369: Mrs. Hayes and Ms. Schrier.H.R. 377: Mr. Rice of South Carolina and Ms. Herrell.H.R. 378: Mr. Rice of South Carolina and Ms. Herrell.H.R. 384: Mr. Cohen, Ms. Mace, Mr. Huffman, Mr. Hastings,and Ms. Eshoo.H.R. 391: Mr. DeSaulnier, Mrs. Napolitano, Ms. Chu, Mr.Harder of California, Mr. Cohen, and Mrs. Fletcher.H.R. 392: Mr. Smith of Washington, Ms. Moore of Wisconsin,Mr. Sablan, and Mr. Sires.H.R. 398: Ms. Herrell.H.R. 407: Mr. Mast.H.R. 421: Ms. Plaskett, Mr. Rush, and Mr. Correa.H.R. 426: Mr. Hagedorn, Mr. Mooney, Mr. Green of Tennessee,Mr. Norman, and Mr. Davidson.H.R. 447: Mr. DeSaulnier, Mr. Courtney, Ms. Adams, Mrs.McBath, Mr. Kinzinger, Mr. Castro of Texas, Mr. Stivers, Mr.Morelle, Mr. Smith of Washington, Mr. Khanna, Mr. Sarbanes,Ms. Norton, Ms. Stevens, Mr. Grijalva, Ms. Blunt Rochester,Mr. Cardenas, Ms. Schakowsky, Ms. Jackson Lee, Mr.Krishnamoorthi, Mr. Danny K. Davis of Illinois, Mrs. Demings,Mr. Foster, Ms. Houlahan, Mr. Moulton, Mr. Kilmer, Ms. Meng,Mr. Gallego, Mr. Brown, Mr. Suozzi, Mr. Garamendi, Mr.Neguse, Ms. McCollum, Mr. Kildee, Mrs. Beatty, Mr. Carbajal,Ms. Craig, Mr. Trone, Ms. Waters, Mr. Casten, Mrs. Bustos,Mr. Langevin, Mr. Sires, Mr. Kahele, Mr. Ryan, Ms. Underwood,Mr. Stanton, Mr. Carson, Mr. David Scott of Georgia, Ms. Leeof California, Mrs. Dingell, Mrs. Axne, Mr. Horsford, and Mr.Lamb.H.R. 448: Mr. Jones.H.R. 449: Mrs. Miller of Illinois.H.R. 450: Mrs. Miller of Illinois.H.R. 452: Mr. Nunes and Mr. Joyce of Ohio.H.R. 465: Mr. Costa and Mr. Valadao.H.R. 471: Mr. Buck, Ms. Mace, Mr. Perry, Mr. Wright, Mr.Babin, Mr. Norman, and Mr. Gibbs.H.R. 472: Mr. Feenstra.H.R. 485: Mrs. Hayes, Mr. Castro of Texas, Ms. Wild, Mr.Takano, Mr. Morelle, Mrs. Trahan, Mr. Levin of Michigan, andMs. Adams.H.R. 488: Mr. Newhouse, Mr. Stewart,[...][Page H254]</pre>]]></constitutionalAuthorityStatementText>
    <recordedVotes />
    <committees>
      <billCommittees>
        <item>
          <systemCode>hsju00</systemCode>
          <name>Judiciary Committee</name>
          <chamber>House</chamber>
          <type>Standing</type>
          <subcommittees>
            <item>
              <systemCode>hsju01</systemCode>
              <name>Immigration and Citizenship Subcommittee</name>
              <activities>
                <item>
                  <name>Referred to</name>
                  <date>2021-03-05T18:36:26Z</date>
                </item>
              </activities>
            </item>
          </subcommittees>
          <activities>
            <item>
              <name>Referred to</name>
              <date>2021-01-21T19:05:10Z</date>
            </item>
          </activities>
        </item>
      </billCommittees>
    </committees>
    <committeeReports />
    <relatedBills />
    <actions>
      <item>
        <actionDate>2021-03-05</actionDate>
        <committees>
          <item>
            <systemCode>hsju01</systemCode>
            <name>Immigration and Citizenship Subcommittee</name>
          </item>
        </committees>
        <links />
        <sourceSystem>
          <code>1</code>
          <name>House committee actions</name>
        </sourceSystem>
        <text>Referred to the Subcommittee on Immigration and Citizenship.</text>
        <type>Committee</type>
      </item>
      <item>
        <actionDate>2021-01-21</actionDate>
        <links />
        <text>Referred to the House Committee on the Judiciary.</text>
        <type>IntroReferral</type>
        <actionCode>H11100</actionCode>
        <sourceSystem>
          <code>2</code>
          <name>House floor actions</name>
        </sourceSystem>
        <committees>
          <item>
            <systemCode>hsju00</systemCode>
            <name>Judiciary Committee</name>
          </item>
        </committees>
      </item>
      <item>
        <actionDate>2021-01-21</actionDate>
        <links />
        <text>Introduced in House</text>
        <type>IntroReferral</type>
        <actionCode>Intro-H</actionCode>
        <sourceSystem>
          <code>9</code>
          <name>Library of Congress</name>
        </sourceSystem>
        <committees />
      </item>
      <item>
        <actionDate>2021-01-21</actionDate>
        <links />
        <text>Introduced in House</text>
        <type>IntroReferral</type>
        <actionCode>1000</actionCode>
        <sourceSystem>
          <code>9</code>
          <name>Library of Congress</name>
        </sourceSystem>
        <committees />
      </item>
      <actionTypeCounts>
        <placeholderTextForH>1</placeholderTextForH>
        <billReferrals>1</billReferrals>
        <introducedInTheHouse>1</introducedInTheHouse>
        <introducedInHouse>1</introducedInHouse>
      </actionTypeCounts>
      <actionByCounts>
        <houseOfRepresentatives>4</houseOfRepresentatives>
      </actionByCounts>
    </actions>
    <sponsors>
      <item>
        <bioguideId>G000595</bioguideId>
        <fullName>Rep. Good, Bob [R-VA-5]</fullName>
        <firstName>Bob</firstName>
        <middleName />
        <lastName>Good</lastName>
        <party>R</party>
        <state>VA</state>
        <identifiers>
          <lisID>2538</lisID>
          <bioguideId>G000595</bioguideId>
          <gpoId />
        </identifiers>
        <district>5</district>
        <byRequestType />
      </item>
    </sponsors>
    <cosponsors>
      <item>
        <bioguideId>G000578</bioguideId>
        <fullName>Rep. Gaetz, Matt [R-FL-1]</fullName>
        <firstName>Matt</firstName>
        <middleName />
        <lastName>Gaetz</lastName>
        <party>R</party>
        <state>FL</state>
        <identifiers>
          <lisID>2314</lisID>
          <bioguideId>G000578</bioguideId>
          <gpoId />
        </identifiers>
        <district>1</district>
        <sponsorshipDate>2021-01-21</sponsorshipDate>
        <isOriginalCosponsor>True</isOriginalCosponsor>
        <sponsorshipWithdrawnDate />
      </item>
      <item>
        <bioguideId>D000615</bioguideId>
        <fullName>Rep. Duncan, Jeff [R-SC-3]</fullName>
        <firstName>Jeff</firstName>
        <middleName />
        <lastName>Duncan</lastName>
        <party>R</party>
        <state>SC</state>
        <identifiers>
          <lisID>2057</lisID>
          <bioguideId>D000615</bioguideId>
          <gpoId>8143</gpoId>
        </identifiers>
        <district>3</district>
        <sponsorshipDate>2021-01-21</sponsorshipDate>
        <isOriginalCosponsor>True</isOriginalCosponsor>
        <sponsorshipWithdrawnDate />
      </item>
      <item>
        <bioguideId>G000565</bioguideId>
        <fullName>Rep. Gosar, Paul A. [R-AZ-4]</fullName>
        <firstName>Paul</firstName>
        <middleName>A.</middleName>
        <lastName>Gosar</lastName>
        <party>R</party>
        <state>AZ</state>
        <identifiers>
          <lisID>1992</lisID>
          <bioguideId>G000565</bioguideId>
          <gpoId>7798</gpoId>
        </identifiers>
        <district>4</district>
        <sponsorshipDate>2021-01-21</sponsorshipDate>
        <isOriginalCosponsor>True</isOriginalCosponsor>
        <sponsorshipWithdrawnDate />
      </item>
      <item>
        <bioguideId>B001274</bioguideId>
        <fullName>Rep. Brooks, Mo [R-AL-5]</fullName>
        <firstName>Mo</firstName>
        <middleName />
        <lastName>Brooks</lastName>
        <party>R</party>
        <state>AL</state>
        <identifiers>
          <lisID>1987</lisID>
          <bioguideId>B001274</bioguideId>
          <gpoId>7790</gpoId>
        </identifiers>
        <district>5</district>
        <sponsorshipDate>2021-01-21</sponsorshipDate>
        <isOriginalCosponsor>True</isOriginalCosponsor>
        <sponsorshipWithdrawnDate />
      </item>
      <item>
        <bioguideId>B001291</bioguideId>
        <fullName>Rep. Babin, Brian [R-TX-36]</fullName>
        <firstName>Brian</firstName>
        <middleName />
        <lastName>Babin</lastName>
        <party>R</party>
        <state>TX</state>
        <identifiers>
          <lisID>2270</lisID>
          <bioguideId>B001291</bioguideId>
          <gpoId />
        </identifiers>
        <district>36</district>
        <sponsorshipDate>2021-01-21</sponsorshipDate>
        <isOriginalCosponsor>True</isOriginalCosponsor>
        <sponsorshipWithdrawnDate />
      </item>
      <item>
        <bioguideId>G000589</bioguideId>
        <fullName>Rep. Gooden, Lance [R-TX-5]</fullName>
        <firstName>Lance</firstName>
        <middleName />
        <lastName>Gooden</lastName>
        <party>R</party>
        <state>TX</state>
        <identifiers>
          <lisID>2445</lisID>
          <bioguideId>G000589</bioguideId>
          <gpoId />
        </identifiers>
        <district>5</district>
        <sponsorshipDate>2021-01-21</sponsorshipDate>
        <isOriginalCosponsor>True</isOriginalCosponsor>
        <sponsorshipWithdrawnDate />
      </item>
      <item>
        <bioguideId>T000165</bioguideId>
        <fullName>Rep. Tiffany, Thomas P. [R-WI-7]</fullName>
        <firstName>Thomas</firstName>
        <middleName>P.</middleName>
        <lastName>Tiffany</lastName>
        <party>R</party>
        <state>WI</state>
        <identifiers>
          <lisID>2480</lisID>
          <bioguideId>T000165</bioguideId>
          <gpoId />
        </identifiers>
        <district>7</district>
        <sponsorshipDate>2021-01-21</sponsorshipDate>
        <isOriginalCosponsor>True</isOriginalCosponsor>
        <sponsorshipWithdrawnDate />
      </item>
      <item>
        <bioguideId>B001302</bioguideId>
        <fullName>Rep. Biggs, Andy [R-AZ-5]</fullName>
        <firstName>Andy</firstName>
        <middleName />
        <lastName>Biggs</lastName>
        <party>R</party>
        <state>AZ</state>
        <identifiers>
          <lisID>2307</lisID>
          <bioguideId>B001302</bioguideId>
          <gpoId />
        </identifiers>
        <district>5</district>
        <sponsorshipDate>2021-01-21</sponsorshipDate>
        <isOriginalCosponsor>True</isOriginalCosponsor>
        <sponsorshipWithdrawnDate />
      </item>
      <item>
        <bioguideId>M001212</bioguideId>
        <fullName>Rep. Moore, Barry [R-AL-2]</fullName>
        <firstName>Barry</firstName>
        <middleName />
        <lastName>Moore</lastName>
        <party>R</party>
        <state>AL</state>
        <identifiers>
          <lisID>2485</lisID>
          <bioguideId>M001212</bioguideId>
          <gpoId />
        </identifiers>
        <district>2</district>
        <sponsorshipDate>2021-01-21</sponsorshipDate>
        <isOriginalCosponsor>True</isOriginalCosponsor>
        <sponsorshipWithdrawnDate />
      </item>
      <item>
        <bioguideId>A000375</bioguideId>
        <fullName>Rep. Arrington, Jodey C. [R-TX-19]</fullName>
        <firstName>Jodey</firstName>
        <middleName>C.</middleName>
        <lastName>Arrington</lastName>
        <party>R</party>
        <state>TX</state>
        <identifiers>
          <lisID>2350</lisID>
          <bioguideId>A000375</bioguideId>
          <gpoId />
        </identifiers>
        <district>19</district>
        <sponsorshipDate>2021-01-21</sponsorshipDate>
        <isOriginalCosponsor>True</isOriginalCosponsor>
        <sponsorshipWithdrawnDate />
      </item>
      <item>
        <bioguideId>G000576</bioguideId>
        <fullName>Rep. Grothman, Glenn [R-WI-6]</fullName>
        <firstName>Glenn</firstName>
        <middleName />
        <lastName>Grothman</lastName>
        <party>R</party>
        <state>WI</state>
        <identifiers>
          <lisID>2276</lisID>
          <bioguideId>G000576</bioguideId>
          <gpoId />
        </identifiers>
        <district>6</district>
        <sponsorshipDate>2021-01-21</sponsorshipDate>
        <isOriginalCosponsor>True</isOriginalCosponsor>
        <sponsorshipWithdrawnDate />
      </item>
      <item>
        <bioguideId>R000597</bioguideId>
        <fullName>Rep. Rice, Tom [R-SC-7]</fullName>
        <firstName>Tom</firstName>
        <middleName />
        <lastName>Rice</lastName>
        <party>R</party>
        <state>SC</state>
        <identifiers>
          <lisID>2160</lisID>
          <bioguideId>R000597</bioguideId>
          <gpoId />
        </identifiers>
        <district>7</district>
        <sponsorshipDate>2021-01-21</sponsorshipDate>
        <isOriginalCosponsor>True</isOriginalCosponsor>
        <sponsorshipWithdrawnDate />
      </item>
      <item>
        <bioguideId>L000589</bioguideId>
        <fullName>Rep. Lesko, Debbie [R-AZ-8]</fullName>
        <firstName>Debbie</firstName>
        <middleName />
        <lastName>Lesko</lastName>
        <party>R</party>
        <state>AZ</state>
        <identifiers>
          <lisID>2368</lisID>
          <bioguideId>L000589</bioguideId>
          <gpoId />
        </identifiers>
        <district>8</district>
        <sponsorshipDate>2021-01-25</sponsorshipDate>
        <isOriginalCosponsor>False</isOriginalCosponsor>
        <sponsorshipWithdrawnDate />
      </item>
      <item>
        <bioguideId>B000825</bioguideId>
        <fullName>Rep. Boebert, Lauren [R-CO-3]</fullName>
        <firstName>Lauren</firstName>
        <middleName />
        <lastName>Boebert</lastName>
        <party>R</party>
        <state>CO</state>
        <identifiers>
          <lisID>2490</lisID>
          <bioguideId>B000825</bioguideId>
          <gpoId />
        </identifiers>
        <district>3</district>
        <sponsorshipDate>2021-01-25</sponsorshipDate>
        <isOriginalCosponsor>False</isOriginalCosponsor>
        <sponsorshipWithdrawnDate />
      </item>
      <item>
        <bioguideId>G000552</bioguideId>
        <fullName>Rep. Gohmert, Louie [R-TX-1]</fullName>
        <firstName>Louie</firstName>
        <middleName />
        <lastName>Gohmert</lastName>
        <party>R</party>
        <state>TX</state>
        <identifiers>
          <lisID>1801</lisID>
          <bioguideId>G000552</bioguideId>
          <gpoId>8157</gpoId>
        </identifiers>
        <district>1</district>
        <sponsorshipDate>2021-01-25</sponsorshipDate>
        <isOriginalCosponsor>False</isOriginalCosponsor>
        <sponsorshipWithdrawnDate />
      </item>
      <item>
        <bioguideId>H001084</bioguideId>
        <fullName>Rep. Herrell, Yvette [R-NM-2]</fullName>
        <firstName>Yvette</firstName>
        <middleName />
        <lastName>Herrell</lastName>
        <party>R</party>
        <state>NM</state>
        <identifiers>
          <lisID>2519</lisID>
          <bioguideId>H001084</bioguideId>
          <gpoId />
        </identifiers>
        <district>2</district>
        <sponsorshipDate>2021-01-28</sponsorshipDate>
        <isOriginalCosponsor>False</isOriginalCosponsor>
        <sponsorshipWithdrawnDate />
      </item>
      <item>
        <bioguideId>P000599</bioguideId>
        <fullName>Rep. Posey, Bill [R-FL-8]</fullName>
        <firstName>Bill</firstName>
        <middleName />
        <lastName>Posey</lastName>
        <party>R</party>
        <state>FL</state>
        <identifiers>
          <lisID>1915</lisID>
          <bioguideId>P000599</bioguideId>
          <gpoId>7887</gpoId>
        </identifiers>
        <district>8</district>
        <sponsorshipDate>2021-04-01</sponsorshipDate>
        <isOriginalCosponsor>False</isOriginalCosponsor>
        <sponsorshipWithdrawnDate />
      </item>
      <item>
        <bioguideId>H001086</bioguideId>
        <fullName>Rep. Harshbarger, Diana [R-TN-1]</fullName>
        <firstName>Diana</firstName>
        <middleName />
        <lastName>Harshbarger</lastName>
        <party>R</party>
        <state>TN</state>
        <identifiers>
          <lisID>2529</lisID>
          <bioguideId>H001086</bioguideId>
          <gpoId />
        </identifiers>
        <district>1</district>
        <sponsorshipDate>2021-04-01</sponsorshipDate>
        <isOriginalCosponsor>False</isOriginalCosponsor>
        <sponsorshipWithdrawnDate />
      </item>
      <item>
        <bioguideId>R000103</bioguideId>
        <fullName>Rep. Rosendale Sr., Matthew M. [R-MT-At Large]</fullName>
        <firstName>Matthew</firstName>
        <middleName>M.</middleName>
        <lastName>Rosendale</lastName>
        <party>R</party>
        <state>MT</state>
        <identifiers>
          <lisID>2515</lisID>
          <bioguideId>R000103</bioguideId>
          <gpoId />
        </identifiers>
        <district>0</district>
        <sponsorshipDate>2021-04-01</sponsorshipDate>
        <isOriginalCosponsor>False</isOriginalCosponsor>
        <sponsorshipWithdrawnDate />
      </item>
      <item>
        <bioguideId>B001305</bioguideId>
        <fullName>Rep. Budd, Ted [R-NC-13]</fullName>
        <firstName>Ted</firstName>
        <middleName />
        <lastName>Budd</lastName>
        <party>R</party>
        <state>NC</state>
        <identifiers>
          <lisID>2336</lisID>
          <bioguideId>B001305</bioguideId>
          <gpoId />
        </identifiers>
        <district>13</district>
        <sponsorshipDate>2021-04-05</sponsorshipDate>
        <isOriginalCosponsor>False</isOriginalCosponsor>
        <sponsorshipWithdrawnDate />
      </item>
      <item>
        <bioguideId>S001214</bioguideId>
        <fullName>Rep. Steube, W. Gregory [R-FL-17]</fullName>
        <firstName>W.</firstName>
        <middleName>Gregory</middleName>
        <lastName>Steube</lastName>
        <party>R</party>
        <state>FL</state>
        <identifiers>
          <lisID>2389</lisID>
          <bioguideId>S001214</bioguideId>
          <gpoId />
        </identifiers>
        <district>17</district>
        <sponsorshipDate>2021-07-01</sponsorshipDate>
        <isOriginalCosponsor>False</isOriginalCosponsor>
        <sponsorshipWithdrawnDate />
      </item>
    </cosponsors>
    <cboCostEstimates />
    <laws />
    <notes />
    <policyArea>
      <name>Immigration</name>
    </policyArea>
    <subjects>
      <billSubjects>
        <legislativeSubjects>
          <item>
            <name>Administrative law and regulatory procedures</name>
          </item>
          <item>
            <name>Criminal justice information and records</name>
          </item>
          <item>
            <name>Department of Homeland Security</name>
          </item>
          <item>
            <name>Immigration status and procedures</name>
          </item>
          <item>
            <name>Refugees, asylum, displaced persons</name>
          </item>
        </legislativeSubjects>
        <policyArea>
          <name>Immigration</name>
        </policyArea>
      </billSubjects>
    </subjects>
    <summaries>
      <billSummaries>
        <item>
          <versionCode>00</versionCode>
          <actionDate>2021-01-21</actionDate>
          <actionDesc>Introduced in House</actionDesc>
          <lastSummaryUpdateDate>2021-03-03T17:48:48Z</lastSummaryUpdateDate>
          <text><![CDATA[<p><b>No Asylum for Criminals Act of 2021</b></p> <p>This bill bars an individual who has been convicted of a crime from receiving asylum, with limited exceptions. Specifically, the Department of Homeland Security may designate political offenses committed outside of the United States that shall not be considered a crime for this purpose.</p> <p>Currently, an individual shall be barred from receiving asylum for only certain types of criminal convictions, such as if the individual is convicted for (1) an aggravated felony, or (2) a particularly serious crime and as a result deemed a danger to the United States. </p>]]></text>
          <updateDate>2021-01-21T05:00:00Z</updateDate>
          <name>Introduced in House</name>
        </item>
      </billSummaries>
    </summaries>
    <title>No Asylum for Criminals Act of 2021</title>
    <titles>
      <item>
        <titleType>Short Title(s) as Introduced</titleType>
        <parentTitleType>Short Title</parentTitleType>
        <title>No Asylum for Criminals Act of 2021</title>
        <chamberCode />
        <chamberName />
      </item>
      <item>
        <titleType>Display Title</titleType>
        <parentTitleType />
        <title>No Asylum for Criminals Act of 2021</title>
        <chamberCode />
        <chamberName />
      </item>
      <item>
        <titleType>Official Title as Introduced</titleType>
        <parentTitleType />
        <title>To amend the Immigration and Nationality Act to provide that an alien who has been convicted of a crime is ineligible for asylum, and for other purposes.</title>
        <chamberCode />
        <chamberName />
      </item>
    </titles>
    <amendments />
    <textVersions>
      <item>
        <type>Introduced in House</type>
        <date>2021-01-21T05:00:00Z</date>
        <formats>
          <item>
            <url>https://www.govinfo.gov/content/pkg/BILLS-117hr398ih/xml/BILLS-117hr398ih.xml</url>
          </item>
        </formats>
      </item>
    </textVersions>
    <latestAction>
      <actionDate>2021-03-05</actionDate>
      <text>Referred to the Subcommittee on Immigration and Citizenship.</text>
      <links />
    </latestAction>
    <calendarNumbers />
    <version>1.0.0</version>
  </bill>
  <dublinCore xmlns:dc="http://purl.org/dc/elements/1.1/">
    <dc:format>text/xml</dc:format>
    <dc:language>EN</dc:language>
    <dc:rights>Pursuant to Title 17 Section 105 of the United States Code, this file is not subject to copyright protection and is in the public domain.</dc:rights>
    <dc:contributor>Congressional Research Service, Library of Congress</dc:contributor>
    <dc:description>This file contains bill summaries and statuses for federal legislation. A bill summary describes the most significant provisions of a piece of legislation and details the effects the legislative text may have on current law and federal programs. Bill summaries are authored by the Congressional Research Service (CRS) of the Library of Congress. As stated in Public Law 91-510 (2 USC 166 (d)(6)), one of the duties of CRS is "to prepare summaries and digests of bills and resolutions of a public general nature introduced in the Senate or House of Representatives". For more information, refer to the User Guide that accompanies this file.</dc:description>
  </dublinCore>
</billStatus>

