<?xml version="1.0" encoding="UTF-8"?>
<billStatus>
  <bill>
    <billNumber>2281</billNumber>
    <createDate>2021-03-30T11:27:32Z</createDate>
    <updateDate>2021-10-19T14:53:30Z</updateDate>
    <originChamber>House</originChamber>
    <billType>HR</billType>
    <introducedDate>2021-03-29</introducedDate>
    <congress>117</congress>
    <constitutionalAuthorityStatementText><![CDATA[<pre>[Congressional Record Volume 167, Number 58 (Monday, March 29, 2021)][House]From the Congressional Record Online through the Government Publishing Office [<a href="https://www.gpo.gov">www.gpo.gov</a>]By Mr. KILMER:H.R. 2281.Congress has the power to enact this legislation pursuantto the following:Article I, Section 8, Clause 3 (relating to the power ofCongress to regulate Commerce with foreign Nations, and amongthe several States, and with the Indian Tribes.)[Page H1699]</pre>]]></constitutionalAuthorityStatementText>
    <recordedVotes />
    <committees>
      <billCommittees>
        <item>
          <systemCode>hsha00</systemCode>
          <name>Committee on House Administration</name>
          <chamber>House</chamber>
          <type>Standing</type>
          <subcommittees />
          <activities>
            <item>
              <name>Referred to</name>
              <date>2021-03-29T14:31:10Z</date>
            </item>
          </activities>
        </item>
        <item>
          <systemCode>hsba00</systemCode>
          <name>Financial Services Committee</name>
          <chamber>House</chamber>
          <type>Standing</type>
          <subcommittees />
          <activities>
            <item>
              <name>Referred to</name>
              <date>2021-03-29T14:31:05Z</date>
            </item>
          </activities>
        </item>
      </billCommittees>
    </committees>
    <committeeReports />
    <relatedBills>
      <item>
        <latestTitle>Dustoff Crews of the Vietnam War Congressional Gold Medal Act</latestTitle>
        <congress>117</congress>
        <number>2738</number>
        <type>S</type>
        <latestAction>
          <actionDate>2021-09-14</actionDate>
          <text>Read twice and referred to the Committee on Banking, Housing, and Urban Affairs. (Sponsor introductory remarks on measure: CR S6501; text: CR S6501-6502)</text>
        </latestAction>
        <relationshipDetails>
          <item>
            <type>Related bill</type>
            <identifiedBy>CRS</identifiedBy>
          </item>
        </relationshipDetails>
      </item>
    </relatedBills>
    <actions>
      <item>
        <actionDate>2021-03-29</actionDate>
        <links />
        <text>Referred to the Committee on Financial Services, and in addition to the Committee on House Administration, for a period to be subsequently determined by the Speaker, in each case for consideration of such provisions as fall within the jurisdiction of the committee concerned.</text>
        <type>IntroReferral</type>
        <actionCode>H11100</actionCode>
        <sourceSystem>
          <code>2</code>
          <name>House floor actions</name>
        </sourceSystem>
        <committees>
          <item>
            <systemCode>hsha00</systemCode>
            <name>Committee on House Administration</name>
          </item>
        </committees>
      </item>
      <item>
        <actionDate>2021-03-29</actionDate>
        <links />
        <text>Referred to the Committee on Financial Services, and in addition to the Committee on House Administration, for a period to be subsequently determined by the Speaker, in each case for consideration of such provisions as fall within the jurisdiction of the committee concerned.</text>
        <type>IntroReferral</type>
        <actionCode>H11100</actionCode>
        <sourceSystem>
          <code>2</code>
          <name>House floor actions</name>
        </sourceSystem>
        <committees>
          <item>
            <systemCode>hsba00</systemCode>
            <name>Financial Services Committee</name>
          </item>
        </committees>
      </item>
      <item>
        <actionDate>2021-03-29</actionDate>
        <links />
        <text>Introduced in House</text>
        <type>IntroReferral</type>
        <actionCode>Intro-H</actionCode>
        <sourceSystem>
          <code>9</code>
          <name>Library of Congress</name>
        </sourceSystem>
        <committees />
      </item>
      <item>
        <actionDate>2021-03-29</actionDate>
        <links />
        <text>Introduced in House</text>
        <type>IntroReferral</type>
        <actionCode>1000</actionCode>
        <sourceSystem>
          <code>9</code>
          <name>Library of Congress</name>
        </sourceSystem>
        <committees />
      </item>
      <actionTypeCounts>
        <billReferrals>2</billReferrals>
        <introducedInTheHouse>1</introducedInTheHouse>
        <introducedInHouse>1</introducedInHouse>
      </actionTypeCounts>
      <actionByCounts>
        <houseOfRepresentatives>4</houseOfRepresentatives>
      </actionByCounts>
    </actions>
    <sponsors>
      <item>
        <bioguideId>K000381</bioguideId>
        <fullName>Rep. Kilmer, Derek [D-WA-6]</fullName>
        <firstName>Derek</firstName>
        <middleName />
        <lastName>Kilmer</lastName>
        <party>D</party>
        <state>WA</state>
        <identifiers>
          <lisID>2169</lisID>
          <bioguideId>K000381</bioguideId>
          <gpoId />
        </identifiers>
        <district>6</district>
        <byRequestType />
      </item>
    </sponsors>
    <cosponsors>
      <item>
        <bioguideId>M001159</bioguideId>
        <fullName>Rep. McMorris Rodgers, Cathy [R-WA-5]</fullName>
        <firstName>Cathy</firstName>
        <middleName>McMorris</middleName>
        <lastName>Rodgers</lastName>
        <party>R</party>
        <state>WA</state>
        <identifiers>
          <lisID>1809</lisID>
          <bioguideId>M001159</bioguideId>
          <gpoId>8209</gpoId>
        </identifiers>
        <district>5</district>
        <sponsorshipDate>2021-03-29</sponsorshipDate>
        <isOriginalCosponsor>True</isOriginalCosponsor>
        <sponsorshipWithdrawnDate />
      </item>
      <item>
        <bioguideId>B001295</bioguideId>
        <fullName>Rep. Bost, Mike [R-IL-12]</fullName>
        <firstName>Mike</firstName>
        <middleName />
        <lastName>Bost</lastName>
        <party>R</party>
        <state>IL</state>
        <identifiers>
          <lisID>2243</lisID>
          <bioguideId>B001295</bioguideId>
          <gpoId />
        </identifiers>
        <district>12</district>
        <sponsorshipDate>2021-03-29</sponsorshipDate>
        <isOriginalCosponsor>True</isOriginalCosponsor>
        <sponsorshipWithdrawnDate />
      </item>
      <item>
        <bioguideId>C000754</bioguideId>
        <fullName>Rep. Cooper, Jim [D-TN-5]</fullName>
        <firstName>JAMES</firstName>
        <middleName>H.</middleName>
        <lastName>COOPER</lastName>
        <party>D</party>
        <state>TN</state>
        <identifiers>
          <lisID>231</lisID>
          <bioguideId>C000754</bioguideId>
          <gpoId>8152</gpoId>
        </identifiers>
        <district>5</district>
        <sponsorshipDate>2021-04-28</sponsorshipDate>
        <isOriginalCosponsor>False</isOriginalCosponsor>
        <sponsorshipWithdrawnDate />
      </item>
      <item>
        <bioguideId>S001159</bioguideId>
        <fullName>Rep. Strickland, Marilyn [D-WA-10]</fullName>
        <firstName>Marilyn</firstName>
        <middleName />
        <lastName>Strickland</lastName>
        <party>D</party>
        <state>WA</state>
        <identifiers>
          <lisID>2539</lisID>
          <bioguideId>S001159</bioguideId>
          <gpoId />
        </identifiers>
        <district>10</district>
        <sponsorshipDate>2021-07-16</sponsorshipDate>
        <isOriginalCosponsor>False</isOriginalCosponsor>
        <sponsorshipWithdrawnDate />
      </item>
      <item>
        <bioguideId>C001121</bioguideId>
        <fullName>Rep. Crow, Jason [D-CO-6]</fullName>
        <firstName>Jason</firstName>
        <middleName />
        <lastName>Crow</lastName>
        <party>D</party>
        <state>CO</state>
        <identifiers>
          <lisID>2385</lisID>
          <bioguideId>C001121</bioguideId>
          <gpoId />
        </identifiers>
        <district>6</district>
        <sponsorshipDate>2021-08-20</sponsorshipDate>
        <isOriginalCosponsor>False</isOriginalCosponsor>
        <sponsorshipWithdrawnDate />
      </item>
      <item>
        <bioguideId>O000171</bioguideId>
        <fullName>Rep. O'Halleran, Tom [D-AZ-1]</fullName>
        <firstName>Tom</firstName>
        <middleName />
        <lastName>O'Halleran</lastName>
        <party>D</party>
        <state>AZ</state>
        <identifiers>
          <lisID>2306</lisID>
          <bioguideId>O000171</bioguideId>
          <gpoId />
        </identifiers>
        <district>1</district>
        <sponsorshipDate>2021-09-22</sponsorshipDate>
        <isOriginalCosponsor>False</isOriginalCosponsor>
        <sponsorshipWithdrawnDate />
      </item>
      <item>
        <bioguideId>K000396</bioguideId>
        <fullName>Rep. Kahele, Kaiali'i [D-HI-2]</fullName>
        <firstName>Kaiali'i</firstName>
        <middleName />
        <lastName>Kahele</lastName>
        <party>D</party>
        <state>HI</state>
        <identifiers>
          <lisID>2500</lisID>
          <bioguideId>K000396</bioguideId>
          <gpoId />
        </identifiers>
        <district>2</district>
        <sponsorshipDate>2021-09-27</sponsorshipDate>
        <isOriginalCosponsor>False</isOriginalCosponsor>
        <sponsorshipWithdrawnDate />
      </item>
      <item>
        <bioguideId>M001215</bioguideId>
        <fullName>Rep. Miller-Meeks, Mariannette [R-IA-2]</fullName>
        <firstName>Mariannette</firstName>
        <middleName />
        <lastName>Miller-Meeks</lastName>
        <party>R</party>
        <state>IA</state>
        <identifiers>
          <lisID>2502</lisID>
          <bioguideId>M001215</bioguideId>
          <gpoId />
        </identifiers>
        <district>2</district>
        <sponsorshipDate>2021-10-15</sponsorshipDate>
        <isOriginalCosponsor>False</isOriginalCosponsor>
        <sponsorshipWithdrawnDate />
      </item>
    </cosponsors>
    <cboCostEstimates />
    <laws />
    <notes />
    <policyArea>
      <name>Armed Forces and National Security</name>
    </policyArea>
    <subjects>
      <billSubjects>
        <legislativeSubjects>
          <item>
            <name>Asia</name>
          </item>
          <item>
            <name>Aviation and airports</name>
          </item>
          <item>
            <name>Conflicts and wars</name>
          </item>
          <item>
            <name>Congressional tributes</name>
          </item>
          <item>
            <name>Emergency medical services and trauma care</name>
          </item>
          <item>
            <name>Health personnel</name>
          </item>
          <item>
            <name>Military history</name>
          </item>
          <item>
            <name>Military medicine</name>
          </item>
          <item>
            <name>Military personnel and dependents</name>
          </item>
          <item>
            <name>Museums, exhibitions, cultural centers</name>
          </item>
          <item>
            <name>Smithsonian Institution</name>
          </item>
          <item>
            <name>Vietnam</name>
          </item>
        </legislativeSubjects>
        <policyArea>
          <name>Armed Forces and National Security</name>
        </policyArea>
      </billSubjects>
    </subjects>
    <summaries>
      <billSummaries>
        <item>
          <versionCode>00</versionCode>
          <actionDate>2021-03-29</actionDate>
          <actionDesc>Introduced in House</actionDesc>
          <lastSummaryUpdateDate>2021-06-14T17:18:31Z</lastSummaryUpdateDate>
          <text><![CDATA[<p><strong>Dust Off Crews of the Vietnam War Congressional Gold Medal Act</strong></p> <p>This bill directs the Speaker of the House of Representatives and the President pro tempore of the Senate to make appropriate arrangements for the presentation of a Congressional Gold Medal in honor of the Dust Off crews (helicopter air ambulance crews) of the Vietnam War in recognition of their heroic military service. </p>]]></text>
          <updateDate>2021-03-29T04:00:00Z</updateDate>
          <name>Introduced in House</name>
        </item>
      </billSummaries>
    </summaries>
    <title>Dust Off Crews of the Vietnam War Congressional Gold Medal Act</title>
    <titles>
      <item>
        <titleType>Short Title(s) as Introduced</titleType>
        <parentTitleType>Short Title</parentTitleType>
        <title>Dust Off Crews of the Vietnam War Congressional Gold Medal Act</title>
        <chamberCode />
        <chamberName />
      </item>
      <item>
        <titleType>Display Title</titleType>
        <parentTitleType />
        <title>Dust Off Crews of the Vietnam War Congressional Gold Medal Act</title>
        <chamberCode />
        <chamberName />
      </item>
      <item>
        <titleType>Official Title as Introduced</titleType>
        <parentTitleType />
        <title>To award a Congressional Gold Medal to the United States Army Dust Off crews of the Vietnam War, collectively, in recognition of their extraordinary heroism and life-saving actions in Vietnam.</title>
        <chamberCode />
        <chamberName />
      </item>
    </titles>
    <amendments />
    <textVersions>
      <item>
        <type>Introduced in House</type>
        <date>2021-03-29T04:00:00Z</date>
        <formats>
          <item>
            <url>https://www.govinfo.gov/content/pkg/BILLS-117hr2281ih/xml/BILLS-117hr2281ih.xml</url>
          </item>
        </formats>
      </item>
    </textVersions>
    <latestAction>
      <actionDate>2021-03-29</actionDate>
      <text>Referred to the Committee on Financial Services, and in addition to the Committee on House Administration, for a period to be subsequently determined by the Speaker, in each case for consideration of such provisions as fall within the jurisdiction of the committee concerned.</text>
      <links />
    </latestAction>
    <calendarNumbers />
    <version>1.0.0</version>
  </bill>
  <dublinCore xmlns:dc="http://purl.org/dc/elements/1.1/">
    <dc:format>text/xml</dc:format>
    <dc:language>EN</dc:language>
    <dc:rights>Pursuant to Title 17 Section 105 of the United States Code, this file is not subject to copyright protection and is in the public domain.</dc:rights>
    <dc:contributor>Congressional Research Service, Library of Congress</dc:contributor>
    <dc:description>This file contains bill summaries and statuses for federal legislation. A bill summary describes the most significant provisions of a piece of legislation and details the effects the legislative text may have on current law and federal programs. Bill summaries are authored by the Congressional Research Service (CRS) of the Library of Congress. As stated in Public Law 91-510 (2 USC 166 (d)(6)), one of the duties of CRS is "to prepare summaries and digests of bills and resolutions of a public general nature introduced in the Senate or House of Representatives". For more information, refer to the User Guide that accompanies this file.</dc:description>
  </dublinCore>
</billStatus>

