<?xml version="1.0" encoding="UTF-8"?>
<billStatus>
  <bill>
    <billNumber>224</billNumber>
    <createDate>2021-01-07T12:51:44Z</createDate>
    <updateDate>2021-11-16T08:15:32Z</updateDate>
    <originChamber>House</originChamber>
    <billType>HR</billType>
    <introducedDate>2021-01-06</introducedDate>
    <congress>117</congress>
    <constitutionalAuthorityStatementText><![CDATA[<pre>[Congressional Record Volume 167, Number 4 (Wednesday, January 6, 2021)][House]From the Congressional Record Online through the Government Publishing Office [<a href="https://www.gpo.gov">www.gpo.gov</a>]By Ms. GARCIA of Texas:H.R. 224.Congress has the power to enact this legislation pursuantto the following:Article I, Section 8, Clause 7: [The Congress shall havePower . . .] To establish Post Offices and post Roads[Page H116]</pre>]]></constitutionalAuthorityStatementText>
    <recordedVotes />
    <committees>
      <billCommittees>
        <item>
          <systemCode>hsgo00</systemCode>
          <name>Oversight and Reform Committee</name>
          <chamber>House</chamber>
          <type>Standing</type>
          <subcommittees />
          <activities>
            <item>
              <name>Referred to</name>
              <date>2021-01-06T17:00:20Z</date>
            </item>
          </activities>
        </item>
      </billCommittees>
    </committees>
    <committeeReports />
    <relatedBills />
    <actions>
      <item>
        <actionDate>2021-01-06</actionDate>
        <links />
        <text>Referred to the House Committee on Oversight and Reform.</text>
        <type>IntroReferral</type>
        <actionCode>H11100</actionCode>
        <sourceSystem>
          <code>2</code>
          <name>House floor actions</name>
        </sourceSystem>
        <committees>
          <item>
            <systemCode>hsgo00</systemCode>
            <name>Oversight and Reform Committee</name>
          </item>
        </committees>
      </item>
      <item>
        <actionDate>2021-01-06</actionDate>
        <links />
        <text>Introduced in House</text>
        <type>IntroReferral</type>
        <actionCode>Intro-H</actionCode>
        <sourceSystem>
          <code>9</code>
          <name>Library of Congress</name>
        </sourceSystem>
        <committees />
      </item>
      <item>
        <actionDate>2021-01-06</actionDate>
        <links />
        <text>Introduced in House</text>
        <type>IntroReferral</type>
        <actionCode>1000</actionCode>
        <sourceSystem>
          <code>9</code>
          <name>Library of Congress</name>
        </sourceSystem>
        <committees />
      </item>
      <actionTypeCounts>
        <billReferrals>1</billReferrals>
        <introducedInTheHouse>1</introducedInTheHouse>
        <introducedInHouse>1</introducedInHouse>
      </actionTypeCounts>
      <actionByCounts>
        <houseOfRepresentatives>3</houseOfRepresentatives>
      </actionByCounts>
    </actions>
    <sponsors>
      <item>
        <bioguideId>G000587</bioguideId>
        <fullName>Rep. Garcia, Sylvia R. [D-TX-29]</fullName>
        <firstName>Sylvia</firstName>
        <middleName>R.</middleName>
        <lastName>Garcia</lastName>
        <party>D</party>
        <state>TX</state>
        <identifiers>
          <lisID>2450</lisID>
          <bioguideId>G000587</bioguideId>
          <gpoId />
        </identifiers>
        <district>29</district>
        <byRequestType />
      </item>
    </sponsors>
    <cosponsors>
      <item>
        <bioguideId>C001091</bioguideId>
        <fullName>Rep. Castro, Joaquin [D-TX-20]</fullName>
        <firstName>Joaquin</firstName>
        <middleName />
        <lastName>Castro</lastName>
        <party>D</party>
        <state>TX</state>
        <identifiers>
          <lisID>2163</lisID>
          <bioguideId>C001091</bioguideId>
          <gpoId />
        </identifiers>
        <district>20</district>
        <sponsorshipDate>2021-01-06</sponsorshipDate>
        <isOriginalCosponsor>True</isOriginalCosponsor>
        <sponsorshipWithdrawnDate />
      </item>
      <item>
        <bioguideId>B001291</bioguideId>
        <fullName>Rep. Babin, Brian [R-TX-36]</fullName>
        <firstName>Brian</firstName>
        <middleName />
        <lastName>Babin</lastName>
        <party>R</party>
        <state>TX</state>
        <identifiers>
          <lisID>2270</lisID>
          <bioguideId>B001291</bioguideId>
          <gpoId />
        </identifiers>
        <district>36</district>
        <sponsorshipDate>2021-01-06</sponsorshipDate>
        <isOriginalCosponsor>True</isOriginalCosponsor>
        <sponsorshipWithdrawnDate />
      </item>
      <item>
        <bioguideId>V000132</bioguideId>
        <fullName>Rep. Vela, Filemon [D-TX-34]</fullName>
        <firstName>Filemon</firstName>
        <middleName />
        <lastName>Vela</lastName>
        <party>D</party>
        <state>TX</state>
        <identifiers>
          <lisID>2167</lisID>
          <bioguideId>V000132</bioguideId>
          <gpoId />
        </identifiers>
        <district>34</district>
        <sponsorshipDate>2021-01-06</sponsorshipDate>
        <isOriginalCosponsor>True</isOriginalCosponsor>
        <sponsorshipWithdrawnDate />
      </item>
      <item>
        <bioguideId>J000126</bioguideId>
        <fullName>Rep. Johnson, Eddie Bernice [D-TX-30]</fullName>
        <firstName>EDDIE</firstName>
        <middleName>BERNICE</middleName>
        <lastName>JOHNSON</lastName>
        <party>D</party>
        <state>TX</state>
        <identifiers>
          <lisID>599</lisID>
          <bioguideId>J000126</bioguideId>
          <gpoId>8186</gpoId>
        </identifiers>
        <district>30</district>
        <sponsorshipDate>2021-01-06</sponsorshipDate>
        <isOriginalCosponsor>True</isOriginalCosponsor>
        <sponsorshipWithdrawnDate />
      </item>
      <item>
        <bioguideId>J000032</bioguideId>
        <fullName>Rep. Jackson Lee, Sheila [D-TX-18]</fullName>
        <firstName>SHEILA</firstName>
        <middleName />
        <lastName>JACKSON LEE</lastName>
        <party>D</party>
        <state>TX</state>
        <identifiers>
          <lisID>588</lisID>
          <bioguideId>J000032</bioguideId>
          <gpoId>8174</gpoId>
        </identifiers>
        <district>18</district>
        <sponsorshipDate>2021-01-06</sponsorshipDate>
        <isOriginalCosponsor>True</isOriginalCosponsor>
        <sponsorshipWithdrawnDate />
      </item>
      <item>
        <bioguideId>R000614</bioguideId>
        <fullName>Rep. Roy, Chip [R-TX-21]</fullName>
        <firstName>Chip</firstName>
        <middleName />
        <lastName>Roy</lastName>
        <party>R</party>
        <state>TX</state>
        <identifiers>
          <lisID>2449</lisID>
          <bioguideId>R000614</bioguideId>
          <gpoId />
        </identifiers>
        <district>21</district>
        <sponsorshipDate>2021-01-06</sponsorshipDate>
        <isOriginalCosponsor>True</isOriginalCosponsor>
        <sponsorshipWithdrawnDate />
      </item>
      <item>
        <bioguideId>V000131</bioguideId>
        <fullName>Rep. Veasey, Marc A. [D-TX-33]</fullName>
        <firstName>Marc</firstName>
        <middleName>A.</middleName>
        <lastName>Veasey</lastName>
        <party>D</party>
        <state>TX</state>
        <identifiers>
          <lisID>2166</lisID>
          <bioguideId>V000131</bioguideId>
          <gpoId />
        </identifiers>
        <district>33</district>
        <sponsorshipDate>2021-01-06</sponsorshipDate>
        <isOriginalCosponsor>True</isOriginalCosponsor>
        <sponsorshipWithdrawnDate />
      </item>
      <item>
        <bioguideId>T000479</bioguideId>
        <fullName>Rep. Taylor, Van [R-TX-3]</fullName>
        <firstName>Van</firstName>
        <middleName />
        <lastName>Taylor</lastName>
        <party>R</party>
        <state>TX</state>
        <identifiers>
          <lisID>2444</lisID>
          <bioguideId>T000479</bioguideId>
          <gpoId />
        </identifiers>
        <district>3</district>
        <sponsorshipDate>2021-01-06</sponsorshipDate>
        <isOriginalCosponsor>True</isOriginalCosponsor>
        <sponsorshipWithdrawnDate />
      </item>
      <item>
        <bioguideId>W000816</bioguideId>
        <fullName>Rep. Williams, Roger [R-TX-25]</fullName>
        <firstName>Roger</firstName>
        <middleName />
        <lastName>Williams</lastName>
        <party>R</party>
        <state>TX</state>
        <identifiers>
          <lisID>2165</lisID>
          <bioguideId>W000816</bioguideId>
          <gpoId />
        </identifiers>
        <district>25</district>
        <sponsorshipDate>2021-01-06</sponsorshipDate>
        <isOriginalCosponsor>True</isOriginalCosponsor>
        <sponsorshipWithdrawnDate />
      </item>
      <item>
        <bioguideId>G000553</bioguideId>
        <fullName>Rep. Green, Al [D-TX-9]</fullName>
        <firstName>Al</firstName>
        <middleName />
        <lastName>Green</lastName>
        <party>D</party>
        <state>TX</state>
        <identifiers>
          <lisID>1803</lisID>
          <bioguideId>G000553</bioguideId>
          <gpoId>8165</gpoId>
        </identifiers>
        <district>9</district>
        <sponsorshipDate>2021-01-06</sponsorshipDate>
        <isOriginalCosponsor>True</isOriginalCosponsor>
        <sponsorshipWithdrawnDate />
      </item>
      <item>
        <bioguideId>C001063</bioguideId>
        <fullName>Rep. Cuellar, Henry [D-TX-28]</fullName>
        <firstName>Henry</firstName>
        <middleName />
        <lastName>Cuellar</lastName>
        <party>D</party>
        <state>TX</state>
        <identifiers>
          <lisID>1807</lisID>
          <bioguideId>C001063</bioguideId>
          <gpoId>8184</gpoId>
        </identifiers>
        <district>28</district>
        <sponsorshipDate>2021-01-19</sponsorshipDate>
        <isOriginalCosponsor>False</isOriginalCosponsor>
        <sponsorshipWithdrawnDate />
      </item>
      <item>
        <bioguideId>G000581</bioguideId>
        <fullName>Rep. Gonzalez, Vicente [D-TX-15]</fullName>
        <firstName>Vicente</firstName>
        <middleName />
        <lastName>Gonzalez</lastName>
        <party>D</party>
        <state>TX</state>
        <identifiers>
          <lisID>2349</lisID>
          <bioguideId>G000581</bioguideId>
          <gpoId />
        </identifiers>
        <district>15</district>
        <sponsorshipDate>2021-02-03</sponsorshipDate>
        <isOriginalCosponsor>False</isOriginalCosponsor>
        <sponsorshipWithdrawnDate />
      </item>
      <item>
        <bioguideId>E000299</bioguideId>
        <fullName>Rep. Escobar, Veronica [D-TX-16]</fullName>
        <firstName>Veronica</firstName>
        <middleName />
        <lastName>Escobar</lastName>
        <party>D</party>
        <state>TX</state>
        <identifiers>
          <lisID>2448</lisID>
          <bioguideId>E000299</bioguideId>
          <gpoId />
        </identifiers>
        <district>16</district>
        <sponsorshipDate>2021-02-03</sponsorshipDate>
        <isOriginalCosponsor>False</isOriginalCosponsor>
        <sponsorshipWithdrawnDate />
      </item>
      <item>
        <bioguideId>F000468</bioguideId>
        <fullName>Rep. Fletcher, Lizzie [D-TX-7]</fullName>
        <firstName>Lizzie</firstName>
        <middleName />
        <lastName>Fletcher</lastName>
        <party>D</party>
        <state>TX</state>
        <identifiers>
          <lisID>2447</lisID>
          <bioguideId>F000468</bioguideId>
          <gpoId />
        </identifiers>
        <district>7</district>
        <sponsorshipDate>2021-02-03</sponsorshipDate>
        <isOriginalCosponsor>False</isOriginalCosponsor>
        <sponsorshipWithdrawnDate />
      </item>
      <item>
        <bioguideId>A000376</bioguideId>
        <fullName>Rep. Allred, Colin Z. [D-TX-32]</fullName>
        <firstName>Colin</firstName>
        <middleName>Z.</middleName>
        <lastName>Allred</lastName>
        <party>D</party>
        <state>TX</state>
        <identifiers>
          <lisID>2451</lisID>
          <bioguideId>A000376</bioguideId>
          <gpoId />
        </identifiers>
        <district>32</district>
        <sponsorshipDate>2021-02-11</sponsorshipDate>
        <isOriginalCosponsor>False</isOriginalCosponsor>
        <sponsorshipWithdrawnDate />
      </item>
      <item>
        <bioguideId>P000048</bioguideId>
        <fullName>Rep. Pfluger, August [R-TX-11]</fullName>
        <firstName>August</firstName>
        <middleName />
        <lastName>Pfluger</lastName>
        <party>R</party>
        <state>TX</state>
        <identifiers>
          <lisID>2531</lisID>
          <bioguideId>P000048</bioguideId>
          <gpoId />
        </identifiers>
        <district>11</district>
        <sponsorshipDate>2021-07-21</sponsorshipDate>
        <isOriginalCosponsor>False</isOriginalCosponsor>
        <sponsorshipWithdrawnDate />
      </item>
      <item>
        <bioguideId>D000399</bioguideId>
        <fullName>Rep. Doggett, Lloyd [D-TX-35]</fullName>
        <firstName>LLOYD</firstName>
        <middleName />
        <lastName>DOGGETT</lastName>
        <party>D</party>
        <state>TX</state>
        <identifiers>
          <lisID>303</lisID>
          <bioguideId>D000399</bioguideId>
          <gpoId>8181</gpoId>
        </identifiers>
        <district>35</district>
        <sponsorshipDate>2021-08-06</sponsorshipDate>
        <isOriginalCosponsor>False</isOriginalCosponsor>
        <sponsorshipWithdrawnDate />
      </item>
      <item>
        <bioguideId>C001051</bioguideId>
        <fullName>Rep. Carter, John R. [R-TX-31]</fullName>
        <firstName>John</firstName>
        <middleName>R.</middleName>
        <lastName>Carter</lastName>
        <party>R</party>
        <state>TX</state>
        <identifiers>
          <lisID>1752</lisID>
          <bioguideId>C001051</bioguideId>
          <gpoId>8187</gpoId>
        </identifiers>
        <district>31</district>
        <sponsorshipDate>2021-08-10</sponsorshipDate>
        <isOriginalCosponsor>False</isOriginalCosponsor>
        <sponsorshipWithdrawnDate />
      </item>
      <item>
        <bioguideId>C001120</bioguideId>
        <fullName>Rep. Crenshaw, Dan [R-TX-2]</fullName>
        <firstName>Dan</firstName>
        <middleName />
        <lastName>Crenshaw</lastName>
        <party>R</party>
        <state>TX</state>
        <identifiers>
          <lisID>2443</lisID>
          <bioguideId>C001120</bioguideId>
          <gpoId />
        </identifiers>
        <district>2</district>
        <sponsorshipDate>2021-08-13</sponsorshipDate>
        <isOriginalCosponsor>False</isOriginalCosponsor>
        <sponsorshipWithdrawnDate />
      </item>
      <item>
        <bioguideId>C001115</bioguideId>
        <fullName>Rep. Cloud, Michael [R-TX-27]</fullName>
        <firstName>Michael</firstName>
        <middleName />
        <lastName>Cloud</lastName>
        <party>R</party>
        <state>TX</state>
        <identifiers>
          <lisID>2369</lisID>
          <bioguideId>C001115</bioguideId>
          <gpoId />
        </identifiers>
        <district>27</district>
        <sponsorshipDate>2021-08-24</sponsorshipDate>
        <isOriginalCosponsor>False</isOriginalCosponsor>
        <sponsorshipWithdrawnDate />
      </item>
      <item>
        <bioguideId>G000377</bioguideId>
        <fullName>Rep. Granger, Kay [R-TX-12]</fullName>
        <firstName>KAY</firstName>
        <middleName />
        <lastName>GRANGER</lastName>
        <party>R</party>
        <state>TX</state>
        <identifiers>
          <lisID>1487</lisID>
          <bioguideId>G000377</bioguideId>
          <gpoId>8168</gpoId>
        </identifiers>
        <district>12</district>
        <sponsorshipDate>2021-09-10</sponsorshipDate>
        <isOriginalCosponsor>False</isOriginalCosponsor>
        <sponsorshipWithdrawnDate />
      </item>
      <item>
        <bioguideId>G000552</bioguideId>
        <fullName>Rep. Gohmert, Louie [R-TX-1]</fullName>
        <firstName>Louie</firstName>
        <middleName />
        <lastName>Gohmert</lastName>
        <party>R</party>
        <state>TX</state>
        <identifiers>
          <lisID>1801</lisID>
          <bioguideId>G000552</bioguideId>
          <gpoId>8157</gpoId>
        </identifiers>
        <district>1</district>
        <sponsorshipDate>2021-09-10</sponsorshipDate>
        <isOriginalCosponsor>False</isOriginalCosponsor>
        <sponsorshipWithdrawnDate />
      </item>
      <item>
        <bioguideId>V000134</bioguideId>
        <fullName>Rep. Van Duyne, Beth [R-TX-24]</fullName>
        <firstName>Beth</firstName>
        <middleName />
        <lastName>Van Duyne</lastName>
        <party>R</party>
        <state>TX</state>
        <identifiers>
          <lisID>2535</lisID>
          <bioguideId>V000134</bioguideId>
          <gpoId />
        </identifiers>
        <district>24</district>
        <sponsorshipDate>2021-09-20</sponsorshipDate>
        <isOriginalCosponsor>False</isOriginalCosponsor>
        <sponsorshipWithdrawnDate />
      </item>
      <item>
        <bioguideId>M001157</bioguideId>
        <fullName>Rep. McCaul, Michael T. [R-TX-10]</fullName>
        <firstName>Michael</firstName>
        <middleName>T.</middleName>
        <lastName>McCaul</lastName>
        <party>R</party>
        <state>TX</state>
        <identifiers>
          <lisID>1804</lisID>
          <bioguideId>M001157</bioguideId>
          <gpoId>8166</gpoId>
        </identifiers>
        <district>10</district>
        <sponsorshipDate>2021-10-19</sponsorshipDate>
        <isOriginalCosponsor>False</isOriginalCosponsor>
        <sponsorshipWithdrawnDate />
      </item>
      <item>
        <bioguideId>G000589</bioguideId>
        <fullName>Rep. Gooden, Lance [R-TX-5]</fullName>
        <firstName>Lance</firstName>
        <middleName />
        <lastName>Gooden</lastName>
        <party>R</party>
        <state>TX</state>
        <identifiers>
          <lisID>2445</lisID>
          <bioguideId>G000589</bioguideId>
          <gpoId />
        </identifiers>
        <district>5</district>
        <sponsorshipDate>2021-10-28</sponsorshipDate>
        <isOriginalCosponsor>False</isOriginalCosponsor>
        <sponsorshipWithdrawnDate />
      </item>
      <item>
        <bioguideId>B000755</bioguideId>
        <fullName>Rep. Brady, Kevin [R-TX-8]</fullName>
        <firstName>KEVIN</firstName>
        <middleName />
        <lastName>BRADY</lastName>
        <party>R</party>
        <state>TX</state>
        <identifiers>
          <lisID>1468</lisID>
          <bioguideId>B000755</bioguideId>
          <gpoId>8164</gpoId>
        </identifiers>
        <district>8</district>
        <sponsorshipDate>2021-11-04</sponsorshipDate>
        <isOriginalCosponsor>False</isOriginalCosponsor>
        <sponsorshipWithdrawnDate />
      </item>
      <item>
        <bioguideId>W000814</bioguideId>
        <fullName>Rep. Weber, Randy K., Sr. [R-TX-14]</fullName>
        <firstName>Randy</firstName>
        <middleName>K.</middleName>
        <lastName>Weber</lastName>
        <party>R</party>
        <state>TX</state>
        <identifiers>
          <lisID>2161</lisID>
          <bioguideId>W000814</bioguideId>
          <gpoId />
        </identifiers>
        <district>14</district>
        <sponsorshipDate>2021-11-15</sponsorshipDate>
        <isOriginalCosponsor>False</isOriginalCosponsor>
        <sponsorshipWithdrawnDate />
      </item>
    </cosponsors>
    <cboCostEstimates />
    <laws />
    <notes />
    <policyArea>
      <name>Government Operations and Politics</name>
    </policyArea>
    <subjects>
      <billSubjects>
        <legislativeSubjects>
          <item>
            <name>Congressional tributes</name>
          </item>
          <item>
            <name>Government buildings, facilities, and property</name>
          </item>
          <item>
            <name>Postal service</name>
          </item>
          <item>
            <name>Texas</name>
          </item>
        </legislativeSubjects>
        <policyArea>
          <name>Government Operations and Politics</name>
        </policyArea>
      </billSubjects>
    </subjects>
    <summaries>
      <billSummaries>
        <item>
          <versionCode>00</versionCode>
          <actionDate>2021-01-06</actionDate>
          <actionDesc>Introduced in House</actionDesc>
          <lastSummaryUpdateDate>2021-01-07T13:01:12Z</lastSummaryUpdateDate>
          <text><![CDATA[Designates the facility of the United States Postal Service located at 5302 Galveston Road in Houston, Texas, as the "Vanessa Guillen Post Office Building."]]></text>
          <updateDate>2021-01-06T05:00:00Z</updateDate>
          <name>Introduced in House</name>
        </item>
      </billSummaries>
    </summaries>
    <title>To designate the facility of the United States Postal Service located at 5302 Galveston Road in Houston, Texas, as the "Vanessa Guillén Post Office Building".</title>
    <titles>
      <item>
        <titleType>Official Title as Introduced</titleType>
        <parentTitleType />
        <title>To designate the facility of the United States Postal Service located at 5302 Galveston Road in Houston, Texas, as the "Vanessa Guillén Post Office Building".</title>
        <chamberCode />
        <chamberName />
      </item>
      <item>
        <titleType>Display Title</titleType>
        <parentTitleType />
        <title>To designate the facility of the United States Postal Service located at 5302 Galveston Road in Houston, Texas, as the "Vanessa Guillén Post Office Building".</title>
        <chamberCode />
        <chamberName />
      </item>
    </titles>
    <amendments />
    <textVersions>
      <item>
        <type>Introduced in House</type>
        <date>2021-01-06T05:00:00Z</date>
        <formats>
          <item>
            <url>https://www.govinfo.gov/content/pkg/BILLS-117hr224ih/xml/BILLS-117hr224ih.xml</url>
          </item>
        </formats>
      </item>
    </textVersions>
    <latestAction>
      <actionDate>2021-01-06</actionDate>
      <text>Referred to the House Committee on Oversight and Reform.</text>
      <links />
    </latestAction>
    <calendarNumbers />
    <version>1.0.0</version>
  </bill>
  <dublinCore xmlns:dc="http://purl.org/dc/elements/1.1/">
    <dc:format>text/xml</dc:format>
    <dc:language>EN</dc:language>
    <dc:rights>Pursuant to Title 17 Section 105 of the United States Code, this file is not subject to copyright protection and is in the public domain.</dc:rights>
    <dc:contributor>Congressional Research Service, Library of Congress</dc:contributor>
    <dc:description>This file contains bill summaries and statuses for federal legislation. A bill summary describes the most significant provisions of a piece of legislation and details the effects the legislative text may have on current law and federal programs. Bill summaries are authored by the Congressional Research Service (CRS) of the Library of Congress. As stated in Public Law 91-510 (2 USC 166 (d)(6)), one of the duties of CRS is "to prepare summaries and digests of bills and resolutions of a public general nature introduced in the Senate or House of Representatives". For more information, refer to the User Guide that accompanies this file.</dc:description>
  </dublinCore>
</billStatus>

