<?xml version="1.0" encoding="UTF-8"?>
<billStatus>
  <bill>
    <billNumber>132</billNumber>
    <createDate>2021-01-05T08:12:12Z</createDate>
    <updateDate>2021-06-11T22:22:55Z</updateDate>
    <originChamber>House</originChamber>
    <billType>HR</billType>
    <introducedDate>2021-01-04</introducedDate>
    <congress>117</congress>
    <constitutionalAuthorityStatementText><![CDATA[<pre>[Congressional Record Volume 167, Number 2 (Monday, January 4, 2021)][House]From the Congressional Record Online through the Government Publishing Office [<a href="https://www.gpo.gov">www.gpo.gov</a>]By Ms. JACKSON LEE:H.R. 132.Congress has the power to enact this legislation pursuantto the following:This bill is enacted pursuant to the power granted toCongress under Article I, Section 8, Clause 1 of the UnitedStates Constitution.[Page H54]</pre>]]></constitutionalAuthorityStatementText>
    <recordedVotes />
    <committees>
      <billCommittees>
        <item>
          <systemCode>hsju00</systemCode>
          <name>Judiciary Committee</name>
          <chamber>House</chamber>
          <type>Standing</type>
          <subcommittees>
            <item>
              <systemCode>hsju08</systemCode>
              <name>Crime, Terrorism, and Homeland Security Subcommittee</name>
              <activities>
                <item>
                  <name>Referred to</name>
                  <date>2021-03-01T13:34:05Z</date>
                </item>
              </activities>
            </item>
          </subcommittees>
          <activities>
            <item>
              <name>Referred to</name>
              <date>2021-01-04T15:18:30Z</date>
            </item>
          </activities>
        </item>
      </billCommittees>
    </committees>
    <committeeReports />
    <relatedBills />
    <actions>
      <item>
        <actionDate>2021-03-01</actionDate>
        <committees>
          <item>
            <systemCode>hsju08</systemCode>
            <name>Crime, Terrorism, and Homeland Security Subcommittee</name>
          </item>
        </committees>
        <links />
        <sourceSystem>
          <code>1</code>
          <name>House committee actions</name>
        </sourceSystem>
        <text>Referred to the Subcommittee on Crime, Terrorism, and Homeland Security.</text>
        <type>Committee</type>
      </item>
      <item>
        <actionDate>2021-01-04</actionDate>
        <links />
        <text>Referred to the House Committee on the Judiciary.</text>
        <type>IntroReferral</type>
        <actionCode>H11100</actionCode>
        <sourceSystem>
          <code>2</code>
          <name>House floor actions</name>
        </sourceSystem>
        <committees>
          <item>
            <systemCode>hsju00</systemCode>
            <name>Judiciary Committee</name>
          </item>
        </committees>
      </item>
      <item>
        <actionDate>2021-01-04</actionDate>
        <links />
        <text>Introduced in House</text>
        <type>IntroReferral</type>
        <actionCode>Intro-H</actionCode>
        <sourceSystem>
          <code>9</code>
          <name>Library of Congress</name>
        </sourceSystem>
        <committees />
      </item>
      <item>
        <actionDate>2021-01-04</actionDate>
        <links />
        <text>Introduced in House</text>
        <type>IntroReferral</type>
        <actionCode>1000</actionCode>
        <sourceSystem>
          <code>9</code>
          <name>Library of Congress</name>
        </sourceSystem>
        <committees />
      </item>
      <actionTypeCounts>
        <placeholderTextForH>1</placeholderTextForH>
        <billReferrals>1</billReferrals>
        <introducedInTheHouse>1</introducedInTheHouse>
        <introducedInHouse>1</introducedInHouse>
      </actionTypeCounts>
      <actionByCounts>
        <houseOfRepresentatives>4</houseOfRepresentatives>
      </actionByCounts>
    </actions>
    <sponsors>
      <item>
        <bioguideId>J000032</bioguideId>
        <fullName>Rep. Jackson Lee, Sheila [D-TX-18]</fullName>
        <firstName>SHEILA</firstName>
        <middleName />
        <lastName>JACKSON LEE</lastName>
        <party>D</party>
        <state>TX</state>
        <identifiers>
          <lisID>588</lisID>
          <bioguideId>J000032</bioguideId>
          <gpoId>8174</gpoId>
        </identifiers>
        <district>18</district>
        <byRequestType />
      </item>
    </sponsors>
    <cosponsors />
    <cboCostEstimates />
    <laws />
    <notes />
    <policyArea>
      <name>Crime and Law Enforcement</name>
    </policyArea>
    <subjects>
      <billSubjects>
        <legislativeSubjects>
          <item>
            <name>Correctional facilities and imprisonment</name>
          </item>
          <item>
            <name>Criminal procedure and sentencing</name>
          </item>
          <item>
            <name>Violent crime</name>
          </item>
        </legislativeSubjects>
        <policyArea>
          <name>Crime and Law Enforcement</name>
        </policyArea>
      </billSubjects>
    </subjects>
    <summaries>
      <billSummaries>
        <item>
          <versionCode>00</versionCode>
          <actionDate>2021-01-04</actionDate>
          <actionDesc>Introduced in House</actionDesc>
          <lastSummaryUpdateDate>2021-03-02T19:10:51Z</lastSummaryUpdateDate>
          <text><![CDATA[<p> <p><b>Federal Prison Bureau Nonviolent Offender Relief Act of 2021</b></p> <p>This bill establishes a new early release option for certain federal prisoners. </p> <p>Specifically, the Bureau of Prisons must release early an offender who has completed at least half of his or her sentence if such offender has attained age 45, committed no violent offenses, and received no institutional disciplinary violations.]]></text>
          <updateDate>2021-01-04T05:00:00Z</updateDate>
          <name>Introduced in House</name>
        </item>
      </billSummaries>
    </summaries>
    <title>Federal Prison Bureau Nonviolent Offender Relief Act of 2021</title>
    <titles>
      <item>
        <titleType>Short Title(s) as Introduced</titleType>
        <parentTitleType>Short Title</parentTitleType>
        <title>Federal Prison Bureau Nonviolent Offender Relief Act of 2021</title>
        <chamberCode />
        <chamberName />
      </item>
      <item>
        <titleType>Display Title</titleType>
        <parentTitleType />
        <title>Federal Prison Bureau Nonviolent Offender Relief Act of 2021</title>
        <chamberCode />
        <chamberName />
      </item>
      <item>
        <titleType>Official Title as Introduced</titleType>
        <parentTitleType />
        <title>To amend title 18, United States Code, to provide an alternate release date for certain nonviolent offenders, and for other purposes.</title>
        <chamberCode />
        <chamberName />
      </item>
    </titles>
    <amendments />
    <textVersions>
      <item>
        <type>Introduced in House</type>
        <date>2021-01-04T05:00:00Z</date>
        <formats>
          <item>
            <url>https://www.govinfo.gov/content/pkg/BILLS-117hr132ih/xml/BILLS-117hr132ih.xml</url>
          </item>
        </formats>
      </item>
    </textVersions>
    <latestAction>
      <actionDate>2021-03-01</actionDate>
      <text>Referred to the Subcommittee on Crime, Terrorism, and Homeland Security.</text>
      <links />
    </latestAction>
    <calendarNumbers />
    <version>1.0.0</version>
  </bill>
  <dublinCore xmlns:dc="http://purl.org/dc/elements/1.1/">
    <dc:format>text/xml</dc:format>
    <dc:language>EN</dc:language>
    <dc:rights>Pursuant to Title 17 Section 105 of the United States Code, this file is not subject to copyright protection and is in the public domain.</dc:rights>
    <dc:contributor>Congressional Research Service, Library of Congress</dc:contributor>
    <dc:description>This file contains bill summaries and statuses for federal legislation. A bill summary describes the most significant provisions of a piece of legislation and details the effects the legislative text may have on current law and federal programs. Bill summaries are authored by the Congressional Research Service (CRS) of the Library of Congress. As stated in Public Law 91-510 (2 USC 166 (d)(6)), one of the duties of CRS is "to prepare summaries and digests of bills and resolutions of a public general nature introduced in the Senate or House of Representatives". For more information, refer to the User Guide that accompanies this file.</dc:description>
  </dublinCore>
</billStatus>

