<?xml version="1.0" encoding="UTF-8"?>
<billStatus>
  <bill>
    <billNumber>349</billNumber>
    <createDate>2021-01-20T08:12:11Z</createDate>
    <updateDate>2021-06-11T22:23:06Z</updateDate>
    <originChamber>House</originChamber>
    <billType>HR</billType>
    <introducedDate>2021-01-19</introducedDate>
    <congress>117</congress>
    <constitutionalAuthorityStatementText><![CDATA[<pre>[Congressional Record Volume 167, Number 10 (Tuesday, January 19, 2021)][House]From the Congressional Record Online through the Government Publishing Office [<a href="https://www.gpo.gov">www.gpo.gov</a>]By Ms. KUSTER:H.R. 349.Congress has the power to enact this legislation pursuantto the following:Article I Section 8, Clause 1 of the United StatesConstitution, the Taxing and Spending Clause: ``The Congressshall have Power To lay and collect Taxes, Duties, Impostsand Excises, to pay the Debts and provide for the commonDefense and general Welfare of the United States . . .''[Page H203]</pre>]]></constitutionalAuthorityStatementText>
    <recordedVotes />
    <committees>
      <billCommittees>
        <item>
          <systemCode>hsif00</systemCode>
          <name>Energy and Commerce Committee</name>
          <chamber>House</chamber>
          <type>Standing</type>
          <subcommittees>
            <item>
              <systemCode>hsif14</systemCode>
              <name>Health Subcommittee</name>
              <activities>
                <item>
                  <name>Referred to</name>
                  <date>2021-02-02T15:18:52Z</date>
                </item>
              </activities>
            </item>
          </subcommittees>
          <activities>
            <item>
              <name>Referred to</name>
              <date>2021-01-19T18:01:05Z</date>
            </item>
          </activities>
        </item>
      </billCommittees>
    </committees>
    <committeeReports />
    <relatedBills />
    <actions>
      <item>
        <actionDate>2021-02-05</actionDate>
        <links />
        <text>Sponsor introductory remarks on measure. (CR H393)</text>
        <type>IntroReferral</type>
        <actionCode>B00100</actionCode>
        <sourceSystem>
          <code>9</code>
          <name>Library of Congress</name>
        </sourceSystem>
        <committees />
      </item>
      <item>
        <actionDate>2021-02-02</actionDate>
        <committees>
          <item>
            <systemCode>hsif14</systemCode>
            <name>Health Subcommittee</name>
          </item>
        </committees>
        <links />
        <sourceSystem>
          <code>1</code>
          <name>House committee actions</name>
        </sourceSystem>
        <text>Referred to the Subcommittee on Health.</text>
        <type>Committee</type>
      </item>
      <item>
        <actionDate>2021-01-19</actionDate>
        <links />
        <text>Referred to the House Committee on Energy and Commerce.</text>
        <type>IntroReferral</type>
        <actionCode>H11100</actionCode>
        <sourceSystem>
          <code>2</code>
          <name>House floor actions</name>
        </sourceSystem>
        <committees>
          <item>
            <systemCode>hsif00</systemCode>
            <name>Energy and Commerce Committee</name>
          </item>
        </committees>
      </item>
      <item>
        <actionDate>2021-01-19</actionDate>
        <links />
        <text>Introduced in House</text>
        <type>IntroReferral</type>
        <actionCode>Intro-H</actionCode>
        <sourceSystem>
          <code>9</code>
          <name>Library of Congress</name>
        </sourceSystem>
        <committees />
      </item>
      <item>
        <actionDate>2021-01-19</actionDate>
        <links />
        <text>Introduced in House</text>
        <type>IntroReferral</type>
        <actionCode>1000</actionCode>
        <sourceSystem>
          <code>9</code>
          <name>Library of Congress</name>
        </sourceSystem>
        <committees />
      </item>
      <actionTypeCounts>
        <placeholderTextForB>1</placeholderTextForB>
        <placeholderTextForH>1</placeholderTextForH>
        <billReferrals>1</billReferrals>
        <introducedInTheHouse>1</introducedInTheHouse>
        <introducedInHouse>1</introducedInHouse>
      </actionTypeCounts>
      <actionByCounts>
        <houseOfRepresentatives>4</houseOfRepresentatives>
      </actionByCounts>
    </actions>
    <sponsors>
      <item>
        <bioguideId>K000382</bioguideId>
        <fullName>Rep. Kuster, Ann M. [D-NH-2]</fullName>
        <firstName>Ann</firstName>
        <middleName>M.</middleName>
        <lastName>Kuster</lastName>
        <party>D</party>
        <state>NH</state>
        <identifiers>
          <lisID>2145</lisID>
          <bioguideId>K000382</bioguideId>
          <gpoId />
        </identifiers>
        <district>2</district>
        <byRequestType />
      </item>
    </sponsors>
    <cosponsors>
      <item>
        <bioguideId>J000294</bioguideId>
        <fullName>Rep. Jeffries, Hakeem S. [D-NY-8]</fullName>
        <firstName>Hakeem</firstName>
        <middleName>S.</middleName>
        <lastName>Jeffries</lastName>
        <party>D</party>
        <state>NY</state>
        <identifiers>
          <lisID>2149</lisID>
          <bioguideId>J000294</bioguideId>
          <gpoId />
        </identifiers>
        <district>8</district>
        <sponsorshipDate>2021-01-19</sponsorshipDate>
        <isOriginalCosponsor>True</isOriginalCosponsor>
        <sponsorshipWithdrawnDate />
      </item>
      <item>
        <bioguideId>W000788</bioguideId>
        <fullName>Rep. Williams, Nikema [D-GA-5]</fullName>
        <firstName>Nikema</firstName>
        <middleName />
        <lastName>Williams</lastName>
        <party>D</party>
        <state>GA</state>
        <identifiers>
          <lisID>2496</lisID>
          <bioguideId>W000788</bioguideId>
          <gpoId />
        </identifiers>
        <district>5</district>
        <sponsorshipDate>2021-01-28</sponsorshipDate>
        <isOriginalCosponsor>False</isOriginalCosponsor>
        <sponsorshipWithdrawnDate />
      </item>
      <item>
        <bioguideId>B001285</bioguideId>
        <fullName>Rep. Brownley, Julia [D-CA-26]</fullName>
        <firstName>Julia</firstName>
        <middleName />
        <lastName>Brownley</lastName>
        <party>D</party>
        <state>CA</state>
        <identifiers>
          <lisID>2106</lisID>
          <bioguideId>B001285</bioguideId>
          <gpoId />
        </identifiers>
        <district>26</district>
        <sponsorshipDate>2021-01-28</sponsorshipDate>
        <isOriginalCosponsor>False</isOriginalCosponsor>
        <sponsorshipWithdrawnDate />
      </item>
      <item>
        <bioguideId>B001303</bioguideId>
        <fullName>Rep. Blunt Rochester, Lisa [D-DE-At Large]</fullName>
        <firstName>Lisa</firstName>
        <middleName />
        <lastName>Blunt Rochester</lastName>
        <party>D</party>
        <state>DE</state>
        <identifiers>
          <lisID>2313</lisID>
          <bioguideId>B001303</bioguideId>
          <gpoId />
        </identifiers>
        <district>0</district>
        <sponsorshipDate>2021-01-28</sponsorshipDate>
        <isOriginalCosponsor>False</isOriginalCosponsor>
        <sponsorshipWithdrawnDate />
      </item>
      <item>
        <bioguideId>T000482</bioguideId>
        <fullName>Rep. Trahan, Lori [D-MA-3]</fullName>
        <firstName>Lori</firstName>
        <middleName />
        <lastName>Trahan</lastName>
        <party>D</party>
        <state>MA</state>
        <identifiers>
          <lisID>2404</lisID>
          <bioguideId>T000482</bioguideId>
          <gpoId />
        </identifiers>
        <district>3</district>
        <sponsorshipDate>2021-01-28</sponsorshipDate>
        <isOriginalCosponsor>False</isOriginalCosponsor>
        <sponsorshipWithdrawnDate />
      </item>
      <item>
        <bioguideId>S001159</bioguideId>
        <fullName>Rep. Strickland, Marilyn [D-WA-10]</fullName>
        <firstName>Marilyn</firstName>
        <middleName />
        <lastName>Strickland</lastName>
        <party>D</party>
        <state>WA</state>
        <identifiers>
          <lisID>2539</lisID>
          <bioguideId>S001159</bioguideId>
          <gpoId />
        </identifiers>
        <district>10</district>
        <sponsorshipDate>2021-02-02</sponsorshipDate>
        <isOriginalCosponsor>False</isOriginalCosponsor>
        <sponsorshipWithdrawnDate />
      </item>
      <item>
        <bioguideId>S001216</bioguideId>
        <fullName>Rep. Schrier, Kim [D-WA-8]</fullName>
        <firstName>Kim</firstName>
        <middleName />
        <lastName>Schrier</lastName>
        <party>D</party>
        <state>WA</state>
        <identifiers>
          <lisID>2458</lisID>
          <bioguideId>S001216</bioguideId>
          <gpoId />
        </identifiers>
        <district>8</district>
        <sponsorshipDate>2021-02-02</sponsorshipDate>
        <isOriginalCosponsor>False</isOriginalCosponsor>
        <sponsorshipWithdrawnDate />
      </item>
      <item>
        <bioguideId>F000462</bioguideId>
        <fullName>Rep. Frankel, Lois [D-FL-21]</fullName>
        <firstName>Lois</firstName>
        <middleName />
        <lastName>Frankel</lastName>
        <party>D</party>
        <state>FL</state>
        <identifiers>
          <lisID>2119</lisID>
          <bioguideId>F000462</bioguideId>
          <gpoId />
        </identifiers>
        <district>21</district>
        <sponsorshipDate>2021-02-02</sponsorshipDate>
        <isOriginalCosponsor>False</isOriginalCosponsor>
        <sponsorshipWithdrawnDate />
      </item>
      <item>
        <bioguideId>S001185</bioguideId>
        <fullName>Rep. Sewell, Terri A. [D-AL-7]</fullName>
        <firstName>Terri</firstName>
        <middleName>A.</middleName>
        <lastName>Sewell</lastName>
        <party>D</party>
        <state>AL</state>
        <identifiers>
          <lisID>1988</lisID>
          <bioguideId>S001185</bioguideId>
          <gpoId>7792</gpoId>
        </identifiers>
        <district>7</district>
        <sponsorshipDate>2021-02-02</sponsorshipDate>
        <isOriginalCosponsor>False</isOriginalCosponsor>
        <sponsorshipWithdrawnDate />
      </item>
      <item>
        <bioguideId>K000381</bioguideId>
        <fullName>Rep. Kilmer, Derek [D-WA-6]</fullName>
        <firstName>Derek</firstName>
        <middleName />
        <lastName>Kilmer</lastName>
        <party>D</party>
        <state>WA</state>
        <identifiers>
          <lisID>2169</lisID>
          <bioguideId>K000381</bioguideId>
          <gpoId />
        </identifiers>
        <district>6</district>
        <sponsorshipDate>2021-02-24</sponsorshipDate>
        <isOriginalCosponsor>False</isOriginalCosponsor>
        <sponsorshipWithdrawnDate />
      </item>
      <item>
        <bioguideId>D000627</bioguideId>
        <fullName>Rep. Demings, Val Butler [D-FL-10]</fullName>
        <firstName>Val</firstName>
        <middleName>Butler</middleName>
        <lastName>Demings</lastName>
        <party>D</party>
        <state>FL</state>
        <identifiers>
          <lisID>2320</lisID>
          <bioguideId>D000627</bioguideId>
          <gpoId />
        </identifiers>
        <district>10</district>
        <sponsorshipDate>2021-02-24</sponsorshipDate>
        <isOriginalCosponsor>False</isOriginalCosponsor>
        <sponsorshipWithdrawnDate />
      </item>
    </cosponsors>
    <cboCostEstimates />
    <laws />
    <notes />
    <policyArea>
      <name>Health</name>
    </policyArea>
    <subjects>
      <billSubjects>
        <legislativeSubjects>
          <item>
            <name>Cardiovascular and respiratory health</name>
          </item>
          <item>
            <name>Congressional oversight</name>
          </item>
          <item>
            <name>Emergency medical services and trauma care</name>
          </item>
          <item>
            <name>Health promotion and preventive care</name>
          </item>
          <item>
            <name>Health technology, devices, supplies</name>
          </item>
          <item>
            <name>Immunology and vaccination</name>
          </item>
          <item>
            <name>Infectious and parasitic diseases</name>
          </item>
          <item>
            <name>Manufacturing</name>
          </item>
          <item>
            <name>Public contracts and procurement</name>
          </item>
          <item>
            <name>Research and development</name>
          </item>
        </legislativeSubjects>
        <policyArea>
          <name>Health</name>
        </policyArea>
      </billSubjects>
    </subjects>
    <summaries>
      <billSummaries>
        <item>
          <versionCode>00</versionCode>
          <actionDate>2021-01-19</actionDate>
          <actionDesc>Introduced in House</actionDesc>
          <lastSummaryUpdateDate>2021-05-17T18:11:45Z</lastSummaryUpdateDate>
          <text><![CDATA[<p><b>Coronavirus Vaccine and Therapeutic Development Act of 2021</b></p> <p>This bill directs the Department of Health and Human Services (HHS) to increase the supply of vaccines and medical products that prevent or control COVID-19 (i.e., coronavirus disease 2019). To increase supplies, HHS must, as appropriate, award grants and enter other transactions to expand relevant research, procurement, and production activities.</p> <p>HHS must report to Congress on these actions. The report must assess and detail plans to enhance the supply chain and manufacturing capacity for the vaccines and products. It must also include plans to support domestic and international vaccination programs.</p>]]></text>
          <updateDate>2021-01-19T05:00:00Z</updateDate>
          <name>Introduced in House</name>
        </item>
      </billSummaries>
    </summaries>
    <title>Coronavirus Vaccine and Therapeutic Development Act of 2021</title>
    <titles>
      <item>
        <titleType>Short Title(s) as Introduced</titleType>
        <parentTitleType>Short Title</parentTitleType>
        <title>Coronavirus Vaccine and Therapeutic Development Act of 2021</title>
        <chamberCode />
        <chamberName />
      </item>
      <item>
        <titleType>Display Title</titleType>
        <parentTitleType />
        <title>Coronavirus Vaccine and Therapeutic Development Act of 2021</title>
        <chamberCode />
        <chamberName />
      </item>
      <item>
        <titleType>Official Title as Introduced</titleType>
        <parentTitleType />
        <title>To direct the Secretary of Health and Human Services to award contracts, grants, and cooperative agreements to expand and enhance capacity for manufacturing covered products to prevent and control the spread of SARS-CoV-2 and COVID-19.</title>
        <chamberCode />
        <chamberName />
      </item>
    </titles>
    <amendments />
    <textVersions>
      <item>
        <type>Introduced in House</type>
        <date>2021-01-19T05:00:00Z</date>
        <formats>
          <item>
            <url>https://www.govinfo.gov/content/pkg/BILLS-117hr349ih/xml/BILLS-117hr349ih.xml</url>
          </item>
        </formats>
      </item>
    </textVersions>
    <latestAction>
      <actionDate>2021-02-05</actionDate>
      <text>Sponsor introductory remarks on measure. (CR H393)</text>
      <links />
    </latestAction>
    <calendarNumbers />
    <version>1.0.0</version>
  </bill>
  <dublinCore xmlns:dc="http://purl.org/dc/elements/1.1/">
    <dc:format>text/xml</dc:format>
    <dc:language>EN</dc:language>
    <dc:rights>Pursuant to Title 17 Section 105 of the United States Code, this file is not subject to copyright protection and is in the public domain.</dc:rights>
    <dc:contributor>Congressional Research Service, Library of Congress</dc:contributor>
    <dc:description>This file contains bill summaries and statuses for federal legislation. A bill summary describes the most significant provisions of a piece of legislation and details the effects the legislative text may have on current law and federal programs. Bill summaries are authored by the Congressional Research Service (CRS) of the Library of Congress. As stated in Public Law 91-510 (2 USC 166 (d)(6)), one of the duties of CRS is "to prepare summaries and digests of bills and resolutions of a public general nature introduced in the Senate or House of Representatives". For more information, refer to the User Guide that accompanies this file.</dc:description>
  </dublinCore>
</billStatus>

