<?xml version="1.0" encoding="UTF-8"?>
<billStatus>
  <bill>
    <billNumber>335</billNumber>
    <createDate>2021-01-16T08:12:10Z</createDate>
    <updateDate>2021-09-25T05:46:35Z</updateDate>
    <originChamber>House</originChamber>
    <billType>HR</billType>
    <introducedDate>2021-01-15</introducedDate>
    <congress>117</congress>
    <constitutionalAuthorityStatementText><![CDATA[<pre>[Congressional Record Volume 167, Number 9 (Friday, January 15, 2021)][House]From the Congressional Record Online through the Government Publishing Office [<a href="https://www.gpo.gov">www.gpo.gov</a>]By Mr. SMITH of Washington:H.R. 335.Congress has the power to enact this legislation pursuantto the following:The constitutional authority on which this bill rests isthe power of Congress ``to provide for the common Defence'',``to raise and support Armies'', ``to provide and maintain aNavy'' and ``to make Rules for the Government and Regulationof the land and naval Forces'' as enumerated in Article I,section 8 of the United States Constitution.[Page H199]</pre>]]></constitutionalAuthorityStatementText>
    <recordedVotes>
      <recordedVote>
        <rollNumber>4</rollNumber>
        <url>http://www.senate.gov/legislative/LIS/roll_call_lists/roll_call_vote_cfm.cfm?&amp;congress=117&amp;session=1&amp;vote=00004</url>
        <fullActionName>PASSED OR AGREED TO IN SENATE, DAY OF</fullActionName>
        <chamber>Senate</chamber>
        <congress>117</congress>
        <date>2021-01-21T22:08:18Z</date>
        <sessionNumber>1</sessionNumber>
      </recordedVote>
      <recordedVote>
        <rollNumber>18</rollNumber>
        <url>https://clerk.house.gov/Votes/2021/roll018.xml</url>
        <fullActionName>Passage of a Measure</fullActionName>
        <chamber>House</chamber>
        <congress>117</congress>
        <date>2021-01-21T21:10:27Z</date>
        <sessionNumber>1</sessionNumber>
      </recordedVote>
    </recordedVotes>
    <committees>
      <billCommittees>
        <item>
          <systemCode>hsas00</systemCode>
          <name>Armed Services Committee</name>
          <chamber>House</chamber>
          <type>Standing</type>
          <subcommittees />
          <activities>
            <item>
              <name>Referred to</name>
              <date>2021-01-15T16:00:45Z</date>
            </item>
          </activities>
        </item>
      </billCommittees>
    </committees>
    <committeeReports />
    <relatedBills>
      <item>
        <latestTitle>A bill to provide for an exception to a limitation against appointment of persons as Secretary of Defense within seven years of relief from active duty as a regular commissioned officer of the Armed Forces.</latestTitle>
        <congress>117</congress>
        <number>12</number>
        <type>S</type>
        <latestAction>
          <actionDate>2021-01-21</actionDate>
          <text>Placed on Senate Legislative Calendar under General Orders. Calendar No. 3.</text>
        </latestAction>
        <relationshipDetails>
          <item>
            <type>Related bill</type>
            <identifiedBy>House</identifiedBy>
          </item>
          <item>
            <type>Identical bill</type>
            <identifiedBy>CRS</identifiedBy>
          </item>
        </relationshipDetails>
      </item>
      <item>
        <latestTitle>A bill to provide for an exception to a limitation against appointment of persons as Secretary of Defense within seven years of relief from active duty as a regular commissioned officer of the Armed Forces.</latestTitle>
        <congress>117</congress>
        <number>11</number>
        <type>S</type>
        <latestAction>
          <actionDate>2021-03-06</actionDate>
          <text>Motion to proceed to consideration of measure made in Senate.</text>
        </latestAction>
        <relationshipDetails>
          <item>
            <type>Related bill</type>
            <identifiedBy>CRS</identifiedBy>
          </item>
        </relationshipDetails>
      </item>
    </relatedBills>
    <actions>
      <item>
        <actionDate>2021-01-22</actionDate>
        <links />
        <text>Became Public Law No: 117-1.</text>
        <type>President</type>
        <actionCode>E40000</actionCode>
        <sourceSystem>
          <code>9</code>
          <name>Library of Congress</name>
        </sourceSystem>
        <committees />
      </item>
      <item>
        <actionDate>2021-01-22</actionDate>
        <links />
        <text>Became Public Law No: 117-1.</text>
        <type>BecameLaw</type>
        <actionCode>36000</actionCode>
        <sourceSystem>
          <code>9</code>
          <name>Library of Congress</name>
        </sourceSystem>
        <committees />
      </item>
      <item>
        <actionDate>2021-01-22</actionDate>
        <links />
        <text>Signed by President.</text>
        <type>President</type>
        <actionCode>E30000</actionCode>
        <sourceSystem>
          <code>9</code>
          <name>Library of Congress</name>
        </sourceSystem>
        <committees />
      </item>
      <item>
        <actionDate>2021-01-22</actionDate>
        <links />
        <text>Signed by President.</text>
        <type>BecameLaw</type>
        <actionCode>36000</actionCode>
        <sourceSystem>
          <code>9</code>
          <name>Library of Congress</name>
        </sourceSystem>
        <committees />
      </item>
      <item>
        <actionDate>2021-01-21</actionDate>
        <links />
        <text>Presented to President.</text>
        <type>Floor</type>
        <actionCode>E20000</actionCode>
        <sourceSystem>
          <code>2</code>
          <name>House floor actions</name>
        </sourceSystem>
        <committees />
      </item>
      <item>
        <actionDate>2021-01-21</actionDate>
        <links />
        <text>Presented to President.</text>
        <type>President</type>
        <actionCode>28000</actionCode>
        <sourceSystem>
          <code>9</code>
          <name>Library of Congress</name>
        </sourceSystem>
        <committees />
      </item>
      <item>
        <actionDate>2021-01-21</actionDate>
        <committees />
        <links />
        <sourceSystem>
          <code>0</code>
          <name>Senate</name>
        </sourceSystem>
        <text>Message on Senate action sent to the House.</text>
        <type>Floor</type>
      </item>
      <item>
        <actionDate>2021-01-21</actionDate>
        <committees />
        <links />
        <sourceSystem>
          <code>0</code>
          <name>Senate</name>
        </sourceSystem>
        <text>Received in the Senate, read twice, considered, read the third time, and passed (under the order of 1/21/21, having achieved 60 votes in the affirmative) without amendment by Yea-Nay Vote. 69 - 27. Record Vote Number: 4. (consideration: CR S86-87)</text>
        <type>Floor</type>
      </item>
      <item>
        <actionDate>2021-01-21</actionDate>
        <links />
        <text>Passed/agreed to in Senate: Received in the Senate, read twice, considered, read the third time, and passed (under the order of 1/21/21, having achieved 60 votes in the affirmative) without amendment by Yea-Nay Vote. 69 - 27. Record Vote Number: 4.(consideration: CR S86-87)</text>
        <type>Floor</type>
        <actionCode>17000</actionCode>
        <sourceSystem>
          <code>9</code>
          <name>Library of Congress</name>
        </sourceSystem>
        <committees />
      </item>
      <item>
        <actionDate>2021-01-21</actionDate>
        <actionTime>16:10:29</actionTime>
        <links />
        <text>Motion to reconsider laid on the table Agreed to without objection.</text>
        <type>Floor</type>
        <actionCode>H38310</actionCode>
        <sourceSystem>
          <code>2</code>
          <name>House floor actions</name>
        </sourceSystem>
        <committees />
      </item>
      <item>
        <actionDate>2021-01-21</actionDate>
        <actionTime>16:10:27</actionTime>
        <links />
        <text>On passage Passed by the Yeas and Nays: 326 - 78 (Roll no. 18). (text: CR H210)</text>
        <type>Floor</type>
        <actionCode>H37100</actionCode>
        <sourceSystem>
          <code>2</code>
          <name>House floor actions</name>
        </sourceSystem>
        <committees />
      </item>
      <item>
        <actionDate>2021-01-21</actionDate>
        <actionTime>16:10:27</actionTime>
        <links />
        <text>Passed/agreed to in House: On passage Passed by the Yeas and Nays: 326 - 78 (Roll no. 18).(text: CR H210)</text>
        <type>Floor</type>
        <actionCode>8000</actionCode>
        <sourceSystem>
          <code>9</code>
          <name>Library of Congress</name>
        </sourceSystem>
        <committees />
      </item>
      <item>
        <actionDate>2021-01-21</actionDate>
        <actionTime>15:16:37</actionTime>
        <links />
        <text>The previous question was ordered pursuant to a previous  order of the House.</text>
        <type>Floor</type>
        <actionCode>H35000</actionCode>
        <sourceSystem>
          <code>2</code>
          <name>House floor actions</name>
        </sourceSystem>
        <committees />
      </item>
      <item>
        <actionDate>2021-01-21</actionDate>
        <actionTime>14:19:10</actionTime>
        <links />
        <text>DEBATE - Pursuant to a previous special order, the House proceeded with one hour of debate on H.R. 335.</text>
        <type>Floor</type>
        <actionCode>H8D000</actionCode>
        <sourceSystem>
          <code>2</code>
          <name>House floor actions</name>
        </sourceSystem>
        <committees />
      </item>
      <item>
        <actionDate>2021-01-21</actionDate>
        <actionTime>14:19:01</actionTime>
        <links />
        <text>Considered pursuant to a previous order. (consideration: CR H209-219)</text>
        <type>Floor</type>
        <actionCode>H30000</actionCode>
        <sourceSystem>
          <code>2</code>
          <name>House floor actions</name>
        </sourceSystem>
        <committees />
      </item>
      <item>
        <actionDate>2021-01-21</actionDate>
        <actionTime>14:19:00</actionTime>
        <links />
        <text>Consideration initiated pursuant to a previous order.</text>
        <type>Floor</type>
        <actionCode>H30800</actionCode>
        <sourceSystem>
          <code>2</code>
          <name>House floor actions</name>
        </sourceSystem>
        <committees />
      </item>
      <item>
        <actionDate>2021-01-21</actionDate>
        <actionTime>14:02:40</actionTime>
        <links />
        <text>ORDER OF PROCEDURE - Mr. McGovern asked for unanimous consent that it be in order at any time to consider H.R. 335 in the House if called up by the chair of the Committee on Armed Services or his designee; that all points of order against consideration of the bill be waived; that the bill be considered as read; that all points of order against provisions in the bill be waiverd; and that the previous question be considered as ordered on the bill and on any amendment thereto to final passage without intervening motion except: (1) one hour of debate equally divided and controlled by the chair and ranking minority member of the Committee on Armed Services or their respective designees; and (2) one motion to recommit. Agreed to without objection.</text>
        <type>Floor</type>
        <actionCode>H8D000</actionCode>
        <sourceSystem>
          <code>2</code>
          <name>House floor actions</name>
        </sourceSystem>
        <committees />
      </item>
      <item>
        <actionDate>2021-01-15</actionDate>
        <links />
        <text>Referred to the House Committee on Armed Services.</text>
        <type>IntroReferral</type>
        <actionCode>H11100</actionCode>
        <sourceSystem>
          <code>2</code>
          <name>House floor actions</name>
        </sourceSystem>
        <committees>
          <item>
            <systemCode>hsas00</systemCode>
            <name>Armed Services Committee</name>
          </item>
        </committees>
      </item>
      <item>
        <actionDate>2021-01-15</actionDate>
        <links />
        <text>Introduced in House</text>
        <type>IntroReferral</type>
        <actionCode>Intro-H</actionCode>
        <sourceSystem>
          <code>9</code>
          <name>Library of Congress</name>
        </sourceSystem>
        <committees />
      </item>
      <item>
        <actionDate>2021-01-15</actionDate>
        <links />
        <text>Introduced in House</text>
        <type>IntroReferral</type>
        <actionCode>1000</actionCode>
        <sourceSystem>
          <code>9</code>
          <name>Library of Congress</name>
        </sourceSystem>
        <committees />
      </item>
      <actionTypeCounts>
        <publicLawOrPrivateLaw>1</publicLawOrPrivateLaw>
        <becamePublicLaw>2</becamePublicLaw>
        <signedByPresidentOrSentToArchivistOfTheUnitedStatesUnsignedOrVetoedByPresidentOrPocketVetoedByPresident>1</signedByPresidentOrSentToArchivistOfTheUnitedStatesUnsignedOrVetoedByPresidentOrPocketVetoedByPresident>
        <presentedToPresident>2</presentedToPresident>
        <sentToHouse>1</sentToHouse>
        <passedOrAgreedToInSenateDayOf>1</passedOrAgreedToInSenateDayOf>
        <passedAgreedToInSenate>1</passedAgreedToInSenate>
        <motionToReconsiderResults>1</motionToReconsiderResults>
        <passageOfAMeasure>1</passageOfAMeasure>
        <passedAgreedToInHouse>1</passedAgreedToInHouse>
        <motionForPreviousQuestion>1</motionForPreviousQuestion>
        <generalDebate>2</generalDebate>
        <considerationByHouse>1</considerationByHouse>
        <freeFormConsideration>1</freeFormConsideration>
        <billReferrals>1</billReferrals>
        <introducedInTheHouse>1</introducedInTheHouse>
        <introducedInHouse>1</introducedInHouse>
      </actionTypeCounts>
      <actionByCounts>
        <senate>3</senate>
        <houseOfRepresentatives>11</houseOfRepresentatives>
      </actionByCounts>
    </actions>
    <sponsors>
      <item>
        <bioguideId>S000510</bioguideId>
        <fullName>Rep. Smith, Adam [D-WA-9]</fullName>
        <firstName>ADAM</firstName>
        <middleName />
        <lastName>SMITH</lastName>
        <party>D</party>
        <state>WA</state>
        <identifiers>
          <lisID>1528</lisID>
          <bioguideId>S000510</bioguideId>
          <gpoId>8213</gpoId>
        </identifiers>
        <district>9</district>
        <byRequestType />
      </item>
    </sponsors>
    <cosponsors />
    <cboCostEstimates />
    <laws>
      <item>
        <type>Public Law</type>
        <number>117-1</number>
      </item>
    </laws>
    <notes />
    <policyArea>
      <name>Armed Forces and National Security</name>
    </policyArea>
    <subjects>
      <billSubjects>
        <legislativeSubjects>
          <item>
            <name>Department of Defense</name>
          </item>
          <item>
            <name>Federal officials</name>
          </item>
          <item>
            <name>Military command and structure</name>
          </item>
          <item>
            <name>Military personnel and dependents</name>
          </item>
          <item>
            <name>Presidents and presidential powers, Vice Presidents</name>
          </item>
        </legislativeSubjects>
        <policyArea>
          <name>Armed Forces and National Security</name>
        </policyArea>
      </billSubjects>
    </subjects>
    <summaries>
      <billSummaries>
        <item>
          <versionCode>00</versionCode>
          <actionDate>2021-01-15</actionDate>
          <actionDesc>Introduced in House</actionDesc>
          <lastSummaryUpdateDate>2021-01-25T16:44:25Z</lastSummaryUpdateDate>
          <text><![CDATA[<p>This bill allows the first person nominated and appointed as Secretary of Defense after 12 p.m. (Eastern Standard Time) on January 20, 2021, to be a person who is, on the date of appointment, at least four years after relief from active duty as a commissioned officer of a regular component of the Armed Forces. Under current law, an individual may not be appointed as Secretary of Defense within seven years after relief from such active duty.</p>]]></text>
          <updateDate>2021-01-15T05:00:00Z</updateDate>
          <name>Introduced in House</name>
        </item>
        <item>
          <versionCode>53</versionCode>
          <actionDate>2021-01-21</actionDate>
          <actionDesc>Passed House</actionDesc>
          <lastSummaryUpdateDate>2021-01-26T21:48:09Z</lastSummaryUpdateDate>
          <text><![CDATA[<p>This bill allows the first person nominated and appointed as Secretary of Defense after 12 p.m. (Eastern Standard Time) on January 20, 2021, to be a person who is, on the date of appointment, at least four years after relief from active duty as a commissioned officer of a regular component of the Armed Forces. Under current law, an individual may not be appointed as Secretary of Defense within seven years after relief from such active duty.</p>]]></text>
          <updateDate>2021-01-21T14:14:39Z</updateDate>
          <name>Passed House</name>
        </item>
        <item>
          <versionCode>55</versionCode>
          <actionDate>2021-01-21</actionDate>
          <actionDesc>Passed Senate</actionDesc>
          <lastSummaryUpdateDate>2021-01-27T20:46:28Z</lastSummaryUpdateDate>
          <text><![CDATA[<p>This bill allows the first person nominated and appointed as Secretary of Defense after 12 p.m. (Eastern Standard Time) on January 20, 2021, to be a person who is, on the date of appointment, at least four years after relief from active duty as a commissioned officer of a regular component of the Armed Forces. Under current law, an individual may not be appointed as Secretary of Defense within seven years after relief from such active duty.</p>]]></text>
          <updateDate>2021-01-21T14:15:17Z</updateDate>
          <name>Passed Senate</name>
        </item>
        <item>
          <versionCode>49</versionCode>
          <actionDate>2021-01-22</actionDate>
          <actionDesc>Public Law</actionDesc>
          <lastSummaryUpdateDate>2021-02-01T21:26:26Z</lastSummaryUpdateDate>
          <text><![CDATA[<p>This bill allows the first person nominated and appointed as Secretary of Defense after 12 p.m. (Eastern Standard Time) on January 20, 2021, to be a person who is, on the date of appointment, at least four years after relief from active duty as a commissioned officer of a regular component of the Armed Forces. Under current law, an individual may not be appointed as Secretary of Defense within seven years after relief from such active duty.</p>]]></text>
          <updateDate>2021-01-23T04:59:58Z</updateDate>
          <name>Public Law</name>
        </item>
      </billSummaries>
    </summaries>
    <title>To provide for an exception to a limitation against appointment of persons as Secretary of Defense within seven years of relief from active duty as a regular commissioned officer of the Armed Forces.</title>
    <titles>
      <item>
        <titleType>Official Title as Introduced</titleType>
        <parentTitleType />
        <title>To provide for an exception to a limitation against appointment of persons as Secretary of Defense within seven years of relief from active duty as a regular commissioned officer of the Armed Forces.</title>
        <chamberCode />
        <chamberName />
      </item>
      <item>
        <titleType>Display Title</titleType>
        <parentTitleType />
        <title>To provide for an exception to a limitation against appointment of persons as Secretary of Defense within seven years of relief from active duty as a regular commissioned officer of the Armed Forces.</title>
        <chamberCode />
        <chamberName />
      </item>
    </titles>
    <amendments />
    <textVersions>
      <item>
        <type>Enrolled Bill</type>
        <date />
        <formats>
          <item>
            <url>https://www.govinfo.gov/content/pkg/BILLS-117hr335enr/xml/BILLS-117hr335enr.xml</url>
          </item>
        </formats>
      </item>
      <item>
        <type>Engrossed in House</type>
        <date>2021-01-21T05:00:00Z</date>
        <formats>
          <item>
            <url>https://www.govinfo.gov/content/pkg/BILLS-117hr335eh/xml/BILLS-117hr335eh.xml</url>
          </item>
        </formats>
      </item>
      <item>
        <type>Received in Senate</type>
        <date>2021-01-21T05:00:00Z</date>
        <formats>
          <item>
            <url>https://www.govinfo.gov/content/pkg/BILLS-117hr335rds/xml/BILLS-117hr335rds.xml</url>
          </item>
        </formats>
      </item>
      <item>
        <type>Introduced in House</type>
        <date>2021-01-15T05:00:00Z</date>
        <formats>
          <item>
            <url>https://www.govinfo.gov/content/pkg/BILLS-117hr335ih/xml/BILLS-117hr335ih.xml</url>
          </item>
        </formats>
      </item>
    </textVersions>
    <latestAction>
      <actionDate>2021-01-22</actionDate>
      <text>Became Public Law No: 117-1.</text>
      <links />
    </latestAction>
    <calendarNumbers />
    <version>1.0.0</version>
  </bill>
  <dublinCore xmlns:dc="http://purl.org/dc/elements/1.1/">
    <dc:format>text/xml</dc:format>
    <dc:language>EN</dc:language>
    <dc:rights>Pursuant to Title 17 Section 105 of the United States Code, this file is not subject to copyright protection and is in the public domain.</dc:rights>
    <dc:contributor>Congressional Research Service, Library of Congress</dc:contributor>
    <dc:description>This file contains bill summaries and statuses for federal legislation. A bill summary describes the most significant provisions of a piece of legislation and details the effects the legislative text may have on current law and federal programs. Bill summaries are authored by the Congressional Research Service (CRS) of the Library of Congress. As stated in Public Law 91-510 (2 USC 166 (d)(6)), one of the duties of CRS is "to prepare summaries and digests of bills and resolutions of a public general nature introduced in the Senate or House of Representatives". For more information, refer to the User Guide that accompanies this file.</dc:description>
  </dublinCore>
</billStatus>

