<?xml version="1.0" encoding="UTF-8"?>
<billStatus>
  <bill>
    <billNumber>490</billNumber>
    <createDate>2021-01-26T08:12:12Z</createDate>
    <updateDate>2021-06-11T22:23:11Z</updateDate>
    <originChamber>House</originChamber>
    <billType>HR</billType>
    <introducedDate>2021-01-25</introducedDate>
    <congress>117</congress>
    <constitutionalAuthorityStatementText><![CDATA[<pre>[Congressional Record Volume 167, Number 14 (Monday, January 25, 2021)][House]From the Congressional Record Online through the Government Publishing Office [<a href="https://www.gpo.gov">www.gpo.gov</a>]By Mr. THOMPSON of Mississippi:H.R. 490.Congress has the power to enact this legislation pursuantto the following:Article 1, Section 8[Page H233]</pre>]]></constitutionalAuthorityStatementText>
    <recordedVotes />
    <committees>
      <billCommittees>
        <item>
          <systemCode>ssga00</systemCode>
          <name>Homeland Security and Governmental Affairs Committee</name>
          <chamber>Senate</chamber>
          <type>Standing</type>
          <subcommittees />
          <activities>
            <item>
              <name>Referred to</name>
              <date>2021-04-22T19:26:10Z</date>
            </item>
          </activities>
        </item>
        <item>
          <systemCode>hshm00</systemCode>
          <name>Homeland Security Committee</name>
          <chamber>House</chamber>
          <type>Standing</type>
          <subcommittees />
          <activities>
            <item>
              <name>Referred to</name>
              <date>2021-01-25T18:38:30Z</date>
            </item>
          </activities>
        </item>
      </billCommittees>
    </committees>
    <committeeReports />
    <relatedBills>
      <item>
        <latestTitle>Providing for consideration of the bill (H.R. 51) to provide for the admission of the State of Washington, D.C. into the Union; providing for consideration of the bill (H.R. 1573) to clarify the rights of all persons who are held or detained at a port of entry or at any detention facility overseen by U.S. Customs and Border Protection or U.S. Immigration and Customs Enforcement; providing for consideration of the bill (H.R. 1333) to transfer and limit Executive Branch authority to suspend or restrict the entry of a class of aliens; and for other purposes.</latestTitle>
        <congress>117</congress>
        <number>330</number>
        <type>HRES</type>
        <latestAction>
          <actionDate>2021-04-20</actionDate>
          <text>Motion to reconsider laid on the table Agreed to without objection.</text>
          <actionTime>17:33:52</actionTime>
        </latestAction>
        <relationshipDetails>
          <item>
            <type>Related bill</type>
            <identifiedBy>House</identifiedBy>
          </item>
        </relationshipDetails>
      </item>
    </relatedBills>
    <actions>
      <item>
        <actionDate>2021-04-22</actionDate>
        <committees>
          <item>
            <systemCode>ssga00</systemCode>
            <name>Homeland Security and Governmental Affairs Committee</name>
          </item>
        </committees>
        <links />
        <sourceSystem>
          <code>0</code>
          <name>Senate</name>
        </sourceSystem>
        <text>Received in the Senate and Read twice and referred to the Committee on Homeland Security and Governmental Affairs.</text>
        <type>IntroReferral</type>
      </item>
      <item>
        <actionDate>2021-04-20</actionDate>
        <actionTime>18:20:18</actionTime>
        <links />
        <text>Pursuant to section 6 of H. Res. 330, and the motion offered by Mr. Hoyer, the following bills passed under suspension of the rules: H.R. 367; H.R. 370; H.R. 396; H.R. 397, as amended; H.R. 408; H.R. 490; H.R. 965, as amended; H.R. 1251, as amended; H.R. 1395; H.R. 1491; H.R. 1528; H.R. 1532; H.R. 1565; H.R. 1602; and H.R. 2523, as amended; and the following resolution was agreed to under suspension of the rules: H. Res. 124, as amended. (consideration: CR H1979-1994; text: CR H1982-1984)</text>
        <type>Floor</type>
        <actionCode>H37300</actionCode>
        <sourceSystem>
          <code>2</code>
          <name>House floor actions</name>
        </sourceSystem>
        <committees />
      </item>
      <item>
        <actionDate>2021-04-20</actionDate>
        <actionTime>18:20:18</actionTime>
        <links />
        <text>Passed/agreed to in House: Pursuant to section 6 of H. Res. 330, and the motion offered by Mr. Hoyer, the following bills passed under suspension of the rules: H.R. 367; H.R. 370; H.R. 396; H.R. 397, as amended; H.R. 408; H.R. 490; H.R. 965, as amended; H.R. 1251, as amended; H.R. 1395; H.R. 1491; H.R. 1528; H.R. 1532; H.R. 1565; H.R. 1602; and H.R. 2523, as amended; and the following resolution was agreed to under suspension of the rules: H. Res. 124, as amended.(consideration: CR H1979-1994; text: CR H1982-1984)</text>
        <type>Floor</type>
        <actionCode>8000</actionCode>
        <sourceSystem>
          <code>9</code>
          <name>Library of Congress</name>
        </sourceSystem>
        <committees />
      </item>
      <item>
        <actionDate>2021-04-20</actionDate>
        <actionTime>18:20:17</actionTime>
        <links />
        <text>Pursuant to the provisions of H. Res. 330, proceedings on H.R. 490 are considered vacated.</text>
        <type>Floor</type>
        <actionCode>H1B000</actionCode>
        <sourceSystem>
          <code>2</code>
          <name>House floor actions</name>
        </sourceSystem>
        <committees />
      </item>
      <item>
        <actionDate>2021-04-19</actionDate>
        <actionTime>14:36:34</actionTime>
        <links />
        <text>At the conclusion of debate, the Yeas and Nays were demanded and ordered. Pursuant to the provisions of clause 8, rule XX, the Chair announced that further proceedings on the motion would be postponed.</text>
        <type>Floor</type>
        <actionCode>H37220</actionCode>
        <sourceSystem>
          <code>2</code>
          <name>House floor actions</name>
        </sourceSystem>
        <committees />
      </item>
      <item>
        <actionDate>2021-04-19</actionDate>
        <actionTime>14:31:09</actionTime>
        <links />
        <text>DEBATE - The House proceeded with forty minutes of debate on H.R. 490.</text>
        <type>Floor</type>
        <actionCode>H8D000</actionCode>
        <sourceSystem>
          <code>2</code>
          <name>House floor actions</name>
        </sourceSystem>
        <committees />
      </item>
      <item>
        <actionDate>2021-04-19</actionDate>
        <actionTime>14:31:03</actionTime>
        <links />
        <text>Considered under suspension of the rules. (consideration: CR H1896-1898; text: CR H1896-1897)</text>
        <type>Floor</type>
        <actionCode>H30000</actionCode>
        <sourceSystem>
          <code>2</code>
          <name>House floor actions</name>
        </sourceSystem>
        <committees />
      </item>
      <item>
        <actionDate>2021-04-19</actionDate>
        <actionTime>14:31:02</actionTime>
        <links />
        <text>Mr. Torres (NY) moved to suspend the rules and pass the bill.</text>
        <type>Floor</type>
        <actionCode>H30300</actionCode>
        <sourceSystem>
          <code>2</code>
          <name>House floor actions</name>
        </sourceSystem>
        <committees />
      </item>
      <item>
        <actionDate>2021-01-25</actionDate>
        <links />
        <text>Referred to the House Committee on Homeland Security.</text>
        <type>IntroReferral</type>
        <actionCode>H11100</actionCode>
        <sourceSystem>
          <code>2</code>
          <name>House floor actions</name>
        </sourceSystem>
        <committees>
          <item>
            <systemCode>hshm00</systemCode>
            <name>Homeland Security Committee</name>
          </item>
        </committees>
      </item>
      <item>
        <actionDate>2021-01-25</actionDate>
        <links />
        <text>Introduced in House</text>
        <type>IntroReferral</type>
        <actionCode>Intro-H</actionCode>
        <sourceSystem>
          <code>9</code>
          <name>Library of Congress</name>
        </sourceSystem>
        <committees />
      </item>
      <item>
        <actionDate>2021-01-25</actionDate>
        <links />
        <text>Introduced in House</text>
        <type>IntroReferral</type>
        <actionCode>1000</actionCode>
        <sourceSystem>
          <code>9</code>
          <name>Library of Congress</name>
        </sourceSystem>
        <committees />
      </item>
      <actionTypeCounts>
        <referredToCommittee>1</referredToCommittee>
        <finalPassageUnderSuspensionOfTheRulesResults>1</finalPassageUnderSuspensionOfTheRulesResults>
        <passedAgreedToInHouse>1</passedAgreedToInHouse>
        <virtualAction>1</virtualAction>
        <placeholderTextForH>1</placeholderTextForH>
        <generalDebate>1</generalDebate>
        <considerationByHouse>1</considerationByHouse>
        <motionMadeToSuspendTheRules>1</motionMadeToSuspendTheRules>
        <billReferrals>1</billReferrals>
        <introducedInTheHouse>1</introducedInTheHouse>
        <introducedInHouse>1</introducedInHouse>
      </actionTypeCounts>
      <actionByCounts>
        <senate>1</senate>
        <houseOfRepresentatives>10</houseOfRepresentatives>
      </actionByCounts>
    </actions>
    <sponsors>
      <item>
        <bioguideId>T000193</bioguideId>
        <fullName>Rep. Thompson, Bennie G. [D-MS-2]</fullName>
        <firstName>BENNIE</firstName>
        <middleName />
        <lastName>THOMPSON</lastName>
        <party>D</party>
        <state>MS</state>
        <identifiers>
          <lisID>1151</lisID>
          <bioguideId>T000193</bioguideId>
          <gpoId>8020</gpoId>
        </identifiers>
        <district>2</district>
        <byRequestType />
      </item>
    </sponsors>
    <cosponsors />
    <cboCostEstimates />
    <laws />
    <notes />
    <policyArea>
      <name>Government Operations and Politics</name>
    </policyArea>
    <subjects>
      <billSubjects>
        <legislativeSubjects>
          <item>
            <name>Administrative remedies</name>
          </item>
          <item>
            <name>Congressional oversight</name>
          </item>
          <item>
            <name>Department of Homeland Security</name>
          </item>
          <item>
            <name>Due process and equal protection</name>
          </item>
          <item>
            <name>Employee performance</name>
          </item>
          <item>
            <name>Employment discrimination and employee rights</name>
          </item>
          <item>
            <name>Federal officials</name>
          </item>
          <item>
            <name>Government employee pay, benefits, personnel management</name>
          </item>
          <item>
            <name>Government studies and investigations</name>
          </item>
        </legislativeSubjects>
        <policyArea>
          <name>Government Operations and Politics</name>
        </policyArea>
      </billSubjects>
    </subjects>
    <summaries>
      <billSummaries>
        <item>
          <versionCode>00</versionCode>
          <actionDate>2021-01-25</actionDate>
          <actionDesc>Introduced in House</actionDesc>
          <lastSummaryUpdateDate>2021-02-25T15:40:50Z</lastSummaryUpdateDate>
          <text><![CDATA[<p><strong>Department of Homeland Security Morale, Recognition, Learning and Engagement Act of 2021 or the DHS MORALE Act</strong></p> <p>This bill addresses workforce morale at the Department of Homeland Security (DHS).</p> <p>The bill expands the duties of the Chief Human Capital Officer to address morale, including through</p> <ul> <li>leader development and employee engagement, </li> <li>maintaining a catalogue of available employee development opportunities, and</li> <li>issuing a DHS-wide employee engagement action plan.</li> </ul> <p>DHS (1) must establish an employee engagement steering committee, and (2) may establish an annual employee award program.</p> <p>DHS shall report to the congressional homeland security committees regarding the impacts of the lapse in appropriations between December 22, 2018, and January 25, 2019, on (1) DHS human resources operations; (2) DHS's ability to meet hiring benchmarks; and (3) retention, attrition, and morale of DHS personnel. </p>]]></text>
          <updateDate>2021-01-25T05:00:00Z</updateDate>
          <name>Introduced in House</name>
        </item>
        <item>
          <versionCode>53</versionCode>
          <actionDate>2021-04-20</actionDate>
          <actionDesc>Passed House</actionDesc>
          <lastSummaryUpdateDate>2021-05-17T14:04:44Z</lastSummaryUpdateDate>
          <text><![CDATA[<p><strong>Department of Homeland Security Morale, Recognition, Learning and Engagement Act of 2021 or the DHS MORALE Act</strong></p> <p>This bill addresses workforce morale at the Department of Homeland Security (DHS).</p> <p>The bill expands the duties of the Chief Human Capital Officer to address morale, including through</p> <ul> <li>leader development and employee engagement, </li> <li>maintaining a catalogue of available employee development opportunities, and</li> <li>issuing a DHS-wide employee engagement action plan.</li> </ul> <p>DHS (1) must establish an employee engagement steering committee, and (2) may establish an annual employee award program.</p> <p>DHS shall report to the congressional homeland security committees regarding the impacts of the lapse in appropriations between December 22, 2018, and January 25, 2019, on (1) DHS human resources operations; (2) DHS's ability to meet hiring benchmarks; and (3) retention, attrition, and morale of DHS personnel. </p>]]></text>
          <updateDate>2021-04-20T17:04:06Z</updateDate>
          <name>Passed House</name>
        </item>
      </billSummaries>
    </summaries>
    <title>DHS MORALE Act</title>
    <titles>
      <item>
        <titleType>Short Title(s) as Introduced</titleType>
        <parentTitleType>Short Title</parentTitleType>
        <title>DHS MORALE Act</title>
        <chamberCode />
        <chamberName />
      </item>
      <item>
        <titleType>Short Title(s) as Introduced</titleType>
        <parentTitleType>Short Title</parentTitleType>
        <title>Department of Homeland Security Morale, Recognition, Learning and Engagement Act of 2021</title>
        <chamberCode />
        <chamberName />
      </item>
      <item>
        <titleType>Short Titles as Passed House</titleType>
        <parentTitleType>Short Titles House of Representatives</parentTitleType>
        <title>DHS MORALE Act</title>
        <chamberCode>H</chamberCode>
        <chamberName>House</chamberName>
      </item>
      <item>
        <titleType>Short Titles as Passed House</titleType>
        <parentTitleType>Short Titles House of Representatives</parentTitleType>
        <title>Department of Homeland Security Morale, Recognition, Learning and Engagement Act of 2021</title>
        <chamberCode>H</chamberCode>
        <chamberName>House</chamberName>
      </item>
      <item>
        <titleType>Display Title</titleType>
        <parentTitleType />
        <title>DHS MORALE Act</title>
        <chamberCode />
        <chamberName />
      </item>
      <item>
        <titleType>Official Title as Introduced</titleType>
        <parentTitleType />
        <title>To amend the Homeland Security Act of 2002 to improve morale within the Department of Homeland Security workforce by conferring new responsibilities to the Chief Human Capital Officer, establishing an employee engagement steering committee, requiring action plans, and authorizing an annual employee award program, and for other purposes.</title>
        <chamberCode />
        <chamberName />
      </item>
    </titles>
    <amendments />
    <textVersions>
      <item>
        <type>Referred in Senate</type>
        <date>2021-04-22T04:00:00Z</date>
        <formats>
          <item>
            <url>https://www.govinfo.gov/content/pkg/BILLS-117hr490rfs/xml/BILLS-117hr490rfs.xml</url>
          </item>
        </formats>
      </item>
      <item>
        <type>Engrossed in House</type>
        <date>2021-04-20T04:00:00Z</date>
        <formats>
          <item>
            <url>https://www.govinfo.gov/content/pkg/BILLS-117hr490eh/xml/BILLS-117hr490eh.xml</url>
          </item>
        </formats>
      </item>
      <item>
        <type>Introduced in House</type>
        <date>2021-01-25T05:00:00Z</date>
        <formats>
          <item>
            <url>https://www.govinfo.gov/content/pkg/BILLS-117hr490ih/xml/BILLS-117hr490ih.xml</url>
          </item>
        </formats>
      </item>
    </textVersions>
    <latestAction>
      <actionDate>2021-04-22</actionDate>
      <text>Received in the Senate and Read twice and referred to the Committee on Homeland Security and Governmental Affairs.</text>
      <links />
    </latestAction>
    <calendarNumbers />
    <version>1.0.0</version>
  </bill>
  <dublinCore xmlns:dc="http://purl.org/dc/elements/1.1/">
    <dc:format>text/xml</dc:format>
    <dc:language>EN</dc:language>
    <dc:rights>Pursuant to Title 17 Section 105 of the United States Code, this file is not subject to copyright protection and is in the public domain.</dc:rights>
    <dc:contributor>Congressional Research Service, Library of Congress</dc:contributor>
    <dc:description>This file contains bill summaries and statuses for federal legislation. A bill summary describes the most significant provisions of a piece of legislation and details the effects the legislative text may have on current law and federal programs. Bill summaries are authored by the Congressional Research Service (CRS) of the Library of Congress. As stated in Public Law 91-510 (2 USC 166 (d)(6)), one of the duties of CRS is "to prepare summaries and digests of bills and resolutions of a public general nature introduced in the Senate or House of Representatives". For more information, refer to the User Guide that accompanies this file.</dc:description>
  </dublinCore>
</billStatus>

