<?xml version="1.0" encoding="UTF-8"?>
<billStatus>
  <bill>
    <billNumber>19</billNumber>
    <createDate>2021-04-22T07:12:50Z</createDate>
    <updateDate>2021-11-08T13:28:19Z</updateDate>
    <originChamber>House</originChamber>
    <billType>HR</billType>
    <introducedDate>2021-04-21</introducedDate>
    <congress>117</congress>
    <constitutionalAuthorityStatementText><![CDATA[<pre>[Congressional Record Volume 167, Number 69 (Wednesday, April 21, 2021)][House]From the Congressional Record Online through the Government Publishing Office [<a href="https://www.gpo.gov">www.gpo.gov</a>]By Mrs. RODGERS of Washington:H.R. 19.Congress has the power to enact this legislation pursuantto the following:Article I, Section 8, Clause 1 and Clause 3 of the UnitedStates Constitution[Page H2055]</pre>]]></constitutionalAuthorityStatementText>
    <recordedVotes />
    <committees>
      <billCommittees>
        <item>
          <systemCode>hsju00</systemCode>
          <name>Judiciary Committee</name>
          <chamber>House</chamber>
          <type>Standing</type>
          <subcommittees>
            <item>
              <systemCode>hsju05</systemCode>
              <name>Antitrust, Commercial, and Administrative Law Subcommittee</name>
              <activities>
                <item>
                  <name>Referred to</name>
                  <date>2021-10-19T19:37:11Z</date>
                </item>
              </activities>
            </item>
          </subcommittees>
          <activities>
            <item>
              <name>Referred to</name>
              <date>2021-04-21T16:01:00Z</date>
            </item>
          </activities>
        </item>
        <item>
          <systemCode>hsif00</systemCode>
          <name>Energy and Commerce Committee</name>
          <chamber>House</chamber>
          <type>Standing</type>
          <subcommittees>
            <item>
              <systemCode>hsif14</systemCode>
              <name>Health Subcommittee</name>
              <activities>
                <item>
                  <name>Referred to</name>
                  <date>2021-04-22T13:18:03Z</date>
                </item>
              </activities>
            </item>
          </subcommittees>
          <activities>
            <item>
              <name>Referred to</name>
              <date>2021-04-21T16:00:45Z</date>
            </item>
          </activities>
        </item>
        <item>
          <systemCode>hswm00</systemCode>
          <name>Ways and Means Committee</name>
          <chamber>House</chamber>
          <type>Standing</type>
          <subcommittees>
            <item>
              <systemCode>hswm02</systemCode>
              <name>Health Subcommittee</name>
              <activities>
                <item>
                  <name>Referred to</name>
                  <date>2021-04-21T18:09:46Z</date>
                </item>
              </activities>
            </item>
          </subcommittees>
          <activities>
            <item>
              <name>Referred to</name>
              <date>2021-04-21T16:00:50Z</date>
            </item>
          </activities>
        </item>
      </billCommittees>
    </committees>
    <committeeReports />
    <relatedBills>
      <item>
        <latestTitle>Protecting Consumer Access to Generic Drugs Act of 2021</latestTitle>
        <congress>117</congress>
        <number>153</number>
        <type>HR</type>
        <latestAction>
          <actionDate>2021-03-04</actionDate>
          <text>Referred to the Subcommittee on Antitrust, Commercial, and Administrative Law.</text>
        </latestAction>
        <relationshipDetails>
          <item>
            <type>Related bill</type>
            <identifiedBy>CRS</identifiedBy>
          </item>
        </relationshipDetails>
      </item>
      <item>
        <latestTitle>Advancing Education on Biosimilars Act of 2021</latestTitle>
        <congress>117</congress>
        <number>164</number>
        <type>S</type>
        <latestAction>
          <actionDate>2021-04-23</actionDate>
          <text>Became Public Law No: 117-8.</text>
        </latestAction>
        <relationshipDetails>
          <item>
            <type>Related bill</type>
            <identifiedBy>CRS</identifiedBy>
          </item>
        </relationshipDetails>
      </item>
      <item>
        <latestTitle>Fair Accountability and Innovative Research Drug Pricing Act of 2021</latestTitle>
        <congress>117</congress>
        <number>898</number>
        <type>S</type>
        <latestAction>
          <actionDate>2021-03-23</actionDate>
          <text>Read twice and referred to the Committee on Health, Education, Labor, and Pensions.</text>
        </latestAction>
        <relationshipDetails>
          <item>
            <type>Related bill</type>
            <identifiedBy>CRS</identifiedBy>
          </item>
        </relationshipDetails>
      </item>
      <item>
        <latestTitle>Protecting Access to Safe and Effective Medicines Act of 2021</latestTitle>
        <congress>117</congress>
        <number>1857</number>
        <type>HR</type>
        <latestAction>
          <actionDate>2021-03-12</actionDate>
          <text>Referred to the Subcommittee on Health.</text>
        </latestAction>
        <relationshipDetails>
          <item>
            <type>Related bill</type>
            <identifiedBy>CRS</identifiedBy>
          </item>
        </relationshipDetails>
      </item>
      <item>
        <latestTitle>Advancing Education on Biosimilars Act of 2021</latestTitle>
        <congress>117</congress>
        <number>1873</number>
        <type>HR</type>
        <latestAction>
          <actionDate>2021-03-16</actionDate>
          <text>Referred to the Subcommittee on Health.</text>
        </latestAction>
        <relationshipDetails>
          <item>
            <type>Related bill</type>
            <identifiedBy>CRS</identifiedBy>
          </item>
        </relationshipDetails>
      </item>
      <item>
        <latestTitle>Improving Transparency to Lower Drug Costs Act of 2021</latestTitle>
        <congress>117</congress>
        <number>3682</number>
        <type>HR</type>
        <latestAction>
          <actionDate>2021-06-02</actionDate>
          <text>Referred to the Subcommittee on Health.</text>
        </latestAction>
        <relationshipDetails>
          <item>
            <type>Related bill</type>
            <identifiedBy>CRS</identifiedBy>
          </item>
        </relationshipDetails>
      </item>
    </relatedBills>
    <actions>
      <item>
        <actionDate>2021-10-19</actionDate>
        <committees>
          <item>
            <systemCode>hsju05</systemCode>
            <name>Antitrust, Commercial, and Administrative Law Subcommittee</name>
          </item>
        </committees>
        <links />
        <sourceSystem>
          <code>1</code>
          <name>House committee actions</name>
        </sourceSystem>
        <text>Referred to the Subcommittee on Antitrust, Commercial, and Administrative Law.</text>
        <type>Committee</type>
      </item>
      <item>
        <actionDate>2021-04-22</actionDate>
        <committees>
          <item>
            <systemCode>hsif14</systemCode>
            <name>Health Subcommittee</name>
          </item>
        </committees>
        <links />
        <sourceSystem>
          <code>1</code>
          <name>House committee actions</name>
        </sourceSystem>
        <text>Referred to the Subcommittee on Health.</text>
        <type>Committee</type>
      </item>
      <item>
        <actionDate>2021-04-21</actionDate>
        <committees>
          <item>
            <systemCode>hswm02</systemCode>
            <name>Health Subcommittee</name>
          </item>
        </committees>
        <links />
        <sourceSystem>
          <code>1</code>
          <name>House committee actions</name>
        </sourceSystem>
        <text>Referred to the Subcommittee on Health.</text>
        <type>Committee</type>
      </item>
      <item>
        <actionDate>2021-04-21</actionDate>
        <links />
        <text>Referred to the Committee on Energy and Commerce, and in addition to the Committees on Ways and Means, and the Judiciary, for a period to be subsequently determined by the Speaker, in each case for consideration of such provisions as fall within the jurisdiction of the committee concerned.</text>
        <type>IntroReferral</type>
        <actionCode>H11100</actionCode>
        <sourceSystem>
          <code>2</code>
          <name>House floor actions</name>
        </sourceSystem>
        <committees>
          <item>
            <systemCode>hsju00</systemCode>
            <name>Judiciary Committee</name>
          </item>
        </committees>
      </item>
      <item>
        <actionDate>2021-04-21</actionDate>
        <links />
        <text>Referred to the Committee on Energy and Commerce, and in addition to the Committees on Ways and Means, and the Judiciary, for a period to be subsequently determined by the Speaker, in each case for consideration of such provisions as fall within the jurisdiction of the committee concerned.</text>
        <type>IntroReferral</type>
        <actionCode>H11100</actionCode>
        <sourceSystem>
          <code>2</code>
          <name>House floor actions</name>
        </sourceSystem>
        <committees>
          <item>
            <systemCode>hswm00</systemCode>
            <name>Ways and Means Committee</name>
          </item>
        </committees>
      </item>
      <item>
        <actionDate>2021-04-21</actionDate>
        <links />
        <text>Referred to the Committee on Energy and Commerce, and in addition to the Committees on Ways and Means, and the Judiciary, for a period to be subsequently determined by the Speaker, in each case for consideration of such provisions as fall within the jurisdiction of the committee concerned.</text>
        <type>IntroReferral</type>
        <actionCode>H11100</actionCode>
        <sourceSystem>
          <code>2</code>
          <name>House floor actions</name>
        </sourceSystem>
        <committees>
          <item>
            <systemCode>hsif00</systemCode>
            <name>Energy and Commerce Committee</name>
          </item>
        </committees>
      </item>
      <item>
        <actionDate>2021-04-21</actionDate>
        <links />
        <text>Introduced in House</text>
        <type>IntroReferral</type>
        <actionCode>Intro-H</actionCode>
        <sourceSystem>
          <code>9</code>
          <name>Library of Congress</name>
        </sourceSystem>
        <committees />
      </item>
      <item>
        <actionDate>2021-04-21</actionDate>
        <links />
        <text>Introduced in House</text>
        <type>IntroReferral</type>
        <actionCode>1000</actionCode>
        <sourceSystem>
          <code>9</code>
          <name>Library of Congress</name>
        </sourceSystem>
        <committees />
      </item>
      <actionTypeCounts>
        <placeholderTextForH>3</placeholderTextForH>
        <billReferrals>3</billReferrals>
        <introducedInTheHouse>1</introducedInTheHouse>
        <introducedInHouse>1</introducedInHouse>
      </actionTypeCounts>
      <actionByCounts>
        <houseOfRepresentatives>8</houseOfRepresentatives>
      </actionByCounts>
    </actions>
    <sponsors>
      <item>
        <bioguideId>M001159</bioguideId>
        <fullName>Rep. McMorris Rodgers, Cathy [R-WA-5]</fullName>
        <firstName>Cathy</firstName>
        <middleName>McMorris</middleName>
        <lastName>Rodgers</lastName>
        <party>R</party>
        <state>WA</state>
        <identifiers>
          <lisID>1809</lisID>
          <bioguideId>M001159</bioguideId>
          <gpoId>8209</gpoId>
        </identifiers>
        <district>5</district>
        <byRequestType />
      </item>
    </sponsors>
    <cosponsors>
      <item>
        <bioguideId>B000755</bioguideId>
        <fullName>Rep. Brady, Kevin [R-TX-8]</fullName>
        <firstName>KEVIN</firstName>
        <middleName />
        <lastName>BRADY</lastName>
        <party>R</party>
        <state>TX</state>
        <identifiers>
          <lisID>1468</lisID>
          <bioguideId>B000755</bioguideId>
          <gpoId>8164</gpoId>
        </identifiers>
        <district>8</district>
        <sponsorshipDate>2021-04-21</sponsorshipDate>
        <isOriginalCosponsor>True</isOriginalCosponsor>
        <sponsorshipWithdrawnDate />
      </item>
      <item>
        <bioguideId>F000450</bioguideId>
        <fullName>Rep. Foxx, Virginia [R-NC-5]</fullName>
        <firstName>Virginia</firstName>
        <middleName />
        <lastName>Foxx</lastName>
        <party>R</party>
        <state>NC</state>
        <identifiers>
          <lisID>1791</lisID>
          <bioguideId>F000450</bioguideId>
          <gpoId>8028</gpoId>
        </identifiers>
        <district>5</district>
        <sponsorshipDate>2021-04-21</sponsorshipDate>
        <isOriginalCosponsor>True</isOriginalCosponsor>
        <sponsorshipWithdrawnDate />
      </item>
      <item>
        <bioguideId>G000558</bioguideId>
        <fullName>Rep. Guthrie, Brett [R-KY-2]</fullName>
        <firstName>Brett</firstName>
        <middleName />
        <lastName>Guthrie</lastName>
        <party>R</party>
        <state>KY</state>
        <identifiers>
          <lisID>1922</lisID>
          <bioguideId>G000558</bioguideId>
          <gpoId>7954</gpoId>
        </identifiers>
        <district>2</district>
        <sponsorshipDate>2021-04-21</sponsorshipDate>
        <isOriginalCosponsor>True</isOriginalCosponsor>
        <sponsorshipWithdrawnDate />
      </item>
      <item>
        <bioguideId>N000181</bioguideId>
        <fullName>Rep. Nunes, Devin [R-CA-22]</fullName>
        <firstName>Devin</firstName>
        <middleName />
        <lastName>Nunes</lastName>
        <party>R</party>
        <state>CA</state>
        <identifiers>
          <lisID>1710</lisID>
          <bioguideId>N000181</bioguideId>
          <gpoId>7826</gpoId>
        </identifiers>
        <district>22</district>
        <sponsorshipDate>2021-04-21</sponsorshipDate>
        <isOriginalCosponsor>True</isOriginalCosponsor>
        <sponsorshipWithdrawnDate />
      </item>
      <item>
        <bioguideId>A000372</bioguideId>
        <fullName>Rep. Allen, Rick W. [R-GA-12]</fullName>
        <firstName>Rick</firstName>
        <middleName>W.</middleName>
        <lastName>Allen</lastName>
        <party>R</party>
        <state>GA</state>
        <identifiers>
          <lisID>2239</lisID>
          <bioguideId>A000372</bioguideId>
          <gpoId />
        </identifiers>
        <district>12</district>
        <sponsorshipDate>2021-04-21</sponsorshipDate>
        <isOriginalCosponsor>True</isOriginalCosponsor>
        <sponsorshipWithdrawnDate />
      </item>
      <item>
        <bioguideId>S001199</bioguideId>
        <fullName>Rep. Smucker, Lloyd [R-PA-11]</fullName>
        <firstName>Lloyd</firstName>
        <middleName />
        <lastName>Smucker</lastName>
        <party>R</party>
        <state>PA</state>
        <identifiers>
          <lisID>2346</lisID>
          <bioguideId>S001199</bioguideId>
          <gpoId />
        </identifiers>
        <district>11</district>
        <sponsorshipDate>2021-04-22</sponsorshipDate>
        <isOriginalCosponsor>False</isOriginalCosponsor>
        <sponsorshipWithdrawnDate />
      </item>
      <item>
        <bioguideId>J000301</bioguideId>
        <fullName>Rep. Johnson, Dusty [R-SD-At Large]</fullName>
        <firstName>Dusty</firstName>
        <middleName />
        <lastName>Johnson</lastName>
        <party>R</party>
        <state>SD</state>
        <identifiers>
          <lisID>2439</lisID>
          <bioguideId>J000301</bioguideId>
          <gpoId />
        </identifiers>
        <district>0</district>
        <sponsorshipDate>2021-04-22</sponsorshipDate>
        <isOriginalCosponsor>False</isOriginalCosponsor>
        <sponsorshipWithdrawnDate />
      </item>
      <item>
        <bioguideId>H001067</bioguideId>
        <fullName>Rep. Hudson, Richard [R-NC-8]</fullName>
        <firstName>Richard</firstName>
        <middleName />
        <lastName>Hudson</lastName>
        <party>R</party>
        <state>NC</state>
        <identifiers>
          <lisID>2140</lisID>
          <bioguideId>H001067</bioguideId>
          <gpoId />
        </identifiers>
        <district>8</district>
        <sponsorshipDate>2021-04-22</sponsorshipDate>
        <isOriginalCosponsor>False</isOriginalCosponsor>
        <sponsorshipWithdrawnDate />
      </item>
      <item>
        <bioguideId>S001183</bioguideId>
        <fullName>Rep. Schweikert, David [R-AZ-6]</fullName>
        <firstName>David</firstName>
        <middleName />
        <lastName>Schweikert</lastName>
        <party>R</party>
        <state>AZ</state>
        <identifiers>
          <lisID>1994</lisID>
          <bioguideId>S001183</bioguideId>
          <gpoId>7802</gpoId>
        </identifiers>
        <district>6</district>
        <sponsorshipDate>2021-04-22</sponsorshipDate>
        <isOriginalCosponsor>False</isOriginalCosponsor>
        <sponsorshipWithdrawnDate />
      </item>
      <item>
        <bioguideId>B001282</bioguideId>
        <fullName>Rep. Barr, Andy [R-KY-6]</fullName>
        <firstName>Andy</firstName>
        <middleName />
        <lastName>Barr</lastName>
        <party>R</party>
        <state>KY</state>
        <identifiers>
          <lisID>2131</lisID>
          <bioguideId>B001282</bioguideId>
          <gpoId />
        </identifiers>
        <district>6</district>
        <sponsorshipDate>2021-04-22</sponsorshipDate>
        <isOriginalCosponsor>False</isOriginalCosponsor>
        <sponsorshipWithdrawnDate />
      </item>
      <item>
        <bioguideId>E000298</bioguideId>
        <fullName>Rep. Estes, Ron [R-KS-4]</fullName>
        <firstName>Ron</firstName>
        <middleName />
        <lastName>Estes</lastName>
        <party>R</party>
        <state>KS</state>
        <identifiers>
          <lisID>2358</lisID>
          <bioguideId>E000298</bioguideId>
          <gpoId />
        </identifiers>
        <district>4</district>
        <sponsorshipDate>2021-04-22</sponsorshipDate>
        <isOriginalCosponsor>False</isOriginalCosponsor>
        <sponsorshipWithdrawnDate />
      </item>
      <item>
        <bioguideId>C001103</bioguideId>
        <fullName>Rep. Carter, Earl L. "Buddy" [R-GA-1]</fullName>
        <firstName>Earl</firstName>
        <middleName>L. "Buddy"</middleName>
        <lastName>Carter</lastName>
        <party>R</party>
        <state>GA</state>
        <identifiers>
          <lisID>2236</lisID>
          <bioguideId>C001103</bioguideId>
          <gpoId />
        </identifiers>
        <district>1</district>
        <sponsorshipDate>2021-04-22</sponsorshipDate>
        <isOriginalCosponsor>False</isOriginalCosponsor>
        <sponsorshipWithdrawnDate />
      </item>
      <item>
        <bioguideId>L000566</bioguideId>
        <fullName>Rep. Latta, Robert E. [R-OH-5]</fullName>
        <firstName>Robert</firstName>
        <middleName>E.</middleName>
        <lastName>Latta</lastName>
        <party>R</party>
        <state>OH</state>
        <identifiers>
          <lisID>1885</lisID>
          <bioguideId>L000566</bioguideId>
          <gpoId>8095</gpoId>
        </identifiers>
        <district>5</district>
        <sponsorshipDate>2021-04-22</sponsorshipDate>
        <isOriginalCosponsor>False</isOriginalCosponsor>
        <sponsorshipWithdrawnDate />
      </item>
      <item>
        <bioguideId>B001257</bioguideId>
        <fullName>Rep. Bilirakis, Gus M. [R-FL-12]</fullName>
        <firstName>Gus</firstName>
        <middleName>M.</middleName>
        <lastName>Bilirakis</lastName>
        <party>R</party>
        <state>FL</state>
        <identifiers>
          <lisID>1838</lisID>
          <bioguideId>B001257</bioguideId>
          <gpoId>7881</gpoId>
        </identifiers>
        <district>12</district>
        <sponsorshipDate>2021-04-22</sponsorshipDate>
        <isOriginalCosponsor>False</isOriginalCosponsor>
        <sponsorshipWithdrawnDate />
      </item>
      <item>
        <bioguideId>M001165</bioguideId>
        <fullName>Rep. McCarthy, Kevin [R-CA-23]</fullName>
        <firstName>Kevin</firstName>
        <middleName />
        <lastName>McCarthy</lastName>
        <party>R</party>
        <state>CA</state>
        <identifiers>
          <lisID>1833</lisID>
          <bioguideId>M001165</bioguideId>
          <gpoId>7827</gpoId>
        </identifiers>
        <district>23</district>
        <sponsorshipDate>2021-04-22</sponsorshipDate>
        <isOriginalCosponsor>False</isOriginalCosponsor>
        <sponsorshipWithdrawnDate />
      </item>
      <item>
        <bioguideId>W000813</bioguideId>
        <fullName>Rep. Walorski, Jackie [R-IN-2]</fullName>
        <firstName>Jackie</firstName>
        <middleName />
        <lastName>Walorski</lastName>
        <party>R</party>
        <state>IN</state>
        <identifiers>
          <lisID>2128</lisID>
          <bioguideId>W000813</bioguideId>
          <gpoId />
        </identifiers>
        <district>2</district>
        <sponsorshipDate>2021-04-22</sponsorshipDate>
        <isOriginalCosponsor>False</isOriginalCosponsor>
        <sponsorshipWithdrawnDate />
      </item>
      <item>
        <bioguideId>P000615</bioguideId>
        <fullName>Rep. Pence, Greg [R-IN-6]</fullName>
        <firstName>Greg</firstName>
        <middleName />
        <lastName>Pence</lastName>
        <party>R</party>
        <state>IN</state>
        <identifiers>
          <lisID>2401</lisID>
          <bioguideId>P000615</bioguideId>
          <gpoId />
        </identifiers>
        <district>6</district>
        <sponsorshipDate>2021-04-22</sponsorshipDate>
        <isOriginalCosponsor>False</isOriginalCosponsor>
        <sponsorshipWithdrawnDate />
      </item>
      <item>
        <bioguideId>R000597</bioguideId>
        <fullName>Rep. Rice, Tom [R-SC-7]</fullName>
        <firstName>Tom</firstName>
        <middleName />
        <lastName>Rice</lastName>
        <party>R</party>
        <state>SC</state>
        <identifiers>
          <lisID>2160</lisID>
          <bioguideId>R000597</bioguideId>
          <gpoId />
        </identifiers>
        <district>7</district>
        <sponsorshipDate>2021-04-22</sponsorshipDate>
        <isOriginalCosponsor>False</isOriginalCosponsor>
        <sponsorshipWithdrawnDate />
      </item>
      <item>
        <bioguideId>C001051</bioguideId>
        <fullName>Rep. Carter, John R. [R-TX-31]</fullName>
        <firstName>John</firstName>
        <middleName>R.</middleName>
        <lastName>Carter</lastName>
        <party>R</party>
        <state>TX</state>
        <identifiers>
          <lisID>1752</lisID>
          <bioguideId>C001051</bioguideId>
          <gpoId>8187</gpoId>
        </identifiers>
        <district>31</district>
        <sponsorshipDate>2021-04-22</sponsorshipDate>
        <isOriginalCosponsor>False</isOriginalCosponsor>
        <sponsorshipWithdrawnDate />
      </item>
      <item>
        <bioguideId>N000026</bioguideId>
        <fullName>Rep. Nehls, Troy E. [R-TX-22]</fullName>
        <firstName>Troy</firstName>
        <middleName>E.</middleName>
        <lastName>Nehls</lastName>
        <party>R</party>
        <state>TX</state>
        <identifiers>
          <lisID>2533</lisID>
          <bioguideId>N000026</bioguideId>
          <gpoId />
        </identifiers>
        <district>22</district>
        <sponsorshipDate>2021-04-22</sponsorshipDate>
        <isOriginalCosponsor>False</isOriginalCosponsor>
        <sponsorshipWithdrawnDate />
      </item>
      <item>
        <bioguideId>F000465</bioguideId>
        <fullName>Rep. Ferguson, A. Drew, IV [R-GA-3]</fullName>
        <firstName>A.</firstName>
        <middleName>Drew</middleName>
        <lastName>Ferguson</lastName>
        <party>R</party>
        <state>GA</state>
        <identifiers>
          <lisID>2324</lisID>
          <bioguideId>F000465</bioguideId>
          <gpoId />
        </identifiers>
        <district>3</district>
        <sponsorshipDate>2021-04-22</sponsorshipDate>
        <isOriginalCosponsor>False</isOriginalCosponsor>
        <sponsorshipWithdrawnDate />
      </item>
      <item>
        <bioguideId>S001195</bioguideId>
        <fullName>Rep. Smith, Jason [R-MO-8]</fullName>
        <firstName>Jason</firstName>
        <middleName />
        <lastName>Smith</lastName>
        <party>R</party>
        <state>MO</state>
        <identifiers>
          <lisID>2191</lisID>
          <bioguideId>S001195</bioguideId>
          <gpoId />
        </identifiers>
        <district>8</district>
        <sponsorshipDate>2021-04-22</sponsorshipDate>
        <isOriginalCosponsor>False</isOriginalCosponsor>
        <sponsorshipWithdrawnDate />
      </item>
      <item>
        <bioguideId>G000568</bioguideId>
        <fullName>Rep. Griffith, H. Morgan [R-VA-9]</fullName>
        <firstName>H.</firstName>
        <middleName>Morgan</middleName>
        <lastName>Griffith</lastName>
        <party>R</party>
        <state>VA</state>
        <identifiers>
          <lisID>2070</lisID>
          <bioguideId>G000568</bioguideId>
          <gpoId>8200</gpoId>
        </identifiers>
        <district>9</district>
        <sponsorshipDate>2021-04-22</sponsorshipDate>
        <isOriginalCosponsor>False</isOriginalCosponsor>
        <sponsorshipWithdrawnDate />
      </item>
      <item>
        <bioguideId>B001260</bioguideId>
        <fullName>Rep. Buchanan, Vern [R-FL-16]</fullName>
        <firstName>Vern</firstName>
        <middleName />
        <lastName>Buchanan</lastName>
        <party>R</party>
        <state>FL</state>
        <identifiers>
          <lisID>1840</lisID>
          <bioguideId>B001260</bioguideId>
          <gpoId>7885</gpoId>
        </identifiers>
        <district>16</district>
        <sponsorshipDate>2021-04-22</sponsorshipDate>
        <isOriginalCosponsor>False</isOriginalCosponsor>
        <sponsorshipWithdrawnDate />
      </item>
      <item>
        <bioguideId>W000815</bioguideId>
        <fullName>Rep. Wenstrup, Brad R. [R-OH-2]</fullName>
        <firstName>Brad</firstName>
        <middleName>R.</middleName>
        <lastName>Wenstrup</lastName>
        <party>R</party>
        <state>OH</state>
        <identifiers>
          <lisID>2152</lisID>
          <bioguideId>W000815</bioguideId>
          <gpoId />
        </identifiers>
        <district>2</district>
        <sponsorshipDate>2021-04-22</sponsorshipDate>
        <isOriginalCosponsor>False</isOriginalCosponsor>
        <sponsorshipWithdrawnDate />
      </item>
      <item>
        <bioguideId>C001114</bioguideId>
        <fullName>Rep. Curtis, John R. [R-UT-3]</fullName>
        <firstName>John</firstName>
        <middleName>R.</middleName>
        <lastName>Curtis</lastName>
        <party>R</party>
        <state>UT</state>
        <identifiers>
          <lisID>2363</lisID>
          <bioguideId>C001114</bioguideId>
          <gpoId />
        </identifiers>
        <district>3</district>
        <sponsorshipDate>2021-04-26</sponsorshipDate>
        <isOriginalCosponsor>False</isOriginalCosponsor>
        <sponsorshipWithdrawnDate />
      </item>
      <item>
        <bioguideId>L000585</bioguideId>
        <fullName>Rep. LaHood, Darin [R-IL-18]</fullName>
        <firstName>Darin</firstName>
        <middleName />
        <lastName>LaHood</lastName>
        <party>R</party>
        <state>IL</state>
        <identifiers>
          <lisID>2295</lisID>
          <bioguideId>L000585</bioguideId>
          <gpoId />
        </identifiers>
        <district>18</district>
        <sponsorshipDate>2021-04-26</sponsorshipDate>
        <isOriginalCosponsor>False</isOriginalCosponsor>
        <sponsorshipWithdrawnDate />
      </item>
      <item>
        <bioguideId>J000304</bioguideId>
        <fullName>Rep. Jackson, Ronny [R-TX-13]</fullName>
        <firstName>Ronny</firstName>
        <middleName />
        <lastName>Jackson</lastName>
        <party>R</party>
        <state>TX</state>
        <identifiers>
          <lisID>2532</lisID>
          <bioguideId>J000304</bioguideId>
          <gpoId />
        </identifiers>
        <district>13</district>
        <sponsorshipDate>2021-04-26</sponsorshipDate>
        <isOriginalCosponsor>False</isOriginalCosponsor>
        <sponsorshipWithdrawnDate />
      </item>
      <item>
        <bioguideId>R000585</bioguideId>
        <fullName>Rep. Reed, Tom [R-NY-23]</fullName>
        <firstName>Tom</firstName>
        <middleName />
        <lastName>Reed</lastName>
        <party>R</party>
        <state>NY</state>
        <identifiers>
          <lisID>1982</lisID>
          <bioguideId>R000585</bioguideId>
          <gpoId>8090</gpoId>
        </identifiers>
        <district>23</district>
        <sponsorshipDate>2021-04-26</sponsorshipDate>
        <isOriginalCosponsor>False</isOriginalCosponsor>
        <sponsorshipWithdrawnDate />
      </item>
      <item>
        <bioguideId>V000134</bioguideId>
        <fullName>Rep. Van Duyne, Beth [R-TX-24]</fullName>
        <firstName>Beth</firstName>
        <middleName />
        <lastName>Van Duyne</lastName>
        <party>R</party>
        <state>TX</state>
        <identifiers>
          <lisID>2535</lisID>
          <bioguideId>V000134</bioguideId>
          <gpoId />
        </identifiers>
        <district>24</district>
        <sponsorshipDate>2021-04-26</sponsorshipDate>
        <isOriginalCosponsor>False</isOriginalCosponsor>
        <sponsorshipWithdrawnDate />
      </item>
      <item>
        <bioguideId>C001104</bioguideId>
        <fullName>Rep. Cawthorn, Madison [R-NC-11]</fullName>
        <firstName>Madison</firstName>
        <middleName />
        <lastName>Cawthorn</lastName>
        <party>R</party>
        <state>NC</state>
        <identifiers>
          <lisID>2518</lisID>
          <bioguideId>C001104</bioguideId>
          <gpoId />
        </identifiers>
        <district>11</district>
        <sponsorshipDate>2021-04-26</sponsorshipDate>
        <isOriginalCosponsor>False</isOriginalCosponsor>
        <sponsorshipWithdrawnDate />
      </item>
      <item>
        <bioguideId>R000610</bioguideId>
        <fullName>Rep. Reschenthaler, Guy [R-PA-14]</fullName>
        <firstName>Guy</firstName>
        <middleName />
        <lastName>Reschenthaler</lastName>
        <party>R</party>
        <state>PA</state>
        <identifiers>
          <lisID>2436</lisID>
          <bioguideId>R000610</bioguideId>
          <gpoId />
        </identifiers>
        <district>14</district>
        <sponsorshipDate>2021-04-26</sponsorshipDate>
        <isOriginalCosponsor>False</isOriginalCosponsor>
        <sponsorshipWithdrawnDate />
      </item>
      <item>
        <bioguideId>T000478</bioguideId>
        <fullName>Rep. Tenney, Claudia [R-NY-22]</fullName>
        <firstName>Claudia</firstName>
        <middleName />
        <lastName>Tenney</lastName>
        <party>R</party>
        <state>NY</state>
        <identifiers>
          <lisID>2344</lisID>
          <bioguideId>T000478</bioguideId>
          <gpoId />
        </identifiers>
        <district>22</district>
        <sponsorshipDate>2021-04-26</sponsorshipDate>
        <isOriginalCosponsor>False</isOriginalCosponsor>
        <sponsorshipWithdrawnDate />
      </item>
      <item>
        <bioguideId>B001309</bioguideId>
        <fullName>Rep. Burchett, Tim [R-TN-2]</fullName>
        <firstName>Tim</firstName>
        <middleName />
        <lastName>Burchett</lastName>
        <party>R</party>
        <state>TN</state>
        <identifiers>
          <lisID>2440</lisID>
          <bioguideId>B001309</bioguideId>
          <gpoId />
        </identifiers>
        <district>2</district>
        <sponsorshipDate>2021-04-26</sponsorshipDate>
        <isOriginalCosponsor>False</isOriginalCosponsor>
        <sponsorshipWithdrawnDate />
      </item>
      <item>
        <bioguideId>D000619</bioguideId>
        <fullName>Rep. Davis, Rodney [R-IL-13]</fullName>
        <firstName>Rodney</firstName>
        <middleName />
        <lastName>Davis</lastName>
        <party>R</party>
        <state>IL</state>
        <identifiers>
          <lisID>2126</lisID>
          <bioguideId>D000619</bioguideId>
          <gpoId />
        </identifiers>
        <district>13</district>
        <sponsorshipDate>2021-04-26</sponsorshipDate>
        <isOriginalCosponsor>False</isOriginalCosponsor>
        <sponsorshipWithdrawnDate />
      </item>
      <item>
        <bioguideId>A000377</bioguideId>
        <fullName>Rep. Armstrong, Kelly [R-ND-At Large]</fullName>
        <firstName>Kelly</firstName>
        <middleName />
        <lastName>Armstrong</lastName>
        <party>R</party>
        <state>ND</state>
        <identifiers>
          <lisID>2417</lisID>
          <bioguideId>A000377</bioguideId>
          <gpoId />
        </identifiers>
        <district>0</district>
        <sponsorshipDate>2021-04-26</sponsorshipDate>
        <isOriginalCosponsor>False</isOriginalCosponsor>
        <sponsorshipWithdrawnDate />
      </item>
      <item>
        <bioguideId>B001275</bioguideId>
        <fullName>Rep. Bucshon, Larry [R-IN-8]</fullName>
        <firstName>Larry</firstName>
        <middleName />
        <lastName>Bucshon</lastName>
        <party>R</party>
        <state>IN</state>
        <identifiers>
          <lisID>2018</lisID>
          <bioguideId>B001275</bioguideId>
          <gpoId>7947</gpoId>
        </identifiers>
        <district>8</district>
        <sponsorshipDate>2021-04-26</sponsorshipDate>
        <isOriginalCosponsor>False</isOriginalCosponsor>
        <sponsorshipWithdrawnDate />
      </item>
      <item>
        <bioguideId>N000190</bioguideId>
        <fullName>Rep. Norman, Ralph [R-SC-5]</fullName>
        <firstName>Ralph</firstName>
        <middleName />
        <lastName>Norman</lastName>
        <party>R</party>
        <state>SC</state>
        <identifiers>
          <lisID>2361</lisID>
          <bioguideId>N000190</bioguideId>
          <gpoId />
        </identifiers>
        <district>5</district>
        <sponsorshipDate>2021-04-28</sponsorshipDate>
        <isOriginalCosponsor>False</isOriginalCosponsor>
        <sponsorshipWithdrawnDate />
      </item>
      <item>
        <bioguideId>M001180</bioguideId>
        <fullName>Rep. McKinley, David B. [R-WV-1]</fullName>
        <firstName>David</firstName>
        <middleName>B.</middleName>
        <lastName>McKinley</lastName>
        <party>R</party>
        <state>WV</state>
        <identifiers>
          <lisID>2074</lisID>
          <bioguideId>M001180</bioguideId>
          <gpoId>8222</gpoId>
        </identifiers>
        <district>1</district>
        <sponsorshipDate>2021-04-28</sponsorshipDate>
        <isOriginalCosponsor>False</isOriginalCosponsor>
        <sponsorshipWithdrawnDate />
      </item>
      <item>
        <bioguideId>H001082</bioguideId>
        <fullName>Rep. Hern, Kevin [R-OK-1]</fullName>
        <firstName>Kevin</firstName>
        <middleName />
        <lastName>Hern</lastName>
        <party>R</party>
        <state>OK</state>
        <identifiers>
          <lisID>2372</lisID>
          <bioguideId>H001082</bioguideId>
          <gpoId />
        </identifiers>
        <district>1</district>
        <sponsorshipDate>2021-04-28</sponsorshipDate>
        <isOriginalCosponsor>False</isOriginalCosponsor>
        <sponsorshipWithdrawnDate />
      </item>
      <item>
        <bioguideId>W000812</bioguideId>
        <fullName>Rep. Wagner, Ann [R-MO-2]</fullName>
        <firstName>Ann</firstName>
        <middleName />
        <lastName>Wagner</lastName>
        <party>R</party>
        <state>MO</state>
        <identifiers>
          <lisID>2137</lisID>
          <bioguideId>W000812</bioguideId>
          <gpoId />
        </identifiers>
        <district>2</district>
        <sponsorshipDate>2021-04-28</sponsorshipDate>
        <isOriginalCosponsor>False</isOriginalCosponsor>
        <sponsorshipWithdrawnDate />
      </item>
      <item>
        <bioguideId>W000816</bioguideId>
        <fullName>Rep. Williams, Roger [R-TX-25]</fullName>
        <firstName>Roger</firstName>
        <middleName />
        <lastName>Williams</lastName>
        <party>R</party>
        <state>TX</state>
        <identifiers>
          <lisID>2165</lisID>
          <bioguideId>W000816</bioguideId>
          <gpoId />
        </identifiers>
        <district>25</district>
        <sponsorshipDate>2021-04-28</sponsorshipDate>
        <isOriginalCosponsor>False</isOriginalCosponsor>
        <sponsorshipWithdrawnDate />
      </item>
      <item>
        <bioguideId>B001248</bioguideId>
        <fullName>Rep. Burgess, Michael C. [R-TX-26]</fullName>
        <firstName>Michael</firstName>
        <middleName>C.</middleName>
        <lastName>Burgess</lastName>
        <party>R</party>
        <state>TX</state>
        <identifiers>
          <lisID>1751</lisID>
          <bioguideId>B001248</bioguideId>
          <gpoId>8182</gpoId>
        </identifiers>
        <district>26</district>
        <sponsorshipDate>2021-04-28</sponsorshipDate>
        <isOriginalCosponsor>False</isOriginalCosponsor>
        <sponsorshipWithdrawnDate />
      </item>
      <item>
        <bioguideId>H001086</bioguideId>
        <fullName>Rep. Harshbarger, Diana [R-TN-1]</fullName>
        <firstName>Diana</firstName>
        <middleName />
        <lastName>Harshbarger</lastName>
        <party>R</party>
        <state>TN</state>
        <identifiers>
          <lisID>2529</lisID>
          <bioguideId>H001086</bioguideId>
          <gpoId />
        </identifiers>
        <district>1</district>
        <sponsorshipDate>2021-04-30</sponsorshipDate>
        <isOriginalCosponsor>False</isOriginalCosponsor>
        <sponsorshipWithdrawnDate />
      </item>
      <item>
        <bioguideId>M001204</bioguideId>
        <fullName>Rep. Meuser, Daniel [R-PA-9]</fullName>
        <firstName>Daniel</firstName>
        <middleName />
        <lastName>Meuser</lastName>
        <party>R</party>
        <state>PA</state>
        <identifiers>
          <lisID>2434</lisID>
          <bioguideId>M001204</bioguideId>
          <gpoId />
        </identifiers>
        <district>9</district>
        <sponsorshipDate>2021-04-30</sponsorshipDate>
        <isOriginalCosponsor>False</isOriginalCosponsor>
        <sponsorshipWithdrawnDate />
      </item>
      <item>
        <bioguideId>J000302</bioguideId>
        <fullName>Rep. Joyce, John [R-PA-13]</fullName>
        <firstName>John</firstName>
        <middleName />
        <lastName>Joyce</lastName>
        <party>R</party>
        <state>PA</state>
        <identifiers>
          <lisID>2435</lisID>
          <bioguideId>J000302</bioguideId>
          <gpoId />
        </identifiers>
        <district>13</district>
        <sponsorshipDate>2021-05-04</sponsorshipDate>
        <isOriginalCosponsor>False</isOriginalCosponsor>
        <sponsorshipWithdrawnDate />
      </item>
      <item>
        <bioguideId>B001298</bioguideId>
        <fullName>Rep. Bacon, Don [R-NE-2]</fullName>
        <firstName>Don</firstName>
        <middleName />
        <lastName>Bacon</lastName>
        <party>R</party>
        <state>NE</state>
        <identifiers>
          <lisID>2337</lisID>
          <bioguideId>B001298</bioguideId>
          <gpoId />
        </identifiers>
        <district>2</district>
        <sponsorshipDate>2021-05-04</sponsorshipDate>
        <isOriginalCosponsor>False</isOriginalCosponsor>
        <sponsorshipWithdrawnDate />
      </item>
      <item>
        <bioguideId>D000628</bioguideId>
        <fullName>Rep. Dunn, Neal P. [R-FL-2]</fullName>
        <firstName>Neal</firstName>
        <middleName>P.</middleName>
        <lastName>Dunn</lastName>
        <party>R</party>
        <state>FL</state>
        <identifiers>
          <lisID>2315</lisID>
          <bioguideId>D000628</bioguideId>
          <gpoId />
        </identifiers>
        <district>2</district>
        <sponsorshipDate>2021-05-04</sponsorshipDate>
        <isOriginalCosponsor>False</isOriginalCosponsor>
        <sponsorshipWithdrawnDate />
      </item>
      <item>
        <bioguideId>C001120</bioguideId>
        <fullName>Rep. Crenshaw, Dan [R-TX-2]</fullName>
        <firstName>Dan</firstName>
        <middleName />
        <lastName>Crenshaw</lastName>
        <party>R</party>
        <state>TX</state>
        <identifiers>
          <lisID>2443</lisID>
          <bioguideId>C001120</bioguideId>
          <gpoId />
        </identifiers>
        <district>2</district>
        <sponsorshipDate>2021-05-04</sponsorshipDate>
        <isOriginalCosponsor>False</isOriginalCosponsor>
        <sponsorshipWithdrawnDate />
      </item>
      <item>
        <bioguideId>S001196</bioguideId>
        <fullName>Rep. Stefanik, Elise M. [R-NY-21]</fullName>
        <firstName>Elise</firstName>
        <middleName>M.</middleName>
        <lastName>Stefanik</lastName>
        <party>R</party>
        <state>NY</state>
        <identifiers>
          <lisID>2263</lisID>
          <bioguideId>S001196</bioguideId>
          <gpoId />
        </identifiers>
        <district>21</district>
        <sponsorshipDate>2021-05-04</sponsorshipDate>
        <isOriginalCosponsor>False</isOriginalCosponsor>
        <sponsorshipWithdrawnDate />
      </item>
      <item>
        <bioguideId>L000576</bioguideId>
        <fullName>Rep. Long, Billy [R-MO-7]</fullName>
        <firstName>Billy</firstName>
        <middleName />
        <lastName>Long</lastName>
        <party>R</party>
        <state>MO</state>
        <identifiers>
          <lisID>2033</lisID>
          <bioguideId>L000576</bioguideId>
          <gpoId>8015</gpoId>
        </identifiers>
        <district>7</district>
        <sponsorshipDate>2021-05-04</sponsorshipDate>
        <isOriginalCosponsor>False</isOriginalCosponsor>
        <sponsorshipWithdrawnDate />
      </item>
      <item>
        <bioguideId>A000375</bioguideId>
        <fullName>Rep. Arrington, Jodey C. [R-TX-19]</fullName>
        <firstName>Jodey</firstName>
        <middleName>C.</middleName>
        <lastName>Arrington</lastName>
        <party>R</party>
        <state>TX</state>
        <identifiers>
          <lisID>2350</lisID>
          <bioguideId>A000375</bioguideId>
          <gpoId />
        </identifiers>
        <district>19</district>
        <sponsorshipDate>2021-05-04</sponsorshipDate>
        <isOriginalCosponsor>False</isOriginalCosponsor>
        <sponsorshipWithdrawnDate />
      </item>
      <item>
        <bioguideId>W000795</bioguideId>
        <fullName>Rep. Wilson, Joe [R-SC-2]</fullName>
        <firstName>Joe</firstName>
        <middleName />
        <lastName>Wilson</lastName>
        <party>R</party>
        <state>SC</state>
        <identifiers>
          <lisID>1688</lisID>
          <bioguideId>W000795</bioguideId>
          <gpoId>8142</gpoId>
        </identifiers>
        <district>2</district>
        <sponsorshipDate>2021-05-04</sponsorshipDate>
        <isOriginalCosponsor>False</isOriginalCosponsor>
        <sponsorshipWithdrawnDate />
      </item>
      <item>
        <bioguideId>W000798</bioguideId>
        <fullName>Rep. Walberg, Tim [R-MI-7]</fullName>
        <firstName>Tim</firstName>
        <middleName />
        <lastName>Walberg</lastName>
        <party>R</party>
        <state>MI</state>
        <identifiers>
          <lisID>1855</lisID>
          <bioguideId>W000798</bioguideId>
          <gpoId>7992</gpoId>
        </identifiers>
        <district>7</district>
        <sponsorshipDate>2021-05-04</sponsorshipDate>
        <isOriginalCosponsor>False</isOriginalCosponsor>
        <sponsorshipWithdrawnDate />
      </item>
      <item>
        <bioguideId>S001214</bioguideId>
        <fullName>Rep. Steube, W. Gregory [R-FL-17]</fullName>
        <firstName>W.</firstName>
        <middleName>Gregory</middleName>
        <lastName>Steube</lastName>
        <party>R</party>
        <state>FL</state>
        <identifiers>
          <lisID>2389</lisID>
          <bioguideId>S001214</bioguideId>
          <gpoId />
        </identifiers>
        <district>17</district>
        <sponsorshipDate>2021-05-04</sponsorshipDate>
        <isOriginalCosponsor>False</isOriginalCosponsor>
        <sponsorshipWithdrawnDate />
      </item>
      <item>
        <bioguideId>B000740</bioguideId>
        <fullName>Rep. Bice, Stephanie I. [R-OK-5]</fullName>
        <firstName>Stephanie</firstName>
        <middleName>I.</middleName>
        <lastName>Bice</lastName>
        <party>R</party>
        <state>OK</state>
        <identifiers>
          <lisID>2526</lisID>
          <bioguideId>B000740</bioguideId>
          <gpoId />
        </identifiers>
        <district>5</district>
        <sponsorshipDate>2021-05-04</sponsorshipDate>
        <isOriginalCosponsor>False</isOriginalCosponsor>
        <sponsorshipWithdrawnDate />
      </item>
      <item>
        <bioguideId>S001212</bioguideId>
        <fullName>Rep. Stauber, Pete [R-MN-8]</fullName>
        <firstName>Pete</firstName>
        <middleName />
        <lastName>Stauber</lastName>
        <party>R</party>
        <state>MN</state>
        <identifiers>
          <lisID>2415</lisID>
          <bioguideId>S001212</bioguideId>
          <gpoId />
        </identifiers>
        <district>8</district>
        <sponsorshipDate>2021-05-07</sponsorshipDate>
        <isOriginalCosponsor>False</isOriginalCosponsor>
        <sponsorshipWithdrawnDate />
      </item>
      <item>
        <bioguideId>H001056</bioguideId>
        <fullName>Rep. Herrera Beutler, Jaime [R-WA-3]</fullName>
        <firstName>Jaime</firstName>
        <middleName />
        <lastName>Herrera Beutler</lastName>
        <party>R</party>
        <state>WA</state>
        <identifiers>
          <lisID>2071</lisID>
          <bioguideId>H001056</bioguideId>
          <gpoId>8207</gpoId>
        </identifiers>
        <district>3</district>
        <sponsorshipDate>2021-05-07</sponsorshipDate>
        <isOriginalCosponsor>False</isOriginalCosponsor>
        <sponsorshipWithdrawnDate />
      </item>
      <item>
        <bioguideId>H001091</bioguideId>
        <fullName>Rep. Hinson, Ashley [R-IA-1]</fullName>
        <firstName>Ashley</firstName>
        <middleName />
        <lastName>Hinson</lastName>
        <party>R</party>
        <state>IA</state>
        <identifiers>
          <lisID>2501</lisID>
          <bioguideId>H001091</bioguideId>
          <gpoId />
        </identifiers>
        <district>1</district>
        <sponsorshipDate>2021-05-07</sponsorshipDate>
        <isOriginalCosponsor>False</isOriginalCosponsor>
        <sponsorshipWithdrawnDate />
      </item>
      <item>
        <bioguideId>J000295</bioguideId>
        <fullName>Rep. Joyce, David P. [R-OH-14]</fullName>
        <firstName>David</firstName>
        <middleName>P.</middleName>
        <lastName>Joyce</lastName>
        <party>R</party>
        <state>OH</state>
        <identifiers>
          <lisID>2154</lisID>
          <bioguideId>J000295</bioguideId>
          <gpoId />
        </identifiers>
        <district>14</district>
        <sponsorshipDate>2021-05-07</sponsorshipDate>
        <isOriginalCosponsor>False</isOriginalCosponsor>
        <sponsorshipWithdrawnDate />
      </item>
      <item>
        <bioguideId>K000378</bioguideId>
        <fullName>Rep. Kinzinger, Adam [R-IL-16]</fullName>
        <firstName>Adam</firstName>
        <middleName />
        <lastName>Kinzinger</lastName>
        <party>R</party>
        <state>IL</state>
        <identifiers>
          <lisID>2014</lisID>
          <bioguideId>K000378</bioguideId>
          <gpoId>7931</gpoId>
        </identifiers>
        <district>16</district>
        <sponsorshipDate>2021-05-11</sponsorshipDate>
        <isOriginalCosponsor>False</isOriginalCosponsor>
        <sponsorshipWithdrawnDate />
      </item>
      <item>
        <bioguideId>S001176</bioguideId>
        <fullName>Rep. Scalise, Steve [R-LA-1]</fullName>
        <firstName>Steve</firstName>
        <middleName />
        <lastName>Scalise</lastName>
        <party>R</party>
        <state>LA</state>
        <identifiers>
          <lisID>1892</lisID>
          <bioguideId>S001176</bioguideId>
          <gpoId>7959</gpoId>
        </identifiers>
        <district>1</district>
        <sponsorshipDate>2021-05-11</sponsorshipDate>
        <isOriginalCosponsor>False</isOriginalCosponsor>
        <sponsorshipWithdrawnDate />
      </item>
      <item>
        <bioguideId>C001053</bioguideId>
        <fullName>Rep. Cole, Tom [R-OK-4]</fullName>
        <firstName>Tom</firstName>
        <middleName />
        <lastName>Cole</lastName>
        <party>R</party>
        <state>OK</state>
        <identifiers>
          <lisID>1742</lisID>
          <bioguideId>C001053</bioguideId>
          <gpoId>8112</gpoId>
        </identifiers>
        <district>4</district>
        <sponsorshipDate>2021-05-11</sponsorshipDate>
        <isOriginalCosponsor>False</isOriginalCosponsor>
        <sponsorshipWithdrawnDate />
      </item>
      <item>
        <bioguideId>B000668</bioguideId>
        <fullName>Rep. Bentz, Cliff [R-OR-2]</fullName>
        <firstName>Cliff</firstName>
        <middleName />
        <lastName>Bentz</lastName>
        <party>R</party>
        <state>OR</state>
        <identifiers>
          <lisID>2527</lisID>
          <bioguideId>B000668</bioguideId>
          <gpoId />
        </identifiers>
        <district>2</district>
        <sponsorshipDate>2021-05-12</sponsorshipDate>
        <isOriginalCosponsor>False</isOriginalCosponsor>
        <sponsorshipWithdrawnDate />
      </item>
      <item>
        <bioguideId>B001295</bioguideId>
        <fullName>Rep. Bost, Mike [R-IL-12]</fullName>
        <firstName>Mike</firstName>
        <middleName />
        <lastName>Bost</lastName>
        <party>R</party>
        <state>IL</state>
        <identifiers>
          <lisID>2243</lisID>
          <bioguideId>B001295</bioguideId>
          <gpoId />
        </identifiers>
        <district>12</district>
        <sponsorshipDate>2021-05-12</sponsorshipDate>
        <isOriginalCosponsor>False</isOriginalCosponsor>
        <sponsorshipWithdrawnDate />
      </item>
      <item>
        <bioguideId>C001108</bioguideId>
        <fullName>Rep. Comer, James [R-KY-1]</fullName>
        <firstName>James</firstName>
        <middleName />
        <lastName>Comer</lastName>
        <party>R</party>
        <state>KY</state>
        <identifiers>
          <lisID>2297</lisID>
          <bioguideId>C001108</bioguideId>
          <gpoId />
        </identifiers>
        <district>1</district>
        <sponsorshipDate>2021-05-17</sponsorshipDate>
        <isOriginalCosponsor>False</isOriginalCosponsor>
        <sponsorshipWithdrawnDate />
      </item>
      <item>
        <bioguideId>S001135</bioguideId>
        <fullName>Rep. Steel, Michelle [R-CA-48]</fullName>
        <firstName>Michelle</firstName>
        <middleName />
        <lastName>Steel</lastName>
        <party>R</party>
        <state>CA</state>
        <identifiers>
          <lisID>2488</lisID>
          <bioguideId>S001135</bioguideId>
          <gpoId />
        </identifiers>
        <district>48</district>
        <sponsorshipDate>2021-05-17</sponsorshipDate>
        <isOriginalCosponsor>False</isOriginalCosponsor>
        <sponsorshipWithdrawnDate />
      </item>
      <item>
        <bioguideId>K000395</bioguideId>
        <fullName>Rep. Keller, Fred [R-PA-12]</fullName>
        <firstName>Fred</firstName>
        <middleName />
        <lastName>Keller</lastName>
        <party>R</party>
        <state>PA</state>
        <identifiers>
          <lisID>2471</lisID>
          <bioguideId>K000395</bioguideId>
          <gpoId />
        </identifiers>
        <district>12</district>
        <sponsorshipDate>2021-05-19</sponsorshipDate>
        <isOriginalCosponsor>False</isOriginalCosponsor>
        <sponsorshipWithdrawnDate />
      </item>
      <item>
        <bioguideId>L000589</bioguideId>
        <fullName>Rep. Lesko, Debbie [R-AZ-8]</fullName>
        <firstName>Debbie</firstName>
        <middleName />
        <lastName>Lesko</lastName>
        <party>R</party>
        <state>AZ</state>
        <identifiers>
          <lisID>2368</lisID>
          <bioguideId>L000589</bioguideId>
          <gpoId />
        </identifiers>
        <district>8</district>
        <sponsorshipDate>2021-05-19</sponsorshipDate>
        <isOriginalCosponsor>False</isOriginalCosponsor>
        <sponsorshipWithdrawnDate />
      </item>
      <item>
        <bioguideId>B001306</bioguideId>
        <fullName>Rep. Balderson, Troy [R-OH-12]</fullName>
        <firstName>Troy</firstName>
        <middleName />
        <lastName>Balderson</lastName>
        <party>R</party>
        <state>OH</state>
        <identifiers>
          <lisID>2370</lisID>
          <bioguideId>B001306</bioguideId>
          <gpoId />
        </identifiers>
        <district>12</district>
        <sponsorshipDate>2021-05-19</sponsorshipDate>
        <isOriginalCosponsor>False</isOriginalCosponsor>
        <sponsorshipWithdrawnDate />
      </item>
      <item>
        <bioguideId>G000576</bioguideId>
        <fullName>Rep. Grothman, Glenn [R-WI-6]</fullName>
        <firstName>Glenn</firstName>
        <middleName />
        <lastName>Grothman</lastName>
        <party>R</party>
        <state>WI</state>
        <identifiers>
          <lisID>2276</lisID>
          <bioguideId>G000576</bioguideId>
          <gpoId />
        </identifiers>
        <district>6</district>
        <sponsorshipDate>2021-05-20</sponsorshipDate>
        <isOriginalCosponsor>False</isOriginalCosponsor>
        <sponsorshipWithdrawnDate />
      </item>
      <item>
        <bioguideId>H001072</bioguideId>
        <fullName>Rep. Hill, J. French [R-AR-2]</fullName>
        <firstName>J.</firstName>
        <middleName>French</middleName>
        <lastName>Hill</lastName>
        <party>R</party>
        <state>AR</state>
        <identifiers>
          <lisID>2223</lisID>
          <bioguideId>H001072</bioguideId>
          <gpoId />
        </identifiers>
        <district>2</district>
        <sponsorshipDate>2021-06-01</sponsorshipDate>
        <isOriginalCosponsor>False</isOriginalCosponsor>
        <sponsorshipWithdrawnDate />
      </item>
      <item>
        <bioguideId>R000609</bioguideId>
        <fullName>Rep. Rutherford, John H. [R-FL-4]</fullName>
        <firstName>John</firstName>
        <middleName>H.</middleName>
        <lastName>Rutherford</lastName>
        <party>R</party>
        <state>FL</state>
        <identifiers>
          <lisID>2316</lisID>
          <bioguideId>R000609</bioguideId>
          <gpoId />
        </identifiers>
        <district>4</district>
        <sponsorshipDate>2021-06-01</sponsorshipDate>
        <isOriginalCosponsor>False</isOriginalCosponsor>
        <sponsorshipWithdrawnDate />
      </item>
      <item>
        <bioguideId>H001053</bioguideId>
        <fullName>Rep. Hartzler, Vicky [R-MO-4]</fullName>
        <firstName>Vicky</firstName>
        <middleName />
        <lastName>Hartzler</lastName>
        <party>R</party>
        <state>MO</state>
        <identifiers>
          <lisID>2032</lisID>
          <bioguideId>H001053</bioguideId>
          <gpoId>8012</gpoId>
        </identifiers>
        <district>4</district>
        <sponsorshipDate>2021-06-01</sponsorshipDate>
        <isOriginalCosponsor>False</isOriginalCosponsor>
        <sponsorshipWithdrawnDate />
      </item>
      <item>
        <bioguideId>C001087</bioguideId>
        <fullName>Rep. Crawford, Eric A. "Rick" [R-AR-1]</fullName>
        <firstName>Eric</firstName>
        <middleName>A. "Rick"</middleName>
        <lastName>Crawford</lastName>
        <party>R</party>
        <state>AR</state>
        <identifiers>
          <lisID>1989</lisID>
          <bioguideId>C001087</bioguideId>
          <gpoId>7793</gpoId>
        </identifiers>
        <district>1</district>
        <sponsorshipDate>2021-06-08</sponsorshipDate>
        <isOriginalCosponsor>False</isOriginalCosponsor>
        <sponsorshipWithdrawnDate />
      </item>
      <item>
        <bioguideId>M000871</bioguideId>
        <fullName>Rep. Mann, Tracey [R-KS-1]</fullName>
        <firstName>Tracey</firstName>
        <middleName />
        <lastName>Mann</lastName>
        <party>R</party>
        <state>KS</state>
        <identifiers>
          <lisID>2508</lisID>
          <bioguideId>M000871</bioguideId>
          <gpoId />
        </identifiers>
        <district>1</district>
        <sponsorshipDate>2021-06-14</sponsorshipDate>
        <isOriginalCosponsor>False</isOriginalCosponsor>
        <sponsorshipWithdrawnDate />
      </item>
      <item>
        <bioguideId>M000317</bioguideId>
        <fullName>Rep. Malliotakis, Nicole [R-NY-11]</fullName>
        <firstName>Nicole</firstName>
        <middleName />
        <lastName>Malliotakis</lastName>
        <party>R</party>
        <state>NY</state>
        <identifiers>
          <lisID>2522</lisID>
          <bioguideId>M000317</bioguideId>
          <gpoId />
        </identifiers>
        <district>11</district>
        <sponsorshipDate>2021-06-14</sponsorshipDate>
        <isOriginalCosponsor>False</isOriginalCosponsor>
        <sponsorshipWithdrawnDate />
      </item>
      <item>
        <bioguideId>C001109</bioguideId>
        <fullName>Rep. Cheney, Liz [R-WY-At Large]</fullName>
        <firstName>Liz</firstName>
        <middleName />
        <lastName>Cheney</lastName>
        <party>R</party>
        <state>WY</state>
        <identifiers>
          <lisID>2356</lisID>
          <bioguideId>C001109</bioguideId>
          <gpoId />
        </identifiers>
        <district>0</district>
        <sponsorshipDate>2021-06-16</sponsorshipDate>
        <isOriginalCosponsor>False</isOriginalCosponsor>
        <sponsorshipWithdrawnDate />
      </item>
      <item>
        <bioguideId>G000594</bioguideId>
        <fullName>Rep. Gonzales, Tony [R-TX-23]</fullName>
        <firstName>Tony</firstName>
        <middleName />
        <lastName>Gonzales</lastName>
        <party>R</party>
        <state>TX</state>
        <identifiers>
          <lisID>2534</lisID>
          <bioguideId>G000594</bioguideId>
          <gpoId />
        </identifiers>
        <district>23</district>
        <sponsorshipDate>2021-06-22</sponsorshipDate>
        <isOriginalCosponsor>False</isOriginalCosponsor>
        <sponsorshipWithdrawnDate />
      </item>
      <item>
        <bioguideId>O000086</bioguideId>
        <fullName>Rep. Owens, Burgess [R-UT-4]</fullName>
        <firstName>Burgess</firstName>
        <middleName />
        <lastName>Owens</lastName>
        <party>R</party>
        <state>UT</state>
        <identifiers>
          <lisID>2537</lisID>
          <bioguideId>O000086</bioguideId>
          <gpoId />
        </identifiers>
        <district>4</district>
        <sponsorshipDate>2021-06-22</sponsorshipDate>
        <isOriginalCosponsor>False</isOriginalCosponsor>
        <sponsorshipWithdrawnDate />
      </item>
      <item>
        <bioguideId>F000472</bioguideId>
        <fullName>Rep. Franklin, C. Scott [R-FL-15]</fullName>
        <firstName>C.</firstName>
        <middleName>Scott</middleName>
        <lastName>Franklin</lastName>
        <party>R</party>
        <state>FL</state>
        <identifiers>
          <lisID>2492</lisID>
          <bioguideId>F000472</bioguideId>
          <gpoId />
        </identifiers>
        <district>15</district>
        <sponsorshipDate>2021-06-25</sponsorshipDate>
        <isOriginalCosponsor>False</isOriginalCosponsor>
        <sponsorshipWithdrawnDate />
      </item>
      <item>
        <bioguideId>S001192</bioguideId>
        <fullName>Rep. Stewart, Chris [R-UT-2]</fullName>
        <firstName>Chris</firstName>
        <middleName />
        <lastName>Stewart</lastName>
        <party>R</party>
        <state>UT</state>
        <identifiers>
          <lisID>2168</lisID>
          <bioguideId>S001192</bioguideId>
          <gpoId />
        </identifiers>
        <district>2</district>
        <sponsorshipDate>2021-06-29</sponsorshipDate>
        <isOriginalCosponsor>False</isOriginalCosponsor>
        <sponsorshipWithdrawnDate />
      </item>
      <item>
        <bioguideId>M001205</bioguideId>
        <fullName>Rep. Miller, Carol D. [R-WV-3]</fullName>
        <firstName>Carol</firstName>
        <middleName>D.</middleName>
        <lastName>Miller</lastName>
        <party>R</party>
        <state>WV</state>
        <identifiers>
          <lisID>2460</lisID>
          <bioguideId>M001205</bioguideId>
          <gpoId />
        </identifiers>
        <district>3</district>
        <sponsorshipDate>2021-06-30</sponsorshipDate>
        <isOriginalCosponsor>False</isOriginalCosponsor>
        <sponsorshipWithdrawnDate />
      </item>
      <item>
        <bioguideId>G000597</bioguideId>
        <fullName>Rep. Garbarino, Andrew R. [R-NY-2]</fullName>
        <firstName>Andrew</firstName>
        <middleName>R.</middleName>
        <lastName>Garbarino</lastName>
        <party>R</party>
        <state>NY</state>
        <identifiers>
          <lisID>2521</lisID>
          <bioguideId>G000597</bioguideId>
          <gpoId />
        </identifiers>
        <district>2</district>
        <sponsorshipDate>2021-07-01</sponsorshipDate>
        <isOriginalCosponsor>False</isOriginalCosponsor>
        <sponsorshipWithdrawnDate />
      </item>
      <item>
        <bioguideId>G000590</bioguideId>
        <fullName>Rep. Green, Mark E. [R-TN-7]</fullName>
        <firstName>Mark</firstName>
        <middleName>E.</middleName>
        <lastName>Green</lastName>
        <party>R</party>
        <state>TN</state>
        <identifiers>
          <lisID>2442</lisID>
          <bioguideId>G000590</bioguideId>
          <gpoId />
        </identifiers>
        <district>7</district>
        <sponsorshipDate>2021-07-13</sponsorshipDate>
        <isOriginalCosponsor>False</isOriginalCosponsor>
        <sponsorshipWithdrawnDate />
      </item>
      <item>
        <bioguideId>L000569</bioguideId>
        <fullName>Rep. Luetkemeyer, Blaine [R-MO-3]</fullName>
        <firstName>Blaine</firstName>
        <middleName />
        <lastName>Luetkemeyer</lastName>
        <party>R</party>
        <state>MO</state>
        <identifiers>
          <lisID>1931</lisID>
          <bioguideId>L000569</bioguideId>
          <gpoId>8017</gpoId>
        </identifiers>
        <district>3</district>
        <sponsorshipDate>2021-07-20</sponsorshipDate>
        <isOriginalCosponsor>False</isOriginalCosponsor>
        <sponsorshipWithdrawnDate />
      </item>
      <item>
        <bioguideId>W000821</bioguideId>
        <fullName>Rep. Westerman, Bruce [R-AR-4]</fullName>
        <firstName>Bruce</firstName>
        <middleName />
        <lastName>Westerman</lastName>
        <party>R</party>
        <state>AR</state>
        <identifiers>
          <lisID>2224</lisID>
          <bioguideId>W000821</bioguideId>
          <gpoId />
        </identifiers>
        <district>4</district>
        <sponsorshipDate>2021-07-27</sponsorshipDate>
        <isOriginalCosponsor>False</isOriginalCosponsor>
        <sponsorshipWithdrawnDate />
      </item>
      <item>
        <bioguideId>S001148</bioguideId>
        <fullName>Rep. Simpson, Michael K. [R-ID-2]</fullName>
        <firstName>MICHAEL</firstName>
        <middleName>K.</middleName>
        <lastName>SIMPSON</lastName>
        <party>R</party>
        <state>ID</state>
        <identifiers>
          <lisID>1590</lisID>
          <bioguideId>S001148</bioguideId>
          <gpoId>7920</gpoId>
        </identifiers>
        <district>2</district>
        <sponsorshipDate>2021-07-30</sponsorshipDate>
        <isOriginalCosponsor>False</isOriginalCosponsor>
        <sponsorshipWithdrawnDate />
      </item>
      <item>
        <bioguideId>B001307</bioguideId>
        <fullName>Rep. Baird, James R. [R-IN-4]</fullName>
        <firstName>James</firstName>
        <middleName>R.</middleName>
        <lastName>Baird</lastName>
        <party>R</party>
        <state>IN</state>
        <identifiers>
          <lisID>2400</lisID>
          <bioguideId>B001307</bioguideId>
          <gpoId />
        </identifiers>
        <district>4</district>
        <sponsorshipDate>2021-08-31</sponsorshipDate>
        <isOriginalCosponsor>False</isOriginalCosponsor>
        <sponsorshipWithdrawnDate />
      </item>
      <item>
        <bioguideId>K000392</bioguideId>
        <fullName>Rep. Kustoff, David [R-TN-8]</fullName>
        <firstName>David</firstName>
        <middleName />
        <lastName>Kustoff</lastName>
        <party>R</party>
        <state>TN</state>
        <identifiers>
          <lisID>2348</lisID>
          <bioguideId>K000392</bioguideId>
          <gpoId />
        </identifiers>
        <district>8</district>
        <sponsorshipDate>2021-09-03</sponsorshipDate>
        <isOriginalCosponsor>False</isOriginalCosponsor>
        <sponsorshipWithdrawnDate />
      </item>
      <item>
        <bioguideId>S001213</bioguideId>
        <fullName>Rep. Steil, Bryan [R-WI-1]</fullName>
        <firstName>Bryan</firstName>
        <middleName />
        <lastName>Steil</lastName>
        <party>R</party>
        <state>WI</state>
        <identifiers>
          <lisID>2459</lisID>
          <bioguideId>S001213</bioguideId>
          <gpoId />
        </identifiers>
        <district>1</district>
        <sponsorshipDate>2021-09-21</sponsorshipDate>
        <isOriginalCosponsor>False</isOriginalCosponsor>
        <sponsorshipWithdrawnDate />
      </item>
      <item>
        <bioguideId>F000469</bioguideId>
        <fullName>Rep. Fulcher, Russ [R-ID-1]</fullName>
        <firstName>Russ</firstName>
        <middleName />
        <lastName>Fulcher</lastName>
        <party>R</party>
        <state>ID</state>
        <identifiers>
          <lisID>2396</lisID>
          <bioguideId>F000469</bioguideId>
          <gpoId />
        </identifiers>
        <district>1</district>
        <sponsorshipDate>2021-09-22</sponsorshipDate>
        <isOriginalCosponsor>False</isOriginalCosponsor>
        <sponsorshipWithdrawnDate />
      </item>
      <item>
        <bioguideId>L000583</bioguideId>
        <fullName>Rep. Loudermilk, Barry [R-GA-11]</fullName>
        <firstName>Barry</firstName>
        <middleName />
        <lastName>Loudermilk</lastName>
        <party>R</party>
        <state>GA</state>
        <identifiers>
          <lisID>2238</lisID>
          <bioguideId>L000583</bioguideId>
          <gpoId />
        </identifiers>
        <district>11</district>
        <sponsorshipDate>2021-09-23</sponsorshipDate>
        <isOriginalCosponsor>False</isOriginalCosponsor>
        <sponsorshipWithdrawnDate />
      </item>
      <item>
        <bioguideId>S001189</bioguideId>
        <fullName>Rep. Scott, Austin [R-GA-8]</fullName>
        <firstName>Austin</firstName>
        <middleName />
        <lastName>Scott</lastName>
        <party>R</party>
        <state>GA</state>
        <identifiers>
          <lisID>2009</lisID>
          <bioguideId>S001189</bioguideId>
          <gpoId>7905</gpoId>
        </identifiers>
        <district>8</district>
        <sponsorshipDate>2021-09-28</sponsorshipDate>
        <isOriginalCosponsor>False</isOriginalCosponsor>
        <sponsorshipWithdrawnDate />
      </item>
      <item>
        <bioguideId>T000467</bioguideId>
        <fullName>Rep. Thompson, Glenn [R-PA-15]</fullName>
        <firstName>Glenn</firstName>
        <middleName />
        <lastName>Thompson</lastName>
        <party>R</party>
        <state>PA</state>
        <identifiers>
          <lisID>1952</lisID>
          <bioguideId>T000467</bioguideId>
          <gpoId>8123</gpoId>
        </identifiers>
        <district>15</district>
        <sponsorshipDate>2021-09-30</sponsorshipDate>
        <isOriginalCosponsor>False</isOriginalCosponsor>
        <sponsorshipWithdrawnDate />
      </item>
      <item>
        <bioguideId>W000809</bioguideId>
        <fullName>Rep. Womack, Steve [R-AR-3]</fullName>
        <firstName>Steve</firstName>
        <middleName />
        <lastName>Womack</lastName>
        <party>R</party>
        <state>AR</state>
        <identifiers>
          <lisID>1991</lisID>
          <bioguideId>W000809</bioguideId>
          <gpoId>7795</gpoId>
        </identifiers>
        <district>3</district>
        <sponsorshipDate>2021-10-05</sponsorshipDate>
        <isOriginalCosponsor>False</isOriginalCosponsor>
        <sponsorshipWithdrawnDate />
      </item>
      <item>
        <bioguideId>E000071</bioguideId>
        <fullName>Rep. Ellzey, Jake [R-TX-6]</fullName>
        <firstName>Jake</firstName>
        <middleName />
        <lastName>Ellzey</lastName>
        <party>R</party>
        <state>TX</state>
        <identifiers>
          <lisID>2551</lisID>
          <bioguideId>E000071</bioguideId>
          <gpoId />
        </identifiers>
        <district>6</district>
        <sponsorshipDate>2021-10-05</sponsorshipDate>
        <isOriginalCosponsor>False</isOriginalCosponsor>
        <sponsorshipWithdrawnDate />
      </item>
      <item>
        <bioguideId>K000397</bioguideId>
        <fullName>Rep. Kim, Young [R-CA-39]</fullName>
        <firstName>Young</firstName>
        <middleName />
        <lastName>Kim</lastName>
        <party>R</party>
        <state>CA</state>
        <identifiers>
          <lisID>2543</lisID>
          <bioguideId>K000397</bioguideId>
          <gpoId />
        </identifiers>
        <district>39</district>
        <sponsorshipDate>2021-10-08</sponsorshipDate>
        <isOriginalCosponsor>False</isOriginalCosponsor>
        <sponsorshipWithdrawnDate />
      </item>
      <item>
        <bioguideId>D000600</bioguideId>
        <fullName>Rep. Diaz-Balart, Mario [R-FL-25]</fullName>
        <firstName>Mario</firstName>
        <middleName />
        <lastName>Diaz-Balart</lastName>
        <party>R</party>
        <state>FL</state>
        <identifiers>
          <lisID>1717</lisID>
          <bioguideId>D000600</bioguideId>
          <gpoId>7893</gpoId>
        </identifiers>
        <district>25</district>
        <sponsorshipDate>2021-10-08</sponsorshipDate>
        <isOriginalCosponsor>False</isOriginalCosponsor>
        <sponsorshipWithdrawnDate />
      </item>
      <item>
        <bioguideId>L000266</bioguideId>
        <fullName>Rep. LaTurner, Jake [R-KS-2]</fullName>
        <firstName>Jake</firstName>
        <middleName />
        <lastName>LaTurner</lastName>
        <party>R</party>
        <state>KS</state>
        <identifiers>
          <lisID>2509</lisID>
          <bioguideId>L000266</bioguideId>
          <gpoId />
        </identifiers>
        <district>2</district>
        <sponsorshipDate>2021-10-26</sponsorshipDate>
        <isOriginalCosponsor>False</isOriginalCosponsor>
        <sponsorshipWithdrawnDate />
      </item>
      <item>
        <bioguideId>C000059</bioguideId>
        <fullName>Rep. Calvert, Ken [R-CA-42]</fullName>
        <firstName>KEN</firstName>
        <middleName />
        <lastName>CALVERT</lastName>
        <party>R</party>
        <state>CA</state>
        <identifiers>
          <lisID>165</lisID>
          <bioguideId>C000059</bioguideId>
          <gpoId>7849</gpoId>
        </identifiers>
        <district>42</district>
        <sponsorshipDate>2021-10-27</sponsorshipDate>
        <isOriginalCosponsor>False</isOriginalCosponsor>
        <sponsorshipWithdrawnDate />
      </item>
      <item>
        <bioguideId>O000019</bioguideId>
        <fullName>Rep. Obernolte, Jay [R-CA-8]</fullName>
        <firstName>Jay</firstName>
        <middleName />
        <lastName>Obernolte</lastName>
        <party>R</party>
        <state>CA</state>
        <identifiers>
          <lisID>2542</lisID>
          <bioguideId>O000019</bioguideId>
          <gpoId />
        </identifiers>
        <district>8</district>
        <sponsorshipDate>2021-11-02</sponsorshipDate>
        <isOriginalCosponsor>False</isOriginalCosponsor>
        <sponsorshipWithdrawnDate />
      </item>
      <item>
        <bioguideId>W000806</bioguideId>
        <fullName>Rep. Webster, Daniel [R-FL-11]</fullName>
        <firstName>Daniel</firstName>
        <middleName />
        <lastName>Webster</lastName>
        <party>R</party>
        <state>FL</state>
        <identifiers>
          <lisID>2002</lisID>
          <bioguideId>W000806</bioguideId>
          <gpoId>7880</gpoId>
        </identifiers>
        <district>11</district>
        <sponsorshipDate>2021-11-05</sponsorshipDate>
        <isOriginalCosponsor>False</isOriginalCosponsor>
        <sponsorshipWithdrawnDate />
      </item>
    </cosponsors>
    <cboCostEstimates />
    <laws />
    <notes />
    <policyArea>
      <name>Health</name>
    </policyArea>
    <subjects>
      <billSubjects>
        <legislativeSubjects>
          <item>
            <name>Accounting and auditing</name>
          </item>
          <item>
            <name>Administrative law and regulatory procedures</name>
          </item>
          <item>
            <name>Administrative remedies</name>
          </item>
          <item>
            <name>Appropriations</name>
          </item>
          <item>
            <name>Biological and life sciences</name>
          </item>
          <item>
            <name>Business records</name>
          </item>
          <item>
            <name>Chemistry</name>
          </item>
          <item>
            <name>Civil actions and liability</name>
          </item>
          <item>
            <name>Competition and antitrust</name>
          </item>
          <item>
            <name>Congressional oversight</name>
          </item>
          <item>
            <name>Consumer affairs</name>
          </item>
          <item>
            <name>Department of Health and Human Services</name>
          </item>
          <item>
            <name>Digestive and metabolic diseases</name>
          </item>
          <item>
            <name>Drug safety, medical device, and laboratory regulation</name>
          </item>
          <item>
            <name>Drug therapy</name>
          </item>
          <item>
            <name>Executive agency funding and structure</name>
          </item>
          <item>
            <name>Federal Trade Commission (FTC)</name>
          </item>
          <item>
            <name>Food and Drug Administration (FDA)</name>
          </item>
          <item>
            <name>Government information and archives</name>
          </item>
          <item>
            <name>Government studies and investigations</name>
          </item>
          <item>
            <name>Health care costs and insurance</name>
          </item>
          <item>
            <name>Health care coverage and access</name>
          </item>
          <item>
            <name>Health care quality</name>
          </item>
          <item>
            <name>Health facilities and institutions</name>
          </item>
          <item>
            <name>Health information and medical records</name>
          </item>
          <item>
            <name>Health personnel</name>
          </item>
          <item>
            <name>Health programs administration and funding</name>
          </item>
          <item>
            <name>Health promotion and preventive care</name>
          </item>
          <item>
            <name>Health technology, devices, supplies</name>
          </item>
          <item>
            <name>Home and outpatient care</name>
          </item>
          <item>
            <name>Hospital care</name>
          </item>
          <item>
            <name>Income tax exclusion</name>
          </item>
          <item>
            <name>Inflation and prices</name>
          </item>
          <item>
            <name>Intellectual property</name>
          </item>
          <item>
            <name>Judicial review and appeals</name>
          </item>
          <item>
            <name>Manufacturing</name>
          </item>
          <item>
            <name>Marketing and advertising</name>
          </item>
          <item>
            <name>Medicaid</name>
          </item>
          <item>
            <name>Medical education</name>
          </item>
          <item>
            <name>Medical research</name>
          </item>
          <item>
            <name>Medicare</name>
          </item>
          <item>
            <name>Office of the U.S. Trade Representative</name>
          </item>
          <item>
            <name>Prescription drugs</name>
          </item>
          <item>
            <name>Public contracts and procurement</name>
          </item>
          <item>
            <name>Research and development</name>
          </item>
          <item>
            <name>Retail and wholesale trades</name>
          </item>
          <item>
            <name>State and local government operations</name>
          </item>
          <item>
            <name>Trade agreements and negotiations</name>
          </item>
          <item>
            <name>User charges and fees</name>
          </item>
        </legislativeSubjects>
        <policyArea>
          <name>Health</name>
        </policyArea>
      </billSubjects>
    </subjects>
    <summaries>
      <billSummaries>
        <item>
          <versionCode>00</versionCode>
          <actionDate>2021-04-21</actionDate>
          <actionDesc>Introduced in House</actionDesc>
          <lastSummaryUpdateDate>2021-09-23T14:13:09Z</lastSummaryUpdateDate>
          <text><![CDATA[<p><b>Lower Costs, More Cures Act of 2021</b></p> <p>This bill establishes and modifies several programs and requirements to address prescription drug prices. </p> <p>The bill modifies provisions under Medicare and Medicaid relating to prescription drug coverage and price transparency. Among other changes, the bill</p> <ul> <li>requires the Centers for Medicare &amp; Medicaid Services to publish certain information, as reported by pharmacy benefit managers (PBMs), relating to generic dispensing rates, drug discounts and rebates, and payments between PBMs, health plans, and pharmacies;</li> <li> reduces the annual out-of-pocket spending threshold, and eliminates beneficiary cost-sharing above this threshold, under the Medicare prescription drug benefit;</li> <li>allows prescription drug plan sponsors under the Medicare prescription drug benefit to offer additional plans in a region; </li> <li> requires pass-through pricing models, and prohibits spread-pricing, for payment arrangements with PBMs under Medicaid; and </li> <li>allows states to include in the Medicaid Drug Rebate Program covered outpatient drugs that are provided as part of physician or outpatient hospital services.</li> </ul> <p>The bill also generally modifies other provisions relating to the regulation and costs of generic and brand-name drugs. Among other changes, the bill</p> <ul> <li>prohibits the manufacturer of a brand-name, generic, or biosimilar drug from entering into certain agreements to resolve or settle a patent infringement claim in connection with the sale of a drug or biological product;</li> <li>permanently allows high deductible health plans to waive deductibles for insulin and associated products; and</li> <li>establishes the position of Chief Pharmaceutical Negotiator in the Office of the U.S. Trade Representative.</li> </ul>]]></text>
          <updateDate>2021-04-21T04:00:00Z</updateDate>
          <name>Introduced in House</name>
        </item>
      </billSummaries>
    </summaries>
    <title>Lower Costs, More Cures Act of 2021</title>
    <titles>
      <item>
        <titleType>Short Title(s) as Introduced</titleType>
        <parentTitleType>Short Title</parentTitleType>
        <title>Lower Costs, More Cures Act of 2021</title>
        <chamberCode />
        <chamberName />
      </item>
      <item>
        <titleType>Display Title</titleType>
        <parentTitleType />
        <title>Lower Costs, More Cures Act of 2021</title>
        <chamberCode />
        <chamberName />
      </item>
      <item>
        <titleType>Official Title as Introduced</titleType>
        <parentTitleType />
        <title>To provide for certain reforms with respect to the Medicare program under title XVIII of the Social Security Act, the Medicaid program under title XIX of such Act, the Food and Drug Administration, and for other purposes.</title>
        <chamberCode />
        <chamberName />
      </item>
    </titles>
    <amendments />
    <textVersions>
      <item>
        <type>Introduced in House</type>
        <date>2021-04-21T04:00:00Z</date>
        <formats>
          <item>
            <url>https://www.govinfo.gov/content/pkg/BILLS-117hr19ih/xml/BILLS-117hr19ih.xml</url>
          </item>
        </formats>
      </item>
    </textVersions>
    <latestAction>
      <actionDate>2021-10-19</actionDate>
      <text>Referred to the Subcommittee on Antitrust, Commercial, and Administrative Law.</text>
      <links />
    </latestAction>
    <calendarNumbers />
    <version>1.0.0</version>
  </bill>
  <dublinCore xmlns:dc="http://purl.org/dc/elements/1.1/">
    <dc:format>text/xml</dc:format>
    <dc:language>EN</dc:language>
    <dc:rights>Pursuant to Title 17 Section 105 of the United States Code, this file is not subject to copyright protection and is in the public domain.</dc:rights>
    <dc:contributor>Congressional Research Service, Library of Congress</dc:contributor>
    <dc:description>This file contains bill summaries and statuses for federal legislation. A bill summary describes the most significant provisions of a piece of legislation and details the effects the legislative text may have on current law and federal programs. Bill summaries are authored by the Congressional Research Service (CRS) of the Library of Congress. As stated in Public Law 91-510 (2 USC 166 (d)(6)), one of the duties of CRS is "to prepare summaries and digests of bills and resolutions of a public general nature introduced in the Senate or House of Representatives". For more information, refer to the User Guide that accompanies this file.</dc:description>
  </dublinCore>
</billStatus>

