<?xml version="1.0" encoding="UTF-8"?>
<billStatus>
  <bill>
    <billNumber>145</billNumber>
    <createDate>2021-01-05T08:12:11Z</createDate>
    <updateDate>2021-07-17T07:15:34Z</updateDate>
    <originChamber>House</originChamber>
    <billType>HR</billType>
    <introducedDate>2021-01-04</introducedDate>
    <congress>117</congress>
    <constitutionalAuthorityStatementText><![CDATA[<pre>[Congressional Record Volume 167, Number 2 (Monday, January 4, 2021)][House][Pages H54-H55]From the Congressional Record Online through the Government Publishing Office [<a href="https://www.gpo.gov">www.gpo.gov</a>]By Mr. JOYCE of Ohio:H.R. 145.Congress has the power to enact this legislation pursuantto the following:Article I, Section 8, Clause 18 and Article 1, Section 8,Clause 3[[Page H55]]</pre>]]></constitutionalAuthorityStatementText>
    <recordedVotes />
    <committees>
      <billCommittees>
        <item>
          <systemCode>hsif00</systemCode>
          <name>Energy and Commerce Committee</name>
          <chamber>House</chamber>
          <type>Standing</type>
          <subcommittees>
            <item>
              <systemCode>hsif14</systemCode>
              <name>Health Subcommittee</name>
              <activities>
                <item>
                  <name>Referred to</name>
                  <date>2021-02-03T00:34:55Z</date>
                </item>
              </activities>
            </item>
          </subcommittees>
          <activities>
            <item>
              <name>Referred to</name>
              <date>2021-01-04T15:22:35Z</date>
            </item>
          </activities>
        </item>
      </billCommittees>
    </committees>
    <committeeReports />
    <relatedBills>
      <item>
        <latestTitle>Continuing Coverage for Preexisting Conditions Act of 2021</latestTitle>
        <congress>117</congress>
        <number>756</number>
        <type>S</type>
        <latestAction>
          <actionDate>2021-03-16</actionDate>
          <text>Read twice and referred to the Committee on Health, Education, Labor, and Pensions.</text>
        </latestAction>
        <relationshipDetails>
          <item>
            <type>Related bill</type>
            <identifiedBy>CRS</identifiedBy>
          </item>
        </relationshipDetails>
      </item>
    </relatedBills>
    <actions>
      <item>
        <actionDate>2021-02-02</actionDate>
        <committees>
          <item>
            <systemCode>hsif14</systemCode>
            <name>Health Subcommittee</name>
          </item>
        </committees>
        <links />
        <sourceSystem>
          <code>1</code>
          <name>House committee actions</name>
        </sourceSystem>
        <text>Referred to the Subcommittee on Health.</text>
        <type>Committee</type>
      </item>
      <item>
        <actionDate>2021-01-04</actionDate>
        <links />
        <text>Referred to the House Committee on Energy and Commerce.</text>
        <type>IntroReferral</type>
        <actionCode>H11100</actionCode>
        <sourceSystem>
          <code>2</code>
          <name>House floor actions</name>
        </sourceSystem>
        <committees>
          <item>
            <systemCode>hsif00</systemCode>
            <name>Energy and Commerce Committee</name>
          </item>
        </committees>
      </item>
      <item>
        <actionDate>2021-01-04</actionDate>
        <links />
        <text>Introduced in House</text>
        <type>IntroReferral</type>
        <actionCode>Intro-H</actionCode>
        <sourceSystem>
          <code>9</code>
          <name>Library of Congress</name>
        </sourceSystem>
        <committees />
      </item>
      <item>
        <actionDate>2021-01-04</actionDate>
        <links />
        <text>Introduced in House</text>
        <type>IntroReferral</type>
        <actionCode>1000</actionCode>
        <sourceSystem>
          <code>9</code>
          <name>Library of Congress</name>
        </sourceSystem>
        <committees />
      </item>
      <actionTypeCounts>
        <placeholderTextForH>1</placeholderTextForH>
        <billReferrals>1</billReferrals>
        <introducedInTheHouse>1</introducedInTheHouse>
        <introducedInHouse>1</introducedInHouse>
      </actionTypeCounts>
      <actionByCounts>
        <houseOfRepresentatives>4</houseOfRepresentatives>
      </actionByCounts>
    </actions>
    <sponsors>
      <item>
        <bioguideId>J000295</bioguideId>
        <fullName>Rep. Joyce, David P. [R-OH-14]</fullName>
        <firstName>David</firstName>
        <middleName>P.</middleName>
        <lastName>Joyce</lastName>
        <party>R</party>
        <state>OH</state>
        <identifiers>
          <lisID>2154</lisID>
          <bioguideId>J000295</bioguideId>
          <gpoId />
        </identifiers>
        <district>14</district>
        <byRequestType />
      </item>
    </sponsors>
    <cosponsors>
      <item>
        <bioguideId>G000588</bioguideId>
        <fullName>Rep. Gonzalez, Anthony [R-OH-16]</fullName>
        <firstName>Anthony</firstName>
        <middleName />
        <lastName>Gonzalez</lastName>
        <party>R</party>
        <state>OH</state>
        <identifiers>
          <lisID>2430</lisID>
          <bioguideId>G000588</bioguideId>
          <gpoId />
        </identifiers>
        <district>16</district>
        <sponsorshipDate>2021-01-04</sponsorshipDate>
        <isOriginalCosponsor>True</isOriginalCosponsor>
        <sponsorshipWithdrawnDate />
      </item>
      <item>
        <bioguideId>T000463</bioguideId>
        <fullName>Rep. Turner, Michael R. [R-OH-10]</fullName>
        <firstName>Michael</firstName>
        <middleName>R.</middleName>
        <lastName>Turner</lastName>
        <party>R</party>
        <state>OH</state>
        <identifiers>
          <lisID>1741</lisID>
          <bioguideId>T000463</bioguideId>
          <gpoId>8093</gpoId>
        </identifiers>
        <district>10</district>
        <sponsorshipDate>2021-03-29</sponsorshipDate>
        <isOriginalCosponsor>False</isOriginalCosponsor>
        <sponsorshipWithdrawnDate />
      </item>
      <item>
        <bioguideId>S001213</bioguideId>
        <fullName>Rep. Steil, Bryan [R-WI-1]</fullName>
        <firstName>Bryan</firstName>
        <middleName />
        <lastName>Steil</lastName>
        <party>R</party>
        <state>WI</state>
        <identifiers>
          <lisID>2459</lisID>
          <bioguideId>S001213</bioguideId>
          <gpoId />
        </identifiers>
        <district>1</district>
        <sponsorshipDate>2021-07-16</sponsorshipDate>
        <isOriginalCosponsor>False</isOriginalCosponsor>
        <sponsorshipWithdrawnDate />
      </item>
    </cosponsors>
    <cboCostEstimates />
    <laws />
    <notes />
    <policyArea>
      <name>Health</name>
    </policyArea>
    <subjects>
      <billSubjects>
        <legislativeSubjects>
          <item>
            <name>Health care costs and insurance</name>
          </item>
          <item>
            <name>Health care coverage and access</name>
          </item>
          <item>
            <name>Insurance industry and regulation</name>
          </item>
        </legislativeSubjects>
        <policyArea>
          <name>Health</name>
        </policyArea>
      </billSubjects>
    </subjects>
    <summaries>
      <billSummaries>
        <item>
          <versionCode>00</versionCode>
          <actionDate>2021-01-04</actionDate>
          <actionDesc>Introduced in House</actionDesc>
          <lastSummaryUpdateDate>2021-02-06T17:57:30Z</lastSummaryUpdateDate>
          <text><![CDATA[<p><b>Continuing Coverage for Preexisting Conditions Act of 2021</b></p> <p>This bill establishes severability between provisions relating to the requirement to maintain minimum essential health care coverage (i.e., the individual mandate) and other provisions of the Patient Protection and Affordable Care Act. Specifically, the bill provides that if the individual mandate is found to be illegal or incapable of being enforced, such findings do not affect the validity of other provisions relating to (1) the availability and renewability of coverage, or (2) the prohibitions against discriminatory coverage practices based on preexisting conditions or health status.</p>]]></text>
          <updateDate>2021-01-04T05:00:00Z</updateDate>
          <name>Introduced in House</name>
        </item>
      </billSummaries>
    </summaries>
    <title>Continuing Coverage for Preexisting Conditions Act of 2021</title>
    <titles>
      <item>
        <titleType>Short Title(s) as Introduced</titleType>
        <parentTitleType>Short Title</parentTitleType>
        <title>Continuing Coverage for Preexisting Conditions Act of 2021</title>
        <chamberCode />
        <chamberName />
      </item>
      <item>
        <titleType>Display Title</titleType>
        <parentTitleType />
        <title>Continuing Coverage for Preexisting Conditions Act of 2021</title>
        <chamberCode />
        <chamberName />
      </item>
      <item>
        <titleType>Official Title as Introduced</titleType>
        <parentTitleType />
        <title>To amend the Patient Protection and Affordable Care Act to ensure that preexisting condition exclusions with respect to enrollment in health insurance coverage and group health plans continue to be prohibited.</title>
        <chamberCode />
        <chamberName />
      </item>
    </titles>
    <amendments />
    <textVersions>
      <item>
        <type>Introduced in House</type>
        <date>2021-01-04T05:00:00Z</date>
        <formats>
          <item>
            <url>https://www.govinfo.gov/content/pkg/BILLS-117hr145ih/xml/BILLS-117hr145ih.xml</url>
          </item>
        </formats>
      </item>
    </textVersions>
    <latestAction>
      <actionDate>2021-02-02</actionDate>
      <text>Referred to the Subcommittee on Health.</text>
      <links />
    </latestAction>
    <calendarNumbers />
    <version>1.0.0</version>
  </bill>
  <dublinCore xmlns:dc="http://purl.org/dc/elements/1.1/">
    <dc:format>text/xml</dc:format>
    <dc:language>EN</dc:language>
    <dc:rights>Pursuant to Title 17 Section 105 of the United States Code, this file is not subject to copyright protection and is in the public domain.</dc:rights>
    <dc:contributor>Congressional Research Service, Library of Congress</dc:contributor>
    <dc:description>This file contains bill summaries and statuses for federal legislation. A bill summary describes the most significant provisions of a piece of legislation and details the effects the legislative text may have on current law and federal programs. Bill summaries are authored by the Congressional Research Service (CRS) of the Library of Congress. As stated in Public Law 91-510 (2 USC 166 (d)(6)), one of the duties of CRS is "to prepare summaries and digests of bills and resolutions of a public general nature introduced in the Senate or House of Representatives". For more information, refer to the User Guide that accompanies this file.</dc:description>
  </dublinCore>
</billStatus>

