<?xml version="1.0" encoding="UTF-8"?>
<billStatus>
  <bill>
    <billNumber>337</billNumber>
    <createDate>2021-01-16T08:12:10Z</createDate>
    <updateDate>2021-06-11T22:27:04Z</updateDate>
    <originChamber>House</originChamber>
    <billType>HR</billType>
    <introducedDate>2021-01-15</introducedDate>
    <congress>117</congress>
    <constitutionalAuthorityStatementText><![CDATA[<pre>[Congressional Record Volume 167, Number 9 (Friday, January 15, 2021)][House]From the Congressional Record Online through the Government Publishing Office [<a href="https://www.gpo.gov">www.gpo.gov</a>]By Ms. SPANBERGER:H.R. 337.Congress has the power to enact this legislation pursuantto the following:U.S. Constitution, Article 1, Section 8[Page H199]</pre>]]></constitutionalAuthorityStatementText>
    <recordedVotes />
    <committees>
      <billCommittees>
        <item>
          <systemCode>hsju00</systemCode>
          <name>Judiciary Committee</name>
          <chamber>House</chamber>
          <type>Standing</type>
          <subcommittees>
            <item>
              <systemCode>hsju10</systemCode>
              <name>Constitution, Civil Rights, and Civil Liberties Subcommittee</name>
              <activities>
                <item>
                  <name>Referred to</name>
                  <date>2021-03-05T18:16:29Z</date>
                </item>
              </activities>
            </item>
          </subcommittees>
          <activities>
            <item>
              <name>Referred to</name>
              <date>2021-01-15T16:00:05Z</date>
            </item>
          </activities>
        </item>
      </billCommittees>
    </committees>
    <committeeReports />
    <relatedBills>
      <item>
        <latestTitle>For the People Act of 2021</latestTitle>
        <congress>117</congress>
        <number>1</number>
        <type>HR</type>
        <latestAction>
          <actionDate>2021-03-11</actionDate>
          <text>Received in the Senate.</text>
        </latestAction>
        <relationshipDetails>
          <item>
            <type>Related bill</type>
            <identifiedBy>CRS</identifiedBy>
          </item>
        </relationshipDetails>
      </item>
    </relatedBills>
    <actions>
      <item>
        <actionDate>2021-03-05</actionDate>
        <committees>
          <item>
            <systemCode>hsju10</systemCode>
            <name>Constitution, Civil Rights, and Civil Liberties Subcommittee</name>
          </item>
        </committees>
        <links />
        <sourceSystem>
          <code>1</code>
          <name>House committee actions</name>
        </sourceSystem>
        <text>Referred to the Subcommittee on the Constitution, Civil Rights, and Civil Liberties.</text>
        <type>Committee</type>
      </item>
      <item>
        <actionDate>2021-01-15</actionDate>
        <links />
        <text>Referred to the House Committee on the Judiciary.</text>
        <type>IntroReferral</type>
        <actionCode>H11100</actionCode>
        <sourceSystem>
          <code>2</code>
          <name>House floor actions</name>
        </sourceSystem>
        <committees>
          <item>
            <systemCode>hsju00</systemCode>
            <name>Judiciary Committee</name>
          </item>
        </committees>
      </item>
      <item>
        <actionDate>2021-01-15</actionDate>
        <links />
        <text>Introduced in House</text>
        <type>IntroReferral</type>
        <actionCode>Intro-H</actionCode>
        <sourceSystem>
          <code>9</code>
          <name>Library of Congress</name>
        </sourceSystem>
        <committees />
      </item>
      <item>
        <actionDate>2021-01-15</actionDate>
        <links />
        <text>Introduced in House</text>
        <type>IntroReferral</type>
        <actionCode>1000</actionCode>
        <sourceSystem>
          <code>9</code>
          <name>Library of Congress</name>
        </sourceSystem>
        <committees />
      </item>
      <actionTypeCounts>
        <placeholderTextForH>1</placeholderTextForH>
        <billReferrals>1</billReferrals>
        <introducedInTheHouse>1</introducedInTheHouse>
        <introducedInHouse>1</introducedInHouse>
      </actionTypeCounts>
      <actionByCounts>
        <houseOfRepresentatives>4</houseOfRepresentatives>
      </actionByCounts>
    </actions>
    <sponsors>
      <item>
        <bioguideId>S001209</bioguideId>
        <fullName>Rep. Spanberger, Abigail Davis [D-VA-7]</fullName>
        <firstName>Abigail</firstName>
        <middleName>Davis</middleName>
        <lastName>Spanberger</lastName>
        <party>D</party>
        <state>VA</state>
        <identifiers>
          <lisID>2456</lisID>
          <bioguideId>S001209</bioguideId>
          <gpoId />
        </identifiers>
        <district>7</district>
        <byRequestType />
      </item>
    </sponsors>
    <cosponsors>
      <item>
        <bioguideId>K000386</bioguideId>
        <fullName>Rep. Katko, John [R-NY-24]</fullName>
        <firstName>John</firstName>
        <middleName />
        <lastName>Katko</lastName>
        <party>R</party>
        <state>NY</state>
        <identifiers>
          <lisID>2264</lisID>
          <bioguideId>K000386</bioguideId>
          <gpoId />
        </identifiers>
        <district>24</district>
        <sponsorshipDate>2021-01-15</sponsorshipDate>
        <isOriginalCosponsor>True</isOriginalCosponsor>
        <sponsorshipWithdrawnDate />
      </item>
      <item>
        <bioguideId>C001055</bioguideId>
        <fullName>Rep. Case, Ed [D-HI-1]</fullName>
        <firstName>Ed</firstName>
        <middleName />
        <lastName>Case</lastName>
        <party>D</party>
        <state>HI</state>
        <identifiers>
          <lisID>1693</lisID>
          <bioguideId>C001055</bioguideId>
          <gpoId />
        </identifiers>
        <district>1</district>
        <sponsorshipDate>2021-02-05</sponsorshipDate>
        <isOriginalCosponsor>False</isOriginalCosponsor>
        <sponsorshipWithdrawnDate />
      </item>
      <item>
        <bioguideId>M001196</bioguideId>
        <fullName>Rep. Moulton, Seth [D-MA-6]</fullName>
        <firstName>Seth</firstName>
        <middleName />
        <lastName>Moulton</lastName>
        <party>D</party>
        <state>MA</state>
        <identifiers>
          <lisID>2246</lisID>
          <bioguideId>M001196</bioguideId>
          <gpoId />
        </identifiers>
        <district>6</district>
        <sponsorshipDate>2021-02-05</sponsorshipDate>
        <isOriginalCosponsor>False</isOriginalCosponsor>
        <sponsorshipWithdrawnDate />
      </item>
      <item>
        <bioguideId>P000616</bioguideId>
        <fullName>Rep. Phillips, Dean [D-MN-3]</fullName>
        <firstName>Dean</firstName>
        <middleName />
        <lastName>Phillips</lastName>
        <party>D</party>
        <state>MN</state>
        <identifiers>
          <lisID>2413</lisID>
          <bioguideId>P000616</bioguideId>
          <gpoId />
        </identifiers>
        <district>3</district>
        <sponsorshipDate>2021-02-18</sponsorshipDate>
        <isOriginalCosponsor>False</isOriginalCosponsor>
        <sponsorshipWithdrawnDate />
      </item>
      <item>
        <bioguideId>H001091</bioguideId>
        <fullName>Rep. Hinson, Ashley [R-IA-1]</fullName>
        <firstName>Ashley</firstName>
        <middleName />
        <lastName>Hinson</lastName>
        <party>R</party>
        <state>IA</state>
        <identifiers>
          <lisID>2501</lisID>
          <bioguideId>H001091</bioguideId>
          <gpoId />
        </identifiers>
        <district>1</district>
        <sponsorshipDate>2021-03-08</sponsorshipDate>
        <isOriginalCosponsor>False</isOriginalCosponsor>
        <sponsorshipWithdrawnDate />
      </item>
      <item>
        <bioguideId>F000466</bioguideId>
        <fullName>Rep. Fitzpatrick, Brian K. [R-PA-1]</fullName>
        <firstName>Brian</firstName>
        <middleName>K.</middleName>
        <lastName>Fitzpatrick</lastName>
        <party>R</party>
        <state>PA</state>
        <identifiers>
          <lisID>2345</lisID>
          <bioguideId>F000466</bioguideId>
          <gpoId />
        </identifiers>
        <district>1</district>
        <sponsorshipDate>2021-03-08</sponsorshipDate>
        <isOriginalCosponsor>False</isOriginalCosponsor>
        <sponsorshipWithdrawnDate />
      </item>
      <item>
        <bioguideId>S001207</bioguideId>
        <fullName>Rep. Sherrill, Mikie [D-NJ-11]</fullName>
        <firstName>Mikie</firstName>
        <middleName />
        <lastName>Sherrill</lastName>
        <party>D</party>
        <state>NJ</state>
        <identifiers>
          <lisID>2422</lisID>
          <bioguideId>S001207</bioguideId>
          <gpoId />
        </identifiers>
        <district>11</district>
        <sponsorshipDate>2021-03-08</sponsorshipDate>
        <isOriginalCosponsor>False</isOriginalCosponsor>
        <sponsorshipWithdrawnDate />
      </item>
    </cosponsors>
    <cboCostEstimates />
    <laws />
    <notes />
    <policyArea>
      <name>International Affairs</name>
    </policyArea>
    <subjects>
      <billSubjects>
        <legislativeSubjects>
          <item>
            <name>Congressional oversight</name>
          </item>
          <item>
            <name>Digital media</name>
          </item>
          <item>
            <name>Government studies and investigations</name>
          </item>
          <item>
            <name>Internet and video services</name>
          </item>
          <item>
            <name>Political advertising</name>
          </item>
          <item>
            <name>Public participation and lobbying</name>
          </item>
        </legislativeSubjects>
        <policyArea>
          <name>International Affairs</name>
        </policyArea>
      </billSubjects>
    </subjects>
    <summaries>
      <billSummaries>
        <item>
          <versionCode>00</versionCode>
          <actionDate>2021-01-15</actionDate>
          <actionDesc>Introduced in House</actionDesc>
          <lastSummaryUpdateDate>2021-02-25T16:16:52Z</lastSummaryUpdateDate>
          <text><![CDATA[<p><b>Foreign Agent Disclaimer Enhancement Act of 2021 or the FADE Act of 2021</b></p> <p>This bill revises the disclaimer requirements for informational materials transmitted by agents of foreign principals.</p> <p>Specifically, the bill requires that, when such an agent posts information in support of a foreign principal on an online platform, the agent must ensure that the information includes the required disclaimer (i.e., a statement that the information is being transmitted by such an agent).</p> <p>Further, the bill specifies that the disclaimer requirement applies to an agent whether the agent is within or outside the United States.</p> <p>Upon notification by the Department of Justice (DOJ), an online platform must remove any materials that do not meet disclaimer requirements and must use reasonable efforts to inform recipients of the materials that they were disseminated by an agent on behalf of a foreign principal.</p> <p>DOJ must analyze and report on the legal, policy, and procedural challenges to effective enforcement of foreign agent registration requirements.</p>]]></text>
          <updateDate>2021-01-15T05:00:00Z</updateDate>
          <name>Introduced in House</name>
        </item>
      </billSummaries>
    </summaries>
    <title>Foreign Agent Disclaimer Enhancement Act of 2021</title>
    <titles>
      <item>
        <titleType>Display Title</titleType>
        <parentTitleType />
        <title>Foreign Agent Disclaimer Enhancement Act of 2021</title>
        <chamberCode />
        <chamberName />
      </item>
      <item>
        <titleType>Short Title(s) as Introduced</titleType>
        <parentTitleType>Short Title</parentTitleType>
        <title>Foreign Agent Disclaimer Enhancement Act of 2021</title>
        <chamberCode />
        <chamberName />
      </item>
      <item>
        <titleType>Short Title(s) as Introduced</titleType>
        <parentTitleType>Short Title</parentTitleType>
        <title>FADE Act of 2021</title>
        <chamberCode />
        <chamberName />
      </item>
      <item>
        <titleType>Official Title as Introduced</titleType>
        <parentTitleType />
        <title>To amend the Foreign Agents Registration Act of 1938 to clarify the application to informational materials posted on online platforms by agents of foreign principals of the disclaimer requirements applicable under such Act to informational materials transmitted by agents of foreign principals through the United States mails, and for other purposes.</title>
        <chamberCode />
        <chamberName />
      </item>
    </titles>
    <amendments />
    <textVersions>
      <item>
        <type>Introduced in House</type>
        <date>2021-01-15T05:00:00Z</date>
        <formats>
          <item>
            <url>https://www.govinfo.gov/content/pkg/BILLS-117hr337ih/xml/BILLS-117hr337ih.xml</url>
          </item>
        </formats>
      </item>
    </textVersions>
    <latestAction>
      <actionDate>2021-03-05</actionDate>
      <text>Referred to the Subcommittee on the Constitution, Civil Rights, and Civil Liberties.</text>
      <links />
    </latestAction>
    <calendarNumbers />
    <version>1.0.0</version>
  </bill>
  <dublinCore xmlns:dc="http://purl.org/dc/elements/1.1/">
    <dc:format>text/xml</dc:format>
    <dc:language>EN</dc:language>
    <dc:rights>Pursuant to Title 17 Section 105 of the United States Code, this file is not subject to copyright protection and is in the public domain.</dc:rights>
    <dc:contributor>Congressional Research Service, Library of Congress</dc:contributor>
    <dc:description>This file contains bill summaries and statuses for federal legislation. A bill summary describes the most significant provisions of a piece of legislation and details the effects the legislative text may have on current law and federal programs. Bill summaries are authored by the Congressional Research Service (CRS) of the Library of Congress. As stated in Public Law 91-510 (2 USC 166 (d)(6)), one of the duties of CRS is "to prepare summaries and digests of bills and resolutions of a public general nature introduced in the Senate or House of Representatives". For more information, refer to the User Guide that accompanies this file.</dc:description>
  </dublinCore>
</billStatus>

