<?xml version="1.0" encoding="UTF-8"?>
<billStatus>
  <bill>
    <billNumber>363</billNumber>
    <createDate>2021-01-20T08:12:12Z</createDate>
    <updateDate>2021-08-21T07:14:22Z</updateDate>
    <originChamber>House</originChamber>
    <billType>HR</billType>
    <introducedDate>2021-01-19</introducedDate>
    <congress>117</congress>
    <constitutionalAuthorityStatementText><![CDATA[<pre>[Congressional Record Volume 167, Number 10 (Tuesday, January 19, 2021)][House][Pages H205-H206]From the Congressional Record Online through the Government Publishing Office [<a href="https://www.gpo.gov">www.gpo.gov</a>]By Mr. STEUBE:H.R. 363.Congress has the power to enact this legislation pursuantto the following:Article 1, Section 8The Congress shall have Power To lay and collect Taxes,Duties, Imposts and Excises, to pay the Debts and provide forthe common Defence and general Welfare of the United States;but all Duties, Imposts and Excises shall be uniformthroughout the United States;To borrow money on the credit of the United States;To regulate Commerce with foreign Nations, and among theseveral States, and with the Indian Tribes;To establish an uniform Rule of Naturalization, and uniformLaws on the subject of Bankruptcies throughout the UnitedStates;To coin Money, regulate the Value thereof, 'and of foreignCoin, and fix the Standard of Weights and Measures;To provide for the Punishment of counterfeiting theSecurities and current Coin of the United States;To establish Post Offices and Post Roads;To promote the Progress of Science and useful Arts, bysecuring for limited Times to Authors and Inventors theexclusive Right to their respective Writings and Discoveries;To constitute Tribunals inferior to the supreme Court; andOffenses against the Law of Nations;[[Page H206]]To declare War, grant Letters of Marque and Reprisal, andmake Rules concerning Captures on Land and Water;To raise and support Armies, but no Appropriation of Moneyto that Use shall be for a longer Term than two Years;To provide and maintain a Navy;To make Rules for the Government and Regulation of the landand naval Forces;To provide for calling forth the Militia to execute theLaws of the Union, suppress Insurrections and repelInvasions;To provide for organizing, arming, and disciplining, theMilitia, and for governing such Part of them as may beemployed in the Service of the United States, reserving tothe States respectively, the Appointment of the Officers, andthe Authority of training the Militia according to thediscipline prescribed by Congress;To exercise exclusive Legislation in all Cases whatsoever,over such District (not exceeding ten Miles square) as may,by Cession of particular States, and the acceptance ofCongress, become the Seat of the Government of the UnitedStates, and to exercise like Authority over all Placespurchased by the Consent of the Legislature of the State inwhich the Same shall be, for the Erection of Forts,Magazines, Arsenals, dock-Yards, and other needful Buildings;AndTo make all Laws which shall be necessary and proper forcarrying into Execution the foregoing Powers, and all otherPowers vested by this Constitution in the Government of theUnited States, or in any Department or Officer thereof.</pre>]]></constitutionalAuthorityStatementText>
    <recordedVotes />
    <committees>
      <billCommittees>
        <item>
          <systemCode>hswm00</systemCode>
          <name>Ways and Means Committee</name>
          <chamber>House</chamber>
          <type>Standing</type>
          <subcommittees>
            <item>
              <systemCode>hswm02</systemCode>
              <name>Health Subcommittee</name>
              <activities>
                <item>
                  <name>Referred to</name>
                  <date>2021-01-19T16:04:04Z</date>
                </item>
              </activities>
            </item>
          </subcommittees>
          <activities>
            <item>
              <name>Referred to</name>
              <date>2021-01-19T18:02:45Z</date>
            </item>
          </activities>
        </item>
      </billCommittees>
    </committees>
    <committeeReports />
    <relatedBills />
    <actions>
      <item>
        <actionDate>2021-01-19</actionDate>
        <links />
        <text>Referred to the House Committee on Ways and Means.</text>
        <type>IntroReferral</type>
        <actionCode>H11100</actionCode>
        <sourceSystem>
          <code>2</code>
          <name>House floor actions</name>
        </sourceSystem>
        <committees>
          <item>
            <systemCode>hswm00</systemCode>
            <name>Ways and Means Committee</name>
          </item>
        </committees>
      </item>
      <item>
        <actionDate>2021-01-19</actionDate>
        <committees>
          <item>
            <systemCode>hswm02</systemCode>
            <name>Health Subcommittee</name>
          </item>
        </committees>
        <links />
        <sourceSystem>
          <code>1</code>
          <name>House committee actions</name>
        </sourceSystem>
        <text>Referred to the Subcommittee on Health.</text>
        <type>Committee</type>
      </item>
      <item>
        <actionDate>2021-01-19</actionDate>
        <links />
        <text>Introduced in House</text>
        <type>IntroReferral</type>
        <actionCode>Intro-H</actionCode>
        <sourceSystem>
          <code>9</code>
          <name>Library of Congress</name>
        </sourceSystem>
        <committees />
      </item>
      <item>
        <actionDate>2021-01-19</actionDate>
        <links />
        <text>Introduced in House</text>
        <type>IntroReferral</type>
        <actionCode>1000</actionCode>
        <sourceSystem>
          <code>9</code>
          <name>Library of Congress</name>
        </sourceSystem>
        <committees />
      </item>
      <actionTypeCounts>
        <billReferrals>1</billReferrals>
        <placeholderTextForH>1</placeholderTextForH>
        <introducedInTheHouse>1</introducedInTheHouse>
        <introducedInHouse>1</introducedInHouse>
      </actionTypeCounts>
      <actionByCounts>
        <houseOfRepresentatives>4</houseOfRepresentatives>
      </actionByCounts>
    </actions>
    <sponsors>
      <item>
        <bioguideId>S001214</bioguideId>
        <fullName>Rep. Steube, W. Gregory [R-FL-17]</fullName>
        <firstName>W.</firstName>
        <middleName>Gregory</middleName>
        <lastName>Steube</lastName>
        <party>R</party>
        <state>FL</state>
        <identifiers>
          <lisID>2389</lisID>
          <bioguideId>S001214</bioguideId>
          <gpoId />
        </identifiers>
        <district>17</district>
        <byRequestType />
      </item>
    </sponsors>
    <cosponsors />
    <cboCostEstimates />
    <laws />
    <notes />
    <policyArea>
      <name>Taxation</name>
    </policyArea>
    <subjects>
      <billSubjects>
        <legislativeSubjects>
          <item>
            <name>Professional sports</name>
          </item>
          <item>
            <name>Tax-exempt organizations</name>
          </item>
        </legislativeSubjects>
        <policyArea>
          <name>Taxation</name>
        </policyArea>
      </billSubjects>
    </subjects>
    <summaries>
      <billSummaries>
        <item>
          <versionCode>00</versionCode>
          <actionDate>2021-01-19</actionDate>
          <actionDesc>Introduced in House</actionDesc>
          <lastSummaryUpdateDate>2021-02-26T14:26:49Z</lastSummaryUpdateDate>
          <text><![CDATA[<p><strong>Properly Reducing Overexemptions for Sports Act or the PRO Sports Act</strong> </p> <p> This bill removes professional football leagues from the list of tax-exempt organizations. The bill also prohibits an organization or entity from being treated as tax-exempt if it (1) is a professional sports league, organization, or association, a substantial activity of which is to foster national or international professional sports competitions; and (2) has annual gross receipts in excess of $10 million. </p>]]></text>
          <updateDate>2021-01-19T05:00:00Z</updateDate>
          <name>Introduced in House</name>
        </item>
      </billSummaries>
    </summaries>
    <title>PRO Sports Act</title>
    <titles>
      <item>
        <titleType>Short Title(s) as Introduced</titleType>
        <parentTitleType>Short Title</parentTitleType>
        <title>PRO Sports Act</title>
        <chamberCode />
        <chamberName />
      </item>
      <item>
        <titleType>Short Title(s) as Introduced</titleType>
        <parentTitleType>Short Title</parentTitleType>
        <title>Properly Reducing Overexemptions for Sports Act</title>
        <chamberCode />
        <chamberName />
      </item>
      <item>
        <titleType>Display Title</titleType>
        <parentTitleType />
        <title>PRO Sports Act</title>
        <chamberCode />
        <chamberName />
      </item>
      <item>
        <titleType>Official Title as Introduced</titleType>
        <parentTitleType />
        <title>To amend the Internal Revenue Code of 1986 to exclude major professional sports leagues from qualifying as tax-exempt organizations.</title>
        <chamberCode />
        <chamberName />
      </item>
    </titles>
    <amendments />
    <textVersions>
      <item>
        <type>Introduced in House</type>
        <date>2021-01-19T05:00:00Z</date>
        <formats>
          <item>
            <url>https://www.govinfo.gov/content/pkg/BILLS-117hr363ih/xml/BILLS-117hr363ih.xml</url>
          </item>
        </formats>
      </item>
    </textVersions>
    <latestAction>
      <actionDate>2021-01-19</actionDate>
      <text>Referred to the House Committee on Ways and Means.</text>
      <links />
    </latestAction>
    <calendarNumbers />
    <version>1.0.0</version>
  </bill>
  <dublinCore xmlns:dc="http://purl.org/dc/elements/1.1/">
    <dc:format>text/xml</dc:format>
    <dc:language>EN</dc:language>
    <dc:rights>Pursuant to Title 17 Section 105 of the United States Code, this file is not subject to copyright protection and is in the public domain.</dc:rights>
    <dc:contributor>Congressional Research Service, Library of Congress</dc:contributor>
    <dc:description>This file contains bill summaries and statuses for federal legislation. A bill summary describes the most significant provisions of a piece of legislation and details the effects the legislative text may have on current law and federal programs. Bill summaries are authored by the Congressional Research Service (CRS) of the Library of Congress. As stated in Public Law 91-510 (2 USC 166 (d)(6)), one of the duties of CRS is "to prepare summaries and digests of bills and resolutions of a public general nature introduced in the Senate or House of Representatives". For more information, refer to the User Guide that accompanies this file.</dc:description>
  </dublinCore>
</billStatus>

