<?xml version="1.0" encoding="UTF-8"?>
<billStatus>
  <bill>
    <billNumber>1275</billNumber>
    <createDate>2021-02-25T08:12:12Z</createDate>
    <updateDate>2021-10-26T07:15:27Z</updateDate>
    <originChamber>House</originChamber>
    <billType>HR</billType>
    <introducedDate>2021-02-24</introducedDate>
    <congress>117</congress>
    <constitutionalAuthorityStatementText><![CDATA[<pre>[Congressional Record Volume 167, Number 35 (Wednesday, February 24, 2021)][House]From the Congressional Record Online through the Government Publishing Office [<a href="https://www.gpo.gov">www.gpo.gov</a>]By Mr. WILSON of South Carolina:H.R. 1275.Congress has the power to enact this legislation pursuantto the following:Article I, Section 8 of the United States Constitution[Page H617]</pre>]]></constitutionalAuthorityStatementText>
    <recordedVotes />
    <committees>
      <billCommittees>
        <item>
          <systemCode>hsed00</systemCode>
          <name>Education and Labor Committee</name>
          <chamber>House</chamber>
          <type>Standing</type>
          <subcommittees />
          <activities>
            <item>
              <name>Referred to</name>
              <date>2021-02-24T15:01:25Z</date>
            </item>
          </activities>
        </item>
      </billCommittees>
    </committees>
    <committeeReports />
    <relatedBills>
      <item>
        <latestTitle>National Right-to-Work Act</latestTitle>
        <congress>117</congress>
        <number>406</number>
        <type>S</type>
        <latestAction>
          <actionDate>2021-02-24</actionDate>
          <text>Read twice and referred to the Committee on Health, Education, Labor, and Pensions.</text>
        </latestAction>
        <relationshipDetails>
          <item>
            <type>Related bill</type>
            <identifiedBy>CRS</identifiedBy>
          </item>
        </relationshipDetails>
      </item>
    </relatedBills>
    <actions>
      <item>
        <actionDate>2021-02-24</actionDate>
        <links />
        <text>Referred to the House Committee on Education and Labor.</text>
        <type>IntroReferral</type>
        <actionCode>H11100</actionCode>
        <sourceSystem>
          <code>2</code>
          <name>House floor actions</name>
        </sourceSystem>
        <committees>
          <item>
            <systemCode>hsed00</systemCode>
            <name>Education and Labor Committee</name>
          </item>
        </committees>
      </item>
      <item>
        <actionDate>2021-02-24</actionDate>
        <links />
        <text>Introduced in House</text>
        <type>IntroReferral</type>
        <actionCode>Intro-H</actionCode>
        <sourceSystem>
          <code>9</code>
          <name>Library of Congress</name>
        </sourceSystem>
        <committees />
      </item>
      <item>
        <actionDate>2021-02-24</actionDate>
        <links />
        <text>Introduced in House</text>
        <type>IntroReferral</type>
        <actionCode>1000</actionCode>
        <sourceSystem>
          <code>9</code>
          <name>Library of Congress</name>
        </sourceSystem>
        <committees />
      </item>
      <actionTypeCounts>
        <billReferrals>1</billReferrals>
        <introducedInTheHouse>1</introducedInTheHouse>
        <introducedInHouse>1</introducedInHouse>
      </actionTypeCounts>
      <actionByCounts>
        <houseOfRepresentatives>3</houseOfRepresentatives>
      </actionByCounts>
    </actions>
    <sponsors>
      <item>
        <bioguideId>W000795</bioguideId>
        <fullName>Rep. Wilson, Joe [R-SC-2]</fullName>
        <firstName>Joe</firstName>
        <middleName />
        <lastName>Wilson</lastName>
        <party>R</party>
        <state>SC</state>
        <identifiers>
          <lisID>1688</lisID>
          <bioguideId>W000795</bioguideId>
          <gpoId>8142</gpoId>
        </identifiers>
        <district>2</district>
        <byRequestType />
      </item>
    </sponsors>
    <cosponsors>
      <item>
        <bioguideId>P000605</bioguideId>
        <fullName>Rep. Perry, Scott [R-PA-10]</fullName>
        <firstName>Scott</firstName>
        <middleName />
        <lastName>Perry</lastName>
        <party>R</party>
        <state>PA</state>
        <identifiers>
          <lisID>2157</lisID>
          <bioguideId>P000605</bioguideId>
          <gpoId />
        </identifiers>
        <district>10</district>
        <sponsorshipDate>2021-02-24</sponsorshipDate>
        <isOriginalCosponsor>True</isOriginalCosponsor>
        <sponsorshipWithdrawnDate />
      </item>
      <item>
        <bioguideId>N000190</bioguideId>
        <fullName>Rep. Norman, Ralph [R-SC-5]</fullName>
        <firstName>Ralph</firstName>
        <middleName />
        <lastName>Norman</lastName>
        <party>R</party>
        <state>SC</state>
        <identifiers>
          <lisID>2361</lisID>
          <bioguideId>N000190</bioguideId>
          <gpoId />
        </identifiers>
        <district>5</district>
        <sponsorshipDate>2021-02-24</sponsorshipDate>
        <isOriginalCosponsor>True</isOriginalCosponsor>
        <sponsorshipWithdrawnDate />
      </item>
      <item>
        <bioguideId>B001311</bioguideId>
        <fullName>Rep. Bishop, Dan [R-NC-9]</fullName>
        <firstName>Dan</firstName>
        <middleName />
        <lastName>Bishop</lastName>
        <party>R</party>
        <state>NC</state>
        <identifiers>
          <lisID>2473</lisID>
          <bioguideId>B001311</bioguideId>
          <gpoId />
        </identifiers>
        <district>9</district>
        <sponsorshipDate>2021-02-24</sponsorshipDate>
        <isOriginalCosponsor>True</isOriginalCosponsor>
        <sponsorshipWithdrawnDate />
      </item>
      <item>
        <bioguideId>G000578</bioguideId>
        <fullName>Rep. Gaetz, Matt [R-FL-1]</fullName>
        <firstName>Matt</firstName>
        <middleName />
        <lastName>Gaetz</lastName>
        <party>R</party>
        <state>FL</state>
        <identifiers>
          <lisID>2314</lisID>
          <bioguideId>G000578</bioguideId>
          <gpoId />
        </identifiers>
        <district>1</district>
        <sponsorshipDate>2021-02-24</sponsorshipDate>
        <isOriginalCosponsor>True</isOriginalCosponsor>
        <sponsorshipWithdrawnDate />
      </item>
      <item>
        <bioguideId>A000372</bioguideId>
        <fullName>Rep. Allen, Rick W. [R-GA-12]</fullName>
        <firstName>Rick</firstName>
        <middleName>W.</middleName>
        <lastName>Allen</lastName>
        <party>R</party>
        <state>GA</state>
        <identifiers>
          <lisID>2239</lisID>
          <bioguideId>A000372</bioguideId>
          <gpoId />
        </identifiers>
        <district>12</district>
        <sponsorshipDate>2021-02-24</sponsorshipDate>
        <isOriginalCosponsor>True</isOriginalCosponsor>
        <sponsorshipWithdrawnDate />
      </item>
      <item>
        <bioguideId>C001115</bioguideId>
        <fullName>Rep. Cloud, Michael [R-TX-27]</fullName>
        <firstName>Michael</firstName>
        <middleName />
        <lastName>Cloud</lastName>
        <party>R</party>
        <state>TX</state>
        <identifiers>
          <lisID>2369</lisID>
          <bioguideId>C001115</bioguideId>
          <gpoId />
        </identifiers>
        <district>27</district>
        <sponsorshipDate>2021-02-24</sponsorshipDate>
        <isOriginalCosponsor>True</isOriginalCosponsor>
        <sponsorshipWithdrawnDate />
      </item>
      <item>
        <bioguideId>C001053</bioguideId>
        <fullName>Rep. Cole, Tom [R-OK-4]</fullName>
        <firstName>Tom</firstName>
        <middleName />
        <lastName>Cole</lastName>
        <party>R</party>
        <state>OK</state>
        <identifiers>
          <lisID>1742</lisID>
          <bioguideId>C001053</bioguideId>
          <gpoId>8112</gpoId>
        </identifiers>
        <district>4</district>
        <sponsorshipDate>2021-02-24</sponsorshipDate>
        <isOriginalCosponsor>True</isOriginalCosponsor>
        <sponsorshipWithdrawnDate />
      </item>
      <item>
        <bioguideId>B001299</bioguideId>
        <fullName>Rep. Banks, Jim [R-IN-3]</fullName>
        <firstName>Jim</firstName>
        <middleName />
        <lastName>Banks</lastName>
        <party>R</party>
        <state>IN</state>
        <identifiers>
          <lisID>2326</lisID>
          <bioguideId>B001299</bioguideId>
          <gpoId />
        </identifiers>
        <district>3</district>
        <sponsorshipDate>2021-02-24</sponsorshipDate>
        <isOriginalCosponsor>True</isOriginalCosponsor>
        <sponsorshipWithdrawnDate />
      </item>
      <item>
        <bioguideId>L000583</bioguideId>
        <fullName>Rep. Loudermilk, Barry [R-GA-11]</fullName>
        <firstName>Barry</firstName>
        <middleName />
        <lastName>Loudermilk</lastName>
        <party>R</party>
        <state>GA</state>
        <identifiers>
          <lisID>2238</lisID>
          <bioguideId>L000583</bioguideId>
          <gpoId />
        </identifiers>
        <district>11</district>
        <sponsorshipDate>2021-02-24</sponsorshipDate>
        <isOriginalCosponsor>True</isOriginalCosponsor>
        <sponsorshipWithdrawnDate />
      </item>
      <item>
        <bioguideId>S001172</bioguideId>
        <fullName>Rep. Smith, Adrian [R-NE-3]</fullName>
        <firstName>Adrian</firstName>
        <middleName />
        <lastName>Smith</lastName>
        <party>R</party>
        <state>NE</state>
        <identifiers>
          <lisID>1860</lisID>
          <bioguideId>S001172</bioguideId>
          <gpoId>8040</gpoId>
        </identifiers>
        <district>3</district>
        <sponsorshipDate>2021-02-24</sponsorshipDate>
        <isOriginalCosponsor>True</isOriginalCosponsor>
        <sponsorshipWithdrawnDate />
      </item>
      <item>
        <bioguideId>B001248</bioguideId>
        <fullName>Rep. Burgess, Michael C. [R-TX-26]</fullName>
        <firstName>Michael</firstName>
        <middleName>C.</middleName>
        <lastName>Burgess</lastName>
        <party>R</party>
        <state>TX</state>
        <identifiers>
          <lisID>1751</lisID>
          <bioguideId>B001248</bioguideId>
          <gpoId>8182</gpoId>
        </identifiers>
        <district>26</district>
        <sponsorshipDate>2021-02-24</sponsorshipDate>
        <isOriginalCosponsor>True</isOriginalCosponsor>
        <sponsorshipWithdrawnDate />
      </item>
      <item>
        <bioguideId>K000395</bioguideId>
        <fullName>Rep. Keller, Fred [R-PA-12]</fullName>
        <firstName>Fred</firstName>
        <middleName />
        <lastName>Keller</lastName>
        <party>R</party>
        <state>PA</state>
        <identifiers>
          <lisID>2471</lisID>
          <bioguideId>K000395</bioguideId>
          <gpoId />
        </identifiers>
        <district>12</district>
        <sponsorshipDate>2021-02-24</sponsorshipDate>
        <isOriginalCosponsor>True</isOriginalCosponsor>
        <sponsorshipWithdrawnDate />
      </item>
      <item>
        <bioguideId>B001302</bioguideId>
        <fullName>Rep. Biggs, Andy [R-AZ-5]</fullName>
        <firstName>Andy</firstName>
        <middleName />
        <lastName>Biggs</lastName>
        <party>R</party>
        <state>AZ</state>
        <identifiers>
          <lisID>2307</lisID>
          <bioguideId>B001302</bioguideId>
          <gpoId />
        </identifiers>
        <district>5</district>
        <sponsorshipDate>2021-02-24</sponsorshipDate>
        <isOriginalCosponsor>True</isOriginalCosponsor>
        <sponsorshipWithdrawnDate />
      </item>
      <item>
        <bioguideId>W000806</bioguideId>
        <fullName>Rep. Webster, Daniel [R-FL-11]</fullName>
        <firstName>Daniel</firstName>
        <middleName />
        <lastName>Webster</lastName>
        <party>R</party>
        <state>FL</state>
        <identifiers>
          <lisID>2002</lisID>
          <bioguideId>W000806</bioguideId>
          <gpoId>7880</gpoId>
        </identifiers>
        <district>11</district>
        <sponsorshipDate>2021-02-24</sponsorshipDate>
        <isOriginalCosponsor>True</isOriginalCosponsor>
        <sponsorshipWithdrawnDate />
      </item>
      <item>
        <bioguideId>G000565</bioguideId>
        <fullName>Rep. Gosar, Paul A. [R-AZ-4]</fullName>
        <firstName>Paul</firstName>
        <middleName>A.</middleName>
        <lastName>Gosar</lastName>
        <party>R</party>
        <state>AZ</state>
        <identifiers>
          <lisID>1992</lisID>
          <bioguideId>G000565</bioguideId>
          <gpoId>7798</gpoId>
        </identifiers>
        <district>4</district>
        <sponsorshipDate>2021-02-24</sponsorshipDate>
        <isOriginalCosponsor>True</isOriginalCosponsor>
        <sponsorshipWithdrawnDate />
      </item>
      <item>
        <bioguideId>T000480</bioguideId>
        <fullName>Rep. Timmons, William R. IV [R-SC-4]</fullName>
        <firstName>William</firstName>
        <middleName>R.</middleName>
        <lastName>Timmons</lastName>
        <party>R</party>
        <state>SC</state>
        <identifiers>
          <lisID>2438</lisID>
          <bioguideId>T000480</bioguideId>
          <gpoId />
        </identifiers>
        <district>4</district>
        <sponsorshipDate>2021-02-24</sponsorshipDate>
        <isOriginalCosponsor>True</isOriginalCosponsor>
        <sponsorshipWithdrawnDate />
      </item>
      <item>
        <bioguideId>T000165</bioguideId>
        <fullName>Rep. Tiffany, Thomas P. [R-WI-7]</fullName>
        <firstName>Thomas</firstName>
        <middleName>P.</middleName>
        <lastName>Tiffany</lastName>
        <party>R</party>
        <state>WI</state>
        <identifiers>
          <lisID>2480</lisID>
          <bioguideId>T000165</bioguideId>
          <gpoId />
        </identifiers>
        <district>7</district>
        <sponsorshipDate>2021-02-24</sponsorshipDate>
        <isOriginalCosponsor>True</isOriginalCosponsor>
        <sponsorshipWithdrawnDate />
      </item>
      <item>
        <bioguideId>H001072</bioguideId>
        <fullName>Rep. Hill, J. French [R-AR-2]</fullName>
        <firstName>J.</firstName>
        <middleName>French</middleName>
        <lastName>Hill</lastName>
        <party>R</party>
        <state>AR</state>
        <identifiers>
          <lisID>2223</lisID>
          <bioguideId>H001072</bioguideId>
          <gpoId />
        </identifiers>
        <district>2</district>
        <sponsorshipDate>2021-02-24</sponsorshipDate>
        <isOriginalCosponsor>True</isOriginalCosponsor>
        <sponsorshipWithdrawnDate />
      </item>
      <item>
        <bioguideId>M001194</bioguideId>
        <fullName>Rep. Moolenaar, John R. [R-MI-4]</fullName>
        <firstName>John</firstName>
        <middleName>R.</middleName>
        <lastName>Moolenaar</lastName>
        <party>R</party>
        <state>MI</state>
        <identifiers>
          <lisID>2248</lisID>
          <bioguideId>M001194</bioguideId>
          <gpoId />
        </identifiers>
        <district>4</district>
        <sponsorshipDate>2021-02-24</sponsorshipDate>
        <isOriginalCosponsor>True</isOriginalCosponsor>
        <sponsorshipWithdrawnDate />
      </item>
      <item>
        <bioguideId>C001039</bioguideId>
        <fullName>Rep. Cammack, Kat [R-FL-3]</fullName>
        <firstName>Kat</firstName>
        <middleName />
        <lastName>Cammack</lastName>
        <party>R</party>
        <state>FL</state>
        <identifiers>
          <lisID>2491</lisID>
          <bioguideId>C001039</bioguideId>
          <gpoId />
        </identifiers>
        <district>3</district>
        <sponsorshipDate>2021-02-24</sponsorshipDate>
        <isOriginalCosponsor>True</isOriginalCosponsor>
        <sponsorshipWithdrawnDate />
      </item>
      <item>
        <bioguideId>I000056</bioguideId>
        <fullName>Rep. Issa, Darrell E. [R-CA-50]</fullName>
        <firstName>DARRELL</firstName>
        <middleName>E.</middleName>
        <lastName>ISSA</lastName>
        <party>R</party>
        <state>CA</state>
        <identifiers>
          <lisID>1640</lisID>
          <bioguideId>I000056</bioguideId>
          <gpoId>7854</gpoId>
        </identifiers>
        <district>50</district>
        <sponsorshipDate>2021-02-24</sponsorshipDate>
        <isOriginalCosponsor>True</isOriginalCosponsor>
        <sponsorshipWithdrawnDate />
      </item>
      <item>
        <bioguideId>M001184</bioguideId>
        <fullName>Rep. Massie, Thomas [R-KY-4]</fullName>
        <firstName>Thomas</firstName>
        <middleName />
        <lastName>Massie</lastName>
        <party>R</party>
        <state>KY</state>
        <identifiers>
          <lisID>2094</lisID>
          <bioguideId>M001184</bioguideId>
          <gpoId>8371</gpoId>
        </identifiers>
        <district>4</district>
        <sponsorshipDate>2021-02-24</sponsorshipDate>
        <isOriginalCosponsor>True</isOriginalCosponsor>
        <sponsorshipWithdrawnDate />
      </item>
      <item>
        <bioguideId>M001190</bioguideId>
        <fullName>Rep. Mullin, Markwayne [R-OK-2]</fullName>
        <firstName>Markwayne</firstName>
        <middleName />
        <lastName>Mullin</lastName>
        <party>R</party>
        <state>OK</state>
        <identifiers>
          <lisID>2156</lisID>
          <bioguideId>M001190</bioguideId>
          <gpoId />
        </identifiers>
        <district>2</district>
        <sponsorshipDate>2021-02-24</sponsorshipDate>
        <isOriginalCosponsor>True</isOriginalCosponsor>
        <sponsorshipWithdrawnDate />
      </item>
      <item>
        <bioguideId>B001297</bioguideId>
        <fullName>Rep. Buck, Ken [R-CO-4]</fullName>
        <firstName>Ken</firstName>
        <middleName />
        <lastName>Buck</lastName>
        <party>R</party>
        <state>CO</state>
        <identifiers>
          <lisID>2233</lisID>
          <bioguideId>B001297</bioguideId>
          <gpoId />
        </identifiers>
        <district>4</district>
        <sponsorshipDate>2021-02-24</sponsorshipDate>
        <isOriginalCosponsor>True</isOriginalCosponsor>
        <sponsorshipWithdrawnDate />
      </item>
      <item>
        <bioguideId>P000601</bioguideId>
        <fullName>Rep. Palazzo, Steven M. [R-MS-4]</fullName>
        <firstName>Steven</firstName>
        <middleName>M.</middleName>
        <lastName>Palazzo</lastName>
        <party>R</party>
        <state>MS</state>
        <identifiers>
          <lisID>2035</lisID>
          <bioguideId>P000601</bioguideId>
          <gpoId>8022</gpoId>
        </identifiers>
        <district>4</district>
        <sponsorshipDate>2021-02-24</sponsorshipDate>
        <isOriginalCosponsor>True</isOriginalCosponsor>
        <sponsorshipWithdrawnDate />
      </item>
      <item>
        <bioguideId>F000472</bioguideId>
        <fullName>Rep. Franklin, C. Scott [R-FL-15]</fullName>
        <firstName>C.</firstName>
        <middleName>Scott</middleName>
        <lastName>Franklin</lastName>
        <party>R</party>
        <state>FL</state>
        <identifiers>
          <lisID>2492</lisID>
          <bioguideId>F000472</bioguideId>
          <gpoId />
        </identifiers>
        <district>15</district>
        <sponsorshipDate>2021-02-24</sponsorshipDate>
        <isOriginalCosponsor>True</isOriginalCosponsor>
        <sponsorshipWithdrawnDate />
      </item>
      <item>
        <bioguideId>C001120</bioguideId>
        <fullName>Rep. Crenshaw, Dan [R-TX-2]</fullName>
        <firstName>Dan</firstName>
        <middleName />
        <lastName>Crenshaw</lastName>
        <party>R</party>
        <state>TX</state>
        <identifiers>
          <lisID>2443</lisID>
          <bioguideId>C001120</bioguideId>
          <gpoId />
        </identifiers>
        <district>2</district>
        <sponsorshipDate>2021-02-24</sponsorshipDate>
        <isOriginalCosponsor>True</isOriginalCosponsor>
        <sponsorshipWithdrawnDate />
      </item>
      <item>
        <bioguideId>R000609</bioguideId>
        <fullName>Rep. Rutherford, John H. [R-FL-4]</fullName>
        <firstName>John</firstName>
        <middleName>H.</middleName>
        <lastName>Rutherford</lastName>
        <party>R</party>
        <state>FL</state>
        <identifiers>
          <lisID>2316</lisID>
          <bioguideId>R000609</bioguideId>
          <gpoId />
        </identifiers>
        <district>4</district>
        <sponsorshipDate>2021-02-24</sponsorshipDate>
        <isOriginalCosponsor>True</isOriginalCosponsor>
        <sponsorshipWithdrawnDate />
      </item>
      <item>
        <bioguideId>M000871</bioguideId>
        <fullName>Rep. Mann, Tracey [R-KS-1]</fullName>
        <firstName>Tracey</firstName>
        <middleName />
        <lastName>Mann</lastName>
        <party>R</party>
        <state>KS</state>
        <identifiers>
          <lisID>2508</lisID>
          <bioguideId>M000871</bioguideId>
          <gpoId />
        </identifiers>
        <district>1</district>
        <sponsorshipDate>2021-02-24</sponsorshipDate>
        <isOriginalCosponsor>True</isOriginalCosponsor>
        <sponsorshipWithdrawnDate />
      </item>
      <item>
        <bioguideId>C001104</bioguideId>
        <fullName>Rep. Cawthorn, Madison [R-NC-11]</fullName>
        <firstName>Madison</firstName>
        <middleName />
        <lastName>Cawthorn</lastName>
        <party>R</party>
        <state>NC</state>
        <identifiers>
          <lisID>2518</lisID>
          <bioguideId>C001104</bioguideId>
          <gpoId />
        </identifiers>
        <district>11</district>
        <sponsorshipDate>2021-02-24</sponsorshipDate>
        <isOriginalCosponsor>True</isOriginalCosponsor>
        <sponsorshipWithdrawnDate />
      </item>
      <item>
        <bioguideId>F000459</bioguideId>
        <fullName>Rep. Fleischmann, Charles J. "Chuck" [R-TN-3]</fullName>
        <firstName>Charles</firstName>
        <middleName>J. "Chuck"</middleName>
        <lastName>Fleischmann</lastName>
        <party>R</party>
        <state>TN</state>
        <identifiers>
          <lisID>2061</lisID>
          <bioguideId>F000459</bioguideId>
          <gpoId>8150</gpoId>
        </identifiers>
        <district>3</district>
        <sponsorshipDate>2021-02-24</sponsorshipDate>
        <isOriginalCosponsor>True</isOriginalCosponsor>
        <sponsorshipWithdrawnDate />
      </item>
      <item>
        <bioguideId>H001071</bioguideId>
        <fullName>Rep. Hice, Jody B. [R-GA-10]</fullName>
        <firstName>Jody</firstName>
        <middleName>B.</middleName>
        <lastName>Hice</lastName>
        <party>R</party>
        <state>GA</state>
        <identifiers>
          <lisID>2237</lisID>
          <bioguideId>H001071</bioguideId>
          <gpoId />
        </identifiers>
        <district>10</district>
        <sponsorshipDate>2021-02-24</sponsorshipDate>
        <isOriginalCosponsor>True</isOriginalCosponsor>
        <sponsorshipWithdrawnDate />
      </item>
      <item>
        <bioguideId>W000804</bioguideId>
        <fullName>Rep. Wittman, Robert J. [R-VA-1]</fullName>
        <firstName>Robert</firstName>
        <middleName>J.</middleName>
        <lastName>Wittman</lastName>
        <party>R</party>
        <state>VA</state>
        <identifiers>
          <lisID>1886</lisID>
          <bioguideId>W000804</bioguideId>
          <gpoId>8192</gpoId>
        </identifiers>
        <district>1</district>
        <sponsorshipDate>2021-02-24</sponsorshipDate>
        <isOriginalCosponsor>True</isOriginalCosponsor>
        <sponsorshipWithdrawnDate />
      </item>
      <item>
        <bioguideId>W000814</bioguideId>
        <fullName>Rep. Weber, Randy K., Sr. [R-TX-14]</fullName>
        <firstName>Randy</firstName>
        <middleName>K.</middleName>
        <lastName>Weber</lastName>
        <party>R</party>
        <state>TX</state>
        <identifiers>
          <lisID>2161</lisID>
          <bioguideId>W000814</bioguideId>
          <gpoId />
        </identifiers>
        <district>14</district>
        <sponsorshipDate>2021-02-24</sponsorshipDate>
        <isOriginalCosponsor>True</isOriginalCosponsor>
        <sponsorshipWithdrawnDate />
      </item>
      <item>
        <bioguideId>C001051</bioguideId>
        <fullName>Rep. Carter, John R. [R-TX-31]</fullName>
        <firstName>John</firstName>
        <middleName>R.</middleName>
        <lastName>Carter</lastName>
        <party>R</party>
        <state>TX</state>
        <identifiers>
          <lisID>1752</lisID>
          <bioguideId>C001051</bioguideId>
          <gpoId>8187</gpoId>
        </identifiers>
        <district>31</district>
        <sponsorshipDate>2021-02-24</sponsorshipDate>
        <isOriginalCosponsor>True</isOriginalCosponsor>
        <sponsorshipWithdrawnDate />
      </item>
      <item>
        <bioguideId>P000615</bioguideId>
        <fullName>Rep. Pence, Greg [R-IN-6]</fullName>
        <firstName>Greg</firstName>
        <middleName />
        <lastName>Pence</lastName>
        <party>R</party>
        <state>IN</state>
        <identifiers>
          <lisID>2401</lisID>
          <bioguideId>P000615</bioguideId>
          <gpoId />
        </identifiers>
        <district>6</district>
        <sponsorshipDate>2021-02-24</sponsorshipDate>
        <isOriginalCosponsor>True</isOriginalCosponsor>
        <sponsorshipWithdrawnDate />
      </item>
      <item>
        <bioguideId>L000564</bioguideId>
        <fullName>Rep. Lamborn, Doug [R-CO-5]</fullName>
        <firstName>Doug</firstName>
        <middleName />
        <lastName>Lamborn</lastName>
        <party>R</party>
        <state>CO</state>
        <identifiers>
          <lisID>1834</lisID>
          <bioguideId>L000564</bioguideId>
          <gpoId>7863</gpoId>
        </identifiers>
        <district>5</district>
        <sponsorshipDate>2021-02-24</sponsorshipDate>
        <isOriginalCosponsor>True</isOriginalCosponsor>
        <sponsorshipWithdrawnDate />
      </item>
      <item>
        <bioguideId>P000609</bioguideId>
        <fullName>Rep. Palmer, Gary J. [R-AL-6]</fullName>
        <firstName>Gary</firstName>
        <middleName>J.</middleName>
        <lastName>Palmer</lastName>
        <party>R</party>
        <state>AL</state>
        <identifiers>
          <lisID>2221</lisID>
          <bioguideId>P000609</bioguideId>
          <gpoId />
        </identifiers>
        <district>6</district>
        <sponsorshipDate>2021-02-24</sponsorshipDate>
        <isOriginalCosponsor>True</isOriginalCosponsor>
        <sponsorshipWithdrawnDate />
      </item>
      <item>
        <bioguideId>W000823</bioguideId>
        <fullName>Rep. Waltz, Michael [R-FL-6]</fullName>
        <firstName>Michael</firstName>
        <middleName />
        <lastName>Waltz</lastName>
        <party>R</party>
        <state>FL</state>
        <identifiers>
          <lisID>2387</lisID>
          <bioguideId>W000823</bioguideId>
          <gpoId />
        </identifiers>
        <district>6</district>
        <sponsorshipDate>2021-02-24</sponsorshipDate>
        <isOriginalCosponsor>True</isOriginalCosponsor>
        <sponsorshipWithdrawnDate />
      </item>
      <item>
        <bioguideId>D000615</bioguideId>
        <fullName>Rep. Duncan, Jeff [R-SC-3]</fullName>
        <firstName>Jeff</firstName>
        <middleName />
        <lastName>Duncan</lastName>
        <party>R</party>
        <state>SC</state>
        <identifiers>
          <lisID>2057</lisID>
          <bioguideId>D000615</bioguideId>
          <gpoId>8143</gpoId>
        </identifiers>
        <district>3</district>
        <sponsorshipDate>2021-02-24</sponsorshipDate>
        <isOriginalCosponsor>True</isOriginalCosponsor>
        <sponsorshipWithdrawnDate />
      </item>
      <item>
        <bioguideId>R000614</bioguideId>
        <fullName>Rep. Roy, Chip [R-TX-21]</fullName>
        <firstName>Chip</firstName>
        <middleName />
        <lastName>Roy</lastName>
        <party>R</party>
        <state>TX</state>
        <identifiers>
          <lisID>2449</lisID>
          <bioguideId>R000614</bioguideId>
          <gpoId />
        </identifiers>
        <district>21</district>
        <sponsorshipDate>2021-02-24</sponsorshipDate>
        <isOriginalCosponsor>True</isOriginalCosponsor>
        <sponsorshipWithdrawnDate />
      </item>
      <item>
        <bioguideId>C001118</bioguideId>
        <fullName>Rep. Cline, Ben [R-VA-6]</fullName>
        <firstName>Ben</firstName>
        <middleName />
        <lastName>Cline</lastName>
        <party>R</party>
        <state>VA</state>
        <identifiers>
          <lisID>2455</lisID>
          <bioguideId>C001118</bioguideId>
          <gpoId />
        </identifiers>
        <district>6</district>
        <sponsorshipDate>2021-02-24</sponsorshipDate>
        <isOriginalCosponsor>True</isOriginalCosponsor>
        <sponsorshipWithdrawnDate />
      </item>
      <item>
        <bioguideId>K000388</bioguideId>
        <fullName>Rep. Kelly, Trent [R-MS-1]</fullName>
        <firstName>Trent</firstName>
        <middleName />
        <lastName>Kelly</lastName>
        <party>R</party>
        <state>MS</state>
        <identifiers>
          <lisID>2294</lisID>
          <bioguideId>K000388</bioguideId>
          <gpoId />
        </identifiers>
        <district>1</district>
        <sponsorshipDate>2021-02-24</sponsorshipDate>
        <isOriginalCosponsor>True</isOriginalCosponsor>
        <sponsorshipWithdrawnDate />
      </item>
      <item>
        <bioguideId>G000552</bioguideId>
        <fullName>Rep. Gohmert, Louie [R-TX-1]</fullName>
        <firstName>Louie</firstName>
        <middleName />
        <lastName>Gohmert</lastName>
        <party>R</party>
        <state>TX</state>
        <identifiers>
          <lisID>1801</lisID>
          <bioguideId>G000552</bioguideId>
          <gpoId>8157</gpoId>
        </identifiers>
        <district>1</district>
        <sponsorshipDate>2021-02-24</sponsorshipDate>
        <isOriginalCosponsor>True</isOriginalCosponsor>
        <sponsorshipWithdrawnDate />
      </item>
      <item>
        <bioguideId>B001305</bioguideId>
        <fullName>Rep. Budd, Ted [R-NC-13]</fullName>
        <firstName>Ted</firstName>
        <middleName />
        <lastName>Budd</lastName>
        <party>R</party>
        <state>NC</state>
        <identifiers>
          <lisID>2336</lisID>
          <bioguideId>B001305</bioguideId>
          <gpoId />
        </identifiers>
        <district>13</district>
        <sponsorshipDate>2021-02-24</sponsorshipDate>
        <isOriginalCosponsor>True</isOriginalCosponsor>
        <sponsorshipWithdrawnDate />
      </item>
      <item>
        <bioguideId>M001177</bioguideId>
        <fullName>Rep. McClintock, Tom [R-CA-4]</fullName>
        <firstName>Tom</firstName>
        <middleName />
        <lastName>McClintock</lastName>
        <party>R</party>
        <state>CA</state>
        <identifiers>
          <lisID>1908</lisID>
          <bioguideId>M001177</bioguideId>
          <gpoId>7809</gpoId>
        </identifiers>
        <district>4</district>
        <sponsorshipDate>2021-02-24</sponsorshipDate>
        <isOriginalCosponsor>True</isOriginalCosponsor>
        <sponsorshipWithdrawnDate />
      </item>
      <item>
        <bioguideId>W000809</bioguideId>
        <fullName>Rep. Womack, Steve [R-AR-3]</fullName>
        <firstName>Steve</firstName>
        <middleName />
        <lastName>Womack</lastName>
        <party>R</party>
        <state>AR</state>
        <identifiers>
          <lisID>1991</lisID>
          <bioguideId>W000809</bioguideId>
          <gpoId>7795</gpoId>
        </identifiers>
        <district>3</district>
        <sponsorshipDate>2021-02-24</sponsorshipDate>
        <isOriginalCosponsor>True</isOriginalCosponsor>
        <sponsorshipWithdrawnDate />
      </item>
      <item>
        <bioguideId>H001082</bioguideId>
        <fullName>Rep. Hern, Kevin [R-OK-1]</fullName>
        <firstName>Kevin</firstName>
        <middleName />
        <lastName>Hern</lastName>
        <party>R</party>
        <state>OK</state>
        <identifiers>
          <lisID>2372</lisID>
          <bioguideId>H001082</bioguideId>
          <gpoId />
        </identifiers>
        <district>1</district>
        <sponsorshipDate>2021-02-24</sponsorshipDate>
        <isOriginalCosponsor>True</isOriginalCosponsor>
        <sponsorshipWithdrawnDate />
      </item>
      <item>
        <bioguideId>M001215</bioguideId>
        <fullName>Rep. Miller-Meeks, Mariannette [R-IA-2]</fullName>
        <firstName>Mariannette</firstName>
        <middleName />
        <lastName>Miller-Meeks</lastName>
        <party>R</party>
        <state>IA</state>
        <identifiers>
          <lisID>2502</lisID>
          <bioguideId>M001215</bioguideId>
          <gpoId />
        </identifiers>
        <district>2</district>
        <sponsorshipDate>2021-02-24</sponsorshipDate>
        <isOriginalCosponsor>True</isOriginalCosponsor>
        <sponsorshipWithdrawnDate />
      </item>
      <item>
        <bioguideId>S001214</bioguideId>
        <fullName>Rep. Steube, W. Gregory [R-FL-17]</fullName>
        <firstName>W.</firstName>
        <middleName>Gregory</middleName>
        <lastName>Steube</lastName>
        <party>R</party>
        <state>FL</state>
        <identifiers>
          <lisID>2389</lisID>
          <bioguideId>S001214</bioguideId>
          <gpoId />
        </identifiers>
        <district>17</district>
        <sponsorshipDate>2021-02-24</sponsorshipDate>
        <isOriginalCosponsor>True</isOriginalCosponsor>
        <sponsorshipWithdrawnDate />
      </item>
      <item>
        <bioguideId>C001054</bioguideId>
        <fullName>Rep. Carl, Jerry L. [R-AL-1]</fullName>
        <firstName>Jerry</firstName>
        <middleName>L.</middleName>
        <lastName>Carl</lastName>
        <party>R</party>
        <state>AL</state>
        <identifiers>
          <lisID>2541</lisID>
          <bioguideId>C001054</bioguideId>
          <gpoId />
        </identifiers>
        <district>1</district>
        <sponsorshipDate>2021-02-24</sponsorshipDate>
        <isOriginalCosponsor>True</isOriginalCosponsor>
        <sponsorshipWithdrawnDate />
      </item>
      <item>
        <bioguideId>B001275</bioguideId>
        <fullName>Rep. Bucshon, Larry [R-IN-8]</fullName>
        <firstName>Larry</firstName>
        <middleName />
        <lastName>Bucshon</lastName>
        <party>R</party>
        <state>IN</state>
        <identifiers>
          <lisID>2018</lisID>
          <bioguideId>B001275</bioguideId>
          <gpoId>7947</gpoId>
        </identifiers>
        <district>8</district>
        <sponsorshipDate>2021-02-24</sponsorshipDate>
        <isOriginalCosponsor>True</isOriginalCosponsor>
        <sponsorshipWithdrawnDate />
      </item>
      <item>
        <bioguideId>G000591</bioguideId>
        <fullName>Rep. Guest, Michael [R-MS-3]</fullName>
        <firstName>Michael</firstName>
        <middleName />
        <lastName>Guest</lastName>
        <party>R</party>
        <state>MS</state>
        <identifiers>
          <lisID>2416</lisID>
          <bioguideId>G000591</bioguideId>
          <gpoId />
        </identifiers>
        <district>3</district>
        <sponsorshipDate>2021-02-24</sponsorshipDate>
        <isOriginalCosponsor>True</isOriginalCosponsor>
        <sponsorshipWithdrawnDate />
      </item>
      <item>
        <bioguideId>C000059</bioguideId>
        <fullName>Rep. Calvert, Ken [R-CA-42]</fullName>
        <firstName>KEN</firstName>
        <middleName />
        <lastName>CALVERT</lastName>
        <party>R</party>
        <state>CA</state>
        <identifiers>
          <lisID>165</lisID>
          <bioguideId>C000059</bioguideId>
          <gpoId>7849</gpoId>
        </identifiers>
        <district>42</district>
        <sponsorshipDate>2021-02-24</sponsorshipDate>
        <isOriginalCosponsor>True</isOriginalCosponsor>
        <sponsorshipWithdrawnDate />
      </item>
      <item>
        <bioguideId>S001189</bioguideId>
        <fullName>Rep. Scott, Austin [R-GA-8]</fullName>
        <firstName>Austin</firstName>
        <middleName />
        <lastName>Scott</lastName>
        <party>R</party>
        <state>GA</state>
        <identifiers>
          <lisID>2009</lisID>
          <bioguideId>S001189</bioguideId>
          <gpoId>7905</gpoId>
        </identifiers>
        <district>8</district>
        <sponsorshipDate>2021-02-24</sponsorshipDate>
        <isOriginalCosponsor>True</isOriginalCosponsor>
        <sponsorshipWithdrawnDate />
      </item>
      <item>
        <bioguideId>R000597</bioguideId>
        <fullName>Rep. Rice, Tom [R-SC-7]</fullName>
        <firstName>Tom</firstName>
        <middleName />
        <lastName>Rice</lastName>
        <party>R</party>
        <state>SC</state>
        <identifiers>
          <lisID>2160</lisID>
          <bioguideId>R000597</bioguideId>
          <gpoId />
        </identifiers>
        <district>7</district>
        <sponsorshipDate>2021-02-24</sponsorshipDate>
        <isOriginalCosponsor>True</isOriginalCosponsor>
        <sponsorshipWithdrawnDate />
      </item>
      <item>
        <bioguideId>S001183</bioguideId>
        <fullName>Rep. Schweikert, David [R-AZ-6]</fullName>
        <firstName>David</firstName>
        <middleName />
        <lastName>Schweikert</lastName>
        <party>R</party>
        <state>AZ</state>
        <identifiers>
          <lisID>1994</lisID>
          <bioguideId>S001183</bioguideId>
          <gpoId>7802</gpoId>
        </identifiers>
        <district>6</district>
        <sponsorshipDate>2021-02-24</sponsorshipDate>
        <isOriginalCosponsor>True</isOriginalCosponsor>
        <sponsorshipWithdrawnDate />
      </item>
      <item>
        <bioguideId>L000589</bioguideId>
        <fullName>Rep. Lesko, Debbie [R-AZ-8]</fullName>
        <firstName>Debbie</firstName>
        <middleName />
        <lastName>Lesko</lastName>
        <party>R</party>
        <state>AZ</state>
        <identifiers>
          <lisID>2368</lisID>
          <bioguideId>L000589</bioguideId>
          <gpoId />
        </identifiers>
        <district>8</district>
        <sponsorshipDate>2021-02-24</sponsorshipDate>
        <isOriginalCosponsor>True</isOriginalCosponsor>
        <sponsorshipWithdrawnDate />
      </item>
      <item>
        <bioguideId>M000194</bioguideId>
        <fullName>Rep. Mace, Nancy [R-SC-1]</fullName>
        <firstName>Nancy</firstName>
        <middleName />
        <lastName>Mace</lastName>
        <party>R</party>
        <state>SC</state>
        <identifiers>
          <lisID>2528</lisID>
          <bioguideId>M000194</bioguideId>
          <gpoId />
        </identifiers>
        <district>1</district>
        <sponsorshipDate>2021-02-24</sponsorshipDate>
        <isOriginalCosponsor>True</isOriginalCosponsor>
        <sponsorshipWithdrawnDate />
      </item>
      <item>
        <bioguideId>W000816</bioguideId>
        <fullName>Rep. Williams, Roger [R-TX-25]</fullName>
        <firstName>Roger</firstName>
        <middleName />
        <lastName>Williams</lastName>
        <party>R</party>
        <state>TX</state>
        <identifiers>
          <lisID>2165</lisID>
          <bioguideId>W000816</bioguideId>
          <gpoId />
        </identifiers>
        <district>25</district>
        <sponsorshipDate>2021-02-24</sponsorshipDate>
        <isOriginalCosponsor>True</isOriginalCosponsor>
        <sponsorshipWithdrawnDate />
      </item>
      <item>
        <bioguideId>F000469</bioguideId>
        <fullName>Rep. Fulcher, Russ [R-ID-1]</fullName>
        <firstName>Russ</firstName>
        <middleName />
        <lastName>Fulcher</lastName>
        <party>R</party>
        <state>ID</state>
        <identifiers>
          <lisID>2396</lisID>
          <bioguideId>F000469</bioguideId>
          <gpoId />
        </identifiers>
        <district>1</district>
        <sponsorshipDate>2021-02-25</sponsorshipDate>
        <isOriginalCosponsor>False</isOriginalCosponsor>
        <sponsorshipWithdrawnDate />
      </item>
      <item>
        <bioguideId>G000558</bioguideId>
        <fullName>Rep. Guthrie, Brett [R-KY-2]</fullName>
        <firstName>Brett</firstName>
        <middleName />
        <lastName>Guthrie</lastName>
        <party>R</party>
        <state>KY</state>
        <identifiers>
          <lisID>1922</lisID>
          <bioguideId>G000558</bioguideId>
          <gpoId>7954</gpoId>
        </identifiers>
        <district>2</district>
        <sponsorshipDate>2021-02-25</sponsorshipDate>
        <isOriginalCosponsor>False</isOriginalCosponsor>
        <sponsorshipWithdrawnDate />
      </item>
      <item>
        <bioguideId>G000596</bioguideId>
        <fullName>Rep. Greene, Marjorie Taylor [R-GA-14]</fullName>
        <firstName>Marjorie</firstName>
        <middleName>Taylor</middleName>
        <lastName>Greene</lastName>
        <party>R</party>
        <state>GA</state>
        <identifiers>
          <lisID>2499</lisID>
          <bioguideId>G000596</bioguideId>
          <gpoId />
        </identifiers>
        <district>14</district>
        <sponsorshipDate>2021-02-26</sponsorshipDate>
        <isOriginalCosponsor>False</isOriginalCosponsor>
        <sponsorshipWithdrawnDate />
      </item>
      <item>
        <bioguideId>O000086</bioguideId>
        <fullName>Rep. Owens, Burgess [R-UT-4]</fullName>
        <firstName>Burgess</firstName>
        <middleName />
        <lastName>Owens</lastName>
        <party>R</party>
        <state>UT</state>
        <identifiers>
          <lisID>2537</lisID>
          <bioguideId>O000086</bioguideId>
          <gpoId />
        </identifiers>
        <district>4</district>
        <sponsorshipDate>2021-03-01</sponsorshipDate>
        <isOriginalCosponsor>False</isOriginalCosponsor>
        <sponsorshipWithdrawnDate />
      </item>
      <item>
        <bioguideId>H001067</bioguideId>
        <fullName>Rep. Hudson, Richard [R-NC-8]</fullName>
        <firstName>Richard</firstName>
        <middleName />
        <lastName>Hudson</lastName>
        <party>R</party>
        <state>NC</state>
        <identifiers>
          <lisID>2140</lisID>
          <bioguideId>H001067</bioguideId>
          <gpoId />
        </identifiers>
        <district>8</district>
        <sponsorshipDate>2021-03-02</sponsorshipDate>
        <isOriginalCosponsor>False</isOriginalCosponsor>
        <sponsorshipWithdrawnDate />
      </item>
      <item>
        <bioguideId>J000304</bioguideId>
        <fullName>Rep. Jackson, Ronny [R-TX-13]</fullName>
        <firstName>Ronny</firstName>
        <middleName />
        <lastName>Jackson</lastName>
        <party>R</party>
        <state>TX</state>
        <identifiers>
          <lisID>2532</lisID>
          <bioguideId>J000304</bioguideId>
          <gpoId />
        </identifiers>
        <district>13</district>
        <sponsorshipDate>2021-03-03</sponsorshipDate>
        <isOriginalCosponsor>False</isOriginalCosponsor>
        <sponsorshipWithdrawnDate />
      </item>
      <item>
        <bioguideId>S001199</bioguideId>
        <fullName>Rep. Smucker, Lloyd [R-PA-11]</fullName>
        <firstName>Lloyd</firstName>
        <middleName />
        <lastName>Smucker</lastName>
        <party>R</party>
        <state>PA</state>
        <identifiers>
          <lisID>2346</lisID>
          <bioguideId>S001199</bioguideId>
          <gpoId />
        </identifiers>
        <district>11</district>
        <sponsorshipDate>2021-03-03</sponsorshipDate>
        <isOriginalCosponsor>False</isOriginalCosponsor>
        <sponsorshipWithdrawnDate />
      </item>
      <item>
        <bioguideId>B001257</bioguideId>
        <fullName>Rep. Bilirakis, Gus M. [R-FL-12]</fullName>
        <firstName>Gus</firstName>
        <middleName>M.</middleName>
        <lastName>Bilirakis</lastName>
        <party>R</party>
        <state>FL</state>
        <identifiers>
          <lisID>1838</lisID>
          <bioguideId>B001257</bioguideId>
          <gpoId>7881</gpoId>
        </identifiers>
        <district>12</district>
        <sponsorshipDate>2021-03-03</sponsorshipDate>
        <isOriginalCosponsor>False</isOriginalCosponsor>
        <sponsorshipWithdrawnDate />
      </item>
      <item>
        <bioguideId>K000392</bioguideId>
        <fullName>Rep. Kustoff, David [R-TN-8]</fullName>
        <firstName>David</firstName>
        <middleName />
        <lastName>Kustoff</lastName>
        <party>R</party>
        <state>TN</state>
        <identifiers>
          <lisID>2348</lisID>
          <bioguideId>K000392</bioguideId>
          <gpoId />
        </identifiers>
        <district>8</district>
        <sponsorshipDate>2021-03-08</sponsorshipDate>
        <isOriginalCosponsor>False</isOriginalCosponsor>
        <sponsorshipWithdrawnDate />
      </item>
      <item>
        <bioguideId>W000815</bioguideId>
        <fullName>Rep. Wenstrup, Brad R. [R-OH-2]</fullName>
        <firstName>Brad</firstName>
        <middleName>R.</middleName>
        <lastName>Wenstrup</lastName>
        <party>R</party>
        <state>OH</state>
        <identifiers>
          <lisID>2152</lisID>
          <bioguideId>W000815</bioguideId>
          <gpoId />
        </identifiers>
        <district>2</district>
        <sponsorshipDate>2021-03-10</sponsorshipDate>
        <isOriginalCosponsor>False</isOriginalCosponsor>
        <sponsorshipWithdrawnDate />
      </item>
      <item>
        <bioguideId>J000302</bioguideId>
        <fullName>Rep. Joyce, John [R-PA-13]</fullName>
        <firstName>John</firstName>
        <middleName />
        <lastName>Joyce</lastName>
        <party>R</party>
        <state>PA</state>
        <identifiers>
          <lisID>2435</lisID>
          <bioguideId>J000302</bioguideId>
          <gpoId />
        </identifiers>
        <district>13</district>
        <sponsorshipDate>2021-03-10</sponsorshipDate>
        <isOriginalCosponsor>False</isOriginalCosponsor>
        <sponsorshipWithdrawnDate />
      </item>
      <item>
        <bioguideId>J000289</bioguideId>
        <fullName>Rep. Jordan, Jim [R-OH-4]</fullName>
        <firstName>Jim</firstName>
        <middleName />
        <lastName>Jordan</lastName>
        <party>R</party>
        <state>OH</state>
        <identifiers>
          <lisID>1868</lisID>
          <bioguideId>J000289</bioguideId>
          <gpoId>8094</gpoId>
        </identifiers>
        <district>4</district>
        <sponsorshipDate>2021-03-10</sponsorshipDate>
        <isOriginalCosponsor>False</isOriginalCosponsor>
        <sponsorshipWithdrawnDate />
      </item>
      <item>
        <bioguideId>M001156</bioguideId>
        <fullName>Rep. McHenry, Patrick T. [R-NC-10]</fullName>
        <firstName>Patrick</firstName>
        <middleName />
        <lastName>McHenry</lastName>
        <party>R</party>
        <state>NC</state>
        <identifiers>
          <lisID>1792</lisID>
          <bioguideId>M001156</bioguideId>
          <gpoId>8033</gpoId>
        </identifiers>
        <district>10</district>
        <sponsorshipDate>2021-03-10</sponsorshipDate>
        <isOriginalCosponsor>False</isOriginalCosponsor>
        <sponsorshipWithdrawnDate />
      </item>
      <item>
        <bioguideId>B001291</bioguideId>
        <fullName>Rep. Babin, Brian [R-TX-36]</fullName>
        <firstName>Brian</firstName>
        <middleName />
        <lastName>Babin</lastName>
        <party>R</party>
        <state>TX</state>
        <identifiers>
          <lisID>2270</lisID>
          <bioguideId>B001291</bioguideId>
          <gpoId />
        </identifiers>
        <district>36</district>
        <sponsorshipDate>2021-03-26</sponsorshipDate>
        <isOriginalCosponsor>False</isOriginalCosponsor>
        <sponsorshipWithdrawnDate />
      </item>
      <item>
        <bioguideId>L000491</bioguideId>
        <fullName>Rep. Lucas, Frank D. [R-OK-3]</fullName>
        <firstName>FRANK</firstName>
        <middleName>D.</middleName>
        <lastName>LUCAS</lastName>
        <party>R</party>
        <state>OK</state>
        <identifiers>
          <lisID>711</lisID>
          <bioguideId>L000491</bioguideId>
          <gpoId>8111</gpoId>
        </identifiers>
        <district>3</district>
        <sponsorshipDate>2021-03-26</sponsorshipDate>
        <isOriginalCosponsor>False</isOriginalCosponsor>
        <sponsorshipWithdrawnDate />
      </item>
      <item>
        <bioguideId>G000595</bioguideId>
        <fullName>Rep. Good, Bob [R-VA-5]</fullName>
        <firstName>Bob</firstName>
        <middleName />
        <lastName>Good</lastName>
        <party>R</party>
        <state>VA</state>
        <identifiers>
          <lisID>2538</lisID>
          <bioguideId>G000595</bioguideId>
          <gpoId />
        </identifiers>
        <district>5</district>
        <sponsorshipDate>2021-03-26</sponsorshipDate>
        <isOriginalCosponsor>False</isOriginalCosponsor>
        <sponsorshipWithdrawnDate />
      </item>
      <item>
        <bioguideId>J000299</bioguideId>
        <fullName>Rep. Johnson, Mike [R-LA-4]</fullName>
        <firstName>Mike</firstName>
        <middleName />
        <lastName>Johnson</lastName>
        <party>R</party>
        <state>LA</state>
        <identifiers>
          <lisID>2330</lisID>
          <bioguideId>J000299</bioguideId>
          <gpoId />
        </identifiers>
        <district>4</district>
        <sponsorshipDate>2021-03-26</sponsorshipDate>
        <isOriginalCosponsor>False</isOriginalCosponsor>
        <sponsorshipWithdrawnDate />
      </item>
      <item>
        <bioguideId>C001103</bioguideId>
        <fullName>Rep. Carter, Earl L. "Buddy" [R-GA-1]</fullName>
        <firstName>Earl</firstName>
        <middleName>L. "Buddy"</middleName>
        <lastName>Carter</lastName>
        <party>R</party>
        <state>GA</state>
        <identifiers>
          <lisID>2236</lisID>
          <bioguideId>C001103</bioguideId>
          <gpoId />
        </identifiers>
        <district>1</district>
        <sponsorshipDate>2021-04-05</sponsorshipDate>
        <isOriginalCosponsor>False</isOriginalCosponsor>
        <sponsorshipWithdrawnDate />
      </item>
      <item>
        <bioguideId>C001087</bioguideId>
        <fullName>Rep. Crawford, Eric A. "Rick" [R-AR-1]</fullName>
        <firstName>Eric</firstName>
        <middleName>A. "Rick"</middleName>
        <lastName>Crawford</lastName>
        <party>R</party>
        <state>AR</state>
        <identifiers>
          <lisID>1989</lisID>
          <bioguideId>C001087</bioguideId>
          <gpoId>7793</gpoId>
        </identifiers>
        <district>1</district>
        <sponsorshipDate>2021-04-05</sponsorshipDate>
        <isOriginalCosponsor>False</isOriginalCosponsor>
        <sponsorshipWithdrawnDate />
      </item>
      <item>
        <bioguideId>H001052</bioguideId>
        <fullName>Rep. Harris, Andy [R-MD-1]</fullName>
        <firstName>Andy</firstName>
        <middleName />
        <lastName>Harris</lastName>
        <party>R</party>
        <state>MD</state>
        <identifiers>
          <lisID>2026</lisID>
          <bioguideId>H001052</bioguideId>
          <gpoId>7976</gpoId>
        </identifiers>
        <district>1</district>
        <sponsorshipDate>2021-04-05</sponsorshipDate>
        <isOriginalCosponsor>False</isOriginalCosponsor>
        <sponsorshipWithdrawnDate />
      </item>
      <item>
        <bioguideId>B001274</bioguideId>
        <fullName>Rep. Brooks, Mo [R-AL-5]</fullName>
        <firstName>Mo</firstName>
        <middleName />
        <lastName>Brooks</lastName>
        <party>R</party>
        <state>AL</state>
        <identifiers>
          <lisID>1987</lisID>
          <bioguideId>B001274</bioguideId>
          <gpoId>7790</gpoId>
        </identifiers>
        <district>5</district>
        <sponsorshipDate>2021-04-05</sponsorshipDate>
        <isOriginalCosponsor>False</isOriginalCosponsor>
        <sponsorshipWithdrawnDate />
      </item>
      <item>
        <bioguideId>G000590</bioguideId>
        <fullName>Rep. Green, Mark E. [R-TN-7]</fullName>
        <firstName>Mark</firstName>
        <middleName>E.</middleName>
        <lastName>Green</lastName>
        <party>R</party>
        <state>TN</state>
        <identifiers>
          <lisID>2442</lisID>
          <bioguideId>G000590</bioguideId>
          <gpoId />
        </identifiers>
        <district>7</district>
        <sponsorshipDate>2021-04-26</sponsorshipDate>
        <isOriginalCosponsor>False</isOriginalCosponsor>
        <sponsorshipWithdrawnDate />
      </item>
      <item>
        <bioguideId>C001108</bioguideId>
        <fullName>Rep. Comer, James [R-KY-1]</fullName>
        <firstName>James</firstName>
        <middleName />
        <lastName>Comer</lastName>
        <party>R</party>
        <state>KY</state>
        <identifiers>
          <lisID>2297</lisID>
          <bioguideId>C001108</bioguideId>
          <gpoId />
        </identifiers>
        <district>1</district>
        <sponsorshipDate>2021-05-11</sponsorshipDate>
        <isOriginalCosponsor>False</isOriginalCosponsor>
        <sponsorshipWithdrawnDate />
      </item>
      <item>
        <bioguideId>L000595</bioguideId>
        <fullName>Rep. Letlow, Julia [R-LA-5]</fullName>
        <firstName>Julia</firstName>
        <middleName />
        <lastName>Letlow</lastName>
        <party>R</party>
        <state>LA</state>
        <identifiers>
          <lisID>2548</lisID>
          <bioguideId>L000595</bioguideId>
          <gpoId />
        </identifiers>
        <district>5</district>
        <sponsorshipDate>2021-05-25</sponsorshipDate>
        <isOriginalCosponsor>False</isOriginalCosponsor>
        <sponsorshipWithdrawnDate />
      </item>
      <item>
        <bioguideId>T000467</bioguideId>
        <fullName>Rep. Thompson, Glenn [R-PA-15]</fullName>
        <firstName>Glenn</firstName>
        <middleName />
        <lastName>Thompson</lastName>
        <party>R</party>
        <state>PA</state>
        <identifiers>
          <lisID>1952</lisID>
          <bioguideId>T000467</bioguideId>
          <gpoId>8123</gpoId>
        </identifiers>
        <district>15</district>
        <sponsorshipDate>2021-05-25</sponsorshipDate>
        <isOriginalCosponsor>False</isOriginalCosponsor>
        <sponsorshipWithdrawnDate />
      </item>
      <item>
        <bioguideId>F000446</bioguideId>
        <fullName>Rep. Feenstra, Randy [R-IA-4]</fullName>
        <firstName>Randy</firstName>
        <middleName />
        <lastName>Feenstra</lastName>
        <party>R</party>
        <state>IA</state>
        <identifiers>
          <lisID>2503</lisID>
          <bioguideId>F000446</bioguideId>
          <gpoId />
        </identifiers>
        <district>4</district>
        <sponsorshipDate>2021-06-11</sponsorshipDate>
        <isOriginalCosponsor>False</isOriginalCosponsor>
        <sponsorshipWithdrawnDate />
      </item>
      <item>
        <bioguideId>B001282</bioguideId>
        <fullName>Rep. Barr, Andy [R-KY-6]</fullName>
        <firstName>Andy</firstName>
        <middleName />
        <lastName>Barr</lastName>
        <party>R</party>
        <state>KY</state>
        <identifiers>
          <lisID>2131</lisID>
          <bioguideId>B001282</bioguideId>
          <gpoId />
        </identifiers>
        <district>6</district>
        <sponsorshipDate>2021-06-29</sponsorshipDate>
        <isOriginalCosponsor>False</isOriginalCosponsor>
        <sponsorshipWithdrawnDate />
      </item>
      <item>
        <bioguideId>M001195</bioguideId>
        <fullName>Rep. Mooney, Alexander X. [R-WV-2]</fullName>
        <firstName>Alexander</firstName>
        <middleName>X.</middleName>
        <lastName>Mooney</lastName>
        <party>R</party>
        <state>WV</state>
        <identifiers>
          <lisID>2277</lisID>
          <bioguideId>M001195</bioguideId>
          <gpoId />
        </identifiers>
        <district>2</district>
        <sponsorshipDate>2021-09-28</sponsorshipDate>
        <isOriginalCosponsor>False</isOriginalCosponsor>
        <sponsorshipWithdrawnDate />
      </item>
      <item>
        <bioguideId>B001309</bioguideId>
        <fullName>Rep. Burchett, Tim [R-TN-2]</fullName>
        <firstName>Tim</firstName>
        <middleName />
        <lastName>Burchett</lastName>
        <party>R</party>
        <state>TN</state>
        <identifiers>
          <lisID>2440</lisID>
          <bioguideId>B001309</bioguideId>
          <gpoId />
        </identifiers>
        <district>2</district>
        <sponsorshipDate>2021-10-05</sponsorshipDate>
        <isOriginalCosponsor>False</isOriginalCosponsor>
        <sponsorshipWithdrawnDate />
      </item>
      <item>
        <bioguideId>P000599</bioguideId>
        <fullName>Rep. Posey, Bill [R-FL-8]</fullName>
        <firstName>Bill</firstName>
        <middleName />
        <lastName>Posey</lastName>
        <party>R</party>
        <state>FL</state>
        <identifiers>
          <lisID>1915</lisID>
          <bioguideId>P000599</bioguideId>
          <gpoId>7887</gpoId>
        </identifiers>
        <district>8</district>
        <sponsorshipDate>2021-10-05</sponsorshipDate>
        <isOriginalCosponsor>False</isOriginalCosponsor>
        <sponsorshipWithdrawnDate />
      </item>
      <item>
        <bioguideId>H001086</bioguideId>
        <fullName>Rep. Harshbarger, Diana [R-TN-1]</fullName>
        <firstName>Diana</firstName>
        <middleName />
        <lastName>Harshbarger</lastName>
        <party>R</party>
        <state>TN</state>
        <identifiers>
          <lisID>2529</lisID>
          <bioguideId>H001086</bioguideId>
          <gpoId />
        </identifiers>
        <district>1</district>
        <sponsorshipDate>2021-10-15</sponsorshipDate>
        <isOriginalCosponsor>False</isOriginalCosponsor>
        <sponsorshipWithdrawnDate />
      </item>
      <item>
        <bioguideId>D000628</bioguideId>
        <fullName>Rep. Dunn, Neal P. [R-FL-2]</fullName>
        <firstName>Neal</firstName>
        <middleName>P.</middleName>
        <lastName>Dunn</lastName>
        <party>R</party>
        <state>FL</state>
        <identifiers>
          <lisID>2315</lisID>
          <bioguideId>D000628</bioguideId>
          <gpoId />
        </identifiers>
        <district>2</district>
        <sponsorshipDate>2021-10-19</sponsorshipDate>
        <isOriginalCosponsor>False</isOriginalCosponsor>
        <sponsorshipWithdrawnDate />
      </item>
      <item>
        <bioguideId>H001084</bioguideId>
        <fullName>Rep. Herrell, Yvette [R-NM-2]</fullName>
        <firstName>Yvette</firstName>
        <middleName />
        <lastName>Herrell</lastName>
        <party>R</party>
        <state>NM</state>
        <identifiers>
          <lisID>2519</lisID>
          <bioguideId>H001084</bioguideId>
          <gpoId />
        </identifiers>
        <district>2</district>
        <sponsorshipDate>2021-10-19</sponsorshipDate>
        <isOriginalCosponsor>False</isOriginalCosponsor>
        <sponsorshipWithdrawnDate />
      </item>
      <item>
        <bioguideId>L000266</bioguideId>
        <fullName>Rep. LaTurner, Jake [R-KS-2]</fullName>
        <firstName>Jake</firstName>
        <middleName />
        <lastName>LaTurner</lastName>
        <party>R</party>
        <state>KS</state>
        <identifiers>
          <lisID>2509</lisID>
          <bioguideId>L000266</bioguideId>
          <gpoId />
        </identifiers>
        <district>2</district>
        <sponsorshipDate>2021-10-19</sponsorshipDate>
        <isOriginalCosponsor>False</isOriginalCosponsor>
        <sponsorshipWithdrawnDate />
      </item>
      <item>
        <bioguideId>M001186</bioguideId>
        <fullName>Rep. Meijer, Peter [R-MI-3]</fullName>
        <firstName>Peter</firstName>
        <middleName />
        <lastName>Meijer</lastName>
        <party>R</party>
        <state>MI</state>
        <identifiers>
          <lisID>2511</lisID>
          <bioguideId>M001186</bioguideId>
          <gpoId />
        </identifiers>
        <district>3</district>
        <sponsorshipDate>2021-10-25</sponsorshipDate>
        <isOriginalCosponsor>False</isOriginalCosponsor>
        <sponsorshipWithdrawnDate />
      </item>
    </cosponsors>
    <cboCostEstimates />
    <laws />
    <notes />
    <policyArea>
      <name>Labor and Employment</name>
    </policyArea>
    <subjects>
      <billSubjects>
        <legislativeSubjects>
          <item>
            <name>Employment discrimination and employee rights</name>
          </item>
          <item>
            <name>Labor-management relations</name>
          </item>
          <item>
            <name>Railroads</name>
          </item>
          <item>
            <name>Transportation employees</name>
          </item>
        </legislativeSubjects>
        <policyArea>
          <name>Labor and Employment</name>
        </policyArea>
      </billSubjects>
    </subjects>
    <summaries>
      <billSummaries>
        <item>
          <versionCode>00</versionCode>
          <actionDate>2021-02-24</actionDate>
          <actionDesc>Introduced in House</actionDesc>
          <lastSummaryUpdateDate>2021-03-31T13:26:24Z</lastSummaryUpdateDate>
          <text><![CDATA[<p><strong>National Right-to-Work Act </strong></p> <p>This bill repeals those provisions of the National Labor Relations Act and the Railway Labor Act that permit employers to make an agreement with a labor union to require employees to join such union as a condition of employment. </p> <p>Currently, at least 27 states have enacted laws prohibiting employers from compelling employees to become members of a union as a condition of employment.</p>]]></text>
          <updateDate>2021-02-24T05:00:00Z</updateDate>
          <name>Introduced in House</name>
        </item>
      </billSummaries>
    </summaries>
    <title>National Right-to-Work Act</title>
    <titles>
      <item>
        <titleType>Short Title(s) as Introduced</titleType>
        <parentTitleType>Short Title</parentTitleType>
        <title>National Right-to-Work Act</title>
        <chamberCode />
        <chamberName />
      </item>
      <item>
        <titleType>Display Title</titleType>
        <parentTitleType />
        <title>National Right-to-Work Act</title>
        <chamberCode />
        <chamberName />
      </item>
      <item>
        <titleType>Official Title as Introduced</titleType>
        <parentTitleType />
        <title>To preserve and protect the free choice of individual employees to form, join, or assist labor organizations, or to refrain from such activities.</title>
        <chamberCode />
        <chamberName />
      </item>
    </titles>
    <amendments />
    <textVersions>
      <item>
        <type>Introduced in House</type>
        <date>2021-02-24T05:00:00Z</date>
        <formats>
          <item>
            <url>https://www.govinfo.gov/content/pkg/BILLS-117hr1275ih/xml/BILLS-117hr1275ih.xml</url>
          </item>
        </formats>
      </item>
    </textVersions>
    <latestAction>
      <actionDate>2021-02-24</actionDate>
      <text>Referred to the House Committee on Education and Labor.</text>
      <links />
    </latestAction>
    <calendarNumbers />
    <version>1.0.0</version>
  </bill>
  <dublinCore xmlns:dc="http://purl.org/dc/elements/1.1/">
    <dc:format>text/xml</dc:format>
    <dc:language>EN</dc:language>
    <dc:rights>Pursuant to Title 17 Section 105 of the United States Code, this file is not subject to copyright protection and is in the public domain.</dc:rights>
    <dc:contributor>Congressional Research Service, Library of Congress</dc:contributor>
    <dc:description>This file contains bill summaries and statuses for federal legislation. A bill summary describes the most significant provisions of a piece of legislation and details the effects the legislative text may have on current law and federal programs. Bill summaries are authored by the Congressional Research Service (CRS) of the Library of Congress. As stated in Public Law 91-510 (2 USC 166 (d)(6)), one of the duties of CRS is "to prepare summaries and digests of bills and resolutions of a public general nature introduced in the Senate or House of Representatives". For more information, refer to the User Guide that accompanies this file.</dc:description>
  </dublinCore>
</billStatus>

