<?xml version="1.0" encoding="UTF-8"?>
<billStatus>
  <bill>
    <billNumber>471</billNumber>
    <createDate>2021-01-26T08:12:12Z</createDate>
    <updateDate>2021-10-28T07:15:25Z</updateDate>
    <originChamber>House</originChamber>
    <billType>HR</billType>
    <introducedDate>2021-01-25</introducedDate>
    <congress>117</congress>
    <constitutionalAuthorityStatementText><![CDATA[<pre>[Congressional Record Volume 167, Number 17 (Thursday, January 28, 2021)][House]From the Congressional Record Online through the Government Publishing Office [<a href="https://www.gpo.gov">www.gpo.gov</a>]By Ms. SANCHEZ:H.J. Res. 22.Congress has the power to enact this legislation pursuantto the following:Article 1 Section 8ADDITIONAL SPONSORSUnder clause 7 of rule XII, sponsors were added to public bills andresolutions, as follows:H.R. 28: Mr. Chabot, Mr. Armstrong, Mrs. Fischbach, Mr.Lucas, Mr. Mast, and Mr. Womack.H.R. 40: Mr. Kahele, Ms. Roybal-Allard, Mr. Aguilar, Ms.Waters, Mr. Vela, Mr. Sires, and Mr. Huffman.H.R. 51: Mr. Mrvan and Ms. Davids of Kansas.H.R. 55: Ms. Ross, Mr. Lynch, Mr. Larsen of Washington, Mr.Thompson of California, Ms. Manning, Ms. Jayapal, Ms. Adams,Mr. Schneider, Mr. Veasey, and Ms. Wild.H.R. 77: Mr. Grothman.H.R. 78: Mr. Smith of New Jersey, Mr. Hice of Georgia, Mr.Bucshon, Mr. Burgess, and Mr. Norman.H.R. 97: Mrs. Hayes, Mr. Welch, Mr. Torres of New York, Mr.Cicilline, and Mr. Danny K. Davis of Illinois.H.R. 147: Mr. Ryan and Mr. Brown.H.R. 197: Mr. Brendan F. Boyle of Pennsylvania and Mr.Hastings.H.R. 217: Mr. Hice of Georgia.H.R. 235: Mr. Meeks and Mr. Torres of New York.H.R. 243: Mr. Armstrong.H.R. 255: Mr. Auchincloss, Mr. DeSaulnier, Mr. Schrader,and Ms. Chu.H.R. 256: Mr. Schrader and Ms. Chu.H.R. 262: Mr. Cicilline and Mr. Torres of New York.H.R. 265: Mr. Veasey.H.R. 275: Mr. Jacobs of New York, Ms. Herrera Beutler, Mr.McCaul, Mr. Joyce of Ohio, Mrs. Bice of Oklahoma, Mr.LaMalfa, Mrs. Steel, Mr. Hill, Mr. Garbarino, Mr. Pfluger,Mr. Gimenez, and Mrs. Cammack.H.R. 279: Mr. Neguse, Mr. Crow, and Mr. DeSaulnier.H.R. 289: Mr. Perry.H.R. 295: Mr. Cloud.H.R. 302: Mr. Costa.H.R. 304: Mr. Raskin, Mr. Lynch, Mr. Carson, Ms. Norton,and Mr. Kilmer.H.R. 305: Ms. Ross, Mr. Kind, and Mr. Michael F. Doyle ofPennsylvania.H.R. 322: Mr. Wilson of South Carolina.H.R. 326: Mr. Costa.H.R. 332: Mr. Stanton and Mrs. Wagner.H.R. 349: Ms. Williams of Georgia, Ms. Brownley, Ms. BluntRochester, and Mrs. Trahan.H.R. 359: Mr. Rodney Davis of Illinois.H.R. 369: Mrs. Hayes and Ms. Schrier.H.R. 377: Mr. Rice of South Carolina and Ms. Herrell.H.R. 378: Mr. Rice of South Carolina and Ms. Herrell.H.R. 384: Mr. Cohen, Ms. Mace, Mr. Huffman, Mr. Hastings,and Ms. Eshoo.H.R. 391: Mr. DeSaulnier, Mrs. Napolitano, Ms. Chu, Mr.Harder of California, Mr. Cohen, and Mrs. Fletcher.H.R. 392: Mr. Smith of Washington, Ms. Moore of Wisconsin,Mr. Sablan, and Mr. Sires.H.R. 398: Ms. Herrell.H.R. 407: Mr. Mast.H.R. 421: Ms. Plaskett, Mr. Rush, and Mr. Correa.H.R. 426: Mr. Hagedorn, Mr. Mooney, Mr. Green of Tennessee,Mr. Norman, and Mr. Davidson.H.R. 447: Mr. DeSaulnier, Mr. Courtney, Ms. Adams, Mrs.McBath, Mr. Kinzinger, Mr. Castro of Texas, Mr. Stivers, Mr.Morelle, Mr. Smith of Washington, Mr. Khanna, Mr. Sarbanes,Ms. Norton, Ms. Stevens, Mr. Grijalva, Ms. Blunt Rochester,Mr. Cardenas, Ms. Schakowsky, Ms. Jackson Lee, Mr.Krishnamoorthi, Mr. Danny K. Davis of Illinois, Mrs. Demings,Mr. Foster, Ms. Houlahan, Mr. Moulton, Mr. Kilmer, Ms. Meng,Mr. Gallego, Mr. Brown, Mr. Suozzi, Mr. Garamendi, Mr.Neguse, Ms. McCollum, Mr. Kildee, Mrs. Beatty, Mr. Carbajal,Ms. Craig, Mr. Trone, Ms. Waters, Mr. Casten, Mrs. Bustos,Mr. Langevin, Mr. Sires, Mr. Kahele, Mr. Ryan, Ms. Underwood,Mr. Stanton, Mr. Carson, Mr. David Scott of Georgia, Ms. Leeof California, Mrs. Dingell, Mrs. Axne, Mr. Horsford, and Mr.Lamb.H.R. 448: Mr. Jones.H.R. 449: Mrs. Miller of Illinois.H.R. 450: Mrs. Miller of Illinois.H.R. 452: Mr. Nunes and Mr. Joyce of Ohio.H.R. 465: Mr. Costa and Mr. Valadao.H.R. 471: Mr. Buck, Ms. Mace, Mr. Perry, Mr. Wright, Mr.Babin, Mr. Norman, and Mr. Gibbs.H.R. 472: Mr. Feenstra.H.R. 485: Mrs. Hayes, Mr. Castro of Texas, Ms. Wild, Mr.Takano, Mr. Morelle, Mrs. Trahan, Mr. Levin of Michigan, andMs. Adams.H.R. 488: Mr. Newhouse, Mr. Stewart,[...][Page H254]</pre>]]></constitutionalAuthorityStatementText>
    <recordedVotes />
    <committees>
      <billCommittees>
        <item>
          <systemCode>hsif00</systemCode>
          <name>Energy and Commerce Committee</name>
          <chamber>House</chamber>
          <type>Standing</type>
          <subcommittees>
            <item>
              <systemCode>hsif14</systemCode>
              <name>Health Subcommittee</name>
              <activities>
                <item>
                  <name>Referred to</name>
                  <date>2021-02-02T15:58:20Z</date>
                </item>
              </activities>
            </item>
          </subcommittees>
          <activities>
            <item>
              <name>Referred to</name>
              <date>2021-01-25T18:30:20Z</date>
            </item>
          </activities>
        </item>
      </billCommittees>
    </committees>
    <committeeReports />
    <relatedBills />
    <actions>
      <item>
        <actionDate>2021-02-02</actionDate>
        <committees>
          <item>
            <systemCode>hsif14</systemCode>
            <name>Health Subcommittee</name>
          </item>
        </committees>
        <links />
        <sourceSystem>
          <code>1</code>
          <name>House committee actions</name>
        </sourceSystem>
        <text>Referred to the Subcommittee on Health.</text>
        <type>Committee</type>
      </item>
      <item>
        <actionDate>2021-01-25</actionDate>
        <links />
        <text>Referred to the House Committee on Energy and Commerce.</text>
        <type>IntroReferral</type>
        <actionCode>H11100</actionCode>
        <sourceSystem>
          <code>2</code>
          <name>House floor actions</name>
        </sourceSystem>
        <committees>
          <item>
            <systemCode>hsif00</systemCode>
            <name>Energy and Commerce Committee</name>
          </item>
        </committees>
      </item>
      <item>
        <actionDate>2021-01-25</actionDate>
        <links />
        <text>Introduced in House</text>
        <type>IntroReferral</type>
        <actionCode>Intro-H</actionCode>
        <sourceSystem>
          <code>9</code>
          <name>Library of Congress</name>
        </sourceSystem>
        <committees />
      </item>
      <item>
        <actionDate>2021-01-25</actionDate>
        <links />
        <text>Introduced in House</text>
        <type>IntroReferral</type>
        <actionCode>1000</actionCode>
        <sourceSystem>
          <code>9</code>
          <name>Library of Congress</name>
        </sourceSystem>
        <committees />
      </item>
      <actionTypeCounts>
        <placeholderTextForH>1</placeholderTextForH>
        <billReferrals>1</billReferrals>
        <introducedInTheHouse>1</introducedInTheHouse>
        <introducedInHouse>1</introducedInHouse>
      </actionTypeCounts>
      <actionByCounts>
        <houseOfRepresentatives>4</houseOfRepresentatives>
      </actionByCounts>
    </actions>
    <sponsors>
      <item>
        <bioguideId>H001084</bioguideId>
        <fullName>Rep. Herrell, Yvette [R-NM-2]</fullName>
        <firstName>Yvette</firstName>
        <middleName />
        <lastName>Herrell</lastName>
        <party>R</party>
        <state>NM</state>
        <identifiers>
          <lisID>2519</lisID>
          <bioguideId>H001084</bioguideId>
          <gpoId />
        </identifiers>
        <district>2</district>
        <byRequestType />
      </item>
    </sponsors>
    <cosponsors>
      <item>
        <bioguideId>S001214</bioguideId>
        <fullName>Rep. Steube, W. Gregory [R-FL-17]</fullName>
        <firstName>W.</firstName>
        <middleName>Gregory</middleName>
        <lastName>Steube</lastName>
        <party>R</party>
        <state>FL</state>
        <identifiers>
          <lisID>2389</lisID>
          <bioguideId>S001214</bioguideId>
          <gpoId />
        </identifiers>
        <district>17</district>
        <sponsorshipDate>2021-01-25</sponsorshipDate>
        <isOriginalCosponsor>True</isOriginalCosponsor>
        <sponsorshipWithdrawnDate />
      </item>
      <item>
        <bioguideId>B001302</bioguideId>
        <fullName>Rep. Biggs, Andy [R-AZ-5]</fullName>
        <firstName>Andy</firstName>
        <middleName />
        <lastName>Biggs</lastName>
        <party>R</party>
        <state>AZ</state>
        <identifiers>
          <lisID>2307</lisID>
          <bioguideId>B001302</bioguideId>
          <gpoId />
        </identifiers>
        <district>5</district>
        <sponsorshipDate>2021-01-25</sponsorshipDate>
        <isOriginalCosponsor>True</isOriginalCosponsor>
        <sponsorshipWithdrawnDate />
      </item>
      <item>
        <bioguideId>O000086</bioguideId>
        <fullName>Rep. Owens, Burgess [R-UT-4]</fullName>
        <firstName>Burgess</firstName>
        <middleName />
        <lastName>Owens</lastName>
        <party>R</party>
        <state>UT</state>
        <identifiers>
          <lisID>2537</lisID>
          <bioguideId>O000086</bioguideId>
          <gpoId />
        </identifiers>
        <district>4</district>
        <sponsorshipDate>2021-01-25</sponsorshipDate>
        <isOriginalCosponsor>True</isOriginalCosponsor>
        <sponsorshipWithdrawnDate />
      </item>
      <item>
        <bioguideId>B001309</bioguideId>
        <fullName>Rep. Burchett, Tim [R-TN-2]</fullName>
        <firstName>Tim</firstName>
        <middleName />
        <lastName>Burchett</lastName>
        <party>R</party>
        <state>TN</state>
        <identifiers>
          <lisID>2440</lisID>
          <bioguideId>B001309</bioguideId>
          <gpoId />
        </identifiers>
        <district>2</district>
        <sponsorshipDate>2021-01-25</sponsorshipDate>
        <isOriginalCosponsor>True</isOriginalCosponsor>
        <sponsorshipWithdrawnDate />
      </item>
      <item>
        <bioguideId>G000596</bioguideId>
        <fullName>Rep. Greene, Marjorie Taylor [R-GA-14]</fullName>
        <firstName>Marjorie</firstName>
        <middleName>Taylor</middleName>
        <lastName>Greene</lastName>
        <party>R</party>
        <state>GA</state>
        <identifiers>
          <lisID>2499</lisID>
          <bioguideId>G000596</bioguideId>
          <gpoId />
        </identifiers>
        <district>14</district>
        <sponsorshipDate>2021-01-25</sponsorshipDate>
        <isOriginalCosponsor>True</isOriginalCosponsor>
        <sponsorshipWithdrawnDate />
      </item>
      <item>
        <bioguideId>H001086</bioguideId>
        <fullName>Rep. Harshbarger, Diana [R-TN-1]</fullName>
        <firstName>Diana</firstName>
        <middleName />
        <lastName>Harshbarger</lastName>
        <party>R</party>
        <state>TN</state>
        <identifiers>
          <lisID>2529</lisID>
          <bioguideId>H001086</bioguideId>
          <gpoId />
        </identifiers>
        <district>1</district>
        <sponsorshipDate>2021-01-25</sponsorshipDate>
        <isOriginalCosponsor>True</isOriginalCosponsor>
        <sponsorshipWithdrawnDate />
      </item>
      <item>
        <bioguideId>B001311</bioguideId>
        <fullName>Rep. Bishop, Dan [R-NC-9]</fullName>
        <firstName>Dan</firstName>
        <middleName />
        <lastName>Bishop</lastName>
        <party>R</party>
        <state>NC</state>
        <identifiers>
          <lisID>2473</lisID>
          <bioguideId>B001311</bioguideId>
          <gpoId />
        </identifiers>
        <district>9</district>
        <sponsorshipDate>2021-01-25</sponsorshipDate>
        <isOriginalCosponsor>True</isOriginalCosponsor>
        <sponsorshipWithdrawnDate />
      </item>
      <item>
        <bioguideId>F000472</bioguideId>
        <fullName>Rep. Franklin, C. Scott [R-FL-15]</fullName>
        <firstName>C.</firstName>
        <middleName>Scott</middleName>
        <lastName>Franklin</lastName>
        <party>R</party>
        <state>FL</state>
        <identifiers>
          <lisID>2492</lisID>
          <bioguideId>F000472</bioguideId>
          <gpoId />
        </identifiers>
        <district>15</district>
        <sponsorshipDate>2021-01-25</sponsorshipDate>
        <isOriginalCosponsor>True</isOriginalCosponsor>
        <sponsorshipWithdrawnDate />
      </item>
      <item>
        <bioguideId>M001212</bioguideId>
        <fullName>Rep. Moore, Barry [R-AL-2]</fullName>
        <firstName>Barry</firstName>
        <middleName />
        <lastName>Moore</lastName>
        <party>R</party>
        <state>AL</state>
        <identifiers>
          <lisID>2485</lisID>
          <bioguideId>M001212</bioguideId>
          <gpoId />
        </identifiers>
        <district>2</district>
        <sponsorshipDate>2021-01-25</sponsorshipDate>
        <isOriginalCosponsor>True</isOriginalCosponsor>
        <sponsorshipWithdrawnDate />
      </item>
      <item>
        <bioguideId>C000059</bioguideId>
        <fullName>Rep. Calvert, Ken [R-CA-42]</fullName>
        <firstName>KEN</firstName>
        <middleName />
        <lastName>CALVERT</lastName>
        <party>R</party>
        <state>CA</state>
        <identifiers>
          <lisID>165</lisID>
          <bioguideId>C000059</bioguideId>
          <gpoId>7849</gpoId>
        </identifiers>
        <district>42</district>
        <sponsorshipDate>2021-01-25</sponsorshipDate>
        <isOriginalCosponsor>True</isOriginalCosponsor>
        <sponsorshipWithdrawnDate />
      </item>
      <item>
        <bioguideId>F000246</bioguideId>
        <fullName>Rep. Fallon, Pat [R-TX-4]</fullName>
        <firstName>Pat</firstName>
        <middleName />
        <lastName>Fallon</lastName>
        <party>R</party>
        <state>TX</state>
        <identifiers>
          <lisID>2530</lisID>
          <bioguideId>F000246</bioguideId>
          <gpoId />
        </identifiers>
        <district>4</district>
        <sponsorshipDate>2021-01-25</sponsorshipDate>
        <isOriginalCosponsor>True</isOriginalCosponsor>
        <sponsorshipWithdrawnDate />
      </item>
      <item>
        <bioguideId>C001054</bioguideId>
        <fullName>Rep. Carl, Jerry L. [R-AL-1]</fullName>
        <firstName>Jerry</firstName>
        <middleName>L.</middleName>
        <lastName>Carl</lastName>
        <party>R</party>
        <state>AL</state>
        <identifiers>
          <lisID>2541</lisID>
          <bioguideId>C001054</bioguideId>
          <gpoId />
        </identifiers>
        <district>1</district>
        <sponsorshipDate>2021-01-25</sponsorshipDate>
        <isOriginalCosponsor>True</isOriginalCosponsor>
        <sponsorshipWithdrawnDate />
      </item>
      <item>
        <bioguideId>B000825</bioguideId>
        <fullName>Rep. Boebert, Lauren [R-CO-3]</fullName>
        <firstName>Lauren</firstName>
        <middleName />
        <lastName>Boebert</lastName>
        <party>R</party>
        <state>CO</state>
        <identifiers>
          <lisID>2490</lisID>
          <bioguideId>B000825</bioguideId>
          <gpoId />
        </identifiers>
        <district>3</district>
        <sponsorshipDate>2021-01-25</sponsorshipDate>
        <isOriginalCosponsor>True</isOriginalCosponsor>
        <sponsorshipWithdrawnDate />
      </item>
      <item>
        <bioguideId>A000375</bioguideId>
        <fullName>Rep. Arrington, Jodey C. [R-TX-19]</fullName>
        <firstName>Jodey</firstName>
        <middleName>C.</middleName>
        <lastName>Arrington</lastName>
        <party>R</party>
        <state>TX</state>
        <identifiers>
          <lisID>2350</lisID>
          <bioguideId>A000375</bioguideId>
          <gpoId />
        </identifiers>
        <district>19</district>
        <sponsorshipDate>2021-01-25</sponsorshipDate>
        <isOriginalCosponsor>True</isOriginalCosponsor>
        <sponsorshipWithdrawnDate />
      </item>
      <item>
        <bioguideId>G000595</bioguideId>
        <fullName>Rep. Good, Bob [R-VA-5]</fullName>
        <firstName>Bob</firstName>
        <middleName />
        <lastName>Good</lastName>
        <party>R</party>
        <state>VA</state>
        <identifiers>
          <lisID>2538</lisID>
          <bioguideId>G000595</bioguideId>
          <gpoId />
        </identifiers>
        <district>5</district>
        <sponsorshipDate>2021-01-25</sponsorshipDate>
        <isOriginalCosponsor>True</isOriginalCosponsor>
        <sponsorshipWithdrawnDate />
      </item>
      <item>
        <bioguideId>M001215</bioguideId>
        <fullName>Rep. Miller-Meeks, Mariannette [R-IA-2]</fullName>
        <firstName>Mariannette</firstName>
        <middleName />
        <lastName>Miller-Meeks</lastName>
        <party>R</party>
        <state>IA</state>
        <identifiers>
          <lisID>2502</lisID>
          <bioguideId>M001215</bioguideId>
          <gpoId />
        </identifiers>
        <district>2</district>
        <sponsorshipDate>2021-01-25</sponsorshipDate>
        <isOriginalCosponsor>True</isOriginalCosponsor>
        <sponsorshipWithdrawnDate />
      </item>
      <item>
        <bioguideId>H001091</bioguideId>
        <fullName>Rep. Hinson, Ashley [R-IA-1]</fullName>
        <firstName>Ashley</firstName>
        <middleName />
        <lastName>Hinson</lastName>
        <party>R</party>
        <state>IA</state>
        <identifiers>
          <lisID>2501</lisID>
          <bioguideId>H001091</bioguideId>
          <gpoId />
        </identifiers>
        <district>1</district>
        <sponsorshipDate>2021-01-25</sponsorshipDate>
        <isOriginalCosponsor>True</isOriginalCosponsor>
        <sponsorshipWithdrawnDate />
      </item>
      <item>
        <bioguideId>W000795</bioguideId>
        <fullName>Rep. Wilson, Joe [R-SC-2]</fullName>
        <firstName>Joe</firstName>
        <middleName />
        <lastName>Wilson</lastName>
        <party>R</party>
        <state>SC</state>
        <identifiers>
          <lisID>1688</lisID>
          <bioguideId>W000795</bioguideId>
          <gpoId>8142</gpoId>
        </identifiers>
        <district>2</district>
        <sponsorshipDate>2021-01-25</sponsorshipDate>
        <isOriginalCosponsor>True</isOriginalCosponsor>
        <sponsorshipWithdrawnDate />
      </item>
      <item>
        <bioguideId>B001274</bioguideId>
        <fullName>Rep. Brooks, Mo [R-AL-5]</fullName>
        <firstName>Mo</firstName>
        <middleName />
        <lastName>Brooks</lastName>
        <party>R</party>
        <state>AL</state>
        <identifiers>
          <lisID>1987</lisID>
          <bioguideId>B001274</bioguideId>
          <gpoId>7790</gpoId>
        </identifiers>
        <district>5</district>
        <sponsorshipDate>2021-01-25</sponsorshipDate>
        <isOriginalCosponsor>True</isOriginalCosponsor>
        <sponsorshipWithdrawnDate />
      </item>
      <item>
        <bioguideId>M001211</bioguideId>
        <fullName>Rep. Miller, Mary E. [R-IL-15]</fullName>
        <firstName>Mary</firstName>
        <middleName>E.</middleName>
        <lastName>Miller</lastName>
        <party>R</party>
        <state>IL</state>
        <identifiers>
          <lisID>2505</lisID>
          <bioguideId>M001211</bioguideId>
          <gpoId />
        </identifiers>
        <district>15</district>
        <sponsorshipDate>2021-01-25</sponsorshipDate>
        <isOriginalCosponsor>True</isOriginalCosponsor>
        <sponsorshipWithdrawnDate />
      </item>
      <item>
        <bioguideId>S000250</bioguideId>
        <fullName>Rep. Sessions, Pete [R-TX-17]</fullName>
        <firstName>PETE</firstName>
        <middleName />
        <lastName>SESSIONS</lastName>
        <party>R</party>
        <state>TX</state>
        <identifiers>
          <lisID>1525</lisID>
          <bioguideId>S000250</bioguideId>
          <gpoId>8188</gpoId>
        </identifiers>
        <district>17</district>
        <sponsorshipDate>2021-01-25</sponsorshipDate>
        <isOriginalCosponsor>True</isOriginalCosponsor>
        <sponsorshipWithdrawnDate />
      </item>
      <item>
        <bioguideId>G000552</bioguideId>
        <fullName>Rep. Gohmert, Louie [R-TX-1]</fullName>
        <firstName>Louie</firstName>
        <middleName />
        <lastName>Gohmert</lastName>
        <party>R</party>
        <state>TX</state>
        <identifiers>
          <lisID>1801</lisID>
          <bioguideId>G000552</bioguideId>
          <gpoId>8157</gpoId>
        </identifiers>
        <district>1</district>
        <sponsorshipDate>2021-01-25</sponsorshipDate>
        <isOriginalCosponsor>True</isOriginalCosponsor>
        <sponsorshipWithdrawnDate />
      </item>
      <item>
        <bioguideId>G000565</bioguideId>
        <fullName>Rep. Gosar, Paul A. [R-AZ-4]</fullName>
        <firstName>Paul</firstName>
        <middleName>A.</middleName>
        <lastName>Gosar</lastName>
        <party>R</party>
        <state>AZ</state>
        <identifiers>
          <lisID>1992</lisID>
          <bioguideId>G000565</bioguideId>
          <gpoId>7798</gpoId>
        </identifiers>
        <district>4</district>
        <sponsorshipDate>2021-01-25</sponsorshipDate>
        <isOriginalCosponsor>True</isOriginalCosponsor>
        <sponsorshipWithdrawnDate />
      </item>
      <item>
        <bioguideId>G000578</bioguideId>
        <fullName>Rep. Gaetz, Matt [R-FL-1]</fullName>
        <firstName>Matt</firstName>
        <middleName />
        <lastName>Gaetz</lastName>
        <party>R</party>
        <state>FL</state>
        <identifiers>
          <lisID>2314</lisID>
          <bioguideId>G000578</bioguideId>
          <gpoId />
        </identifiers>
        <district>1</district>
        <sponsorshipDate>2021-01-25</sponsorshipDate>
        <isOriginalCosponsor>True</isOriginalCosponsor>
        <sponsorshipWithdrawnDate />
      </item>
      <item>
        <bioguideId>C001104</bioguideId>
        <fullName>Rep. Cawthorn, Madison [R-NC-11]</fullName>
        <firstName>Madison</firstName>
        <middleName />
        <lastName>Cawthorn</lastName>
        <party>R</party>
        <state>NC</state>
        <identifiers>
          <lisID>2518</lisID>
          <bioguideId>C001104</bioguideId>
          <gpoId />
        </identifiers>
        <district>11</district>
        <sponsorshipDate>2021-01-25</sponsorshipDate>
        <isOriginalCosponsor>True</isOriginalCosponsor>
        <sponsorshipWithdrawnDate />
      </item>
      <item>
        <bioguideId>B001297</bioguideId>
        <fullName>Rep. Buck, Ken [R-CO-4]</fullName>
        <firstName>Ken</firstName>
        <middleName />
        <lastName>Buck</lastName>
        <party>R</party>
        <state>CO</state>
        <identifiers>
          <lisID>2233</lisID>
          <bioguideId>B001297</bioguideId>
          <gpoId />
        </identifiers>
        <district>4</district>
        <sponsorshipDate>2021-01-28</sponsorshipDate>
        <isOriginalCosponsor>False</isOriginalCosponsor>
        <sponsorshipWithdrawnDate />
      </item>
      <item>
        <bioguideId>M000194</bioguideId>
        <fullName>Rep. Mace, Nancy [R-SC-1]</fullName>
        <firstName>Nancy</firstName>
        <middleName />
        <lastName>Mace</lastName>
        <party>R</party>
        <state>SC</state>
        <identifiers>
          <lisID>2528</lisID>
          <bioguideId>M000194</bioguideId>
          <gpoId />
        </identifiers>
        <district>1</district>
        <sponsorshipDate>2021-01-28</sponsorshipDate>
        <isOriginalCosponsor>False</isOriginalCosponsor>
        <sponsorshipWithdrawnDate />
      </item>
      <item>
        <bioguideId>P000605</bioguideId>
        <fullName>Rep. Perry, Scott [R-PA-10]</fullName>
        <firstName>Scott</firstName>
        <middleName />
        <lastName>Perry</lastName>
        <party>R</party>
        <state>PA</state>
        <identifiers>
          <lisID>2157</lisID>
          <bioguideId>P000605</bioguideId>
          <gpoId />
        </identifiers>
        <district>10</district>
        <sponsorshipDate>2021-01-28</sponsorshipDate>
        <isOriginalCosponsor>False</isOriginalCosponsor>
        <sponsorshipWithdrawnDate />
      </item>
      <item>
        <bioguideId>W000827</bioguideId>
        <fullName>Rep. Wright, Ron [R-TX-6]</fullName>
        <firstName>Ron</firstName>
        <middleName />
        <lastName>Wright</lastName>
        <party>R</party>
        <state>TX</state>
        <identifiers>
          <lisID>2446</lisID>
          <bioguideId>W000827</bioguideId>
          <gpoId />
        </identifiers>
        <district>6</district>
        <sponsorshipDate>2021-01-28</sponsorshipDate>
        <isOriginalCosponsor>False</isOriginalCosponsor>
        <sponsorshipWithdrawnDate />
      </item>
      <item>
        <bioguideId>B001291</bioguideId>
        <fullName>Rep. Babin, Brian [R-TX-36]</fullName>
        <firstName>Brian</firstName>
        <middleName />
        <lastName>Babin</lastName>
        <party>R</party>
        <state>TX</state>
        <identifiers>
          <lisID>2270</lisID>
          <bioguideId>B001291</bioguideId>
          <gpoId />
        </identifiers>
        <district>36</district>
        <sponsorshipDate>2021-01-28</sponsorshipDate>
        <isOriginalCosponsor>False</isOriginalCosponsor>
        <sponsorshipWithdrawnDate />
      </item>
      <item>
        <bioguideId>N000190</bioguideId>
        <fullName>Rep. Norman, Ralph [R-SC-5]</fullName>
        <firstName>Ralph</firstName>
        <middleName />
        <lastName>Norman</lastName>
        <party>R</party>
        <state>SC</state>
        <identifiers>
          <lisID>2361</lisID>
          <bioguideId>N000190</bioguideId>
          <gpoId />
        </identifiers>
        <district>5</district>
        <sponsorshipDate>2021-01-28</sponsorshipDate>
        <isOriginalCosponsor>False</isOriginalCosponsor>
        <sponsorshipWithdrawnDate />
      </item>
      <item>
        <bioguideId>G000563</bioguideId>
        <fullName>Rep. Gibbs, Bob [R-OH-7]</fullName>
        <firstName>Bob</firstName>
        <middleName />
        <lastName>Gibbs</lastName>
        <party>R</party>
        <state>OH</state>
        <identifiers>
          <lisID>2049</lisID>
          <bioguideId>G000563</bioguideId>
          <gpoId>8108</gpoId>
        </identifiers>
        <district>7</district>
        <sponsorshipDate>2021-01-28</sponsorshipDate>
        <isOriginalCosponsor>False</isOriginalCosponsor>
        <sponsorshipWithdrawnDate />
      </item>
      <item>
        <bioguideId>R000614</bioguideId>
        <fullName>Rep. Roy, Chip [R-TX-21]</fullName>
        <firstName>Chip</firstName>
        <middleName />
        <lastName>Roy</lastName>
        <party>R</party>
        <state>TX</state>
        <identifiers>
          <lisID>2449</lisID>
          <bioguideId>R000614</bioguideId>
          <gpoId />
        </identifiers>
        <district>21</district>
        <sponsorshipDate>2021-02-04</sponsorshipDate>
        <isOriginalCosponsor>False</isOriginalCosponsor>
        <sponsorshipWithdrawnDate />
      </item>
      <item>
        <bioguideId>M001190</bioguideId>
        <fullName>Rep. Mullin, Markwayne [R-OK-2]</fullName>
        <firstName>Markwayne</firstName>
        <middleName />
        <lastName>Mullin</lastName>
        <party>R</party>
        <state>OK</state>
        <identifiers>
          <lisID>2156</lisID>
          <bioguideId>M001190</bioguideId>
          <gpoId />
        </identifiers>
        <district>2</district>
        <sponsorshipDate>2021-02-18</sponsorshipDate>
        <isOriginalCosponsor>False</isOriginalCosponsor>
        <sponsorshipWithdrawnDate />
      </item>
      <item>
        <bioguideId>C001115</bioguideId>
        <fullName>Rep. Cloud, Michael [R-TX-27]</fullName>
        <firstName>Michael</firstName>
        <middleName />
        <lastName>Cloud</lastName>
        <party>R</party>
        <state>TX</state>
        <identifiers>
          <lisID>2369</lisID>
          <bioguideId>C001115</bioguideId>
          <gpoId />
        </identifiers>
        <district>27</district>
        <sponsorshipDate>2021-02-18</sponsorshipDate>
        <isOriginalCosponsor>False</isOriginalCosponsor>
        <sponsorshipWithdrawnDate />
      </item>
      <item>
        <bioguideId>H001071</bioguideId>
        <fullName>Rep. Hice, Jody B. [R-GA-10]</fullName>
        <firstName>Jody</firstName>
        <middleName>B.</middleName>
        <lastName>Hice</lastName>
        <party>R</party>
        <state>GA</state>
        <identifiers>
          <lisID>2237</lisID>
          <bioguideId>H001071</bioguideId>
          <gpoId />
        </identifiers>
        <district>10</district>
        <sponsorshipDate>2021-02-23</sponsorshipDate>
        <isOriginalCosponsor>False</isOriginalCosponsor>
        <sponsorshipWithdrawnDate />
      </item>
      <item>
        <bioguideId>J000304</bioguideId>
        <fullName>Rep. Jackson, Ronny [R-TX-13]</fullName>
        <firstName>Ronny</firstName>
        <middleName />
        <lastName>Jackson</lastName>
        <party>R</party>
        <state>TX</state>
        <identifiers>
          <lisID>2532</lisID>
          <bioguideId>J000304</bioguideId>
          <gpoId />
        </identifiers>
        <district>13</district>
        <sponsorshipDate>2021-02-23</sponsorshipDate>
        <isOriginalCosponsor>False</isOriginalCosponsor>
        <sponsorshipWithdrawnDate />
      </item>
      <item>
        <bioguideId>P000599</bioguideId>
        <fullName>Rep. Posey, Bill [R-FL-8]</fullName>
        <firstName>Bill</firstName>
        <middleName />
        <lastName>Posey</lastName>
        <party>R</party>
        <state>FL</state>
        <identifiers>
          <lisID>1915</lisID>
          <bioguideId>P000599</bioguideId>
          <gpoId>7887</gpoId>
        </identifiers>
        <district>8</district>
        <sponsorshipDate>2021-02-23</sponsorshipDate>
        <isOriginalCosponsor>False</isOriginalCosponsor>
        <sponsorshipWithdrawnDate />
      </item>
      <item>
        <bioguideId>R000612</bioguideId>
        <fullName>Rep. Rose, John W. [R-TN-6]</fullName>
        <firstName>John</firstName>
        <middleName>W.</middleName>
        <lastName>Rose</lastName>
        <party>R</party>
        <state>TN</state>
        <identifiers>
          <lisID>2441</lisID>
          <bioguideId>R000612</bioguideId>
          <gpoId />
        </identifiers>
        <district>6</district>
        <sponsorshipDate>2021-02-23</sponsorshipDate>
        <isOriginalCosponsor>False</isOriginalCosponsor>
        <sponsorshipWithdrawnDate />
      </item>
      <item>
        <bioguideId>M001177</bioguideId>
        <fullName>Rep. McClintock, Tom [R-CA-4]</fullName>
        <firstName>Tom</firstName>
        <middleName />
        <lastName>McClintock</lastName>
        <party>R</party>
        <state>CA</state>
        <identifiers>
          <lisID>1908</lisID>
          <bioguideId>M001177</bioguideId>
          <gpoId>7809</gpoId>
        </identifiers>
        <district>4</district>
        <sponsorshipDate>2021-03-01</sponsorshipDate>
        <isOriginalCosponsor>False</isOriginalCosponsor>
        <sponsorshipWithdrawnDate />
      </item>
      <item>
        <bioguideId>L000578</bioguideId>
        <fullName>Rep. LaMalfa, Doug [R-CA-1]</fullName>
        <firstName>Doug</firstName>
        <middleName />
        <lastName>LaMalfa</lastName>
        <party>R</party>
        <state>CA</state>
        <identifiers>
          <lisID>2100</lisID>
          <bioguideId>L000578</bioguideId>
          <gpoId />
        </identifiers>
        <district>1</district>
        <sponsorshipDate>2021-03-03</sponsorshipDate>
        <isOriginalCosponsor>False</isOriginalCosponsor>
        <sponsorshipWithdrawnDate />
      </item>
      <item>
        <bioguideId>C001051</bioguideId>
        <fullName>Rep. Carter, John R. [R-TX-31]</fullName>
        <firstName>John</firstName>
        <middleName>R.</middleName>
        <lastName>Carter</lastName>
        <party>R</party>
        <state>TX</state>
        <identifiers>
          <lisID>1752</lisID>
          <bioguideId>C001051</bioguideId>
          <gpoId>8187</gpoId>
        </identifiers>
        <district>31</district>
        <sponsorshipDate>2021-03-08</sponsorshipDate>
        <isOriginalCosponsor>False</isOriginalCosponsor>
        <sponsorshipWithdrawnDate />
      </item>
      <item>
        <bioguideId>B001248</bioguideId>
        <fullName>Rep. Burgess, Michael C. [R-TX-26]</fullName>
        <firstName>Michael</firstName>
        <middleName>C.</middleName>
        <lastName>Burgess</lastName>
        <party>R</party>
        <state>TX</state>
        <identifiers>
          <lisID>1751</lisID>
          <bioguideId>B001248</bioguideId>
          <gpoId>8182</gpoId>
        </identifiers>
        <district>26</district>
        <sponsorshipDate>2021-03-08</sponsorshipDate>
        <isOriginalCosponsor>False</isOriginalCosponsor>
        <sponsorshipWithdrawnDate />
      </item>
      <item>
        <bioguideId>N000026</bioguideId>
        <fullName>Rep. Nehls, Troy E. [R-TX-22]</fullName>
        <firstName>Troy</firstName>
        <middleName>E.</middleName>
        <lastName>Nehls</lastName>
        <party>R</party>
        <state>TX</state>
        <identifiers>
          <lisID>2533</lisID>
          <bioguideId>N000026</bioguideId>
          <gpoId />
        </identifiers>
        <district>22</district>
        <sponsorshipDate>2021-03-09</sponsorshipDate>
        <isOriginalCosponsor>False</isOriginalCosponsor>
        <sponsorshipWithdrawnDate />
      </item>
      <item>
        <bioguideId>G000576</bioguideId>
        <fullName>Rep. Grothman, Glenn [R-WI-6]</fullName>
        <firstName>Glenn</firstName>
        <middleName />
        <lastName>Grothman</lastName>
        <party>R</party>
        <state>WI</state>
        <identifiers>
          <lisID>2276</lisID>
          <bioguideId>G000576</bioguideId>
          <gpoId />
        </identifiers>
        <district>6</district>
        <sponsorshipDate>2021-04-15</sponsorshipDate>
        <isOriginalCosponsor>False</isOriginalCosponsor>
        <sponsorshipWithdrawnDate />
      </item>
      <item>
        <bioguideId>H001082</bioguideId>
        <fullName>Rep. Hern, Kevin [R-OK-1]</fullName>
        <firstName>Kevin</firstName>
        <middleName />
        <lastName>Hern</lastName>
        <party>R</party>
        <state>OK</state>
        <identifiers>
          <lisID>2372</lisID>
          <bioguideId>H001082</bioguideId>
          <gpoId />
        </identifiers>
        <district>1</district>
        <sponsorshipDate>2021-04-16</sponsorshipDate>
        <isOriginalCosponsor>False</isOriginalCosponsor>
        <sponsorshipWithdrawnDate />
      </item>
      <item>
        <bioguideId>T000479</bioguideId>
        <fullName>Rep. Taylor, Van [R-TX-3]</fullName>
        <firstName>Van</firstName>
        <middleName />
        <lastName>Taylor</lastName>
        <party>R</party>
        <state>TX</state>
        <identifiers>
          <lisID>2444</lisID>
          <bioguideId>T000479</bioguideId>
          <gpoId />
        </identifiers>
        <district>3</district>
        <sponsorshipDate>2021-04-20</sponsorshipDate>
        <isOriginalCosponsor>False</isOriginalCosponsor>
        <sponsorshipWithdrawnDate />
      </item>
      <item>
        <bioguideId>B001305</bioguideId>
        <fullName>Rep. Budd, Ted [R-NC-13]</fullName>
        <firstName>Ted</firstName>
        <middleName />
        <lastName>Budd</lastName>
        <party>R</party>
        <state>NC</state>
        <identifiers>
          <lisID>2336</lisID>
          <bioguideId>B001305</bioguideId>
          <gpoId />
        </identifiers>
        <district>13</district>
        <sponsorshipDate>2021-04-20</sponsorshipDate>
        <isOriginalCosponsor>False</isOriginalCosponsor>
        <sponsorshipWithdrawnDate />
      </item>
      <item>
        <bioguideId>W000816</bioguideId>
        <fullName>Rep. Williams, Roger [R-TX-25]</fullName>
        <firstName>Roger</firstName>
        <middleName />
        <lastName>Williams</lastName>
        <party>R</party>
        <state>TX</state>
        <identifiers>
          <lisID>2165</lisID>
          <bioguideId>W000816</bioguideId>
          <gpoId />
        </identifiers>
        <district>25</district>
        <sponsorshipDate>2021-04-20</sponsorshipDate>
        <isOriginalCosponsor>False</isOriginalCosponsor>
        <sponsorshipWithdrawnDate />
      </item>
      <item>
        <bioguideId>G000568</bioguideId>
        <fullName>Rep. Griffith, H. Morgan [R-VA-9]</fullName>
        <firstName>H.</firstName>
        <middleName>Morgan</middleName>
        <lastName>Griffith</lastName>
        <party>R</party>
        <state>VA</state>
        <identifiers>
          <lisID>2070</lisID>
          <bioguideId>G000568</bioguideId>
          <gpoId>8200</gpoId>
        </identifiers>
        <district>9</district>
        <sponsorshipDate>2021-04-21</sponsorshipDate>
        <isOriginalCosponsor>False</isOriginalCosponsor>
        <sponsorshipWithdrawnDate />
      </item>
      <item>
        <bioguideId>L000266</bioguideId>
        <fullName>Rep. LaTurner, Jake [R-KS-2]</fullName>
        <firstName>Jake</firstName>
        <middleName />
        <lastName>LaTurner</lastName>
        <party>R</party>
        <state>KS</state>
        <identifiers>
          <lisID>2509</lisID>
          <bioguideId>L000266</bioguideId>
          <gpoId />
        </identifiers>
        <district>2</district>
        <sponsorshipDate>2021-04-21</sponsorshipDate>
        <isOriginalCosponsor>False</isOriginalCosponsor>
        <sponsorshipWithdrawnDate />
      </item>
      <item>
        <bioguideId>W000812</bioguideId>
        <fullName>Rep. Wagner, Ann [R-MO-2]</fullName>
        <firstName>Ann</firstName>
        <middleName />
        <lastName>Wagner</lastName>
        <party>R</party>
        <state>MO</state>
        <identifiers>
          <lisID>2137</lisID>
          <bioguideId>W000812</bioguideId>
          <gpoId />
        </identifiers>
        <district>2</district>
        <sponsorshipDate>2021-05-04</sponsorshipDate>
        <isOriginalCosponsor>False</isOriginalCosponsor>
        <sponsorshipWithdrawnDate />
      </item>
      <item>
        <bioguideId>G000589</bioguideId>
        <fullName>Rep. Gooden, Lance [R-TX-5]</fullName>
        <firstName>Lance</firstName>
        <middleName />
        <lastName>Gooden</lastName>
        <party>R</party>
        <state>TX</state>
        <identifiers>
          <lisID>2445</lisID>
          <bioguideId>G000589</bioguideId>
          <gpoId />
        </identifiers>
        <district>5</district>
        <sponsorshipDate>2021-05-11</sponsorshipDate>
        <isOriginalCosponsor>False</isOriginalCosponsor>
        <sponsorshipWithdrawnDate />
      </item>
      <item>
        <bioguideId>K000386</bioguideId>
        <fullName>Rep. Katko, John [R-NY-24]</fullName>
        <firstName>John</firstName>
        <middleName />
        <lastName>Katko</lastName>
        <party>R</party>
        <state>NY</state>
        <identifiers>
          <lisID>2264</lisID>
          <bioguideId>K000386</bioguideId>
          <gpoId />
        </identifiers>
        <district>24</district>
        <sponsorshipDate>2021-05-12</sponsorshipDate>
        <isOriginalCosponsor>False</isOriginalCosponsor>
        <sponsorshipWithdrawnDate />
      </item>
      <item>
        <bioguideId>A000372</bioguideId>
        <fullName>Rep. Allen, Rick W. [R-GA-12]</fullName>
        <firstName>Rick</firstName>
        <middleName>W.</middleName>
        <lastName>Allen</lastName>
        <party>R</party>
        <state>GA</state>
        <identifiers>
          <lisID>2239</lisID>
          <bioguideId>A000372</bioguideId>
          <gpoId />
        </identifiers>
        <district>12</district>
        <sponsorshipDate>2021-05-18</sponsorshipDate>
        <isOriginalCosponsor>False</isOriginalCosponsor>
        <sponsorshipWithdrawnDate />
      </item>
      <item>
        <bioguideId>G000597</bioguideId>
        <fullName>Rep. Garbarino, Andrew R. [R-NY-2]</fullName>
        <firstName>Andrew</firstName>
        <middleName>R.</middleName>
        <lastName>Garbarino</lastName>
        <party>R</party>
        <state>NY</state>
        <identifiers>
          <lisID>2521</lisID>
          <bioguideId>G000597</bioguideId>
          <gpoId />
        </identifiers>
        <district>2</district>
        <sponsorshipDate>2021-05-28</sponsorshipDate>
        <isOriginalCosponsor>False</isOriginalCosponsor>
        <sponsorshipWithdrawnDate />
      </item>
      <item>
        <bioguideId>W000823</bioguideId>
        <fullName>Rep. Waltz, Michael [R-FL-6]</fullName>
        <firstName>Michael</firstName>
        <middleName />
        <lastName>Waltz</lastName>
        <party>R</party>
        <state>FL</state>
        <identifiers>
          <lisID>2387</lisID>
          <bioguideId>W000823</bioguideId>
          <gpoId />
        </identifiers>
        <district>6</district>
        <sponsorshipDate>2021-06-14</sponsorshipDate>
        <isOriginalCosponsor>False</isOriginalCosponsor>
        <sponsorshipWithdrawnDate />
      </item>
      <item>
        <bioguideId>L000589</bioguideId>
        <fullName>Rep. Lesko, Debbie [R-AZ-8]</fullName>
        <firstName>Debbie</firstName>
        <middleName />
        <lastName>Lesko</lastName>
        <party>R</party>
        <state>AZ</state>
        <identifiers>
          <lisID>2368</lisID>
          <bioguideId>L000589</bioguideId>
          <gpoId />
        </identifiers>
        <district>8</district>
        <sponsorshipDate>2021-06-16</sponsorshipDate>
        <isOriginalCosponsor>False</isOriginalCosponsor>
        <sponsorshipWithdrawnDate />
      </item>
      <item>
        <bioguideId>J000292</bioguideId>
        <fullName>Rep. Johnson, Bill [R-OH-6]</fullName>
        <firstName>Bill</firstName>
        <middleName />
        <lastName>Johnson</lastName>
        <party>R</party>
        <state>OH</state>
        <identifiers>
          <lisID>2046</lisID>
          <bioguideId>J000292</bioguideId>
          <gpoId>8096</gpoId>
        </identifiers>
        <district>6</district>
        <sponsorshipDate>2021-06-22</sponsorshipDate>
        <isOriginalCosponsor>False</isOriginalCosponsor>
        <sponsorshipWithdrawnDate />
      </item>
      <item>
        <bioguideId>K000392</bioguideId>
        <fullName>Rep. Kustoff, David [R-TN-8]</fullName>
        <firstName>David</firstName>
        <middleName />
        <lastName>Kustoff</lastName>
        <party>R</party>
        <state>TN</state>
        <identifiers>
          <lisID>2348</lisID>
          <bioguideId>K000392</bioguideId>
          <gpoId />
        </identifiers>
        <district>8</district>
        <sponsorshipDate>2021-06-23</sponsorshipDate>
        <isOriginalCosponsor>False</isOriginalCosponsor>
        <sponsorshipWithdrawnDate />
      </item>
      <item>
        <bioguideId>K000376</bioguideId>
        <fullName>Rep. Kelly, Mike [R-PA-16]</fullName>
        <firstName>Mike</firstName>
        <middleName />
        <lastName>Kelly</lastName>
        <party>R</party>
        <state>PA</state>
        <identifiers>
          <lisID>2051</lisID>
          <bioguideId>K000376</bioguideId>
          <gpoId>8708</gpoId>
        </identifiers>
        <district>16</district>
        <sponsorshipDate>2021-06-23</sponsorshipDate>
        <isOriginalCosponsor>False</isOriginalCosponsor>
        <sponsorshipWithdrawnDate />
      </item>
      <item>
        <bioguideId>B000740</bioguideId>
        <fullName>Rep. Bice, Stephanie I. [R-OK-5]</fullName>
        <firstName>Stephanie</firstName>
        <middleName>I.</middleName>
        <lastName>Bice</lastName>
        <party>R</party>
        <state>OK</state>
        <identifiers>
          <lisID>2526</lisID>
          <bioguideId>B000740</bioguideId>
          <gpoId />
        </identifiers>
        <district>5</district>
        <sponsorshipDate>2021-07-13</sponsorshipDate>
        <isOriginalCosponsor>False</isOriginalCosponsor>
        <sponsorshipWithdrawnDate />
      </item>
      <item>
        <bioguideId>L000566</bioguideId>
        <fullName>Rep. Latta, Robert E. [R-OH-5]</fullName>
        <firstName>Robert</firstName>
        <middleName>E.</middleName>
        <lastName>Latta</lastName>
        <party>R</party>
        <state>OH</state>
        <identifiers>
          <lisID>1885</lisID>
          <bioguideId>L000566</bioguideId>
          <gpoId>8095</gpoId>
        </identifiers>
        <district>5</district>
        <sponsorshipDate>2021-07-26</sponsorshipDate>
        <isOriginalCosponsor>False</isOriginalCosponsor>
        <sponsorshipWithdrawnDate />
      </item>
      <item>
        <bioguideId>B001260</bioguideId>
        <fullName>Rep. Buchanan, Vern [R-FL-16]</fullName>
        <firstName>Vern</firstName>
        <middleName />
        <lastName>Buchanan</lastName>
        <party>R</party>
        <state>FL</state>
        <identifiers>
          <lisID>1840</lisID>
          <bioguideId>B001260</bioguideId>
          <gpoId>7885</gpoId>
        </identifiers>
        <district>16</district>
        <sponsorshipDate>2021-07-27</sponsorshipDate>
        <isOriginalCosponsor>False</isOriginalCosponsor>
        <sponsorshipWithdrawnDate />
      </item>
      <item>
        <bioguideId>V000133</bioguideId>
        <fullName>Rep. Van Drew, Jefferson [R-NJ-2]</fullName>
        <firstName>Jefferson</firstName>
        <middleName />
        <lastName>Van Drew</lastName>
        <party>R</party>
        <state>NJ</state>
        <identifiers>
          <lisID>2419</lisID>
          <bioguideId>V000133</bioguideId>
          <gpoId />
        </identifiers>
        <district>2</district>
        <sponsorshipDate>2021-07-28</sponsorshipDate>
        <isOriginalCosponsor>False</isOriginalCosponsor>
        <sponsorshipWithdrawnDate />
      </item>
      <item>
        <bioguideId>W000804</bioguideId>
        <fullName>Rep. Wittman, Robert J. [R-VA-1]</fullName>
        <firstName>Robert</firstName>
        <middleName>J.</middleName>
        <lastName>Wittman</lastName>
        <party>R</party>
        <state>VA</state>
        <identifiers>
          <lisID>1886</lisID>
          <bioguideId>W000804</bioguideId>
          <gpoId>8192</gpoId>
        </identifiers>
        <district>1</district>
        <sponsorshipDate>2021-07-29</sponsorshipDate>
        <isOriginalCosponsor>False</isOriginalCosponsor>
        <sponsorshipWithdrawnDate />
      </item>
      <item>
        <bioguideId>J000301</bioguideId>
        <fullName>Rep. Johnson, Dusty [R-SD-At Large]</fullName>
        <firstName>Dusty</firstName>
        <middleName />
        <lastName>Johnson</lastName>
        <party>R</party>
        <state>SD</state>
        <identifiers>
          <lisID>2439</lisID>
          <bioguideId>J000301</bioguideId>
          <gpoId />
        </identifiers>
        <district>0</district>
        <sponsorshipDate>2021-07-29</sponsorshipDate>
        <isOriginalCosponsor>False</isOriginalCosponsor>
        <sponsorshipWithdrawnDate />
      </item>
      <item>
        <bioguideId>L000564</bioguideId>
        <fullName>Rep. Lamborn, Doug [R-CO-5]</fullName>
        <firstName>Doug</firstName>
        <middleName />
        <lastName>Lamborn</lastName>
        <party>R</party>
        <state>CO</state>
        <identifiers>
          <lisID>1834</lisID>
          <bioguideId>L000564</bioguideId>
          <gpoId>7863</gpoId>
        </identifiers>
        <district>5</district>
        <sponsorshipDate>2021-07-29</sponsorshipDate>
        <isOriginalCosponsor>False</isOriginalCosponsor>
        <sponsorshipWithdrawnDate />
      </item>
      <item>
        <bioguideId>T000467</bioguideId>
        <fullName>Rep. Thompson, Glenn [R-PA-15]</fullName>
        <firstName>Glenn</firstName>
        <middleName />
        <lastName>Thompson</lastName>
        <party>R</party>
        <state>PA</state>
        <identifiers>
          <lisID>1952</lisID>
          <bioguideId>T000467</bioguideId>
          <gpoId>8123</gpoId>
        </identifiers>
        <district>15</district>
        <sponsorshipDate>2021-07-29</sponsorshipDate>
        <isOriginalCosponsor>False</isOriginalCosponsor>
        <sponsorshipWithdrawnDate />
      </item>
      <item>
        <bioguideId>S001195</bioguideId>
        <fullName>Rep. Smith, Jason [R-MO-8]</fullName>
        <firstName>Jason</firstName>
        <middleName />
        <lastName>Smith</lastName>
        <party>R</party>
        <state>MO</state>
        <identifiers>
          <lisID>2191</lisID>
          <bioguideId>S001195</bioguideId>
          <gpoId />
        </identifiers>
        <district>8</district>
        <sponsorshipDate>2021-07-30</sponsorshipDate>
        <isOriginalCosponsor>False</isOriginalCosponsor>
        <sponsorshipWithdrawnDate />
      </item>
      <item>
        <bioguideId>D000626</bioguideId>
        <fullName>Rep. Davidson, Warren [R-OH-8]</fullName>
        <firstName>Warren</firstName>
        <middleName />
        <lastName>Davidson</lastName>
        <party>R</party>
        <state>OH</state>
        <identifiers>
          <lisID>2296</lisID>
          <bioguideId>D000626</bioguideId>
          <gpoId />
        </identifiers>
        <district>8</district>
        <sponsorshipDate>2021-09-20</sponsorshipDate>
        <isOriginalCosponsor>False</isOriginalCosponsor>
        <sponsorshipWithdrawnDate />
      </item>
      <item>
        <bioguideId>G000061</bioguideId>
        <fullName>Rep. Garcia, Mike [R-CA-25]</fullName>
        <firstName>Mike</firstName>
        <middleName />
        <lastName>Garcia</lastName>
        <party>R</party>
        <state>CA</state>
        <identifiers>
          <lisID>2479</lisID>
          <bioguideId>G000061</bioguideId>
          <gpoId />
        </identifiers>
        <district>25</district>
        <sponsorshipDate>2021-09-20</sponsorshipDate>
        <isOriginalCosponsor>False</isOriginalCosponsor>
        <sponsorshipWithdrawnDate />
      </item>
      <item>
        <bioguideId>G000594</bioguideId>
        <fullName>Rep. Gonzales, Tony [R-TX-23]</fullName>
        <firstName>Tony</firstName>
        <middleName />
        <lastName>Gonzales</lastName>
        <party>R</party>
        <state>TX</state>
        <identifiers>
          <lisID>2534</lisID>
          <bioguideId>G000594</bioguideId>
          <gpoId />
        </identifiers>
        <district>23</district>
        <sponsorshipDate>2021-09-22</sponsorshipDate>
        <isOriginalCosponsor>False</isOriginalCosponsor>
        <sponsorshipWithdrawnDate />
      </item>
      <item>
        <bioguideId>A000055</bioguideId>
        <fullName>Rep. Aderholt, Robert B. [R-AL-4]</fullName>
        <firstName>ROBERT</firstName>
        <middleName>B.</middleName>
        <lastName>ADERHOLT</lastName>
        <party>R</party>
        <state>AL</state>
        <identifiers>
          <lisID>1460</lisID>
          <bioguideId>A000055</bioguideId>
          <gpoId>7789</gpoId>
        </identifiers>
        <district>4</district>
        <sponsorshipDate>2021-09-22</sponsorshipDate>
        <isOriginalCosponsor>False</isOriginalCosponsor>
        <sponsorshipWithdrawnDate />
      </item>
      <item>
        <bioguideId>G000577</bioguideId>
        <fullName>Rep. Graves, Garret [R-LA-6]</fullName>
        <firstName>Garret</firstName>
        <middleName />
        <lastName>Graves</lastName>
        <party>R</party>
        <state>LA</state>
        <identifiers>
          <lisID>2245</lisID>
          <bioguideId>G000577</bioguideId>
          <gpoId />
        </identifiers>
        <district>6</district>
        <sponsorshipDate>2021-09-22</sponsorshipDate>
        <isOriginalCosponsor>False</isOriginalCosponsor>
        <sponsorshipWithdrawnDate />
      </item>
      <item>
        <bioguideId>H001056</bioguideId>
        <fullName>Rep. Herrera Beutler, Jaime [R-WA-3]</fullName>
        <firstName>Jaime</firstName>
        <middleName />
        <lastName>Herrera Beutler</lastName>
        <party>R</party>
        <state>WA</state>
        <identifiers>
          <lisID>2071</lisID>
          <bioguideId>H001056</bioguideId>
          <gpoId>8207</gpoId>
        </identifiers>
        <district>3</district>
        <sponsorshipDate>2021-09-30</sponsorshipDate>
        <isOriginalCosponsor>False</isOriginalCosponsor>
        <sponsorshipWithdrawnDate />
      </item>
      <item>
        <bioguideId>L000583</bioguideId>
        <fullName>Rep. Loudermilk, Barry [R-GA-11]</fullName>
        <firstName>Barry</firstName>
        <middleName />
        <lastName>Loudermilk</lastName>
        <party>R</party>
        <state>GA</state>
        <identifiers>
          <lisID>2238</lisID>
          <bioguideId>L000583</bioguideId>
          <gpoId />
        </identifiers>
        <district>11</district>
        <sponsorshipDate>2021-10-26</sponsorshipDate>
        <isOriginalCosponsor>False</isOriginalCosponsor>
        <sponsorshipWithdrawnDate />
      </item>
      <item>
        <bioguideId>M001156</bioguideId>
        <fullName>Rep. McHenry, Patrick T. [R-NC-10]</fullName>
        <firstName>Patrick</firstName>
        <middleName />
        <lastName>McHenry</lastName>
        <party>R</party>
        <state>NC</state>
        <identifiers>
          <lisID>1792</lisID>
          <bioguideId>M001156</bioguideId>
          <gpoId>8033</gpoId>
        </identifiers>
        <district>10</district>
        <sponsorshipDate>2021-10-27</sponsorshipDate>
        <isOriginalCosponsor>False</isOriginalCosponsor>
        <sponsorshipWithdrawnDate />
      </item>
    </cosponsors>
    <cboCostEstimates />
    <laws />
    <notes />
    <policyArea>
      <name>Health</name>
    </policyArea>
    <subjects>
      <billSubjects>
        <legislativeSubjects>
          <item>
            <name>Border security and unlawful immigration</name>
          </item>
          <item>
            <name>Cardiovascular and respiratory health</name>
          </item>
          <item>
            <name>Emergency medical services and trauma care</name>
          </item>
          <item>
            <name>Health promotion and preventive care</name>
          </item>
          <item>
            <name>Immigration status and procedures</name>
          </item>
          <item>
            <name>Infectious and parasitic diseases</name>
          </item>
          <item>
            <name>Travel and tourism</name>
          </item>
        </legislativeSubjects>
        <policyArea>
          <name>Health</name>
        </policyArea>
      </billSubjects>
    </subjects>
    <summaries>
      <billSummaries>
        <item>
          <versionCode>00</versionCode>
          <actionDate>2021-01-25</actionDate>
          <actionDesc>Introduced in House</actionDesc>
          <lastSummaryUpdateDate>2021-05-17T18:38:22Z</lastSummaryUpdateDate>
          <text><![CDATA[<p><b>Protecting Americans from Unnecessary Spread upon Entry from COVID-19 Act of 2021 or the PAUSE Act of 2021</b></p> <p>This bill maintains immigration restrictions put in place under public health emergency authorities to prevent the introduction of COVID-19 (i.e., coronavirus disease 2019) from foreign countries.</p> <p>Specifically, the bill prohibits the Department of Health and Human Services from rescinding or reducing the stringency of the restrictions. It also prohibits the Department of Homeland Security from stopping or reducing enforcement of the restrictions. These prohibitions remain in effect until (1) federal and state COVID-19 emergency orders are lifted, and (2) the risk of introducing COVID-19 in or from Canada and Mexico is minimal.</p>]]></text>
          <updateDate>2021-01-25T05:00:00Z</updateDate>
          <name>Introduced in House</name>
        </item>
      </billSummaries>
    </summaries>
    <title>PAUSE Act of 2021</title>
    <titles>
      <item>
        <titleType>Short Title(s) as Introduced</titleType>
        <parentTitleType>Short Title</parentTitleType>
        <title>PAUSE Act of 2021</title>
        <chamberCode />
        <chamberName />
      </item>
      <item>
        <titleType>Short Title(s) as Introduced</titleType>
        <parentTitleType>Short Title</parentTitleType>
        <title>Protecting Americans from Unnecessary Spread upon Entry from COVID–19 Act of 2021</title>
        <chamberCode />
        <chamberName />
      </item>
      <item>
        <titleType>Display Title</titleType>
        <parentTitleType />
        <title>PAUSE Act of 2021</title>
        <chamberCode />
        <chamberName />
      </item>
      <item>
        <titleType>Official Title as Introduced</titleType>
        <parentTitleType />
        <title>To prohibit the Secretary of Health and Human Services from lessening the stringency of, and to prohibit the Secretary of Homeland Security from ceasing or lessening implementation of, the COVID-19 border health provisions through the end of the COVID-19 pandemic, and for other purposes.</title>
        <chamberCode />
        <chamberName />
      </item>
    </titles>
    <amendments />
    <textVersions>
      <item>
        <type>Introduced in House</type>
        <date>2021-01-25T05:00:00Z</date>
        <formats>
          <item>
            <url>https://www.govinfo.gov/content/pkg/BILLS-117hr471ih/xml/BILLS-117hr471ih.xml</url>
          </item>
        </formats>
      </item>
    </textVersions>
    <latestAction>
      <actionDate>2021-02-02</actionDate>
      <text>Referred to the Subcommittee on Health.</text>
      <links />
    </latestAction>
    <calendarNumbers />
    <version>1.0.0</version>
  </bill>
  <dublinCore xmlns:dc="http://purl.org/dc/elements/1.1/">
    <dc:format>text/xml</dc:format>
    <dc:language>EN</dc:language>
    <dc:rights>Pursuant to Title 17 Section 105 of the United States Code, this file is not subject to copyright protection and is in the public domain.</dc:rights>
    <dc:contributor>Congressional Research Service, Library of Congress</dc:contributor>
    <dc:description>This file contains bill summaries and statuses for federal legislation. A bill summary describes the most significant provisions of a piece of legislation and details the effects the legislative text may have on current law and federal programs. Bill summaries are authored by the Congressional Research Service (CRS) of the Library of Congress. As stated in Public Law 91-510 (2 USC 166 (d)(6)), one of the duties of CRS is "to prepare summaries and digests of bills and resolutions of a public general nature introduced in the Senate or House of Representatives". For more information, refer to the User Guide that accompanies this file.</dc:description>
  </dublinCore>
</billStatus>

