<?xml version="1.0" encoding="UTF-8"?>
<billStatus>
  <bill>
    <billNumber>1986</billNumber>
    <createDate>2021-03-18T07:12:15Z</createDate>
    <updateDate>2021-09-28T07:15:27Z</updateDate>
    <originChamber>House</originChamber>
    <billType>HR</billType>
    <introducedDate>2021-03-17</introducedDate>
    <congress>117</congress>
    <constitutionalAuthorityStatementText><![CDATA[<pre>[Congressional Record Volume 167, Number 50 (Wednesday, March 17, 2021)][House]From the Congressional Record Online through the Government Publishing Office [<a href="https://www.gpo.gov">www.gpo.gov</a>]By Mr. QUIGLEY:H.R. 1986.Congress has the power to enact this legislation pursuantto the following:Article 1, Section 8, Clause 3 of the U.S. Constitution[Page H1501]</pre>]]></constitutionalAuthorityStatementText>
    <recordedVotes />
    <committees>
      <billCommittees>
        <item>
          <systemCode>hspw00</systemCode>
          <name>Transportation and Infrastructure Committee</name>
          <chamber>House</chamber>
          <type>Standing</type>
          <subcommittees>
            <item>
              <systemCode>hspw13</systemCode>
              <name>Economic Development, Public Buildings, and Emergency Management Subcommittee</name>
              <activities>
                <item>
                  <name>Referred to</name>
                  <date>2021-03-18T14:23:19Z</date>
                </item>
              </activities>
            </item>
          </subcommittees>
          <activities>
            <item>
              <name>Referred to</name>
              <date>2021-03-17T14:02:10Z</date>
            </item>
          </activities>
        </item>
      </billCommittees>
    </committees>
    <committeeReports />
    <relatedBills>
      <item>
        <latestTitle>Federal Bird Safe Buildings Act of 2021</latestTitle>
        <congress>117</congress>
        <number>791</number>
        <type>S</type>
        <latestAction>
          <actionDate>2021-03-17</actionDate>
          <text>Read twice and referred to the Committee on Environment and Public Works.</text>
        </latestAction>
        <relationshipDetails>
          <item>
            <type>Related bill</type>
            <identifiedBy>CRS</identifiedBy>
          </item>
        </relationshipDetails>
      </item>
    </relatedBills>
    <actions>
      <item>
        <actionDate>2021-03-18</actionDate>
        <committees>
          <item>
            <systemCode>hspw13</systemCode>
            <name>Economic Development, Public Buildings, and Emergency Management Subcommittee</name>
          </item>
        </committees>
        <links />
        <sourceSystem>
          <code>1</code>
          <name>House committee actions</name>
        </sourceSystem>
        <text>Referred to the Subcommittee on Economic Development, Public Buildings, and Emergency Management.</text>
        <type>Committee</type>
      </item>
      <item>
        <actionDate>2021-03-17</actionDate>
        <links />
        <text>Referred to the House Committee on Transportation and Infrastructure.</text>
        <type>IntroReferral</type>
        <actionCode>H11100</actionCode>
        <sourceSystem>
          <code>2</code>
          <name>House floor actions</name>
        </sourceSystem>
        <committees>
          <item>
            <systemCode>hspw00</systemCode>
            <name>Transportation and Infrastructure Committee</name>
          </item>
        </committees>
      </item>
      <item>
        <actionDate>2021-03-17</actionDate>
        <links />
        <text>Introduced in House</text>
        <type>IntroReferral</type>
        <actionCode>Intro-H</actionCode>
        <sourceSystem>
          <code>9</code>
          <name>Library of Congress</name>
        </sourceSystem>
        <committees />
      </item>
      <item>
        <actionDate>2021-03-17</actionDate>
        <links />
        <text>Introduced in House</text>
        <type>IntroReferral</type>
        <actionCode>1000</actionCode>
        <sourceSystem>
          <code>9</code>
          <name>Library of Congress</name>
        </sourceSystem>
        <committees />
      </item>
      <actionTypeCounts>
        <placeholderTextForH>1</placeholderTextForH>
        <billReferrals>1</billReferrals>
        <introducedInTheHouse>1</introducedInTheHouse>
        <introducedInHouse>1</introducedInHouse>
      </actionTypeCounts>
      <actionByCounts>
        <houseOfRepresentatives>4</houseOfRepresentatives>
      </actionByCounts>
    </actions>
    <sponsors>
      <item>
        <bioguideId>Q000023</bioguideId>
        <fullName>Rep. Quigley, Mike [D-IL-5]</fullName>
        <firstName>Mike</firstName>
        <middleName />
        <lastName>Quigley</lastName>
        <party>D</party>
        <state>IL</state>
        <identifiers>
          <lisID>1967</lisID>
          <bioguideId>Q000023</bioguideId>
          <gpoId>7925</gpoId>
        </identifiers>
        <district>5</district>
        <byRequestType />
      </item>
    </sponsors>
    <cosponsors>
      <item>
        <bioguideId>G000568</bioguideId>
        <fullName>Rep. Griffith, H. Morgan [R-VA-9]</fullName>
        <firstName>H.</firstName>
        <middleName>Morgan</middleName>
        <lastName>Griffith</lastName>
        <party>R</party>
        <state>VA</state>
        <identifiers>
          <lisID>2070</lisID>
          <bioguideId>G000568</bioguideId>
          <gpoId>8200</gpoId>
        </identifiers>
        <district>9</district>
        <sponsorshipDate>2021-03-17</sponsorshipDate>
        <isOriginalCosponsor>True</isOriginalCosponsor>
        <sponsorshipWithdrawnDate />
      </item>
      <item>
        <bioguideId>V000081</bioguideId>
        <fullName>Rep. Velazquez, Nydia M. [D-NY-7]</fullName>
        <firstName>NYDIA</firstName>
        <middleName>M.</middleName>
        <lastName>VELAZQUEZ</lastName>
        <party>D</party>
        <state>NY</state>
        <identifiers>
          <lisID>1184</lisID>
          <bioguideId>V000081</bioguideId>
          <gpoId>8073</gpoId>
        </identifiers>
        <district>7</district>
        <sponsorshipDate>2021-04-14</sponsorshipDate>
        <isOriginalCosponsor>False</isOriginalCosponsor>
        <sponsorshipWithdrawnDate />
      </item>
      <item>
        <bioguideId>N000147</bioguideId>
        <fullName>Del. Norton, Eleanor Holmes [D-DC-At Large]</fullName>
        <firstName>ELEANOR</firstName>
        <middleName>HOLMES</middleName>
        <lastName>NORTON</lastName>
        <party>D</party>
        <state>DC</state>
        <identifiers>
          <lisID>868</lisID>
          <bioguideId>N000147</bioguideId>
          <gpoId>7871</gpoId>
        </identifiers>
        <district>0</district>
        <sponsorshipDate>2021-04-14</sponsorshipDate>
        <isOriginalCosponsor>False</isOriginalCosponsor>
        <sponsorshipWithdrawnDate />
      </item>
      <item>
        <bioguideId>L000592</bioguideId>
        <fullName>Rep. Levin, Andy [D-MI-9]</fullName>
        <firstName>Andy</firstName>
        <middleName />
        <lastName>Levin</lastName>
        <party>D</party>
        <state>MI</state>
        <identifiers>
          <lisID>2408</lisID>
          <bioguideId>L000592</bioguideId>
          <gpoId />
        </identifiers>
        <district>9</district>
        <sponsorshipDate>2021-05-11</sponsorshipDate>
        <isOriginalCosponsor>False</isOriginalCosponsor>
        <sponsorshipWithdrawnDate />
      </item>
      <item>
        <bioguideId>D000617</bioguideId>
        <fullName>Rep. DelBene, Suzan K. [D-WA-1]</fullName>
        <firstName>Suzan</firstName>
        <middleName>K.</middleName>
        <lastName>DelBene</lastName>
        <party>D</party>
        <state>WA</state>
        <identifiers>
          <lisID>2096</lisID>
          <bioguideId>D000617</bioguideId>
          <gpoId>8374</gpoId>
        </identifiers>
        <district>1</district>
        <sponsorshipDate>2021-05-11</sponsorshipDate>
        <isOriginalCosponsor>False</isOriginalCosponsor>
        <sponsorshipWithdrawnDate />
      </item>
      <item>
        <bioguideId>F000466</bioguideId>
        <fullName>Rep. Fitzpatrick, Brian K. [R-PA-1]</fullName>
        <firstName>Brian</firstName>
        <middleName>K.</middleName>
        <lastName>Fitzpatrick</lastName>
        <party>R</party>
        <state>PA</state>
        <identifiers>
          <lisID>2345</lisID>
          <bioguideId>F000466</bioguideId>
          <gpoId />
        </identifiers>
        <district>1</district>
        <sponsorshipDate>2021-05-11</sponsorshipDate>
        <isOriginalCosponsor>False</isOriginalCosponsor>
        <sponsorshipWithdrawnDate />
      </item>
      <item>
        <bioguideId>G000574</bioguideId>
        <fullName>Rep. Gallego, Ruben [D-AZ-7]</fullName>
        <firstName>Ruben</firstName>
        <middleName />
        <lastName>Gallego</lastName>
        <party>D</party>
        <state>AZ</state>
        <identifiers>
          <lisID>2226</lisID>
          <bioguideId>G000574</bioguideId>
          <gpoId />
        </identifiers>
        <district>7</district>
        <sponsorshipDate>2021-05-14</sponsorshipDate>
        <isOriginalCosponsor>False</isOriginalCosponsor>
        <sponsorshipWithdrawnDate />
      </item>
      <item>
        <bioguideId>B000574</bioguideId>
        <fullName>Rep. Blumenauer, Earl [D-OR-3]</fullName>
        <firstName>EARL</firstName>
        <middleName />
        <lastName>BLUMENAUER</lastName>
        <party>D</party>
        <state>OR</state>
        <identifiers>
          <lisID>99</lisID>
          <bioguideId>B000574</bioguideId>
          <gpoId>8116</gpoId>
        </identifiers>
        <district>3</district>
        <sponsorshipDate>2021-05-17</sponsorshipDate>
        <isOriginalCosponsor>False</isOriginalCosponsor>
        <sponsorshipWithdrawnDate />
      </item>
      <item>
        <bioguideId>C001068</bioguideId>
        <fullName>Rep. Cohen, Steve [D-TN-9]</fullName>
        <firstName>Steve</firstName>
        <middleName />
        <lastName>Cohen</lastName>
        <party>D</party>
        <state>TN</state>
        <identifiers>
          <lisID>1878</lisID>
          <bioguideId>C001068</bioguideId>
          <gpoId>8156</gpoId>
        </identifiers>
        <district>9</district>
        <sponsorshipDate>2021-05-17</sponsorshipDate>
        <isOriginalCosponsor>False</isOriginalCosponsor>
        <sponsorshipWithdrawnDate />
      </item>
      <item>
        <bioguideId>M001143</bioguideId>
        <fullName>Rep. McCollum, Betty [D-MN-4]</fullName>
        <firstName>BETTY</firstName>
        <middleName />
        <lastName>MCCOLLUM</lastName>
        <party>D</party>
        <state>MN</state>
        <identifiers>
          <lisID>1653</lisID>
          <bioguideId>M001143</bioguideId>
          <gpoId>8004</gpoId>
        </identifiers>
        <district>4</district>
        <sponsorshipDate>2021-05-19</sponsorshipDate>
        <isOriginalCosponsor>False</isOriginalCosponsor>
        <sponsorshipWithdrawnDate />
      </item>
      <item>
        <bioguideId>N000192</bioguideId>
        <fullName>Rep. Newman, Marie [D-IL-3]</fullName>
        <firstName>Marie</firstName>
        <middleName />
        <lastName>Newman</lastName>
        <party>D</party>
        <state>IL</state>
        <identifiers>
          <lisID>2504</lisID>
          <bioguideId>N000192</bioguideId>
          <gpoId />
        </identifiers>
        <district>3</district>
        <sponsorshipDate>2021-06-01</sponsorshipDate>
        <isOriginalCosponsor>False</isOriginalCosponsor>
        <sponsorshipWithdrawnDate />
      </item>
      <item>
        <bioguideId>L000579</bioguideId>
        <fullName>Rep. Lowenthal, Alan S. [D-CA-47]</fullName>
        <firstName>Alan</firstName>
        <middleName>S.</middleName>
        <lastName>Lowenthal</lastName>
        <party>D</party>
        <state>CA</state>
        <identifiers>
          <lisID>2111</lisID>
          <bioguideId>L000579</bioguideId>
          <gpoId />
        </identifiers>
        <district>47</district>
        <sponsorshipDate>2021-06-01</sponsorshipDate>
        <isOriginalCosponsor>False</isOriginalCosponsor>
        <sponsorshipWithdrawnDate />
      </item>
      <item>
        <bioguideId>C001117</bioguideId>
        <fullName>Rep. Casten, Sean [D-IL-6]</fullName>
        <firstName>Sean</firstName>
        <middleName />
        <lastName>Casten</lastName>
        <party>D</party>
        <state>IL</state>
        <identifiers>
          <lisID>2398</lisID>
          <bioguideId>C001117</bioguideId>
          <gpoId />
        </identifiers>
        <district>6</district>
        <sponsorshipDate>2021-06-15</sponsorshipDate>
        <isOriginalCosponsor>False</isOriginalCosponsor>
        <sponsorshipWithdrawnDate />
      </item>
      <item>
        <bioguideId>K000382</bioguideId>
        <fullName>Rep. Kuster, Ann M. [D-NH-2]</fullName>
        <firstName>Ann</firstName>
        <middleName>M.</middleName>
        <lastName>Kuster</lastName>
        <party>D</party>
        <state>NH</state>
        <identifiers>
          <lisID>2145</lisID>
          <bioguideId>K000382</bioguideId>
          <gpoId />
        </identifiers>
        <district>2</district>
        <sponsorshipDate>2021-06-15</sponsorshipDate>
        <isOriginalCosponsor>False</isOriginalCosponsor>
        <sponsorshipWithdrawnDate />
      </item>
      <item>
        <bioguideId>J000298</bioguideId>
        <fullName>Rep. Jayapal, Pramila [D-WA-7]</fullName>
        <firstName>Pramila</firstName>
        <middleName />
        <lastName>Jayapal</lastName>
        <party>D</party>
        <state>WA</state>
        <identifiers>
          <lisID>2354</lisID>
          <bioguideId>J000298</bioguideId>
          <gpoId />
        </identifiers>
        <district>7</district>
        <sponsorshipDate>2021-06-24</sponsorshipDate>
        <isOriginalCosponsor>False</isOriginalCosponsor>
        <sponsorshipWithdrawnDate />
      </item>
      <item>
        <bioguideId>L000582</bioguideId>
        <fullName>Rep. Lieu, Ted [D-CA-33]</fullName>
        <firstName>Ted</firstName>
        <middleName />
        <lastName>Lieu</lastName>
        <party>D</party>
        <state>CA</state>
        <identifiers>
          <lisID>2230</lisID>
          <bioguideId>L000582</bioguideId>
          <gpoId />
        </identifiers>
        <district>33</district>
        <sponsorshipDate>2021-06-24</sponsorshipDate>
        <isOriginalCosponsor>False</isOriginalCosponsor>
        <sponsorshipWithdrawnDate />
      </item>
      <item>
        <bioguideId>L000581</bioguideId>
        <fullName>Rep. Lawrence, Brenda L. [D-MI-14]</fullName>
        <firstName>Brenda</firstName>
        <middleName>L.</middleName>
        <lastName>Lawrence</lastName>
        <party>D</party>
        <state>MI</state>
        <identifiers>
          <lisID>2252</lisID>
          <bioguideId>L000581</bioguideId>
          <gpoId />
        </identifiers>
        <district>14</district>
        <sponsorshipDate>2021-09-27</sponsorshipDate>
        <isOriginalCosponsor>False</isOriginalCosponsor>
        <sponsorshipWithdrawnDate />
      </item>
    </cosponsors>
    <cboCostEstimates />
    <laws />
    <notes />
    <policyArea>
      <name>Government Operations and Politics</name>
    </policyArea>
    <subjects>
      <billSubjects>
        <legislativeSubjects>
          <item>
            <name>Animal protection and human-animal relationships</name>
          </item>
          <item>
            <name>Birds</name>
          </item>
          <item>
            <name>Building construction</name>
          </item>
          <item>
            <name>Congressional oversight</name>
          </item>
          <item>
            <name>Government buildings, facilities, and property</name>
          </item>
          <item>
            <name>Wildlife conservation and habitat protection</name>
          </item>
        </legislativeSubjects>
        <policyArea>
          <name>Government Operations and Politics</name>
        </policyArea>
      </billSubjects>
    </subjects>
    <summaries>
      <billSummaries>
        <item>
          <versionCode>00</versionCode>
          <actionDate>2021-03-17</actionDate>
          <actionDesc>Introduced in House</actionDesc>
          <lastSummaryUpdateDate>2021-08-02T14:38:19Z</lastSummaryUpdateDate>
          <text><![CDATA[<p><b>Federal Bird Safe Buildings Act of 2021</b></p> <p>This bill requires the General Services Administration (GSA) to develop and implement strategies for reducing bird fatalities from collisions with public buildings. </p> <p>Specifically, the GSA must incorporate relevant features and strategies into public buildings that are newly constructed, acquired, or substantially altered so as to reduce bird fatalities. The GSA must also develop a related design guide and annually certify its active use. The bill's provisions do not apply to buildings and sites on the National Register of Historic Places, the White House and its grounds, the Supreme Court building and its grounds, or the U.S. Capitol and any buildings on its grounds.</p>]]></text>
          <updateDate>2021-03-17T04:00:00Z</updateDate>
          <name>Introduced in House</name>
        </item>
      </billSummaries>
    </summaries>
    <title>Federal Bird Safe Buildings Act of 2021</title>
    <titles>
      <item>
        <titleType>Short Title(s) as Introduced</titleType>
        <parentTitleType>Short Title</parentTitleType>
        <title>Federal Bird Safe Buildings Act of 2021</title>
        <chamberCode />
        <chamberName />
      </item>
      <item>
        <titleType>Display Title</titleType>
        <parentTitleType />
        <title>Federal Bird Safe Buildings Act of 2021</title>
        <chamberCode />
        <chamberName />
      </item>
      <item>
        <titleType>Official Title as Introduced</titleType>
        <parentTitleType />
        <title>To amend title 40, United States Code, to direct the Administrator of General Services to incorporate practices and strategies to reduce bird fatality resulting from collisions with certain public buildings, and for other purposes.</title>
        <chamberCode />
        <chamberName />
      </item>
    </titles>
    <amendments />
    <textVersions>
      <item>
        <type>Introduced in House</type>
        <date>2021-03-17T04:00:00Z</date>
        <formats>
          <item>
            <url>https://www.govinfo.gov/content/pkg/BILLS-117hr1986ih/xml/BILLS-117hr1986ih.xml</url>
          </item>
        </formats>
      </item>
    </textVersions>
    <latestAction>
      <actionDate>2021-03-18</actionDate>
      <text>Referred to the Subcommittee on Economic Development, Public Buildings, and Emergency Management.</text>
      <links />
    </latestAction>
    <calendarNumbers />
    <version>1.0.0</version>
  </bill>
  <dublinCore xmlns:dc="http://purl.org/dc/elements/1.1/">
    <dc:format>text/xml</dc:format>
    <dc:language>EN</dc:language>
    <dc:rights>Pursuant to Title 17 Section 105 of the United States Code, this file is not subject to copyright protection and is in the public domain.</dc:rights>
    <dc:contributor>Congressional Research Service, Library of Congress</dc:contributor>
    <dc:description>This file contains bill summaries and statuses for federal legislation. A bill summary describes the most significant provisions of a piece of legislation and details the effects the legislative text may have on current law and federal programs. Bill summaries are authored by the Congressional Research Service (CRS) of the Library of Congress. As stated in Public Law 91-510 (2 USC 166 (d)(6)), one of the duties of CRS is "to prepare summaries and digests of bills and resolutions of a public general nature introduced in the Senate or House of Representatives". For more information, refer to the User Guide that accompanies this file.</dc:description>
  </dublinCore>
</billStatus>

