<?xml version="1.0" encoding="UTF-8"?>
<billStatus>
  <bill>
    <billNumber>531</billNumber>
    <createDate>2021-01-29T08:12:10Z</createDate>
    <updateDate>2021-08-24T10:14:24Z</updateDate>
    <originChamber>House</originChamber>
    <billType>HR</billType>
    <introducedDate>2021-01-28</introducedDate>
    <congress>117</congress>
    <constitutionalAuthorityStatementText><![CDATA[<pre>[Congressional Record Volume 167, Number 17 (Thursday, January 28, 2021)][House]From the Congressional Record Online through the Government Publishing Office [<a href="https://www.gpo.gov">www.gpo.gov</a>]By Mr. ESPAILLAT:H.R. 531.Congress has the power to enact this legislation pursuantto the following:Article I, Section 8, Clause 4.[Page H251]</pre>]]></constitutionalAuthorityStatementText>
    <recordedVotes />
    <committees>
      <billCommittees>
        <item>
          <systemCode>hswm00</systemCode>
          <name>Ways and Means Committee</name>
          <chamber>House</chamber>
          <type>Standing</type>
          <subcommittees>
            <item>
              <systemCode>hswm04</systemCode>
              <name>Trade Subcommittee</name>
              <activities>
                <item>
                  <name>Referred to</name>
                  <date>2021-01-28T15:00:55Z</date>
                </item>
              </activities>
            </item>
          </subcommittees>
          <activities>
            <item>
              <name>Referred to</name>
              <date>2021-01-28T14:11:45Z</date>
            </item>
          </activities>
        </item>
        <item>
          <systemCode>hshm00</systemCode>
          <name>Homeland Security Committee</name>
          <chamber>House</chamber>
          <type>Standing</type>
          <subcommittees />
          <activities>
            <item>
              <name>Referred to</name>
              <date>2021-01-28T14:11:40Z</date>
            </item>
          </activities>
        </item>
      </billCommittees>
    </committees>
    <committeeReports />
    <relatedBills />
    <actions>
      <item>
        <actionDate>2021-01-28</actionDate>
        <committees>
          <item>
            <systemCode>hswm04</systemCode>
            <name>Trade Subcommittee</name>
          </item>
        </committees>
        <links />
        <sourceSystem>
          <code>1</code>
          <name>House committee actions</name>
        </sourceSystem>
        <text>Referred to the Subcommittee on Trade.</text>
        <type>Committee</type>
      </item>
      <item>
        <actionDate>2021-01-28</actionDate>
        <links />
        <text>Referred to the Committee on Homeland Security, and in addition to the Committee on Ways and Means, for a period to be subsequently determined by the Speaker, in each case for consideration of such provisions as fall within the jurisdiction of the committee concerned.</text>
        <type>IntroReferral</type>
        <actionCode>H11100</actionCode>
        <sourceSystem>
          <code>2</code>
          <name>House floor actions</name>
        </sourceSystem>
        <committees>
          <item>
            <systemCode>hswm00</systemCode>
            <name>Ways and Means Committee</name>
          </item>
        </committees>
      </item>
      <item>
        <actionDate>2021-01-28</actionDate>
        <links />
        <text>Referred to the Committee on Homeland Security, and in addition to the Committee on Ways and Means, for a period to be subsequently determined by the Speaker, in each case for consideration of such provisions as fall within the jurisdiction of the committee concerned.</text>
        <type>IntroReferral</type>
        <actionCode>H11100</actionCode>
        <sourceSystem>
          <code>2</code>
          <name>House floor actions</name>
        </sourceSystem>
        <committees>
          <item>
            <systemCode>hshm00</systemCode>
            <name>Homeland Security Committee</name>
          </item>
        </committees>
      </item>
      <item>
        <actionDate>2021-01-28</actionDate>
        <links />
        <text>Introduced in House</text>
        <type>IntroReferral</type>
        <actionCode>Intro-H</actionCode>
        <sourceSystem>
          <code>9</code>
          <name>Library of Congress</name>
        </sourceSystem>
        <committees />
      </item>
      <item>
        <actionDate>2021-01-28</actionDate>
        <links />
        <text>Introduced in House</text>
        <type>IntroReferral</type>
        <actionCode>1000</actionCode>
        <sourceSystem>
          <code>9</code>
          <name>Library of Congress</name>
        </sourceSystem>
        <committees />
      </item>
      <actionTypeCounts>
        <placeholderTextForH>1</placeholderTextForH>
        <billReferrals>2</billReferrals>
        <introducedInTheHouse>1</introducedInTheHouse>
        <introducedInHouse>1</introducedInHouse>
      </actionTypeCounts>
      <actionByCounts>
        <houseOfRepresentatives>5</houseOfRepresentatives>
      </actionByCounts>
    </actions>
    <sponsors>
      <item>
        <bioguideId>E000297</bioguideId>
        <fullName>Rep. Espaillat, Adriano [D-NY-13]</fullName>
        <firstName>Adriano</firstName>
        <middleName />
        <lastName>Espaillat</lastName>
        <party>D</party>
        <state>NY</state>
        <identifiers>
          <lisID>2342</lisID>
          <bioguideId>E000297</bioguideId>
          <gpoId />
        </identifiers>
        <district>13</district>
        <byRequestType />
      </item>
    </sponsors>
    <cosponsors>
      <item>
        <bioguideId>B001292</bioguideId>
        <fullName>Rep. Beyer, Donald S., Jr. [D-VA-8]</fullName>
        <firstName>Donald</firstName>
        <middleName>S.</middleName>
        <lastName>Beyer</lastName>
        <party>D</party>
        <state>VA</state>
        <identifiers>
          <lisID>2272</lisID>
          <bioguideId>B001292</bioguideId>
          <gpoId />
        </identifiers>
        <district>8</district>
        <sponsorshipDate>2021-01-28</sponsorshipDate>
        <isOriginalCosponsor>True</isOriginalCosponsor>
        <sponsorshipWithdrawnDate />
      </item>
      <item>
        <bioguideId>B001278</bioguideId>
        <fullName>Rep. Bonamici, Suzanne [D-OR-1]</fullName>
        <firstName>Suzanne</firstName>
        <middleName />
        <lastName>Bonamici</lastName>
        <party>D</party>
        <state>OR</state>
        <identifiers>
          <lisID>2092</lisID>
          <bioguideId>B001278</bioguideId>
          <gpoId>8367</gpoId>
        </identifiers>
        <district>1</district>
        <sponsorshipDate>2021-01-28</sponsorshipDate>
        <isOriginalCosponsor>True</isOriginalCosponsor>
        <sponsorshipWithdrawnDate />
      </item>
      <item>
        <bioguideId>G000586</bioguideId>
        <fullName>Rep. Garcia, Jesus G. "Chuy" [D-IL-4]</fullName>
        <firstName>Jesus</firstName>
        <middleName>G.</middleName>
        <lastName>Garcia</lastName>
        <party>D</party>
        <state>IL</state>
        <identifiers>
          <lisID>2397</lisID>
          <bioguideId>G000586</bioguideId>
          <gpoId />
        </identifiers>
        <district>4</district>
        <sponsorshipDate>2021-01-28</sponsorshipDate>
        <isOriginalCosponsor>True</isOriginalCosponsor>
        <sponsorshipWithdrawnDate />
      </item>
      <item>
        <bioguideId>J000298</bioguideId>
        <fullName>Rep. Jayapal, Pramila [D-WA-7]</fullName>
        <firstName>Pramila</firstName>
        <middleName />
        <lastName>Jayapal</lastName>
        <party>D</party>
        <state>WA</state>
        <identifiers>
          <lisID>2354</lisID>
          <bioguideId>J000298</bioguideId>
          <gpoId />
        </identifiers>
        <district>7</district>
        <sponsorshipDate>2021-01-28</sponsorshipDate>
        <isOriginalCosponsor>True</isOriginalCosponsor>
        <sponsorshipWithdrawnDate />
      </item>
      <item>
        <bioguideId>S001145</bioguideId>
        <fullName>Rep. Schakowsky, Janice D. [D-IL-9]</fullName>
        <firstName>JANICE</firstName>
        <middleName>D.</middleName>
        <lastName>SCHAKOWSKY</lastName>
        <party>D</party>
        <state>IL</state>
        <identifiers>
          <lisID>1588</lisID>
          <bioguideId>S001145</bioguideId>
          <gpoId>7929</gpoId>
        </identifiers>
        <district>9</district>
        <sponsorshipDate>2021-02-04</sponsorshipDate>
        <isOriginalCosponsor>False</isOriginalCosponsor>
        <sponsorshipWithdrawnDate />
      </item>
      <item>
        <bioguideId>M001188</bioguideId>
        <fullName>Rep. Meng, Grace [D-NY-6]</fullName>
        <firstName>Grace</firstName>
        <middleName />
        <lastName>Meng</lastName>
        <party>D</party>
        <state>NY</state>
        <identifiers>
          <lisID>2148</lisID>
          <bioguideId>M001188</bioguideId>
          <gpoId />
        </identifiers>
        <district>6</district>
        <sponsorshipDate>2021-02-04</sponsorshipDate>
        <isOriginalCosponsor>False</isOriginalCosponsor>
        <sponsorshipWithdrawnDate />
      </item>
      <item>
        <bioguideId>G000574</bioguideId>
        <fullName>Rep. Gallego, Ruben [D-AZ-7]</fullName>
        <firstName>Ruben</firstName>
        <middleName />
        <lastName>Gallego</lastName>
        <party>D</party>
        <state>AZ</state>
        <identifiers>
          <lisID>2226</lisID>
          <bioguideId>G000574</bioguideId>
          <gpoId />
        </identifiers>
        <district>7</district>
        <sponsorshipDate>2021-02-04</sponsorshipDate>
        <isOriginalCosponsor>False</isOriginalCosponsor>
        <sponsorshipWithdrawnDate />
      </item>
      <item>
        <bioguideId>R000606</bioguideId>
        <fullName>Rep. Raskin, Jamie [D-MD-8]</fullName>
        <firstName>Jamie</firstName>
        <middleName />
        <lastName>Raskin</lastName>
        <party>D</party>
        <state>MD</state>
        <identifiers>
          <lisID>2332</lisID>
          <bioguideId>R000606</bioguideId>
          <gpoId />
        </identifiers>
        <district>8</district>
        <sponsorshipDate>2021-02-04</sponsorshipDate>
        <isOriginalCosponsor>False</isOriginalCosponsor>
        <sponsorshipWithdrawnDate />
      </item>
      <item>
        <bioguideId>V000081</bioguideId>
        <fullName>Rep. Velazquez, Nydia M. [D-NY-7]</fullName>
        <firstName>NYDIA</firstName>
        <middleName>M.</middleName>
        <lastName>VELAZQUEZ</lastName>
        <party>D</party>
        <state>NY</state>
        <identifiers>
          <lisID>1184</lisID>
          <bioguideId>V000081</bioguideId>
          <gpoId>8073</gpoId>
        </identifiers>
        <district>7</district>
        <sponsorshipDate>2021-02-04</sponsorshipDate>
        <isOriginalCosponsor>False</isOriginalCosponsor>
        <sponsorshipWithdrawnDate />
      </item>
      <item>
        <bioguideId>B000574</bioguideId>
        <fullName>Rep. Blumenauer, Earl [D-OR-3]</fullName>
        <firstName>EARL</firstName>
        <middleName />
        <lastName>BLUMENAUER</lastName>
        <party>D</party>
        <state>OR</state>
        <identifiers>
          <lisID>99</lisID>
          <bioguideId>B000574</bioguideId>
          <gpoId>8116</gpoId>
        </identifiers>
        <district>3</district>
        <sponsorshipDate>2021-02-04</sponsorshipDate>
        <isOriginalCosponsor>False</isOriginalCosponsor>
        <sponsorshipWithdrawnDate />
      </item>
      <item>
        <bioguideId>P000607</bioguideId>
        <fullName>Rep. Pocan, Mark [D-WI-2]</fullName>
        <firstName>Mark</firstName>
        <middleName />
        <lastName>Pocan</lastName>
        <party>D</party>
        <state>WI</state>
        <identifiers>
          <lisID>2171</lisID>
          <bioguideId>P000607</bioguideId>
          <gpoId />
        </identifiers>
        <district>2</district>
        <sponsorshipDate>2021-02-05</sponsorshipDate>
        <isOriginalCosponsor>False</isOriginalCosponsor>
        <sponsorshipWithdrawnDate />
      </item>
      <item>
        <bioguideId>H000324</bioguideId>
        <fullName>Rep. Hastings, Alcee L. [D-FL-20]</fullName>
        <firstName>ALCEE</firstName>
        <middleName>L.</middleName>
        <lastName>HASTINGS</lastName>
        <party>D</party>
        <state>FL</state>
        <identifiers>
          <lisID>511</lisID>
          <bioguideId>H000324</bioguideId>
          <gpoId>7895</gpoId>
        </identifiers>
        <district>20</district>
        <sponsorshipDate>2021-02-05</sponsorshipDate>
        <isOriginalCosponsor>False</isOriginalCosponsor>
        <sponsorshipWithdrawnDate />
      </item>
      <item>
        <bioguideId>G000587</bioguideId>
        <fullName>Rep. Garcia, Sylvia R. [D-TX-29]</fullName>
        <firstName>Sylvia</firstName>
        <middleName>R.</middleName>
        <lastName>Garcia</lastName>
        <party>D</party>
        <state>TX</state>
        <identifiers>
          <lisID>2450</lisID>
          <bioguideId>G000587</bioguideId>
          <gpoId />
        </identifiers>
        <district>29</district>
        <sponsorshipDate>2021-02-05</sponsorshipDate>
        <isOriginalCosponsor>False</isOriginalCosponsor>
        <sponsorshipWithdrawnDate />
      </item>
      <item>
        <bioguideId>N000147</bioguideId>
        <fullName>Del. Norton, Eleanor Holmes [D-DC-At Large]</fullName>
        <firstName>ELEANOR</firstName>
        <middleName>HOLMES</middleName>
        <lastName>NORTON</lastName>
        <party>D</party>
        <state>DC</state>
        <identifiers>
          <lisID>868</lisID>
          <bioguideId>N000147</bioguideId>
          <gpoId>7871</gpoId>
        </identifiers>
        <district>0</district>
        <sponsorshipDate>2021-02-08</sponsorshipDate>
        <isOriginalCosponsor>False</isOriginalCosponsor>
        <sponsorshipWithdrawnDate />
      </item>
    </cosponsors>
    <cboCostEstimates />
    <laws />
    <notes />
    <policyArea>
      <name>Immigration</name>
    </policyArea>
    <subjects>
      <billSubjects>
        <legislativeSubjects>
          <item>
            <name>Administrative remedies</name>
          </item>
          <item>
            <name>Border security and unlawful immigration</name>
          </item>
          <item>
            <name>Civil actions and liability</name>
          </item>
          <item>
            <name>Criminal investigation, prosecution, interrogation</name>
          </item>
          <item>
            <name>Department of Homeland Security</name>
          </item>
          <item>
            <name>Employee performance</name>
          </item>
          <item>
            <name>Evidence and witnesses</name>
          </item>
          <item>
            <name>Government employee pay, benefits, personnel management</name>
          </item>
          <item>
            <name>Immigration status and procedures</name>
          </item>
          <item>
            <name>Law enforcement administration and funding</name>
          </item>
          <item>
            <name>Law enforcement officers</name>
          </item>
          <item>
            <name>Photography and imaging</name>
          </item>
        </legislativeSubjects>
        <policyArea>
          <name>Immigration</name>
        </policyArea>
      </billSubjects>
    </subjects>
    <summaries>
      <billSummaries>
        <item>
          <versionCode>00</versionCode>
          <actionDate>2021-01-28</actionDate>
          <actionDesc>Introduced in House</actionDesc>
          <lastSummaryUpdateDate>2021-02-24T14:45:15Z</lastSummaryUpdateDate>
          <text><![CDATA[<p><b>ICE and CBP Body Camera Accountability Act</b></p> <p>This bill requires U.S. Immigration and Customs Enforcement (ICE) and Customs and Border Protection (CBP) agents and officers to wear body cameras when engaged in official operations.</p> <p>Such agents and officers shall turn on their cameras for the duration of each shift. The footage shall be available to each party in any administrative proceeding, civil action, or criminal proceeding where such footage is pertinent. </p> <p>An agent or officer whose camera does not record footage during a shift shall be subject to furlough, reduction in pay or grade, or suspension. When a camera does not record during a shift, the Department of Homeland Security may not determine that the camera malfunctioned unless the agent or officer submits evidence to establish that a malfunction occurred.</p> <p>ICE and CBP shall establish policies and procedures regarding use of the cameras and for carrying out adverse actions related to a failure to record footage.<br> </p> <p>]]></text>
          <updateDate>2021-01-28T05:00:00Z</updateDate>
          <name>Introduced in House</name>
        </item>
      </billSummaries>
    </summaries>
    <title>ICE and CBP Body Camera Accountability Act</title>
    <titles>
      <item>
        <titleType>Short Title(s) as Introduced</titleType>
        <parentTitleType>Short Title</parentTitleType>
        <title>ICE and CBP Body Camera Accountability Act</title>
        <chamberCode />
        <chamberName />
      </item>
      <item>
        <titleType>Display Title</titleType>
        <parentTitleType />
        <title>ICE and CBP Body Camera Accountability Act</title>
        <chamberCode />
        <chamberName />
      </item>
      <item>
        <titleType>Official Title as Introduced</titleType>
        <parentTitleType />
        <title>To require agents and officers of U.S. Immigration and Customs Enforcement and U.S. Customs and Border Protection to wear body cameras, and for other purposes.</title>
        <chamberCode />
        <chamberName />
      </item>
    </titles>
    <amendments />
    <textVersions>
      <item>
        <type>Introduced in House</type>
        <date>2021-01-28T05:00:00Z</date>
        <formats>
          <item>
            <url>https://www.govinfo.gov/content/pkg/BILLS-117hr531ih/xml/BILLS-117hr531ih.xml</url>
          </item>
        </formats>
      </item>
    </textVersions>
    <latestAction>
      <actionDate>2021-01-28</actionDate>
      <text>Referred to the Subcommittee on Trade.</text>
      <links />
    </latestAction>
    <calendarNumbers />
    <version>1.0.0</version>
  </bill>
  <dublinCore xmlns:dc="http://purl.org/dc/elements/1.1/">
    <dc:format>text/xml</dc:format>
    <dc:language>EN</dc:language>
    <dc:rights>Pursuant to Title 17 Section 105 of the United States Code, this file is not subject to copyright protection and is in the public domain.</dc:rights>
    <dc:contributor>Congressional Research Service, Library of Congress</dc:contributor>
    <dc:description>This file contains bill summaries and statuses for federal legislation. A bill summary describes the most significant provisions of a piece of legislation and details the effects the legislative text may have on current law and federal programs. Bill summaries are authored by the Congressional Research Service (CRS) of the Library of Congress. As stated in Public Law 91-510 (2 USC 166 (d)(6)), one of the duties of CRS is "to prepare summaries and digests of bills and resolutions of a public general nature introduced in the Senate or House of Representatives". For more information, refer to the User Guide that accompanies this file.</dc:description>
  </dublinCore>
</billStatus>

