<?xml version="1.0" encoding="UTF-8"?>
<billStatus>
  <bill>
    <billNumber>480</billNumber>
    <createDate>2021-01-26T08:12:12Z</createDate>
    <updateDate>2021-10-22T07:15:41Z</updateDate>
    <originChamber>House</originChamber>
    <billType>HR</billType>
    <introducedDate>2021-01-25</introducedDate>
    <congress>117</congress>
    <constitutionalAuthorityStatementText><![CDATA[<pre>[Congressional Record Volume 167, Number 14 (Monday, January 25, 2021)][House]From the Congressional Record Online through the Government Publishing Office [<a href="https://www.gpo.gov">www.gpo.gov</a>]By Ms. PORTER:H.R. 480.Congress has the power to enact this legislation pursuantto the following:Article 1, Section 8 of the United States Constitution[Page H233]</pre>]]></constitutionalAuthorityStatementText>
    <recordedVotes />
    <committees>
      <billCommittees>
        <item>
          <systemCode>hsif00</systemCode>
          <name>Energy and Commerce Committee</name>
          <chamber>House</chamber>
          <type>Standing</type>
          <subcommittees>
            <item>
              <systemCode>hsif14</systemCode>
              <name>Health Subcommittee</name>
              <activities>
                <item>
                  <name>Referred to</name>
                  <date>2021-02-02T16:01:25Z</date>
                </item>
              </activities>
            </item>
          </subcommittees>
          <activities>
            <item>
              <name>Referred to</name>
              <date>2021-01-25T18:32:45Z</date>
            </item>
          </activities>
        </item>
        <item>
          <systemCode>hswm00</systemCode>
          <name>Ways and Means Committee</name>
          <chamber>House</chamber>
          <type>Standing</type>
          <subcommittees>
            <item>
              <systemCode>hswm02</systemCode>
              <name>Health Subcommittee</name>
              <activities>
                <item>
                  <name>Referred to</name>
                  <date>2021-01-28T15:00:26Z</date>
                </item>
              </activities>
            </item>
          </subcommittees>
          <activities>
            <item>
              <name>Referred to</name>
              <date>2021-01-25T18:32:50Z</date>
            </item>
          </activities>
        </item>
      </billCommittees>
    </committees>
    <committeeReports />
    <relatedBills />
    <actions>
      <item>
        <actionDate>2021-02-02</actionDate>
        <committees>
          <item>
            <systemCode>hsif14</systemCode>
            <name>Health Subcommittee</name>
          </item>
        </committees>
        <links />
        <sourceSystem>
          <code>1</code>
          <name>House committee actions</name>
        </sourceSystem>
        <text>Referred to the Subcommittee on Health.</text>
        <type>Committee</type>
      </item>
      <item>
        <actionDate>2021-01-28</actionDate>
        <committees>
          <item>
            <systemCode>hswm02</systemCode>
            <name>Health Subcommittee</name>
          </item>
        </committees>
        <links />
        <sourceSystem>
          <code>1</code>
          <name>House committee actions</name>
        </sourceSystem>
        <text>Referred to the Subcommittee on Health.</text>
        <type>Committee</type>
      </item>
      <item>
        <actionDate>2021-01-25</actionDate>
        <links />
        <text>Referred to the Committee on Energy and Commerce, and in addition to the Committee on Ways and Means, for a period to be subsequently determined by the Speaker, in each case for consideration of such provisions as fall within the jurisdiction of the committee concerned.</text>
        <type>IntroReferral</type>
        <actionCode>H11100</actionCode>
        <sourceSystem>
          <code>2</code>
          <name>House floor actions</name>
        </sourceSystem>
        <committees>
          <item>
            <systemCode>hswm00</systemCode>
            <name>Ways and Means Committee</name>
          </item>
        </committees>
      </item>
      <item>
        <actionDate>2021-01-25</actionDate>
        <links />
        <text>Referred to the Committee on Energy and Commerce, and in addition to the Committee on Ways and Means, for a period to be subsequently determined by the Speaker, in each case for consideration of such provisions as fall within the jurisdiction of the committee concerned.</text>
        <type>IntroReferral</type>
        <actionCode>H11100</actionCode>
        <sourceSystem>
          <code>2</code>
          <name>House floor actions</name>
        </sourceSystem>
        <committees>
          <item>
            <systemCode>hsif00</systemCode>
            <name>Energy and Commerce Committee</name>
          </item>
        </committees>
      </item>
      <item>
        <actionDate>2021-01-25</actionDate>
        <links />
        <text>Introduced in House</text>
        <type>IntroReferral</type>
        <actionCode>Intro-H</actionCode>
        <sourceSystem>
          <code>9</code>
          <name>Library of Congress</name>
        </sourceSystem>
        <committees />
      </item>
      <item>
        <actionDate>2021-01-25</actionDate>
        <links />
        <text>Introduced in House</text>
        <type>IntroReferral</type>
        <actionCode>1000</actionCode>
        <sourceSystem>
          <code>9</code>
          <name>Library of Congress</name>
        </sourceSystem>
        <committees />
      </item>
      <actionTypeCounts>
        <placeholderTextForH>2</placeholderTextForH>
        <billReferrals>2</billReferrals>
        <introducedInTheHouse>1</introducedInTheHouse>
        <introducedInHouse>1</introducedInHouse>
      </actionTypeCounts>
      <actionByCounts>
        <houseOfRepresentatives>6</houseOfRepresentatives>
      </actionByCounts>
    </actions>
    <sponsors>
      <item>
        <bioguideId>P000618</bioguideId>
        <fullName>Rep. Porter, Katie [D-CA-45]</fullName>
        <firstName>Katie</firstName>
        <middleName />
        <lastName>Porter</lastName>
        <party>D</party>
        <state>CA</state>
        <identifiers>
          <lisID>2381</lisID>
          <bioguideId>P000618</bioguideId>
          <gpoId />
        </identifiers>
        <district>45</district>
        <byRequestType />
      </item>
    </sponsors>
    <cosponsors>
      <item>
        <bioguideId>H001056</bioguideId>
        <fullName>Rep. Herrera Beutler, Jaime [R-WA-3]</fullName>
        <firstName>Jaime</firstName>
        <middleName />
        <lastName>Herrera Beutler</lastName>
        <party>R</party>
        <state>WA</state>
        <identifiers>
          <lisID>2071</lisID>
          <bioguideId>H001056</bioguideId>
          <gpoId>8207</gpoId>
        </identifiers>
        <district>3</district>
        <sponsorshipDate>2021-01-25</sponsorshipDate>
        <isOriginalCosponsor>True</isOriginalCosponsor>
        <sponsorshipWithdrawnDate />
      </item>
      <item>
        <bioguideId>U000040</bioguideId>
        <fullName>Rep. Underwood, Lauren [D-IL-14]</fullName>
        <firstName>Lauren</firstName>
        <middleName />
        <lastName>Underwood</lastName>
        <party>D</party>
        <state>IL</state>
        <identifiers>
          <lisID>2399</lisID>
          <bioguideId>U000040</bioguideId>
          <gpoId />
        </identifiers>
        <district>14</district>
        <sponsorshipDate>2021-01-25</sponsorshipDate>
        <isOriginalCosponsor>True</isOriginalCosponsor>
        <sponsorshipWithdrawnDate />
      </item>
      <item>
        <bioguideId>N000147</bioguideId>
        <fullName>Del. Norton, Eleanor Holmes [D-DC-At Large]</fullName>
        <firstName>ELEANOR</firstName>
        <middleName>HOLMES</middleName>
        <lastName>NORTON</lastName>
        <party>D</party>
        <state>DC</state>
        <identifiers>
          <lisID>868</lisID>
          <bioguideId>N000147</bioguideId>
          <gpoId>7871</gpoId>
        </identifiers>
        <district>0</district>
        <sponsorshipDate>2021-01-25</sponsorshipDate>
        <isOriginalCosponsor>True</isOriginalCosponsor>
        <sponsorshipWithdrawnDate />
      </item>
      <item>
        <bioguideId>B001285</bioguideId>
        <fullName>Rep. Brownley, Julia [D-CA-26]</fullName>
        <firstName>Julia</firstName>
        <middleName />
        <lastName>Brownley</lastName>
        <party>D</party>
        <state>CA</state>
        <identifiers>
          <lisID>2106</lisID>
          <bioguideId>B001285</bioguideId>
          <gpoId />
        </identifiers>
        <district>26</district>
        <sponsorshipDate>2021-01-25</sponsorshipDate>
        <isOriginalCosponsor>True</isOriginalCosponsor>
        <sponsorshipWithdrawnDate />
      </item>
      <item>
        <bioguideId>G000551</bioguideId>
        <fullName>Rep. Grijalva, Raúl M. [D-AZ-3]</fullName>
        <firstName>Raúl</firstName>
        <middleName>M.</middleName>
        <lastName>Grijalva</lastName>
        <party>D</party>
        <state>AZ</state>
        <identifiers>
          <lisID>1708</lisID>
          <bioguideId>G000551</bioguideId>
          <gpoId>7804</gpoId>
        </identifiers>
        <district>3</district>
        <sponsorshipDate>2021-01-25</sponsorshipDate>
        <isOriginalCosponsor>True</isOriginalCosponsor>
        <sponsorshipWithdrawnDate />
      </item>
      <item>
        <bioguideId>H000324</bioguideId>
        <fullName>Rep. Hastings, Alcee L. [D-FL-20]</fullName>
        <firstName>ALCEE</firstName>
        <middleName>L.</middleName>
        <lastName>HASTINGS</lastName>
        <party>D</party>
        <state>FL</state>
        <identifiers>
          <lisID>511</lisID>
          <bioguideId>H000324</bioguideId>
          <gpoId>7895</gpoId>
        </identifiers>
        <district>20</district>
        <sponsorshipDate>2021-01-25</sponsorshipDate>
        <isOriginalCosponsor>True</isOriginalCosponsor>
        <sponsorshipWithdrawnDate />
      </item>
      <item>
        <bioguideId>L000551</bioguideId>
        <fullName>Rep. Lee, Barbara [D-CA-13]</fullName>
        <firstName>BARBARA</firstName>
        <middleName />
        <lastName>LEE</lastName>
        <party>D</party>
        <state>CA</state>
        <identifiers>
          <lisID>1501</lisID>
          <bioguideId>L000551</bioguideId>
          <gpoId>7814</gpoId>
        </identifiers>
        <district>13</district>
        <sponsorshipDate>2021-01-25</sponsorshipDate>
        <isOriginalCosponsor>True</isOriginalCosponsor>
        <sponsorshipWithdrawnDate />
      </item>
      <item>
        <bioguideId>M001163</bioguideId>
        <fullName>Rep. Matsui, Doris O. [D-CA-6]</fullName>
        <firstName>Doris</firstName>
        <middleName>O.</middleName>
        <lastName>Matsui</lastName>
        <party>D</party>
        <state>CA</state>
        <identifiers>
          <lisID>1814</lisID>
          <bioguideId>M001163</bioguideId>
          <gpoId>7810</gpoId>
        </identifiers>
        <district>6</district>
        <sponsorshipDate>2021-01-25</sponsorshipDate>
        <isOriginalCosponsor>True</isOriginalCosponsor>
        <sponsorshipWithdrawnDate />
      </item>
      <item>
        <bioguideId>P000614</bioguideId>
        <fullName>Rep. Pappas, Chris [D-NH-1]</fullName>
        <firstName>Chris</firstName>
        <middleName />
        <lastName>Pappas</lastName>
        <party>D</party>
        <state>NH</state>
        <identifiers>
          <lisID>2418</lisID>
          <bioguideId>P000614</bioguideId>
          <gpoId />
        </identifiers>
        <district>1</district>
        <sponsorshipDate>2021-01-25</sponsorshipDate>
        <isOriginalCosponsor>True</isOriginalCosponsor>
        <sponsorshipWithdrawnDate />
      </item>
      <item>
        <bioguideId>G000582</bioguideId>
        <fullName>Resident Commissioner González-Colón, Jenniffer [R-PR-At Large]</fullName>
        <firstName>Jenniffer</firstName>
        <middleName />
        <lastName>Gonzalez-Colon</lastName>
        <party>R</party>
        <state>PR</state>
        <identifiers>
          <lisID>2347</lisID>
          <bioguideId>G000582</bioguideId>
          <gpoId />
        </identifiers>
        <district>0</district>
        <sponsorshipDate>2021-01-25</sponsorshipDate>
        <isOriginalCosponsor>True</isOriginalCosponsor>
        <sponsorshipWithdrawnDate />
      </item>
      <item>
        <bioguideId>S000522</bioguideId>
        <fullName>Rep. Smith, Christopher H. [R-NJ-4]</fullName>
        <firstName>CHRISTOPHER</firstName>
        <middleName>H.</middleName>
        <lastName>SMITH</lastName>
        <party>R</party>
        <state>NJ</state>
        <identifiers>
          <lisID>1071</lisID>
          <bioguideId>S000522</bioguideId>
          <gpoId>8046</gpoId>
        </identifiers>
        <district>4</district>
        <sponsorshipDate>2021-01-25</sponsorshipDate>
        <isOriginalCosponsor>True</isOriginalCosponsor>
        <sponsorshipWithdrawnDate />
      </item>
      <item>
        <bioguideId>J000032</bioguideId>
        <fullName>Rep. Jackson Lee, Sheila [D-TX-18]</fullName>
        <firstName>SHEILA</firstName>
        <middleName />
        <lastName>JACKSON LEE</lastName>
        <party>D</party>
        <state>TX</state>
        <identifiers>
          <lisID>588</lisID>
          <bioguideId>J000032</bioguideId>
          <gpoId>8174</gpoId>
        </identifiers>
        <district>18</district>
        <sponsorshipDate>2021-01-25</sponsorshipDate>
        <isOriginalCosponsor>True</isOriginalCosponsor>
        <sponsorshipWithdrawnDate />
      </item>
      <item>
        <bioguideId>D000631</bioguideId>
        <fullName>Rep. Dean, Madeleine [D-PA-4]</fullName>
        <firstName>Madeleine</firstName>
        <middleName />
        <lastName>Dean</lastName>
        <party>D</party>
        <state>PA</state>
        <identifiers>
          <lisID>2432</lisID>
          <bioguideId>D000631</bioguideId>
          <gpoId />
        </identifiers>
        <district>4</district>
        <sponsorshipDate>2021-01-25</sponsorshipDate>
        <isOriginalCosponsor>True</isOriginalCosponsor>
        <sponsorshipWithdrawnDate />
      </item>
      <item>
        <bioguideId>B001300</bioguideId>
        <fullName>Rep. Barragan, Nanette Diaz [D-CA-44]</fullName>
        <firstName>Nanette</firstName>
        <middleName>Diaz</middleName>
        <lastName>Barragan</lastName>
        <party>D</party>
        <state>CA</state>
        <identifiers>
          <lisID>2311</lisID>
          <bioguideId>B001300</bioguideId>
          <gpoId />
        </identifiers>
        <district>44</district>
        <sponsorshipDate>2021-01-25</sponsorshipDate>
        <isOriginalCosponsor>True</isOriginalCosponsor>
        <sponsorshipWithdrawnDate />
      </item>
      <item>
        <bioguideId>G000581</bioguideId>
        <fullName>Rep. Gonzalez, Vicente [D-TX-15]</fullName>
        <firstName>Vicente</firstName>
        <middleName />
        <lastName>Gonzalez</lastName>
        <party>D</party>
        <state>TX</state>
        <identifiers>
          <lisID>2349</lisID>
          <bioguideId>G000581</bioguideId>
          <gpoId />
        </identifiers>
        <district>15</district>
        <sponsorshipDate>2021-01-25</sponsorshipDate>
        <isOriginalCosponsor>True</isOriginalCosponsor>
        <sponsorshipWithdrawnDate />
      </item>
      <item>
        <bioguideId>F000466</bioguideId>
        <fullName>Rep. Fitzpatrick, Brian K. [R-PA-1]</fullName>
        <firstName>Brian</firstName>
        <middleName>K.</middleName>
        <lastName>Fitzpatrick</lastName>
        <party>R</party>
        <state>PA</state>
        <identifiers>
          <lisID>2345</lisID>
          <bioguideId>F000466</bioguideId>
          <gpoId />
        </identifiers>
        <district>1</district>
        <sponsorshipDate>2021-01-25</sponsorshipDate>
        <isOriginalCosponsor>True</isOriginalCosponsor>
        <sponsorshipWithdrawnDate />
      </item>
      <item>
        <bioguideId>D000610</bioguideId>
        <fullName>Rep. Deutch, Theodore E. [D-FL-22]</fullName>
        <firstName>Theodore</firstName>
        <middleName>E.</middleName>
        <lastName>Deutch</lastName>
        <party>D</party>
        <state>FL</state>
        <identifiers>
          <lisID>1976</lisID>
          <bioguideId>D000610</bioguideId>
          <gpoId>7891</gpoId>
        </identifiers>
        <district>22</district>
        <sponsorshipDate>2021-01-25</sponsorshipDate>
        <isOriginalCosponsor>True</isOriginalCosponsor>
        <sponsorshipWithdrawnDate />
      </item>
      <item>
        <bioguideId>N000191</bioguideId>
        <fullName>Rep. Neguse, Joe [D-CO-2]</fullName>
        <firstName>Joe</firstName>
        <middleName />
        <lastName>Neguse</lastName>
        <party>D</party>
        <state>CO</state>
        <identifiers>
          <lisID>2384</lisID>
          <bioguideId>N000191</bioguideId>
          <gpoId />
        </identifiers>
        <district>2</district>
        <sponsorshipDate>2021-01-25</sponsorshipDate>
        <isOriginalCosponsor>True</isOriginalCosponsor>
        <sponsorshipWithdrawnDate />
      </item>
      <item>
        <bioguideId>B001296</bioguideId>
        <fullName>Rep. Boyle, Brendan F. [D-PA-2]</fullName>
        <firstName>Brendan</firstName>
        <middleName>F.</middleName>
        <lastName>Boyle</lastName>
        <party>D</party>
        <state>PA</state>
        <identifiers>
          <lisID>2267</lisID>
          <bioguideId>B001296</bioguideId>
          <gpoId />
        </identifiers>
        <district>2</district>
        <sponsorshipDate>2021-01-25</sponsorshipDate>
        <isOriginalCosponsor>True</isOriginalCosponsor>
        <sponsorshipWithdrawnDate />
      </item>
      <item>
        <bioguideId>S001175</bioguideId>
        <fullName>Rep. Speier, Jackie [D-CA-14]</fullName>
        <firstName>Jackie</firstName>
        <middleName />
        <lastName>Speier</lastName>
        <party>D</party>
        <state>CA</state>
        <identifiers>
          <lisID>1890</lisID>
          <bioguideId>S001175</bioguideId>
          <gpoId>7817</gpoId>
        </identifiers>
        <district>14</district>
        <sponsorshipDate>2021-01-25</sponsorshipDate>
        <isOriginalCosponsor>True</isOriginalCosponsor>
        <sponsorshipWithdrawnDate />
      </item>
      <item>
        <bioguideId>W000800</bioguideId>
        <fullName>Rep. Welch, Peter [D-VT-At Large]</fullName>
        <firstName>Peter</firstName>
        <middleName />
        <lastName>Welch</lastName>
        <party>D</party>
        <state>VT</state>
        <identifiers>
          <lisID>1879</lisID>
          <bioguideId>W000800</bioguideId>
          <gpoId>8204</gpoId>
        </identifiers>
        <district>0</district>
        <sponsorshipDate>2021-01-25</sponsorshipDate>
        <isOriginalCosponsor>True</isOriginalCosponsor>
        <sponsorshipWithdrawnDate />
      </item>
      <item>
        <bioguideId>L000591</bioguideId>
        <fullName>Rep. Luria, Elaine G. [D-VA-2]</fullName>
        <firstName>Elaine</firstName>
        <middleName>G.</middleName>
        <lastName>Luria</lastName>
        <party>D</party>
        <state>VA</state>
        <identifiers>
          <lisID>2453</lisID>
          <bioguideId>L000591</bioguideId>
          <gpoId />
        </identifiers>
        <district>2</district>
        <sponsorshipDate>2021-01-25</sponsorshipDate>
        <isOriginalCosponsor>True</isOriginalCosponsor>
        <sponsorshipWithdrawnDate />
      </item>
      <item>
        <bioguideId>P000597</bioguideId>
        <fullName>Rep. Pingree, Chellie [D-ME-1]</fullName>
        <firstName>Chellie</firstName>
        <middleName />
        <lastName>Pingree</lastName>
        <party>D</party>
        <state>ME</state>
        <identifiers>
          <lisID>1927</lisID>
          <bioguideId>P000597</bioguideId>
          <gpoId>7984</gpoId>
        </identifiers>
        <district>1</district>
        <sponsorshipDate>2021-01-25</sponsorshipDate>
        <isOriginalCosponsor>True</isOriginalCosponsor>
        <sponsorshipWithdrawnDate />
      </item>
      <item>
        <bioguideId>P000613</bioguideId>
        <fullName>Rep. Panetta, Jimmy [D-CA-20]</fullName>
        <firstName>Jimmy</firstName>
        <middleName />
        <lastName>Panetta</lastName>
        <party>D</party>
        <state>CA</state>
        <identifiers>
          <lisID>2309</lisID>
          <bioguideId>P000613</bioguideId>
          <gpoId />
        </identifiers>
        <district>20</district>
        <sponsorshipDate>2021-01-25</sponsorshipDate>
        <isOriginalCosponsor>True</isOriginalCosponsor>
        <sponsorshipWithdrawnDate />
      </item>
      <item>
        <bioguideId>R000577</bioguideId>
        <fullName>Rep. Ryan, Tim [D-OH-13]</fullName>
        <firstName>TIM</firstName>
        <middleName />
        <lastName>RYAN</lastName>
        <party>D</party>
        <state>OH</state>
        <identifiers>
          <lisID>1756</lisID>
          <bioguideId>R000577</bioguideId>
          <gpoId>8107</gpoId>
        </identifiers>
        <district>13</district>
        <sponsorshipDate>2021-01-25</sponsorshipDate>
        <isOriginalCosponsor>True</isOriginalCosponsor>
        <sponsorshipWithdrawnDate />
      </item>
      <item>
        <bioguideId>K000397</bioguideId>
        <fullName>Rep. Kim, Young [R-CA-39]</fullName>
        <firstName>Young</firstName>
        <middleName />
        <lastName>Kim</lastName>
        <party>R</party>
        <state>CA</state>
        <identifiers>
          <lisID>2543</lisID>
          <bioguideId>K000397</bioguideId>
          <gpoId />
        </identifiers>
        <district>39</district>
        <sponsorshipDate>2021-01-25</sponsorshipDate>
        <isOriginalCosponsor>True</isOriginalCosponsor>
        <sponsorshipWithdrawnDate />
      </item>
      <item>
        <bioguideId>L000557</bioguideId>
        <fullName>Rep. Larson, John B. [D-CT-1]</fullName>
        <firstName>JOHN</firstName>
        <middleName>B.</middleName>
        <lastName>LARSON</lastName>
        <party>D</party>
        <state>CT</state>
        <identifiers>
          <lisID>1583</lisID>
          <bioguideId>L000557</bioguideId>
          <gpoId>7866</gpoId>
        </identifiers>
        <district>1</district>
        <sponsorshipDate>2021-01-25</sponsorshipDate>
        <isOriginalCosponsor>True</isOriginalCosponsor>
        <sponsorshipWithdrawnDate />
      </item>
      <item>
        <bioguideId>D000197</bioguideId>
        <fullName>Rep. DeGette, Diana [D-CO-1]</fullName>
        <firstName>DIANA</firstName>
        <middleName />
        <lastName>DEGETTE</lastName>
        <party>D</party>
        <state>CO</state>
        <identifiers>
          <lisID>1479</lisID>
          <bioguideId>D000197</bioguideId>
          <gpoId>7859</gpoId>
        </identifiers>
        <district>1</district>
        <sponsorshipDate>2021-02-23</sponsorshipDate>
        <isOriginalCosponsor>False</isOriginalCosponsor>
        <sponsorshipWithdrawnDate />
      </item>
      <item>
        <bioguideId>B000574</bioguideId>
        <fullName>Rep. Blumenauer, Earl [D-OR-3]</fullName>
        <firstName>EARL</firstName>
        <middleName />
        <lastName>BLUMENAUER</lastName>
        <party>D</party>
        <state>OR</state>
        <identifiers>
          <lisID>99</lisID>
          <bioguideId>B000574</bioguideId>
          <gpoId>8116</gpoId>
        </identifiers>
        <district>3</district>
        <sponsorshipDate>2021-10-21</sponsorshipDate>
        <isOriginalCosponsor>False</isOriginalCosponsor>
        <sponsorshipWithdrawnDate />
      </item>
    </cosponsors>
    <cboCostEstimates />
    <laws />
    <notes />
    <policyArea>
      <name>Health</name>
    </policyArea>
    <subjects>
      <billSubjects>
        <legislativeSubjects>
          <item>
            <name>Health care costs and insurance</name>
          </item>
          <item>
            <name>Health care coverage and access</name>
          </item>
          <item>
            <name>Medicare</name>
          </item>
          <item>
            <name>Social security and elderly assistance</name>
          </item>
          <item>
            <name>Veterans' medical care</name>
          </item>
        </legislativeSubjects>
        <policyArea>
          <name>Health</name>
        </policyArea>
      </billSubjects>
    </subjects>
    <summaries>
      <billSummaries>
        <item>
          <versionCode>00</versionCode>
          <actionDate>2021-01-25</actionDate>
          <actionDesc>Introduced in House</actionDesc>
          <lastSummaryUpdateDate>2021-03-02T00:21:17Z</lastSummaryUpdateDate>
          <text><![CDATA[<p><b>Medicare Economic Security Solutions Act</b></p> <p>This bill modifies provisions relating to enrollment periods for Medicare medical services. </p> <p>Among other things, the bill establishes a late enrollment penalty of 15% of monthly premiums and applies the penalty for a period equal to twice the number of months in each 12-month period during which the individual was not enrolled. Currently, the late enrollment penalty is 10% of monthly premiums for each 12-month period during which the individual was not enrolled, and the penalty continues to apply for as long as the individual is enrolled in Medicare medical services.</p> <p>The bill also expands the special enrollment periods to individuals who have health insurance coverage other than through their employer.</p>]]></text>
          <updateDate>2021-01-25T05:00:00Z</updateDate>
          <name>Introduced in House</name>
        </item>
      </billSummaries>
    </summaries>
    <title>Medicare Economic Security Solutions Act</title>
    <titles>
      <item>
        <titleType>Short Title(s) as Introduced</titleType>
        <parentTitleType>Short Title</parentTitleType>
        <title>Medicare Economic Security Solutions Act</title>
        <chamberCode />
        <chamberName />
      </item>
      <item>
        <titleType>Display Title</titleType>
        <parentTitleType />
        <title>Medicare Economic Security Solutions Act</title>
        <chamberCode />
        <chamberName />
      </item>
      <item>
        <titleType>Official Title as Introduced</titleType>
        <parentTitleType />
        <title>To amend title XVIII of the Social Security Act to limit the penalty for late enrollment under part B of the Medicare Program to 15 percent and twice the period of no enrollment, and to exclude periods of COBRA, retiree, and VA coverage from such late enrollment penalty.</title>
        <chamberCode />
        <chamberName />
      </item>
    </titles>
    <amendments />
    <textVersions>
      <item>
        <type>Introduced in House</type>
        <date>2021-01-25T05:00:00Z</date>
        <formats>
          <item>
            <url>https://www.govinfo.gov/content/pkg/BILLS-117hr480ih/xml/BILLS-117hr480ih.xml</url>
          </item>
        </formats>
      </item>
    </textVersions>
    <latestAction>
      <actionDate>2021-02-02</actionDate>
      <text>Referred to the Subcommittee on Health.</text>
      <links />
    </latestAction>
    <calendarNumbers />
    <version>1.0.0</version>
  </bill>
  <dublinCore xmlns:dc="http://purl.org/dc/elements/1.1/">
    <dc:format>text/xml</dc:format>
    <dc:language>EN</dc:language>
    <dc:rights>Pursuant to Title 17 Section 105 of the United States Code, this file is not subject to copyright protection and is in the public domain.</dc:rights>
    <dc:contributor>Congressional Research Service, Library of Congress</dc:contributor>
    <dc:description>This file contains bill summaries and statuses for federal legislation. A bill summary describes the most significant provisions of a piece of legislation and details the effects the legislative text may have on current law and federal programs. Bill summaries are authored by the Congressional Research Service (CRS) of the Library of Congress. As stated in Public Law 91-510 (2 USC 166 (d)(6)), one of the duties of CRS is "to prepare summaries and digests of bills and resolutions of a public general nature introduced in the Senate or House of Representatives". For more information, refer to the User Guide that accompanies this file.</dc:description>
  </dublinCore>
</billStatus>

