<?xml version="1.0" encoding="UTF-8"?>
<billStatus>
  <bill>
    <billNumber>293</billNumber>
    <createDate>2021-01-14T08:12:12Z</createDate>
    <updateDate>2021-08-18T07:36:54Z</updateDate>
    <originChamber>House</originChamber>
    <billType>HR</billType>
    <introducedDate>2021-01-13</introducedDate>
    <congress>117</congress>
    <constitutionalAuthorityStatementText><![CDATA[<pre>[Congressional Record Volume 167, Number 8 (Wednesday, January 13, 2021)][House]From the Congressional Record Online through the Government Publishing Office [<a href="https://www.gpo.gov">www.gpo.gov</a>]By Mr. BOST:H.R. 293.Congress has the power to enact this legislation pursuantto the following:Article I, Section 8 of the United States Constitution,which states ``[t]he Congress shall have power to lay andcollect taxes, duties, imposts and excises, to pay the debtsand provide for the common defense and general welfare of theUnited States; but all duties, imposts and excises shall beuniform throughout the United States''.[Page H194]</pre>]]></constitutionalAuthorityStatementText>
    <recordedVotes />
    <committees>
      <billCommittees>
        <item>
          <systemCode>ssva00</systemCode>
          <name>Veterans' Affairs Committee</name>
          <chamber>Senate</chamber>
          <type>Standing</type>
          <subcommittees />
          <activities>
            <item>
              <name>Referred to</name>
              <date>2021-06-16T18:22:42Z</date>
            </item>
          </activities>
        </item>
        <item>
          <systemCode>hsvr00</systemCode>
          <name>Veterans' Affairs Committee</name>
          <chamber>House</chamber>
          <type>Standing</type>
          <subcommittees>
            <item>
              <systemCode>hsvr08</systemCode>
              <name>Oversight and Investigations Subcommittee</name>
              <activities>
                <item>
                  <name>Discharged from</name>
                  <date>2021-05-04T20:32:09Z</date>
                </item>
                <item>
                  <name>Referred to</name>
                  <date>2021-02-24T19:25:43Z</date>
                </item>
              </activities>
            </item>
          </subcommittees>
          <activities>
            <item>
              <name>Markup by</name>
              <date>2021-05-05T00:51:06Z</date>
            </item>
            <item>
              <name>Referred to</name>
              <date>2021-01-13T14:02:10Z</date>
            </item>
          </activities>
        </item>
      </billCommittees>
    </committees>
    <committeeReports />
    <relatedBills>
      <item>
        <latestTitle>Providing for consideration of the bill (H.R. 256) to repeal the Authorization for Use of Military Force Against Iraq Resolution of 2002; providing for consideration of the bill (H.R. 1187) to provide for disclosure of additional material information about public companies and establish a Sustainable Finance Advisory Committee, and for other purposes; and for other purposes.</latestTitle>
        <congress>117</congress>
        <number>473</number>
        <type>HRES</type>
        <latestAction>
          <actionDate>2021-06-14</actionDate>
          <text>Motion to reconsider laid on the table Agreed to without objection. (text: CR H2716)</text>
          <actionTime>19:26:32</actionTime>
        </latestAction>
        <relationshipDetails>
          <item>
            <type>Related bill</type>
            <identifiedBy>House</identifiedBy>
          </item>
        </relationshipDetails>
      </item>
    </relatedBills>
    <actions>
      <item>
        <actionDate>2021-06-16</actionDate>
        <committees>
          <item>
            <systemCode>ssva00</systemCode>
            <name>Veterans' Affairs Committee</name>
          </item>
        </committees>
        <links />
        <sourceSystem>
          <code>0</code>
          <name>Senate</name>
        </sourceSystem>
        <text>Received in the Senate and Read twice and referred to the Committee on Veterans' Affairs.</text>
        <type>IntroReferral</type>
      </item>
      <item>
        <actionDate>2021-06-15</actionDate>
        <actionTime>17:22:54</actionTime>
        <links />
        <text>Pursuant to section 8 of H. Res. 473, and the motion offered by Mr. McGovern, the following bills passed under suspension of the rules: H.R. 293; H.R. 587; H.R. 610, as amended; H.R. 1144, as amended; H.R. 1703, as amended; H.R. 1921; H.R. 2008; H.R. 2332, as amended; H.R. 2545; and H.R. 3642, as amended. (consideration: CR H2792-2799; text: CR H2792)</text>
        <type>Floor</type>
        <actionCode>H37300</actionCode>
        <sourceSystem>
          <code>2</code>
          <name>House floor actions</name>
        </sourceSystem>
        <committees />
      </item>
      <item>
        <actionDate>2021-06-15</actionDate>
        <actionTime>17:22:54</actionTime>
        <links />
        <text>Passed/agreed to in House: Pursuant to section 8 of H. Res. 473, and the motion offered by Mr. McGovern, the following bills passed under suspension of the rules: H.R. 293; H.R. 587; H.R. 610, as amended; H.R. 1144, as amended; H.R. 1703, as amended; H.R. 1921; H.R. 2008; H.R. 2332, as amended; H.R. 2545; and H.R. 3642, as amended.</text>
        <type>Floor</type>
        <actionCode>8000</actionCode>
        <sourceSystem>
          <code>9</code>
          <name>Library of Congress</name>
        </sourceSystem>
        <committees />
      </item>
      <item>
        <actionDate>2021-06-15</actionDate>
        <actionTime>17:22:53</actionTime>
        <links />
        <text>Pursuant to the provisions of H. Res. 473, proceedings on H.R. 293 are considered vacated.</text>
        <type>Floor</type>
        <actionCode>H1B000</actionCode>
        <sourceSystem>
          <code>2</code>
          <name>House floor actions</name>
        </sourceSystem>
        <committees />
      </item>
      <item>
        <actionDate>2021-06-15</actionDate>
        <actionTime>14:54:08</actionTime>
        <links />
        <text>At the conclusion of debate, the Yeas and Nays were demanded and ordered. Pursuant to the provisions of clause 8, rule XX, the Chair announced that further proceedings on the motion would be postponed.</text>
        <type>Floor</type>
        <actionCode>H37220</actionCode>
        <sourceSystem>
          <code>2</code>
          <name>House floor actions</name>
        </sourceSystem>
        <committees />
      </item>
      <item>
        <actionDate>2021-06-15</actionDate>
        <actionTime>14:50:11</actionTime>
        <links />
        <text>DEBATE - The House proceeded with forty minutes of debate on H.R. 293.</text>
        <type>Floor</type>
        <actionCode>H8D000</actionCode>
        <sourceSystem>
          <code>2</code>
          <name>House floor actions</name>
        </sourceSystem>
        <committees />
      </item>
      <item>
        <actionDate>2021-06-15</actionDate>
        <actionTime>14:50:08</actionTime>
        <links />
        <text>Considered under suspension of the rules. (consideration: CR H2780-2781; text: CR H2780)</text>
        <type>Floor</type>
        <actionCode>H30000</actionCode>
        <sourceSystem>
          <code>2</code>
          <name>House floor actions</name>
        </sourceSystem>
        <committees />
      </item>
      <item>
        <actionDate>2021-06-15</actionDate>
        <actionTime>14:49:23</actionTime>
        <links />
        <text>Mr. Takano moved to suspend the rules and pass the bill.</text>
        <type>Floor</type>
        <actionCode>H30300</actionCode>
        <sourceSystem>
          <code>2</code>
          <name>House floor actions</name>
        </sourceSystem>
        <committees />
      </item>
      <item>
        <actionDate>2021-05-04</actionDate>
        <committees>
          <item>
            <systemCode>hsvr00</systemCode>
            <name>Veterans' Affairs Committee</name>
          </item>
        </committees>
        <links />
        <sourceSystem>
          <code>1</code>
          <name>House committee actions</name>
        </sourceSystem>
        <text>Ordered to be Reported by the Yeas and Nays: 22 - 6.</text>
        <type>Committee</type>
      </item>
      <item>
        <actionDate>2021-05-04</actionDate>
        <committees>
          <item>
            <systemCode>hsvr00</systemCode>
            <name>Veterans' Affairs Committee</name>
          </item>
        </committees>
        <links />
        <sourceSystem>
          <code>1</code>
          <name>House committee actions</name>
        </sourceSystem>
        <text>Committee Consideration and Mark-up Session Held.</text>
        <type>Committee</type>
      </item>
      <item>
        <actionDate>2021-05-04</actionDate>
        <committees>
          <item>
            <systemCode>hsvr00</systemCode>
            <name>Veterans' Affairs Committee</name>
          </item>
        </committees>
        <links />
        <sourceSystem>
          <code>1</code>
          <name>House committee actions</name>
        </sourceSystem>
        <text>Subcommittee on Oversight and Investigations Discharged.</text>
        <type>Committee</type>
      </item>
      <item>
        <actionDate>2021-02-24</actionDate>
        <committees>
          <item>
            <systemCode>hsvr08</systemCode>
            <name>Oversight and Investigations Subcommittee</name>
          </item>
        </committees>
        <links />
        <sourceSystem>
          <code>1</code>
          <name>House committee actions</name>
        </sourceSystem>
        <text>Referred to the Subcommittee on Oversight and Investigations.</text>
        <type>Committee</type>
      </item>
      <item>
        <actionDate>2021-01-13</actionDate>
        <links />
        <text>Referred to the House Committee on Veterans' Affairs.</text>
        <type>IntroReferral</type>
        <actionCode>H11100</actionCode>
        <sourceSystem>
          <code>2</code>
          <name>House floor actions</name>
        </sourceSystem>
        <committees>
          <item>
            <systemCode>hsvr00</systemCode>
            <name>Veterans' Affairs Committee</name>
          </item>
        </committees>
      </item>
      <item>
        <actionDate>2021-01-13</actionDate>
        <links />
        <text>Introduced in House</text>
        <type>IntroReferral</type>
        <actionCode>Intro-H</actionCode>
        <sourceSystem>
          <code>9</code>
          <name>Library of Congress</name>
        </sourceSystem>
        <committees />
      </item>
      <item>
        <actionDate>2021-01-13</actionDate>
        <links />
        <text>Introduced in House</text>
        <type>IntroReferral</type>
        <actionCode>1000</actionCode>
        <sourceSystem>
          <code>9</code>
          <name>Library of Congress</name>
        </sourceSystem>
        <committees />
      </item>
      <actionTypeCounts>
        <referredToCommittee>1</referredToCommittee>
        <finalPassageUnderSuspensionOfTheRulesResults>1</finalPassageUnderSuspensionOfTheRulesResults>
        <passedAgreedToInHouse>1</passedAgreedToInHouse>
        <virtualAction>1</virtualAction>
        <placeholderTextForH>2</placeholderTextForH>
        <generalDebate>1</generalDebate>
        <considerationByHouse>1</considerationByHouse>
        <motionMadeToSuspendTheRules>1</motionMadeToSuspendTheRules>
        <orderedToBeReported>1</orderedToBeReported>
        <committeeConsiderationMarkUp>1</committeeConsiderationMarkUp>
        <subcommitteeDischarged>1</subcommitteeDischarged>
        <billReferrals>1</billReferrals>
        <introducedInTheHouse>1</introducedInTheHouse>
        <introducedInHouse>1</introducedInHouse>
      </actionTypeCounts>
      <actionByCounts>
        <senate>1</senate>
        <houseOfRepresentatives>14</houseOfRepresentatives>
      </actionByCounts>
    </actions>
    <sponsors>
      <item>
        <bioguideId>B001295</bioguideId>
        <fullName>Rep. Bost, Mike [R-IL-12]</fullName>
        <firstName>Mike</firstName>
        <middleName />
        <lastName>Bost</lastName>
        <party>R</party>
        <state>IL</state>
        <identifiers>
          <lisID>2243</lisID>
          <bioguideId>B001295</bioguideId>
          <gpoId />
        </identifiers>
        <district>12</district>
        <byRequestType />
      </item>
    </sponsors>
    <cosponsors />
    <cboCostEstimates>
      <item>
        <pubDate>2021-05-25T21:11:00Z</pubDate>
        <title>H.R. 293, VA Hospitals Establishing Leadership Performance Act</title>
        <url>https://www.cbo.gov/publication/57246</url>
      </item>
    </cboCostEstimates>
    <laws />
    <notes />
    <policyArea>
      <name>Armed Forces and National Security</name>
    </policyArea>
    <subjects>
      <billSubjects>
        <legislativeSubjects>
          <item>
            <name>Congressional oversight</name>
          </item>
          <item>
            <name>Department of Veterans Affairs</name>
          </item>
          <item>
            <name>Employee hiring</name>
          </item>
          <item>
            <name>Employee performance</name>
          </item>
          <item>
            <name>Government employee pay, benefits, personnel management</name>
          </item>
        </legislativeSubjects>
        <policyArea>
          <name>Armed Forces and National Security</name>
        </policyArea>
      </billSubjects>
    </subjects>
    <summaries>
      <billSummaries>
        <item>
          <versionCode>00</versionCode>
          <actionDate>2021-01-13</actionDate>
          <actionDesc>Introduced in House</actionDesc>
          <lastSummaryUpdateDate>2021-02-10T15:46:21Z</lastSummaryUpdateDate>
          <text><![CDATA[<p><b>VA Hospitals Establishing Leadership Performance Act</b></p> <p> This bill requires the Department of Veterans Affairs to establish qualifications and related performance metrics for each human resources position within the Veterans Health Administration. Additionally, the bill requires the Government Accountability Office to report on the implementation and quality of such metrics and qualifications.</p>]]></text>
          <updateDate>2021-01-13T05:00:00Z</updateDate>
          <name>Introduced in House</name>
        </item>
        <item>
          <versionCode>53</versionCode>
          <actionDate>2021-06-15</actionDate>
          <actionDesc>Passed House</actionDesc>
          <lastSummaryUpdateDate>2021-07-29T10:26:39Z</lastSummaryUpdateDate>
          <text><![CDATA[<p><b>VA Hospitals Establishing Leadership Performance Act</b></p> <p> This bill requires the Department of Veterans Affairs to establish qualifications and related performance metrics for each human resources position within the Veterans Health Administration. Additionally, the bill requires the Government Accountability Office to report on the implementation and quality of such metrics and qualifications.</p>]]></text>
          <updateDate>2021-06-15T12:48:33Z</updateDate>
          <name>Passed House</name>
        </item>
      </billSummaries>
    </summaries>
    <title>VA Hospitals Establishing Leadership Performance Act</title>
    <titles>
      <item>
        <titleType>Short Titles as Passed House</titleType>
        <parentTitleType>Short Titles House of Representatives</parentTitleType>
        <title>VA Hospitals Establishing Leadership Performance Act</title>
        <chamberCode>H</chamberCode>
        <chamberName>House</chamberName>
      </item>
      <item>
        <titleType>Short Title(s) as Introduced</titleType>
        <parentTitleType>Short Title</parentTitleType>
        <title>VA Hospitals Establishing Leadership Performance Act</title>
        <chamberCode />
        <chamberName />
      </item>
      <item>
        <titleType>Display Title</titleType>
        <parentTitleType />
        <title>VA Hospitals Establishing Leadership Performance Act</title>
        <chamberCode />
        <chamberName />
      </item>
      <item>
        <titleType>Official Title as Introduced</titleType>
        <parentTitleType />
        <title>To direct the Secretary of Veterans Affairs to establish qualifications for the human resources positions within the Veterans Health Administration of the Department of Veterans Affairs, and for other purposes.</title>
        <chamberCode />
        <chamberName />
      </item>
    </titles>
    <amendments />
    <textVersions>
      <item>
        <type>Referred in Senate</type>
        <date>2021-06-16T04:00:00Z</date>
        <formats>
          <item>
            <url>https://www.govinfo.gov/content/pkg/BILLS-117hr293rfs/xml/BILLS-117hr293rfs.xml</url>
          </item>
        </formats>
      </item>
      <item>
        <type>Engrossed in House</type>
        <date>2021-06-15T04:00:00Z</date>
        <formats>
          <item>
            <url>https://www.govinfo.gov/content/pkg/BILLS-117hr293eh/xml/BILLS-117hr293eh.xml</url>
          </item>
        </formats>
      </item>
      <item>
        <type>Introduced in House</type>
        <date>2021-01-13T05:00:00Z</date>
        <formats>
          <item>
            <url>https://www.govinfo.gov/content/pkg/BILLS-117hr293ih/xml/BILLS-117hr293ih.xml</url>
          </item>
        </formats>
      </item>
    </textVersions>
    <latestAction>
      <actionDate>2021-06-16</actionDate>
      <text>Received in the Senate and Read twice and referred to the Committee on Veterans' Affairs.</text>
      <links />
    </latestAction>
    <calendarNumbers />
    <version>1.0.0</version>
  </bill>
  <dublinCore xmlns:dc="http://purl.org/dc/elements/1.1/">
    <dc:format>text/xml</dc:format>
    <dc:language>EN</dc:language>
    <dc:rights>Pursuant to Title 17 Section 105 of the United States Code, this file is not subject to copyright protection and is in the public domain.</dc:rights>
    <dc:contributor>Congressional Research Service, Library of Congress</dc:contributor>
    <dc:description>This file contains bill summaries and statuses for federal legislation. A bill summary describes the most significant provisions of a piece of legislation and details the effects the legislative text may have on current law and federal programs. Bill summaries are authored by the Congressional Research Service (CRS) of the Library of Congress. As stated in Public Law 91-510 (2 USC 166 (d)(6)), one of the duties of CRS is "to prepare summaries and digests of bills and resolutions of a public general nature introduced in the Senate or House of Representatives". For more information, refer to the User Guide that accompanies this file.</dc:description>
  </dublinCore>
</billStatus>

