<?xml version="1.0" encoding="UTF-8"?>
<billStatus>
  <bill>
    <billNumber>59</billNumber>
    <createDate>2018-04-17T04:25:58Z</createDate>
    <updateDate>2020-09-28T22:42:49Z</updateDate>
    <originChamber>Senate</originChamber>
    <billType>SJRES</billType>
    <introducedDate>2018-04-16</introducedDate>
    <congress>115</congress>
    <recordedVotes />
    <committees>
      <billCommittees>
        <item>
          <systemCode>ssga00</systemCode>
          <name>Homeland Security and Governmental Affairs Committee</name>
          <chamber>Senate</chamber>
          <type>Standing</type>
          <subcommittees>
            <item>
              <systemCode>ssga18</systemCode>
              <name>Federal Spending Oversight and Emergency Management Subcommittee</name>
              <activities>
                <item>
                  <name>Hearings by</name>
                  <date>2018-06-06T18:30:00Z</date>
                </item>
              </activities>
            </item>
          </subcommittees>
          <activities />
        </item>
        <item>
          <systemCode>ssfr00</systemCode>
          <name>Foreign Relations Committee</name>
          <chamber>Senate</chamber>
          <type>Standing</type>
          <subcommittees />
          <activities>
            <item>
              <name>Hearings by</name>
              <date>2018-05-16T14:00:00Z</date>
            </item>
            <item>
              <name>Referred to</name>
              <date>2018-04-16T22:19:15Z</date>
            </item>
          </activities>
        </item>
      </billCommittees>
    </committees>
    <committeeReports />
    <relatedBills />
    <actions>
      <item>
        <actionDate>2018-06-06</actionDate>
        <committees>
          <item>
            <systemCode>ssga18</systemCode>
            <name>Federal Spending Oversight and Emergency Management Subcommittee</name>
          </item>
        </committees>
        <links />
        <sourceSystem>
          <code>0</code>
          <name>Senate</name>
        </sourceSystem>
        <text>Committee on Homeland Security and Governmental Affairs Senate Subcommittee on Federal Spending Oversight and Emergency Management. Hearings held.</text>
        <type>Committee</type>
      </item>
      <item>
        <actionDate>2018-05-16</actionDate>
        <committees>
          <item>
            <systemCode>ssfr00</systemCode>
            <name>Foreign Relations Committee</name>
          </item>
        </committees>
        <links />
        <sourceSystem>
          <code>0</code>
          <name>Senate</name>
        </sourceSystem>
        <text>Committee on Foreign Relations. Hearings held.</text>
        <type>Committee</type>
      </item>
      <item>
        <actionDate>2018-04-16</actionDate>
        <committees>
          <item>
            <systemCode>ssfr00</systemCode>
            <name>Foreign Relations Committee</name>
          </item>
        </committees>
        <links />
        <sourceSystem>
          <code>0</code>
          <name>Senate</name>
        </sourceSystem>
        <text>Read twice and referred to the Committee on Foreign Relations.</text>
        <type>IntroReferral</type>
      </item>
      <item>
        <actionDate>2018-04-16</actionDate>
        <links />
        <text>Introduced in Senate</text>
        <type>IntroReferral</type>
        <actionCode>10000</actionCode>
        <sourceSystem>
          <code>9</code>
          <name>Library of Congress</name>
        </sourceSystem>
        <committees />
      </item>
      <actionTypeCounts>
        <hearingsHeld>2</hearingsHeld>
        <referredToCommittee>1</referredToCommittee>
        <introducedInSenate>1</introducedInSenate>
      </actionTypeCounts>
      <actionByCounts>
        <senate>4</senate>
      </actionByCounts>
    </actions>
    <sponsors>
      <item>
        <bioguideId>C001071</bioguideId>
        <fullName>Sen. Corker, Bob [R-TN]</fullName>
        <firstName>Bob</firstName>
        <middleName />
        <lastName>Corker</lastName>
        <party>R</party>
        <state>TN</state>
        <identifiers>
          <lisID>1825</lisID>
          <bioguideId>C001071</bioguideId>
          <gpoId>8294</gpoId>
        </identifiers>
        <byRequestType />
      </item>
    </sponsors>
    <cosponsors>
      <item>
        <bioguideId>K000384</bioguideId>
        <fullName>Sen. Kaine, Tim [D-VA]</fullName>
        <firstName>Timothy</firstName>
        <middleName />
        <lastName>Kaine</lastName>
        <party>D</party>
        <state>VA</state>
        <identifiers>
          <lisID>2176</lisID>
          <bioguideId>K000384</bioguideId>
          <gpoId />
        </identifiers>
        <sponsorshipDate>2018-04-16</sponsorshipDate>
        <isOriginalCosponsor>True</isOriginalCosponsor>
        <sponsorshipWithdrawnDate />
      </item>
      <item>
        <bioguideId>F000444</bioguideId>
        <fullName>Sen. Flake, Jeff [R-AZ]</fullName>
        <firstName>JEFF</firstName>
        <middleName />
        <lastName>FLAKE</lastName>
        <party>R</party>
        <state>AZ</state>
        <identifiers>
          <lisID>1633</lisID>
          <bioguideId>F000444</bioguideId>
          <gpoId>7803</gpoId>
        </identifiers>
        <sponsorshipDate>2018-04-16</sponsorshipDate>
        <isOriginalCosponsor>True</isOriginalCosponsor>
        <sponsorshipWithdrawnDate />
      </item>
      <item>
        <bioguideId>C001088</bioguideId>
        <fullName>Sen. Coons, Christopher A. [D-DE]</fullName>
        <firstName>Christopher</firstName>
        <middleName>A.</middleName>
        <lastName>Coons</lastName>
        <party>D</party>
        <state>DE</state>
        <identifiers>
          <lisID>1984</lisID>
          <bioguideId>C001088</bioguideId>
          <gpoId>8297</gpoId>
        </identifiers>
        <sponsorshipDate>2018-04-16</sponsorshipDate>
        <isOriginalCosponsor>True</isOriginalCosponsor>
        <sponsorshipWithdrawnDate />
      </item>
      <item>
        <bioguideId>Y000064</bioguideId>
        <fullName>Sen. Young, Todd C. [R-IN]</fullName>
        <firstName>Todd</firstName>
        <middleName>C.</middleName>
        <lastName>Young</lastName>
        <party>R</party>
        <state>IN</state>
        <identifiers>
          <lisID>2019</lisID>
          <bioguideId>Y000064</bioguideId>
          <gpoId>7948</gpoId>
        </identifiers>
        <sponsorshipDate>2018-04-16</sponsorshipDate>
        <isOriginalCosponsor>True</isOriginalCosponsor>
        <sponsorshipWithdrawnDate />
      </item>
      <item>
        <bioguideId>N000032</bioguideId>
        <fullName>Sen. Nelson, Bill [D-FL]</fullName>
        <firstName>CLARENCE</firstName>
        <middleName>WILLIAM</middleName>
        <lastName>NELSON</lastName>
        <party>D</party>
        <state>FL</state>
        <identifiers>
          <lisID>859</lisID>
          <bioguideId>N000032</bioguideId>
          <gpoId>8236</gpoId>
        </identifiers>
        <sponsorshipDate>2018-04-16</sponsorshipDate>
        <isOriginalCosponsor>True</isOriginalCosponsor>
        <sponsorshipWithdrawnDate />
      </item>
    </cosponsors>
    <cboCostEstimates />
    <laws />
    <notes />
    <policyArea>
      <name>International Affairs</name>
    </policyArea>
    <subjects>
      <billSubjects>
        <legislativeSubjects>
          <item>
            <name>Afghanistan</name>
          </item>
          <item>
            <name>Africa</name>
          </item>
          <item>
            <name>Asia</name>
          </item>
          <item>
            <name>Conflicts and wars</name>
          </item>
          <item>
            <name>Congressional oversight</name>
          </item>
          <item>
            <name>Iraq</name>
          </item>
          <item>
            <name>Legislative rules and procedure</name>
          </item>
          <item>
            <name>Middle East</name>
          </item>
          <item>
            <name>Military operations and strategy</name>
          </item>
          <item>
            <name>Presidents and presidential powers, Vice Presidents</name>
          </item>
          <item>
            <name>Saudi Arabia</name>
          </item>
          <item>
            <name>Somalia</name>
          </item>
          <item>
            <name>Syria</name>
          </item>
          <item>
            <name>Terrorism</name>
          </item>
          <item>
            <name>War and emergency powers</name>
          </item>
          <item>
            <name>Yemen</name>
          </item>
        </legislativeSubjects>
        <policyArea>
          <name>International Affairs</name>
        </policyArea>
      </billSubjects>
    </subjects>
    <summaries>
      <billSummaries>
        <item>
          <versionCode>00</versionCode>
          <actionDate>2018-04-16</actionDate>
          <actionDesc>Introduced in Senate</actionDesc>
          <lastSummaryUpdateDate>2018-11-29T17:49:50Z</lastSummaryUpdateDate>
          <text><![CDATA[<p><b>Authorization for Use of Military Force of 2018</b></p> <p>This joint resolution authorizes the President to use all necessary and appropriate force against the Taliban, al Qaeda, the Islamic State in Iraq and Syria, Al Qaeda in the Arabian Peninsula, Al Shabaab, Al Qaeda in Syria (including Al Nusrah Front), the Haqqani Network, Al Qaeda in the Islamic Mahgreb, and other non-state associated forces designated by the President. The joint resolution provides for related congressional review and oversight.</p> <p>The Authorization for Use of Military Force (P.L. 107-40) and the Authorization for Use of Military Force Against Iraq Resolution of 2002 (P.L. 107-243) are repealed.</p>]]></text>
          <updateDate>2018-04-16T04:00:00Z</updateDate>
          <name>Introduced in Senate</name>
        </item>
      </billSummaries>
    </summaries>
    <title>Authorization for Use of Military Force of 2018</title>
    <titles>
      <item>
        <titleType>Official Title as Introduced</titleType>
        <parentTitleType />
        <title>A joint resolution to authorize the use of military force against the Taliban, al Qaeda, the Islamic State in Iraq and Syria, and designated associated forces, and to provide an updated, transparent, and sustainable statutory basis for counterterrorism operations.</title>
        <chamberCode />
        <chamberName />
      </item>
      <item>
        <titleType>Short Titles as Introduced</titleType>
        <parentTitleType />
        <title>Authorization for Use of Military Force of 2018</title>
        <chamberCode />
        <chamberName />
      </item>
      <item>
        <titleType>Display Title</titleType>
        <parentTitleType />
        <title>Authorization for Use of Military Force of 2018</title>
        <chamberCode />
        <chamberName />
      </item>
      <item>
        <titleType>(Extracted from GPO) Short Titles as Introduced</titleType>
        <parentTitleType />
        <title>Authorization for Use of Military Force of 2018</title>
        <chamberCode />
        <chamberName />
      </item>
    </titles>
    <amendments />
    <textVersions>
      <item>
        <type>Introduced in Senate</type>
        <date>2018-04-16T04:00:00Z</date>
        <formats>
          <item>
            <url>https://www.govinfo.gov/content/pkg/BILLS-115sjres59is/xml/BILLS-115sjres59is.xml</url>
          </item>
        </formats>
      </item>
    </textVersions>
    <latestAction>
      <actionDate>2018-06-06</actionDate>
      <text>Committee on Homeland Security and Governmental Affairs Senate Subcommittee on Federal Spending Oversight and Emergency Management. Hearings held.</text>
      <links />
    </latestAction>
    <calendarNumbers />
    <version>1.0.0</version>
  </bill>
  <dublinCore xmlns:dc="http://purl.org/dc/elements/1.1/">
    <dc:format>text/xml</dc:format>
    <dc:language>EN</dc:language>
    <dc:rights>Pursuant to Title 17 Section 105 of the United States Code, this file is not subject to copyright protection and is in the public domain.</dc:rights>
    <dc:contributor>Congressional Research Service, Library of Congress</dc:contributor>
    <dc:description>This file contains bill summaries and statuses for federal legislation. A bill summary describes the most significant provisions of a piece of legislation and details the effects the legislative text may have on current law and federal programs. Bill summaries are authored by the Congressional Research Service (CRS) of the Library of Congress. As stated in Public Law 91-510 (2 USC 166 (d)(6)), one of the duties of CRS is "to prepare summaries and digests of bills and resolutions of a public general nature introduced in the Senate or House of Representatives". For more information, refer to the User Guide that accompanies this file.</dc:description>
  </dublinCore>
</billStatus>

