<?xml version="1.0" encoding="UTF-8"?>
<billStatus>
  <bill>
    <billNumber>174</billNumber>
    <createDate>2021-02-27T12:12:11Z</createDate>
    <updateDate>2021-09-22T17:39:08Z</updateDate>
    <originChamber>House</originChamber>
    <billType>HRES</billType>
    <introducedDate>2021-02-26</introducedDate>
    <congress>117</congress>
    <constitutionalAuthorityStatementText />
    <recordedVotes />
    <committees>
      <billCommittees>
        <item>
          <systemCode>hsif00</systemCode>
          <name>Energy and Commerce Committee</name>
          <chamber>House</chamber>
          <type>Standing</type>
          <subcommittees>
            <item>
              <systemCode>hsif14</systemCode>
              <name>Health Subcommittee</name>
              <activities>
                <item>
                  <name>Referred to</name>
                  <date>2021-02-27T22:31:17Z</date>
                </item>
              </activities>
            </item>
          </subcommittees>
          <activities>
            <item>
              <name>Referred to</name>
              <date>2021-02-26T14:01:40Z</date>
            </item>
          </activities>
        </item>
      </billCommittees>
    </committees>
    <committeeReports />
    <relatedBills>
      <item>
        <latestTitle>A resolution memorializing those impacted by and lost to the COVID-19 virus.</latestTitle>
        <congress>117</congress>
        <number>334</number>
        <type>SRES</type>
        <latestAction>
          <actionDate>2021-08-03</actionDate>
          <text>Referred to the Committee on Health, Education, Labor, and Pensions. (text: CR S5719)</text>
        </latestAction>
        <relationshipDetails>
          <item>
            <type>Related bill</type>
            <identifiedBy>CRS</identifiedBy>
          </item>
        </relationshipDetails>
      </item>
    </relatedBills>
    <actions>
      <item>
        <actionDate>2021-03-01</actionDate>
        <links />
        <text>Sponsor introductory remarks on measure. (CR H864)</text>
        <type>IntroReferral</type>
        <actionCode>B00100</actionCode>
        <sourceSystem>
          <code>9</code>
          <name>Library of Congress</name>
        </sourceSystem>
        <committees />
      </item>
      <item>
        <actionDate>2021-02-27</actionDate>
        <committees>
          <item>
            <systemCode>hsif14</systemCode>
            <name>Health Subcommittee</name>
          </item>
        </committees>
        <links />
        <sourceSystem>
          <code>1</code>
          <name>House committee actions</name>
        </sourceSystem>
        <text>Referred to the Subcommittee on Health.</text>
        <type>Committee</type>
      </item>
      <item>
        <actionDate>2021-02-26</actionDate>
        <links />
        <text>Referred to the House Committee on Energy and Commerce.</text>
        <type>IntroReferral</type>
        <actionCode>H11100</actionCode>
        <sourceSystem>
          <code>2</code>
          <name>House floor actions</name>
        </sourceSystem>
        <committees>
          <item>
            <systemCode>hsif00</systemCode>
            <name>Energy and Commerce Committee</name>
          </item>
        </committees>
      </item>
      <item>
        <actionDate>2021-02-26</actionDate>
        <links />
        <text>Introduced in House</text>
        <type>IntroReferral</type>
        <actionCode>Intro-H</actionCode>
        <sourceSystem>
          <code>9</code>
          <name>Library of Congress</name>
        </sourceSystem>
        <committees />
      </item>
      <item>
        <actionDate>2021-02-26</actionDate>
        <links />
        <text>Introduced in House</text>
        <type>IntroReferral</type>
        <actionCode>1000</actionCode>
        <sourceSystem>
          <code>9</code>
          <name>Library of Congress</name>
        </sourceSystem>
        <committees />
      </item>
      <actionTypeCounts>
        <placeholderTextForB>1</placeholderTextForB>
        <placeholderTextForH>1</placeholderTextForH>
        <billReferrals>1</billReferrals>
        <introducedInTheHouse>1</introducedInTheHouse>
        <introducedInHouse>1</introducedInHouse>
      </actionTypeCounts>
      <actionByCounts>
        <houseOfRepresentatives>4</houseOfRepresentatives>
      </actionByCounts>
    </actions>
    <sponsors>
      <item>
        <bioguideId>S001211</bioguideId>
        <fullName>Rep. Stanton, Greg [D-AZ-9]</fullName>
        <firstName>Greg</firstName>
        <middleName />
        <lastName>Stanton</lastName>
        <party>D</party>
        <state>AZ</state>
        <identifiers>
          <lisID>2376</lisID>
          <bioguideId>S001211</bioguideId>
          <gpoId />
        </identifiers>
        <district>9</district>
        <byRequestType />
      </item>
    </sponsors>
    <cosponsors>
      <item>
        <bioguideId>B001296</bioguideId>
        <fullName>Rep. Boyle, Brendan F. [D-PA-2]</fullName>
        <firstName>Brendan</firstName>
        <middleName>F.</middleName>
        <lastName>Boyle</lastName>
        <party>D</party>
        <state>PA</state>
        <identifiers>
          <lisID>2267</lisID>
          <bioguideId>B001296</bioguideId>
          <gpoId />
        </identifiers>
        <district>2</district>
        <sponsorshipDate>2021-02-26</sponsorshipDate>
        <isOriginalCosponsor>True</isOriginalCosponsor>
        <sponsorshipWithdrawnDate />
      </item>
      <item>
        <bioguideId>P000604</bioguideId>
        <fullName>Rep. Payne, Donald M., Jr. [D-NJ-10]</fullName>
        <firstName>Donald</firstName>
        <middleName>M.</middleName>
        <lastName>Payne</lastName>
        <party>D</party>
        <state>NJ</state>
        <identifiers>
          <lisID>2097</lisID>
          <bioguideId>P000604</bioguideId>
          <gpoId>8373</gpoId>
        </identifiers>
        <district>10</district>
        <sponsorshipDate>2021-02-26</sponsorshipDate>
        <isOriginalCosponsor>True</isOriginalCosponsor>
        <sponsorshipWithdrawnDate />
      </item>
      <item>
        <bioguideId>H000324</bioguideId>
        <fullName>Rep. Hastings, Alcee L. [D-FL-20]</fullName>
        <firstName>ALCEE</firstName>
        <middleName>L.</middleName>
        <lastName>HASTINGS</lastName>
        <party>D</party>
        <state>FL</state>
        <identifiers>
          <lisID>511</lisID>
          <bioguideId>H000324</bioguideId>
          <gpoId>7895</gpoId>
        </identifiers>
        <district>20</district>
        <sponsorshipDate>2021-02-26</sponsorshipDate>
        <isOriginalCosponsor>True</isOriginalCosponsor>
        <sponsorshipWithdrawnDate />
      </item>
      <item>
        <bioguideId>K000389</bioguideId>
        <fullName>Rep. Khanna, Ro [D-CA-17]</fullName>
        <firstName>Ro</firstName>
        <middleName />
        <lastName>Khanna</lastName>
        <party>D</party>
        <state>CA</state>
        <identifiers>
          <lisID>2308</lisID>
          <bioguideId>K000389</bioguideId>
          <gpoId />
        </identifiers>
        <district>17</district>
        <sponsorshipDate>2021-02-26</sponsorshipDate>
        <isOriginalCosponsor>True</isOriginalCosponsor>
        <sponsorshipWithdrawnDate />
      </item>
      <item>
        <bioguideId>G000551</bioguideId>
        <fullName>Rep. Grijalva, Raúl M. [D-AZ-3]</fullName>
        <firstName>Raúl</firstName>
        <middleName>M.</middleName>
        <lastName>Grijalva</lastName>
        <party>D</party>
        <state>AZ</state>
        <identifiers>
          <lisID>1708</lisID>
          <bioguideId>G000551</bioguideId>
          <gpoId>7804</gpoId>
        </identifiers>
        <district>3</district>
        <sponsorshipDate>2021-02-26</sponsorshipDate>
        <isOriginalCosponsor>True</isOriginalCosponsor>
        <sponsorshipWithdrawnDate />
      </item>
      <item>
        <bioguideId>C001101</bioguideId>
        <fullName>Rep. Clark, Katherine M. [D-MA-5]</fullName>
        <firstName>Katherine</firstName>
        <middleName>M.</middleName>
        <lastName>Clark</lastName>
        <party>D</party>
        <state>MA</state>
        <identifiers>
          <lisID>2196</lisID>
          <bioguideId>C001101</bioguideId>
          <gpoId />
        </identifiers>
        <district>5</district>
        <sponsorshipDate>2021-02-26</sponsorshipDate>
        <isOriginalCosponsor>True</isOriginalCosponsor>
        <sponsorshipWithdrawnDate />
      </item>
      <item>
        <bioguideId>L000551</bioguideId>
        <fullName>Rep. Lee, Barbara [D-CA-13]</fullName>
        <firstName>BARBARA</firstName>
        <middleName />
        <lastName>LEE</lastName>
        <party>D</party>
        <state>CA</state>
        <identifiers>
          <lisID>1501</lisID>
          <bioguideId>L000551</bioguideId>
          <gpoId>7814</gpoId>
        </identifiers>
        <district>13</district>
        <sponsorshipDate>2021-02-26</sponsorshipDate>
        <isOriginalCosponsor>True</isOriginalCosponsor>
        <sponsorshipWithdrawnDate />
      </item>
      <item>
        <bioguideId>D000631</bioguideId>
        <fullName>Rep. Dean, Madeleine [D-PA-4]</fullName>
        <firstName>Madeleine</firstName>
        <middleName />
        <lastName>Dean</lastName>
        <party>D</party>
        <state>PA</state>
        <identifiers>
          <lisID>2432</lisID>
          <bioguideId>D000631</bioguideId>
          <gpoId />
        </identifiers>
        <district>4</district>
        <sponsorshipDate>2021-02-26</sponsorshipDate>
        <isOriginalCosponsor>True</isOriginalCosponsor>
        <sponsorshipWithdrawnDate />
      </item>
      <item>
        <bioguideId>G000587</bioguideId>
        <fullName>Rep. Garcia, Sylvia R. [D-TX-29]</fullName>
        <firstName>Sylvia</firstName>
        <middleName>R.</middleName>
        <lastName>Garcia</lastName>
        <party>D</party>
        <state>TX</state>
        <identifiers>
          <lisID>2450</lisID>
          <bioguideId>G000587</bioguideId>
          <gpoId />
        </identifiers>
        <district>29</district>
        <sponsorshipDate>2021-02-26</sponsorshipDate>
        <isOriginalCosponsor>True</isOriginalCosponsor>
        <sponsorshipWithdrawnDate />
      </item>
      <item>
        <bioguideId>R000606</bioguideId>
        <fullName>Rep. Raskin, Jamie [D-MD-8]</fullName>
        <firstName>Jamie</firstName>
        <middleName />
        <lastName>Raskin</lastName>
        <party>D</party>
        <state>MD</state>
        <identifiers>
          <lisID>2332</lisID>
          <bioguideId>R000606</bioguideId>
          <gpoId />
        </identifiers>
        <district>8</district>
        <sponsorshipDate>2021-02-26</sponsorshipDate>
        <isOriginalCosponsor>True</isOriginalCosponsor>
        <sponsorshipWithdrawnDate />
      </item>
      <item>
        <bioguideId>L000562</bioguideId>
        <fullName>Rep. Lynch, Stephen F. [D-MA-8]</fullName>
        <firstName>Stephen</firstName>
        <middleName>F.</middleName>
        <lastName>Lynch</lastName>
        <party>D</party>
        <state>MA</state>
        <identifiers>
          <lisID>1686</lisID>
          <bioguideId>L000562</bioguideId>
          <gpoId>7974</gpoId>
        </identifiers>
        <district>8</district>
        <sponsorshipDate>2021-02-26</sponsorshipDate>
        <isOriginalCosponsor>True</isOriginalCosponsor>
        <sponsorshipWithdrawnDate />
      </item>
      <item>
        <bioguideId>C001072</bioguideId>
        <fullName>Rep. Carson, Andre [D-IN-7]</fullName>
        <firstName>Andre</firstName>
        <middleName />
        <lastName>Carson</lastName>
        <party>D</party>
        <state>IN</state>
        <identifiers>
          <lisID>1889</lisID>
          <bioguideId>C001072</bioguideId>
          <gpoId>7946</gpoId>
        </identifiers>
        <district>7</district>
        <sponsorshipDate>2021-02-26</sponsorshipDate>
        <isOriginalCosponsor>True</isOriginalCosponsor>
        <sponsorshipWithdrawnDate />
      </item>
      <item>
        <bioguideId>D000624</bioguideId>
        <fullName>Rep. Dingell, Debbie [D-MI-12]</fullName>
        <firstName>Debbie</firstName>
        <middleName />
        <lastName>Dingell</lastName>
        <party>D</party>
        <state>MI</state>
        <identifiers>
          <lisID>2251</lisID>
          <bioguideId>D000624</bioguideId>
          <gpoId />
        </identifiers>
        <district>12</district>
        <sponsorshipDate>2021-02-26</sponsorshipDate>
        <isOriginalCosponsor>True</isOriginalCosponsor>
        <sponsorshipWithdrawnDate />
      </item>
      <item>
        <bioguideId>G000574</bioguideId>
        <fullName>Rep. Gallego, Ruben [D-AZ-7]</fullName>
        <firstName>Ruben</firstName>
        <middleName />
        <lastName>Gallego</lastName>
        <party>D</party>
        <state>AZ</state>
        <identifiers>
          <lisID>2226</lisID>
          <bioguideId>G000574</bioguideId>
          <gpoId />
        </identifiers>
        <district>7</district>
        <sponsorshipDate>2021-02-26</sponsorshipDate>
        <isOriginalCosponsor>True</isOriginalCosponsor>
        <sponsorshipWithdrawnDate />
      </item>
      <item>
        <bioguideId>G000581</bioguideId>
        <fullName>Rep. Gonzalez, Vicente [D-TX-15]</fullName>
        <firstName>Vicente</firstName>
        <middleName />
        <lastName>Gonzalez</lastName>
        <party>D</party>
        <state>TX</state>
        <identifiers>
          <lisID>2349</lisID>
          <bioguideId>G000581</bioguideId>
          <gpoId />
        </identifiers>
        <district>15</district>
        <sponsorshipDate>2021-02-26</sponsorshipDate>
        <isOriginalCosponsor>True</isOriginalCosponsor>
        <sponsorshipWithdrawnDate />
      </item>
      <item>
        <bioguideId>S001150</bioguideId>
        <fullName>Rep. Schiff, Adam B. [D-CA-28]</fullName>
        <firstName>ADAM</firstName>
        <middleName>B.</middleName>
        <lastName>SCHIFF</lastName>
        <party>D</party>
        <state>CA</state>
        <identifiers>
          <lisID>1635</lisID>
          <bioguideId>S001150</bioguideId>
          <gpoId>7834</gpoId>
        </identifiers>
        <district>28</district>
        <sponsorshipDate>2021-02-26</sponsorshipDate>
        <isOriginalCosponsor>True</isOriginalCosponsor>
        <sponsorshipWithdrawnDate />
      </item>
      <item>
        <bioguideId>K000368</bioguideId>
        <fullName>Rep. Kirkpatrick, Ann [D-AZ-2]</fullName>
        <firstName>Ann</firstName>
        <middleName />
        <lastName>Kirkpatrick</lastName>
        <party>D</party>
        <state>AZ</state>
        <identifiers>
          <lisID>1907</lisID>
          <bioguideId>K000368</bioguideId>
          <gpoId>7220</gpoId>
        </identifiers>
        <district>2</district>
        <sponsorshipDate>2021-02-26</sponsorshipDate>
        <isOriginalCosponsor>True</isOriginalCosponsor>
        <sponsorshipWithdrawnDate />
      </item>
      <item>
        <bioguideId>L000592</bioguideId>
        <fullName>Rep. Levin, Andy [D-MI-9]</fullName>
        <firstName>Andy</firstName>
        <middleName />
        <lastName>Levin</lastName>
        <party>D</party>
        <state>MI</state>
        <identifiers>
          <lisID>2408</lisID>
          <bioguideId>L000592</bioguideId>
          <gpoId />
        </identifiers>
        <district>9</district>
        <sponsorshipDate>2021-02-26</sponsorshipDate>
        <isOriginalCosponsor>True</isOriginalCosponsor>
        <sponsorshipWithdrawnDate />
      </item>
      <item>
        <bioguideId>C001091</bioguideId>
        <fullName>Rep. Castro, Joaquin [D-TX-20]</fullName>
        <firstName>Joaquin</firstName>
        <middleName />
        <lastName>Castro</lastName>
        <party>D</party>
        <state>TX</state>
        <identifiers>
          <lisID>2163</lisID>
          <bioguideId>C001091</bioguideId>
          <gpoId />
        </identifiers>
        <district>20</district>
        <sponsorshipDate>2021-02-26</sponsorshipDate>
        <isOriginalCosponsor>True</isOriginalCosponsor>
        <sponsorshipWithdrawnDate />
      </item>
      <item>
        <bioguideId>M000087</bioguideId>
        <fullName>Rep. Maloney, Carolyn B. [D-NY-12]</fullName>
        <firstName>CAROLYN</firstName>
        <middleName>B.</middleName>
        <lastName>MALONEY</lastName>
        <party>D</party>
        <state>NY</state>
        <identifiers>
          <lisID>729</lisID>
          <bioguideId>M000087</bioguideId>
          <gpoId>8075</gpoId>
        </identifiers>
        <district>12</district>
        <sponsorshipDate>2021-02-26</sponsorshipDate>
        <isOriginalCosponsor>True</isOriginalCosponsor>
        <sponsorshipWithdrawnDate />
      </item>
      <item>
        <bioguideId>D000623</bioguideId>
        <fullName>Rep. DeSaulnier, Mark [D-CA-11]</fullName>
        <firstName>Mark</firstName>
        <middleName />
        <lastName>DeSaulnier</lastName>
        <party>D</party>
        <state>CA</state>
        <identifiers>
          <lisID>2227</lisID>
          <bioguideId>D000623</bioguideId>
          <gpoId />
        </identifiers>
        <district>11</district>
        <sponsorshipDate>2021-02-26</sponsorshipDate>
        <isOriginalCosponsor>True</isOriginalCosponsor>
        <sponsorshipWithdrawnDate />
      </item>
      <item>
        <bioguideId>D000610</bioguideId>
        <fullName>Rep. Deutch, Theodore E. [D-FL-22]</fullName>
        <firstName>Theodore</firstName>
        <middleName>E.</middleName>
        <lastName>Deutch</lastName>
        <party>D</party>
        <state>FL</state>
        <identifiers>
          <lisID>1976</lisID>
          <bioguideId>D000610</bioguideId>
          <gpoId>7891</gpoId>
        </identifiers>
        <district>22</district>
        <sponsorshipDate>2021-02-26</sponsorshipDate>
        <isOriginalCosponsor>True</isOriginalCosponsor>
        <sponsorshipWithdrawnDate />
      </item>
      <item>
        <bioguideId>S001205</bioguideId>
        <fullName>Rep. Scanlon, Mary Gay [D-PA-5]</fullName>
        <firstName>Mary</firstName>
        <middleName>Gay</middleName>
        <lastName>Scanlon</lastName>
        <party>D</party>
        <state>PA</state>
        <identifiers>
          <lisID>2373</lisID>
          <bioguideId>S001205</bioguideId>
          <gpoId />
        </identifiers>
        <district>5</district>
        <sponsorshipDate>2021-02-26</sponsorshipDate>
        <isOriginalCosponsor>True</isOriginalCosponsor>
        <sponsorshipWithdrawnDate />
      </item>
      <item>
        <bioguideId>O000171</bioguideId>
        <fullName>Rep. O'Halleran, Tom [D-AZ-1]</fullName>
        <firstName>Tom</firstName>
        <middleName />
        <lastName>O'Halleran</lastName>
        <party>D</party>
        <state>AZ</state>
        <identifiers>
          <lisID>2306</lisID>
          <bioguideId>O000171</bioguideId>
          <gpoId />
        </identifiers>
        <district>1</district>
        <sponsorshipDate>2021-02-26</sponsorshipDate>
        <isOriginalCosponsor>True</isOriginalCosponsor>
        <sponsorshipWithdrawnDate />
      </item>
      <item>
        <bioguideId>M001137</bioguideId>
        <fullName>Rep. Meeks, Gregory W. [D-NY-5]</fullName>
        <firstName>GREGORY</firstName>
        <middleName>W.</middleName>
        <lastName>MEEKS</lastName>
        <party>D</party>
        <state>NY</state>
        <identifiers>
          <lisID>1506</lisID>
          <bioguideId>M001137</bioguideId>
          <gpoId>8067</gpoId>
        </identifiers>
        <district>5</district>
        <sponsorshipDate>2021-02-26</sponsorshipDate>
        <isOriginalCosponsor>True</isOriginalCosponsor>
        <sponsorshipWithdrawnDate />
      </item>
      <item>
        <bioguideId>J000288</bioguideId>
        <fullName>Rep. Johnson, Henry C. "Hank," Jr. [D-GA-4]</fullName>
        <firstName>Henry</firstName>
        <middleName>C. "Hank"</middleName>
        <lastName>Johnson</lastName>
        <party>D</party>
        <state>GA</state>
        <identifiers>
          <lisID>1843</lisID>
          <bioguideId>J000288</bioguideId>
          <gpoId>7901</gpoId>
        </identifiers>
        <district>4</district>
        <sponsorshipDate>2021-02-26</sponsorshipDate>
        <isOriginalCosponsor>True</isOriginalCosponsor>
        <sponsorshipWithdrawnDate />
      </item>
      <item>
        <bioguideId>H001081</bioguideId>
        <fullName>Rep. Hayes, Jahana [D-CT-5]</fullName>
        <firstName>Jahana</firstName>
        <middleName />
        <lastName>Hayes</lastName>
        <party>D</party>
        <state>CT</state>
        <identifiers>
          <lisID>2386</lisID>
          <bioguideId>H001081</bioguideId>
          <gpoId />
        </identifiers>
        <district>5</district>
        <sponsorshipDate>2021-02-26</sponsorshipDate>
        <isOriginalCosponsor>True</isOriginalCosponsor>
        <sponsorshipWithdrawnDate />
      </item>
      <item>
        <bioguideId>V000081</bioguideId>
        <fullName>Rep. Velazquez, Nydia M. [D-NY-7]</fullName>
        <firstName>NYDIA</firstName>
        <middleName>M.</middleName>
        <lastName>VELAZQUEZ</lastName>
        <party>D</party>
        <state>NY</state>
        <identifiers>
          <lisID>1184</lisID>
          <bioguideId>V000081</bioguideId>
          <gpoId>8073</gpoId>
        </identifiers>
        <district>7</district>
        <sponsorshipDate>2021-02-26</sponsorshipDate>
        <isOriginalCosponsor>True</isOriginalCosponsor>
        <sponsorshipWithdrawnDate />
      </item>
      <item>
        <bioguideId>N000147</bioguideId>
        <fullName>Del. Norton, Eleanor Holmes [D-DC-At Large]</fullName>
        <firstName>ELEANOR</firstName>
        <middleName>HOLMES</middleName>
        <lastName>NORTON</lastName>
        <party>D</party>
        <state>DC</state>
        <identifiers>
          <lisID>868</lisID>
          <bioguideId>N000147</bioguideId>
          <gpoId>7871</gpoId>
        </identifiers>
        <district>0</district>
        <sponsorshipDate>2021-02-26</sponsorshipDate>
        <isOriginalCosponsor>True</isOriginalCosponsor>
        <sponsorshipWithdrawnDate />
      </item>
      <item>
        <bioguideId>R000486</bioguideId>
        <fullName>Rep. Roybal-Allard, Lucille [D-CA-40]</fullName>
        <firstName>LUCILLE</firstName>
        <middleName />
        <lastName>ROYBAL-ALLARD</lastName>
        <party>D</party>
        <state>CA</state>
        <identifiers>
          <lisID>997</lisID>
          <bioguideId>R000486</bioguideId>
          <gpoId>7839</gpoId>
        </identifiers>
        <district>40</district>
        <sponsorshipDate>2021-02-26</sponsorshipDate>
        <isOriginalCosponsor>True</isOriginalCosponsor>
        <sponsorshipWithdrawnDate />
      </item>
      <item>
        <bioguideId>K000375</bioguideId>
        <fullName>Rep. Keating, William R. [D-MA-9]</fullName>
        <firstName>William</firstName>
        <middleName>R.</middleName>
        <lastName>Keating</lastName>
        <party>D</party>
        <state>MA</state>
        <identifiers>
          <lisID>2025</lisID>
          <bioguideId>K000375</bioguideId>
          <gpoId>7975</gpoId>
        </identifiers>
        <district>9</district>
        <sponsorshipDate>2021-02-26</sponsorshipDate>
        <isOriginalCosponsor>True</isOriginalCosponsor>
        <sponsorshipWithdrawnDate />
      </item>
      <item>
        <bioguideId>R000576</bioguideId>
        <fullName>Rep. Ruppersberger, C. A. Dutch [D-MD-2]</fullName>
        <firstName>C. A.</firstName>
        <middleName>Dutch</middleName>
        <lastName>Ruppersberger</lastName>
        <party>D</party>
        <state>MD</state>
        <identifiers>
          <lisID>1728</lisID>
          <bioguideId>R000576</bioguideId>
          <gpoId>7977</gpoId>
        </identifiers>
        <district>2</district>
        <sponsorshipDate>2021-02-26</sponsorshipDate>
        <isOriginalCosponsor>True</isOriginalCosponsor>
        <sponsorshipWithdrawnDate />
      </item>
      <item>
        <bioguideId>T000483</bioguideId>
        <fullName>Rep. Trone, David J. [D-MD-6]</fullName>
        <firstName>David</firstName>
        <middleName>J.</middleName>
        <lastName>Trone</lastName>
        <party>D</party>
        <state>MD</state>
        <identifiers>
          <lisID>2406</lisID>
          <bioguideId>T000483</bioguideId>
          <gpoId />
        </identifiers>
        <district>6</district>
        <sponsorshipDate>2021-02-26</sponsorshipDate>
        <isOriginalCosponsor>True</isOriginalCosponsor>
        <sponsorshipWithdrawnDate />
      </item>
      <item>
        <bioguideId>M001188</bioguideId>
        <fullName>Rep. Meng, Grace [D-NY-6]</fullName>
        <firstName>Grace</firstName>
        <middleName />
        <lastName>Meng</lastName>
        <party>D</party>
        <state>NY</state>
        <identifiers>
          <lisID>2148</lisID>
          <bioguideId>M001188</bioguideId>
          <gpoId />
        </identifiers>
        <district>6</district>
        <sponsorshipDate>2021-02-26</sponsorshipDate>
        <isOriginalCosponsor>True</isOriginalCosponsor>
        <sponsorshipWithdrawnDate />
      </item>
      <item>
        <bioguideId>M001196</bioguideId>
        <fullName>Rep. Moulton, Seth [D-MA-6]</fullName>
        <firstName>Seth</firstName>
        <middleName />
        <lastName>Moulton</lastName>
        <party>D</party>
        <state>MA</state>
        <identifiers>
          <lisID>2246</lisID>
          <bioguideId>M001196</bioguideId>
          <gpoId />
        </identifiers>
        <district>6</district>
        <sponsorshipDate>2021-02-26</sponsorshipDate>
        <isOriginalCosponsor>True</isOriginalCosponsor>
        <sponsorshipWithdrawnDate />
      </item>
      <item>
        <bioguideId>R000515</bioguideId>
        <fullName>Rep. Rush, Bobby L. [D-IL-1]</fullName>
        <firstName>BOBBY</firstName>
        <middleName>L.</middleName>
        <lastName>RUSH</lastName>
        <party>D</party>
        <state>IL</state>
        <identifiers>
          <lisID>1003</lisID>
          <bioguideId>R000515</bioguideId>
          <gpoId>7921</gpoId>
        </identifiers>
        <district>1</district>
        <sponsorshipDate>2021-02-26</sponsorshipDate>
        <isOriginalCosponsor>True</isOriginalCosponsor>
        <sponsorshipWithdrawnDate />
      </item>
      <item>
        <bioguideId>W000788</bioguideId>
        <fullName>Rep. Williams, Nikema [D-GA-5]</fullName>
        <firstName>Nikema</firstName>
        <middleName />
        <lastName>Williams</lastName>
        <party>D</party>
        <state>GA</state>
        <identifiers>
          <lisID>2496</lisID>
          <bioguideId>W000788</bioguideId>
          <gpoId />
        </identifiers>
        <district>5</district>
        <sponsorshipDate>2021-02-26</sponsorshipDate>
        <isOriginalCosponsor>True</isOriginalCosponsor>
        <sponsorshipWithdrawnDate />
      </item>
      <item>
        <bioguideId>L000586</bioguideId>
        <fullName>Rep. Lawson, Al, Jr. [D-FL-5]</fullName>
        <firstName>Al</firstName>
        <middleName />
        <lastName>Lawson</lastName>
        <party>D</party>
        <state>FL</state>
        <identifiers>
          <lisID>2317</lisID>
          <bioguideId>L000586</bioguideId>
          <gpoId />
        </identifiers>
        <district>5</district>
        <sponsorshipDate>2021-02-26</sponsorshipDate>
        <isOriginalCosponsor>True</isOriginalCosponsor>
        <sponsorshipWithdrawnDate />
      </item>
      <item>
        <bioguideId>S001193</bioguideId>
        <fullName>Rep. Swalwell, Eric [D-CA-15]</fullName>
        <firstName>Eric</firstName>
        <middleName />
        <lastName>Swalwell</lastName>
        <party>D</party>
        <state>CA</state>
        <identifiers>
          <lisID>2104</lisID>
          <bioguideId>S001193</bioguideId>
          <gpoId />
        </identifiers>
        <district>15</district>
        <sponsorshipDate>2021-03-01</sponsorshipDate>
        <isOriginalCosponsor>False</isOriginalCosponsor>
        <sponsorshipWithdrawnDate />
      </item>
      <item>
        <bioguideId>L000582</bioguideId>
        <fullName>Rep. Lieu, Ted [D-CA-33]</fullName>
        <firstName>Ted</firstName>
        <middleName />
        <lastName>Lieu</lastName>
        <party>D</party>
        <state>CA</state>
        <identifiers>
          <lisID>2230</lisID>
          <bioguideId>L000582</bioguideId>
          <gpoId />
        </identifiers>
        <district>33</district>
        <sponsorshipDate>2021-03-01</sponsorshipDate>
        <isOriginalCosponsor>False</isOriginalCosponsor>
        <sponsorshipWithdrawnDate />
      </item>
      <item>
        <bioguideId>L000593</bioguideId>
        <fullName>Rep. Levin, Mike [D-CA-49]</fullName>
        <firstName>Mike</firstName>
        <middleName />
        <lastName>Levin</lastName>
        <party>D</party>
        <state>CA</state>
        <identifiers>
          <lisID>2383</lisID>
          <bioguideId>L000593</bioguideId>
          <gpoId />
        </identifiers>
        <district>49</district>
        <sponsorshipDate>2021-03-01</sponsorshipDate>
        <isOriginalCosponsor>False</isOriginalCosponsor>
        <sponsorshipWithdrawnDate />
      </item>
      <item>
        <bioguideId>C001080</bioguideId>
        <fullName>Rep. Chu, Judy [D-CA-27]</fullName>
        <firstName>Judy</firstName>
        <middleName />
        <lastName>Chu</lastName>
        <party>D</party>
        <state>CA</state>
        <identifiers>
          <lisID>1970</lisID>
          <bioguideId>C001080</bioguideId>
          <gpoId>7837</gpoId>
        </identifiers>
        <district>27</district>
        <sponsorshipDate>2021-03-02</sponsorshipDate>
        <isOriginalCosponsor>False</isOriginalCosponsor>
        <sponsorshipWithdrawnDate />
      </item>
      <item>
        <bioguideId>C001059</bioguideId>
        <fullName>Rep. Costa, Jim [D-CA-16]</fullName>
        <firstName>Jim</firstName>
        <middleName />
        <lastName>Costa</lastName>
        <party>D</party>
        <state>CA</state>
        <identifiers>
          <lisID>1774</lisID>
          <bioguideId>C001059</bioguideId>
          <gpoId>7825</gpoId>
        </identifiers>
        <district>16</district>
        <sponsorshipDate>2021-03-08</sponsorshipDate>
        <isOriginalCosponsor>False</isOriginalCosponsor>
        <sponsorshipWithdrawnDate />
      </item>
      <item>
        <bioguideId>M000312</bioguideId>
        <fullName>Rep. McGovern, James P. [D-MA-2]</fullName>
        <firstName>JAMES</firstName>
        <middleName>P.</middleName>
        <lastName>MCGOVERN</lastName>
        <party>D</party>
        <state>MA</state>
        <identifiers>
          <lisID>1504</lisID>
          <bioguideId>M000312</bioguideId>
          <gpoId>7968</gpoId>
        </identifiers>
        <district>2</district>
        <sponsorshipDate>2021-04-01</sponsorshipDate>
        <isOriginalCosponsor>False</isOriginalCosponsor>
        <sponsorshipWithdrawnDate />
      </item>
      <item>
        <bioguideId>V000132</bioguideId>
        <fullName>Rep. Vela, Filemon [D-TX-34]</fullName>
        <firstName>Filemon</firstName>
        <middleName />
        <lastName>Vela</lastName>
        <party>D</party>
        <state>TX</state>
        <identifiers>
          <lisID>2167</lisID>
          <bioguideId>V000132</bioguideId>
          <gpoId />
        </identifiers>
        <district>34</district>
        <sponsorshipDate>2021-04-14</sponsorshipDate>
        <isOriginalCosponsor>False</isOriginalCosponsor>
        <sponsorshipWithdrawnDate />
      </item>
      <item>
        <bioguideId>N000015</bioguideId>
        <fullName>Rep. Neal, Richard E. [D-MA-1]</fullName>
        <firstName>RICHARD</firstName>
        <middleName>E.</middleName>
        <lastName>NEAL</lastName>
        <party>D</party>
        <state>MA</state>
        <identifiers>
          <lisID>854</lisID>
          <bioguideId>N000015</bioguideId>
          <gpoId>7967</gpoId>
        </identifiers>
        <district>1</district>
        <sponsorshipDate>2021-04-30</sponsorshipDate>
        <isOriginalCosponsor>False</isOriginalCosponsor>
        <sponsorshipWithdrawnDate />
      </item>
      <item>
        <bioguideId>D000617</bioguideId>
        <fullName>Rep. DelBene, Suzan K. [D-WA-1]</fullName>
        <firstName>Suzan</firstName>
        <middleName>K.</middleName>
        <lastName>DelBene</lastName>
        <party>D</party>
        <state>WA</state>
        <identifiers>
          <lisID>2096</lisID>
          <bioguideId>D000617</bioguideId>
          <gpoId>8374</gpoId>
        </identifiers>
        <district>1</district>
        <sponsorshipDate>2021-05-17</sponsorshipDate>
        <isOriginalCosponsor>False</isOriginalCosponsor>
        <sponsorshipWithdrawnDate />
      </item>
      <item>
        <bioguideId>D000216</bioguideId>
        <fullName>Rep. DeLauro, Rosa L. [D-CT-3]</fullName>
        <firstName>ROSA</firstName>
        <middleName />
        <lastName>DELAURO</lastName>
        <party>D</party>
        <state>CT</state>
        <identifiers>
          <lisID>281</lisID>
          <bioguideId>D000216</bioguideId>
          <gpoId>7868</gpoId>
        </identifiers>
        <district>3</district>
        <sponsorshipDate>2021-07-02</sponsorshipDate>
        <isOriginalCosponsor>False</isOriginalCosponsor>
        <sponsorshipWithdrawnDate />
      </item>
      <item>
        <bioguideId>T000482</bioguideId>
        <fullName>Rep. Trahan, Lori [D-MA-3]</fullName>
        <firstName>Lori</firstName>
        <middleName />
        <lastName>Trahan</lastName>
        <party>D</party>
        <state>MA</state>
        <identifiers>
          <lisID>2404</lisID>
          <bioguideId>T000482</bioguideId>
          <gpoId />
        </identifiers>
        <district>3</district>
        <sponsorshipDate>2021-07-06</sponsorshipDate>
        <isOriginalCosponsor>False</isOriginalCosponsor>
        <sponsorshipWithdrawnDate />
      </item>
      <item>
        <bioguideId>A000148</bioguideId>
        <fullName>Rep. Auchincloss, Jake [D-MA-4]</fullName>
        <firstName>Jake</firstName>
        <middleName />
        <lastName>Auchincloss</lastName>
        <party>D</party>
        <state>MA</state>
        <identifiers>
          <lisID>2510</lisID>
          <bioguideId>A000148</bioguideId>
          <gpoId />
        </identifiers>
        <district>4</district>
        <sponsorshipDate>2021-07-13</sponsorshipDate>
        <isOriginalCosponsor>False</isOriginalCosponsor>
        <sponsorshipWithdrawnDate />
      </item>
      <item>
        <bioguideId>P000617</bioguideId>
        <fullName>Rep. Pressley, Ayanna [D-MA-7]</fullName>
        <firstName>Ayanna</firstName>
        <middleName />
        <lastName>Pressley</lastName>
        <party>D</party>
        <state>MA</state>
        <identifiers>
          <lisID>2405</lisID>
          <bioguideId>P000617</bioguideId>
          <gpoId />
        </identifiers>
        <district>7</district>
        <sponsorshipDate>2021-07-30</sponsorshipDate>
        <isOriginalCosponsor>False</isOriginalCosponsor>
        <sponsorshipWithdrawnDate />
      </item>
      <item>
        <bioguideId>S001209</bioguideId>
        <fullName>Rep. Spanberger, Abigail Davis [D-VA-7]</fullName>
        <firstName>Abigail</firstName>
        <middleName>Davis</middleName>
        <lastName>Spanberger</lastName>
        <party>D</party>
        <state>VA</state>
        <identifiers>
          <lisID>2456</lisID>
          <bioguideId>S001209</bioguideId>
          <gpoId />
        </identifiers>
        <district>7</district>
        <sponsorshipDate>2021-08-06</sponsorshipDate>
        <isOriginalCosponsor>False</isOriginalCosponsor>
        <sponsorshipWithdrawnDate />
      </item>
      <item>
        <bioguideId>S001201</bioguideId>
        <fullName>Rep. Suozzi, Thomas R. [D-NY-3]</fullName>
        <firstName>Thomas</firstName>
        <middleName>R.</middleName>
        <lastName>Suozzi</lastName>
        <party>D</party>
        <state>NY</state>
        <identifiers>
          <lisID>2341</lisID>
          <bioguideId>S001201</bioguideId>
          <gpoId />
        </identifiers>
        <district>3</district>
        <sponsorshipDate>2021-08-06</sponsorshipDate>
        <isOriginalCosponsor>False</isOriginalCosponsor>
        <sponsorshipWithdrawnDate />
      </item>
      <item>
        <bioguideId>L000591</bioguideId>
        <fullName>Rep. Luria, Elaine G. [D-VA-2]</fullName>
        <firstName>Elaine</firstName>
        <middleName>G.</middleName>
        <lastName>Luria</lastName>
        <party>D</party>
        <state>VA</state>
        <identifiers>
          <lisID>2453</lisID>
          <bioguideId>L000591</bioguideId>
          <gpoId />
        </identifiers>
        <district>2</district>
        <sponsorshipDate>2021-08-06</sponsorshipDate>
        <isOriginalCosponsor>False</isOriginalCosponsor>
        <sponsorshipWithdrawnDate />
      </item>
      <item>
        <bioguideId>E000297</bioguideId>
        <fullName>Rep. Espaillat, Adriano [D-NY-13]</fullName>
        <firstName>Adriano</firstName>
        <middleName />
        <lastName>Espaillat</lastName>
        <party>D</party>
        <state>NY</state>
        <identifiers>
          <lisID>2342</lisID>
          <bioguideId>E000297</bioguideId>
          <gpoId />
        </identifiers>
        <district>13</district>
        <sponsorshipDate>2021-08-31</sponsorshipDate>
        <isOriginalCosponsor>False</isOriginalCosponsor>
        <sponsorshipWithdrawnDate />
      </item>
    </cosponsors>
    <cboCostEstimates />
    <laws />
    <notes />
    <policyArea>
      <name>Health</name>
    </policyArea>
    <subjects>
      <billSubjects>
        <legislativeSubjects>
          <item>
            <name>Cardiovascular and respiratory health</name>
          </item>
          <item>
            <name>Commemorative events and holidays</name>
          </item>
          <item>
            <name>Congressional tributes</name>
          </item>
          <item>
            <name>Emergency medical services and trauma care</name>
          </item>
          <item>
            <name>Infectious and parasitic diseases</name>
          </item>
          <item>
            <name>Monuments and memorials</name>
          </item>
        </legislativeSubjects>
        <policyArea>
          <name>Health</name>
        </policyArea>
      </billSubjects>
    </subjects>
    <summaries>
      <billSummaries>
        <item>
          <versionCode>00</versionCode>
          <actionDate>2021-02-26</actionDate>
          <actionDesc>Introduced in House</actionDesc>
          <lastSummaryUpdateDate>2021-04-07T14:37:59Z</lastSummaryUpdateDate>
          <text><![CDATA[<p>This resolution expresses support for the designation of COVID-19 Victims and Survivors Memorial Day to memorialize the lives lost to COVID-19 (i.e., coronavirus disease 2019).</p>]]></text>
          <updateDate>2021-02-26T05:00:00Z</updateDate>
          <name>Introduced in House</name>
        </item>
      </billSummaries>
    </summaries>
    <title>Memorializing those impacted by and lost to the COVID-19 virus.</title>
    <titles>
      <item>
        <titleType>Official Title as Introduced</titleType>
        <parentTitleType />
        <title>Memorializing those impacted by and lost to the COVID-19 virus.</title>
        <chamberCode />
        <chamberName />
      </item>
      <item>
        <titleType>Display Title</titleType>
        <parentTitleType />
        <title>Memorializing those impacted by and lost to the COVID-19 virus.</title>
        <chamberCode />
        <chamberName />
      </item>
    </titles>
    <amendments />
    <textVersions>
      <item>
        <type>Introduced in House</type>
        <date>2021-02-26T05:00:00Z</date>
        <formats>
          <item>
            <url>https://www.govinfo.gov/content/pkg/BILLS-117hres174ih/xml/BILLS-117hres174ih.xml</url>
          </item>
        </formats>
      </item>
    </textVersions>
    <latestAction>
      <actionDate>2021-03-01</actionDate>
      <text>Sponsor introductory remarks on measure. (CR H864)</text>
      <links />
    </latestAction>
    <calendarNumbers />
    <version>1.0.0</version>
  </bill>
  <dublinCore xmlns:dc="http://purl.org/dc/elements/1.1/">
    <dc:format>text/xml</dc:format>
    <dc:language>EN</dc:language>
    <dc:rights>Pursuant to Title 17 Section 105 of the United States Code, this file is not subject to copyright protection and is in the public domain.</dc:rights>
    <dc:contributor>Congressional Research Service, Library of Congress</dc:contributor>
    <dc:description>This file contains bill summaries and statuses for federal legislation. A bill summary describes the most significant provisions of a piece of legislation and details the effects the legislative text may have on current law and federal programs. Bill summaries are authored by the Congressional Research Service (CRS) of the Library of Congress. As stated in Public Law 91-510 (2 USC 166 (d)(6)), one of the duties of CRS is "to prepare summaries and digests of bills and resolutions of a public general nature introduced in the Senate or House of Representatives". For more information, refer to the User Guide that accompanies this file.</dc:description>
  </dublinCore>
</billStatus>

