<?xml version="1.0" encoding="UTF-8"?>
<billStatus>
  <bill>
    <billNumber>303</billNumber>
    <createDate>2021-04-14T07:12:14Z</createDate>
    <updateDate>2021-07-13T18:41:20Z</updateDate>
    <originChamber>House</originChamber>
    <billType>HRES</billType>
    <introducedDate>2021-04-13</introducedDate>
    <congress>117</congress>
    <constitutionalAuthorityStatementText />
    <recordedVotes>
      <recordedVote>
        <rollNumber>103</rollNumber>
        <url>https://clerk.house.gov/Votes/2021/roll103.xml</url>
        <fullActionName>Passage of a Measure</fullActionName>
        <chamber>House</chamber>
        <congress>117</congress>
        <date>2021-04-14T22:53:05Z</date>
        <sessionNumber>1</sessionNumber>
      </recordedVote>
      <recordedVote>
        <rollNumber>102</rollNumber>
        <url>https://clerk.house.gov/Votes/2021/roll102.xml</url>
        <fullActionName>Motion for Previous Question</fullActionName>
        <chamber>House</chamber>
        <congress>117</congress>
        <date>2021-04-14T22:21:58Z</date>
        <sessionNumber>1</sessionNumber>
      </recordedVote>
    </recordedVotes>
    <committees>
      <billCommittees>
        <item>
          <systemCode>hsru00</systemCode>
          <name>Rules Committee</name>
          <chamber>House</chamber>
          <type>Standing</type>
          <subcommittees />
          <activities>
            <item>
              <name>Reported original measure</name>
              <date>2021-04-13T22:21:35Z</date>
            </item>
          </activities>
        </item>
      </billCommittees>
    </committees>
    <committeeReports>
      <committeeReport>
        <citation>H. Rept. 117-15</citation>
      </committeeReport>
    </committeeReports>
    <relatedBills>
      <item>
        <latestTitle>Paycheck Fairness Act</latestTitle>
        <congress>117</congress>
        <number>7</number>
        <type>HR</type>
        <latestAction>
          <actionDate>2021-06-08</actionDate>
          <text>Cloture on the motion to proceed to the measure not invoked in Senate by Yea-Nay Vote. 49 - 50. Record Vote Number: 227. (CR S3981)</text>
        </latestAction>
        <relationshipDetails>
          <item>
            <type>Related bill</type>
            <identifiedBy>House</identifiedBy>
          </item>
          <item>
            <type>Procedurally-related</type>
            <identifiedBy>House</identifiedBy>
          </item>
        </relationshipDetails>
      </item>
      <item>
        <latestTitle>Workplace Violence Prevention for Health Care and Social Service Workers Act</latestTitle>
        <congress>117</congress>
        <number>1195</number>
        <type>HR</type>
        <latestAction>
          <actionDate>2021-04-19</actionDate>
          <text>Received in the Senate and Read twice and referred to the Committee on Health, Education, Labor, and Pensions.</text>
        </latestAction>
        <relationshipDetails>
          <item>
            <type>Procedurally-related</type>
            <identifiedBy>House</identifiedBy>
          </item>
        </relationshipDetails>
      </item>
    </relatedBills>
    <actions>
      <item>
        <actionDate>2021-04-14</actionDate>
        <actionTime>18:53:07</actionTime>
        <links />
        <text>Motion to reconsider laid on the table Agreed to without objection.</text>
        <type>Floor</type>
        <actionCode>H38310</actionCode>
        <sourceSystem>
          <code>2</code>
          <name>House floor actions</name>
        </sourceSystem>
        <committees />
      </item>
      <item>
        <actionDate>2021-04-14</actionDate>
        <actionTime>18:53:05</actionTime>
        <links />
        <text>On agreeing to the resolution Agreed to by the Yeas and Nays: 217 - 207 (Roll no. 103). (text: CR H1775)</text>
        <type>Floor</type>
        <actionCode>H37100</actionCode>
        <sourceSystem>
          <code>2</code>
          <name>House floor actions</name>
        </sourceSystem>
        <committees />
      </item>
      <item>
        <actionDate>2021-04-14</actionDate>
        <actionTime>18:53:05</actionTime>
        <links />
        <text>Passed/agreed to in House: On agreeing to the resolution Agreed to by the Yeas and Nays: 217 - 207 (Roll no. 103).(text: CR H1775)</text>
        <type>Floor</type>
        <actionCode>8000</actionCode>
        <sourceSystem>
          <code>9</code>
          <name>Library of Congress</name>
        </sourceSystem>
        <committees />
      </item>
      <item>
        <actionDate>2021-04-14</actionDate>
        <actionTime>18:21:58</actionTime>
        <links />
        <text>On ordering the previous question Agreed to by the Yeas and Nays: 217 - 208 (Roll no. 102). (consideration: CR H1784-1785)</text>
        <type>Floor</type>
        <actionCode>H35000</actionCode>
        <sourceSystem>
          <code>2</code>
          <name>House floor actions</name>
        </sourceSystem>
        <committees />
      </item>
      <item>
        <actionDate>2021-04-14</actionDate>
        <actionTime>17:51:56</actionTime>
        <links />
        <text>Considered as unfinished business. (consideration: CR H1784-1785)</text>
        <type>Floor</type>
        <actionCode>H30000</actionCode>
        <sourceSystem>
          <code>2</code>
          <name>House floor actions</name>
        </sourceSystem>
        <committees />
      </item>
      <item>
        <actionDate>2021-04-14</actionDate>
        <actionTime>16:05:54</actionTime>
        <links />
        <text>POSTPONED PROCEEDINGS - At the conclusion of debate on H. Res. 303, the Chair put the question on ordering the previous question and by voice vote, announced that the ayes had prevailed. Mr. Burgess demanded the yeas and nays and the Chair postponed further proceedings on ordering the previous question on H. Res. 303 until a time to be announced.</text>
        <type>Floor</type>
        <actionCode>H8D000</actionCode>
        <sourceSystem>
          <code>2</code>
          <name>House floor actions</name>
        </sourceSystem>
        <committees />
      </item>
      <item>
        <actionDate>2021-04-14</actionDate>
        <actionTime>15:22:34</actionTime>
        <links />
        <text>DEBATE - The House proceeded with one hour of debate on H. Res. 303.</text>
        <type>Floor</type>
        <actionCode>H8D000</actionCode>
        <sourceSystem>
          <code>2</code>
          <name>House floor actions</name>
        </sourceSystem>
        <committees />
      </item>
      <item>
        <actionDate>2021-04-14</actionDate>
        <actionTime>15:17:15</actionTime>
        <links />
        <text>Considered as privileged matter. (consideration: CR H1775-1781)</text>
        <type>Floor</type>
        <actionCode>H30000</actionCode>
        <sourceSystem>
          <code>2</code>
          <name>House floor actions</name>
        </sourceSystem>
        <committees />
      </item>
      <item>
        <actionDate>2021-04-13</actionDate>
        <links />
        <text>Placed on the House Calendar, Calendar No. 12.</text>
        <type>Calendars</type>
        <actionCode>H12420</actionCode>
        <sourceSystem>
          <code>2</code>
          <name>House floor actions</name>
        </sourceSystem>
        <committees />
      </item>
      <item>
        <actionDate>2021-04-13</actionDate>
        <actionTime>18:21:36</actionTime>
        <links />
        <text>Rule provides for one hour of general debate on H.R. 7 and provides one motion to recommit. Rule also provides for one hour of general debate on H.R. 1195 and provides one motion to recommit.</text>
        <type>Floor</type>
        <actionCode>H12700</actionCode>
        <sourceSystem>
          <code>2</code>
          <name>House floor actions</name>
        </sourceSystem>
        <committees />
      </item>
      <item>
        <actionDate>2021-04-13</actionDate>
        <links />
        <text>The House Committee on Rules reported an original measure, H. Rept. 117-15, by Mr. DeSaulnier.</text>
        <type>Committee</type>
        <actionCode>H12100</actionCode>
        <sourceSystem>
          <code>2</code>
          <name>House floor actions</name>
        </sourceSystem>
        <committees>
          <item>
            <systemCode>hsru00</systemCode>
            <name>Rules Committee</name>
          </item>
        </committees>
      </item>
      <item>
        <actionDate>2021-04-13</actionDate>
        <links />
        <text>The House Committee on Rules reported an original measure, H. Rept. 117-15, by Mr. DeSaulnier.</text>
        <type>Committee</type>
        <actionCode>5000</actionCode>
        <sourceSystem>
          <code>9</code>
          <name>Library of Congress</name>
        </sourceSystem>
        <committees>
          <item>
            <systemCode>hsru00</systemCode>
            <name>Rules Committee</name>
          </item>
        </committees>
      </item>
      <item>
        <actionDate>2021-04-13</actionDate>
        <links />
        <text>Introduced in House</text>
        <type>IntroReferral</type>
        <actionCode>1000</actionCode>
        <sourceSystem>
          <code>9</code>
          <name>Library of Congress</name>
        </sourceSystem>
        <committees />
      </item>
      <actionTypeCounts>
        <motionToReconsiderResults>1</motionToReconsiderResults>
        <passageOfAMeasure>1</passageOfAMeasure>
        <passedAgreedToInHouse>1</passedAgreedToInHouse>
        <motionForPreviousQuestion>1</motionForPreviousQuestion>
        <considerationByHouse>2</considerationByHouse>
        <generalDebate>2</generalDebate>
        <houseCalendarAssignment>1</houseCalendarAssignment>
        <provisionsOfARule>1</provisionsOfARule>
        <committeeReportOfAnOriginalMeasure>1</committeeReportOfAnOriginalMeasure>
        <reportedToHouse>1</reportedToHouse>
        <introducedInHouse>1</introducedInHouse>
      </actionTypeCounts>
      <actionByCounts>
        <houseOfRepresentatives>13</houseOfRepresentatives>
      </actionByCounts>
    </actions>
    <sponsors>
      <item>
        <bioguideId>D000623</bioguideId>
        <fullName>Rep. DeSaulnier, Mark [D-CA-11]</fullName>
        <firstName>Mark</firstName>
        <middleName />
        <lastName>DeSaulnier</lastName>
        <party>D</party>
        <state>CA</state>
        <identifiers>
          <lisID>2227</lisID>
          <bioguideId>D000623</bioguideId>
          <gpoId />
        </identifiers>
        <district>11</district>
        <byRequestType />
      </item>
    </sponsors>
    <cosponsors />
    <cboCostEstimates />
    <laws />
    <notes />
    <policyArea>
      <name>Congress</name>
    </policyArea>
    <subjects>
      <billSubjects>
        <legislativeSubjects>
          <item>
            <name>House of Representatives</name>
          </item>
          <item>
            <name>Legislative rules and procedure</name>
          </item>
        </legislativeSubjects>
        <policyArea>
          <name>Congress</name>
        </policyArea>
      </billSubjects>
    </subjects>
    <summaries>
      <billSummaries>
        <item>
          <versionCode>00</versionCode>
          <actionDate>2021-04-13</actionDate>
          <actionDesc>Introduced in House</actionDesc>
          <lastSummaryUpdateDate>2021-04-14T08:01:34Z</lastSummaryUpdateDate>
          <text><![CDATA[Sets forth the rule for consideration of the bill (H.R. 7) to amend the Fair Labor Standards Act of 1938 to provide more effective remedies to victims of discrimination in the payment of wages on the basis of sex, and for other purposes, and providing for consideration of the bill (H.R. 1195) to direct the Secretary of Labor to issue an occupational safety and health standard that requires covered employers within the health care and social service industries to develop and implement a comprehensive workplace violence prevention plan.]]></text>
          <updateDate>2021-04-13T04:00:00Z</updateDate>
          <name>Introduced in House</name>
        </item>
        <item>
          <versionCode>53</versionCode>
          <actionDate>2021-04-14</actionDate>
          <actionDesc>Passed House</actionDesc>
          <lastSummaryUpdateDate>2021-05-07T15:55:37Z</lastSummaryUpdateDate>
          <text><![CDATA[<p>This resolution sets forth the rule for consideration of H.R. 7 (Paycheck Fairness Act) and H.R. 1195 (Workplace Violence Prevention for Health Care and Social Service Workers Act).</p>]]></text>
          <updateDate>2021-04-14T15:27:27Z</updateDate>
          <name>Passed House</name>
        </item>
      </billSummaries>
    </summaries>
    <title>Providing for consideration of the bill (H.R. 7) to amend the Fair Labor Standards Act of 1938 to provide more effective remedies to victims of discrimination in the payment of wages on the basis of sex, and for other purposes, and providing for consideration of the bill (H.R. 1195) to direct the Secretary of Labor to issue an occupational safety and health standard that requires covered employers within the health care and social service industries to develop and implement a comprehensive workplace violence prevention plan, and for other purposes.</title>
    <titles>
      <item>
        <titleType>Official Title as Introduced</titleType>
        <parentTitleType />
        <title>Providing for consideration of the bill (H.R. 7) to amend the Fair Labor Standards Act of 1938 to provide more effective remedies to victims of discrimination in the payment of wages on the basis of sex, and for other purposes, and providing for consideration of the bill (H.R. 1195) to direct the Secretary of Labor to issue an occupational safety and health standard that requires covered employers within the health care and social service industries to develop and implement a comprehensive workplace violence prevention plan, and for other purposes.</title>
        <chamberCode />
        <chamberName />
      </item>
      <item>
        <titleType>Display Title</titleType>
        <parentTitleType />
        <title>Providing for consideration of the bill (H.R. 7) to amend the Fair Labor Standards Act of 1938 to provide more effective remedies to victims of discrimination in the payment of wages on the basis of sex, and for other purposes, and providing for consideration of the bill (H.R. 1195) to direct the Secretary of Labor to issue an occupational safety and health standard that requires covered employers within the health care and social service industries to develop and implement a comprehensive workplace violence prevention plan, and for other purposes.</title>
        <chamberCode />
        <chamberName />
      </item>
    </titles>
    <amendments />
    <textVersions>
      <item>
        <type>Engrossed in House</type>
        <date>2021-04-14T04:00:00Z</date>
        <formats>
          <item>
            <url>https://www.govinfo.gov/content/pkg/BILLS-117hres303eh/xml/BILLS-117hres303eh.xml</url>
          </item>
        </formats>
      </item>
      <item>
        <type>Reported in House</type>
        <date>2021-04-13T04:00:00Z</date>
        <formats>
          <item>
            <url>https://www.govinfo.gov/content/pkg/BILLS-117hres303rh/xml/BILLS-117hres303rh.xml</url>
          </item>
        </formats>
      </item>
    </textVersions>
    <latestAction>
      <actionDate>2021-04-14</actionDate>
      <text>Motion to reconsider laid on the table Agreed to without objection.</text>
      <actionTime>18:53:07</actionTime>
      <links />
    </latestAction>
    <calendarNumbers>
      <item>
        <calendar>H00012</calendar>
        <number />
      </item>
    </calendarNumbers>
    <version>1.0.0</version>
  </bill>
  <dublinCore xmlns:dc="http://purl.org/dc/elements/1.1/">
    <dc:format>text/xml</dc:format>
    <dc:language>EN</dc:language>
    <dc:rights>Pursuant to Title 17 Section 105 of the United States Code, this file is not subject to copyright protection and is in the public domain.</dc:rights>
    <dc:contributor>Congressional Research Service, Library of Congress</dc:contributor>
    <dc:description>This file contains bill summaries and statuses for federal legislation. A bill summary describes the most significant provisions of a piece of legislation and details the effects the legislative text may have on current law and federal programs. Bill summaries are authored by the Congressional Research Service (CRS) of the Library of Congress. As stated in Public Law 91-510 (2 USC 166 (d)(6)), one of the duties of CRS is "to prepare summaries and digests of bills and resolutions of a public general nature introduced in the Senate or House of Representatives". For more information, refer to the User Guide that accompanies this file.</dc:description>
  </dublinCore>
</billStatus>

