<?xml version="1.0" encoding="UTF-8"?>
<billStatus>
  <bill>
    <billNumber>150</billNumber>
    <createDate>2021-02-24T08:12:12Z</createDate>
    <updateDate>2021-09-08T07:15:20Z</updateDate>
    <originChamber>House</originChamber>
    <billType>HRES</billType>
    <introducedDate>2021-02-23</introducedDate>
    <congress>117</congress>
    <constitutionalAuthorityStatementText />
    <recordedVotes />
    <committees>
      <billCommittees>
        <item>
          <systemCode>hsag00</systemCode>
          <name>Agriculture Committee</name>
          <chamber>House</chamber>
          <type>Standing</type>
          <subcommittees>
            <item>
              <systemCode>hsag14</systemCode>
              <name>Biotechnology, Horticulture, and Research Subcommittee</name>
              <activities>
                <item>
                  <name>Referred to</name>
                  <date>2021-03-09T17:04:24Z</date>
                </item>
              </activities>
            </item>
          </subcommittees>
          <activities>
            <item>
              <name>Referred to</name>
              <date>2021-02-23T19:08:40Z</date>
            </item>
          </activities>
        </item>
      </billCommittees>
    </committees>
    <committeeReports />
    <relatedBills>
      <item>
        <latestTitle>A resolution expressing support for the designation of February 20 through February 27, 2021, as "National FFA Week", recognizing the important role of the National FFA Organization in developing the next generation of leaders who will change the world, and celebrating 50 years of National FFA Organization Alumni and Supporters.</latestTitle>
        <congress>117</congress>
        <number>83</number>
        <type>SRES</type>
        <latestAction>
          <actionDate>2021-03-01</actionDate>
          <text>Submitted in the Senate, considered, and agreed to without amendment and with a preamble by Unanimous Consent. (consideration: CR S922; text: CR S960)</text>
        </latestAction>
        <relationshipDetails>
          <item>
            <type>Related bill</type>
            <identifiedBy>CRS</identifiedBy>
          </item>
        </relationshipDetails>
      </item>
    </relatedBills>
    <actions>
      <item>
        <actionDate>2021-03-09</actionDate>
        <committees>
          <item>
            <systemCode>hsag14</systemCode>
            <name>Biotechnology, Horticulture, and Research Subcommittee</name>
          </item>
        </committees>
        <links />
        <sourceSystem>
          <code>1</code>
          <name>House committee actions</name>
        </sourceSystem>
        <text>Referred to the Subcommittee on Biotechnology, Horticulture, and Research.</text>
        <type>Committee</type>
      </item>
      <item>
        <actionDate>2021-02-23</actionDate>
        <links />
        <text>Referred to the House Committee on Agriculture.</text>
        <type>IntroReferral</type>
        <actionCode>H11100</actionCode>
        <sourceSystem>
          <code>2</code>
          <name>House floor actions</name>
        </sourceSystem>
        <committees>
          <item>
            <systemCode>hsag00</systemCode>
            <name>Agriculture Committee</name>
          </item>
        </committees>
      </item>
      <item>
        <actionDate>2021-02-23</actionDate>
        <links />
        <text>Introduced in House</text>
        <type>IntroReferral</type>
        <actionCode>Intro-H</actionCode>
        <sourceSystem>
          <code>9</code>
          <name>Library of Congress</name>
        </sourceSystem>
        <committees />
      </item>
      <item>
        <actionDate>2021-02-23</actionDate>
        <links />
        <text>Introduced in House</text>
        <type>IntroReferral</type>
        <actionCode>1000</actionCode>
        <sourceSystem>
          <code>9</code>
          <name>Library of Congress</name>
        </sourceSystem>
        <committees />
      </item>
      <actionTypeCounts>
        <placeholderTextForH>1</placeholderTextForH>
        <billReferrals>1</billReferrals>
        <introducedInTheHouse>1</introducedInTheHouse>
        <introducedInHouse>1</introducedInHouse>
      </actionTypeCounts>
      <actionByCounts>
        <houseOfRepresentatives>4</houseOfRepresentatives>
      </actionByCounts>
    </actions>
    <sponsors>
      <item>
        <bioguideId>M000871</bioguideId>
        <fullName>Rep. Mann, Tracey [R-KS-1]</fullName>
        <firstName>Tracey</firstName>
        <middleName />
        <lastName>Mann</lastName>
        <party>R</party>
        <state>KS</state>
        <identifiers>
          <lisID>2508</lisID>
          <bioguideId>M000871</bioguideId>
          <gpoId />
        </identifiers>
        <district>1</district>
        <byRequestType />
      </item>
    </sponsors>
    <cosponsors>
      <item>
        <bioguideId>L000559</bioguideId>
        <fullName>Rep. Langevin, James R. [D-RI-2]</fullName>
        <firstName>JAMES</firstName>
        <middleName>R.</middleName>
        <lastName>LANGEVIN</lastName>
        <party>D</party>
        <state>RI</state>
        <identifiers>
          <lisID>1668</lisID>
          <bioguideId>L000559</bioguideId>
          <gpoId>8140</gpoId>
        </identifiers>
        <district>2</district>
        <sponsorshipDate>2021-02-23</sponsorshipDate>
        <isOriginalCosponsor>True</isOriginalCosponsor>
        <sponsorshipWithdrawnDate />
      </item>
      <item>
        <bioguideId>W000812</bioguideId>
        <fullName>Rep. Wagner, Ann [R-MO-2]</fullName>
        <firstName>Ann</firstName>
        <middleName />
        <lastName>Wagner</lastName>
        <party>R</party>
        <state>MO</state>
        <identifiers>
          <lisID>2137</lisID>
          <bioguideId>W000812</bioguideId>
          <gpoId />
        </identifiers>
        <district>2</district>
        <sponsorshipDate>2021-02-23</sponsorshipDate>
        <isOriginalCosponsor>True</isOriginalCosponsor>
        <sponsorshipWithdrawnDate />
      </item>
      <item>
        <bioguideId>N000189</bioguideId>
        <fullName>Rep. Newhouse, Dan [R-WA-4]</fullName>
        <firstName>Dan</firstName>
        <middleName />
        <lastName>Newhouse</lastName>
        <party>R</party>
        <state>WA</state>
        <identifiers>
          <lisID>2275</lisID>
          <bioguideId>N000189</bioguideId>
          <gpoId />
        </identifiers>
        <district>4</district>
        <sponsorshipDate>2021-02-23</sponsorshipDate>
        <isOriginalCosponsor>True</isOriginalCosponsor>
        <sponsorshipWithdrawnDate />
      </item>
      <item>
        <bioguideId>I000056</bioguideId>
        <fullName>Rep. Issa, Darrell E. [R-CA-50]</fullName>
        <firstName>DARRELL</firstName>
        <middleName>E.</middleName>
        <lastName>ISSA</lastName>
        <party>R</party>
        <state>CA</state>
        <identifiers>
          <lisID>1640</lisID>
          <bioguideId>I000056</bioguideId>
          <gpoId>7854</gpoId>
        </identifiers>
        <district>50</district>
        <sponsorshipDate>2021-02-23</sponsorshipDate>
        <isOriginalCosponsor>True</isOriginalCosponsor>
        <sponsorshipWithdrawnDate />
      </item>
      <item>
        <bioguideId>C001108</bioguideId>
        <fullName>Rep. Comer, James [R-KY-1]</fullName>
        <firstName>James</firstName>
        <middleName />
        <lastName>Comer</lastName>
        <party>R</party>
        <state>KY</state>
        <identifiers>
          <lisID>2297</lisID>
          <bioguideId>C001108</bioguideId>
          <gpoId />
        </identifiers>
        <district>1</district>
        <sponsorshipDate>2021-02-23</sponsorshipDate>
        <isOriginalCosponsor>True</isOriginalCosponsor>
        <sponsorshipWithdrawnDate />
      </item>
      <item>
        <bioguideId>T000467</bioguideId>
        <fullName>Rep. Thompson, Glenn [R-PA-15]</fullName>
        <firstName>Glenn</firstName>
        <middleName />
        <lastName>Thompson</lastName>
        <party>R</party>
        <state>PA</state>
        <identifiers>
          <lisID>1952</lisID>
          <bioguideId>T000467</bioguideId>
          <gpoId>8123</gpoId>
        </identifiers>
        <district>15</district>
        <sponsorshipDate>2021-02-23</sponsorshipDate>
        <isOriginalCosponsor>True</isOriginalCosponsor>
        <sponsorshipWithdrawnDate />
      </item>
      <item>
        <bioguideId>M001157</bioguideId>
        <fullName>Rep. McCaul, Michael T. [R-TX-10]</fullName>
        <firstName>Michael</firstName>
        <middleName>T.</middleName>
        <lastName>McCaul</lastName>
        <party>R</party>
        <state>TX</state>
        <identifiers>
          <lisID>1804</lisID>
          <bioguideId>M001157</bioguideId>
          <gpoId>8166</gpoId>
        </identifiers>
        <district>10</district>
        <sponsorshipDate>2021-02-23</sponsorshipDate>
        <isOriginalCosponsor>True</isOriginalCosponsor>
        <sponsorshipWithdrawnDate />
      </item>
      <item>
        <bioguideId>L000491</bioguideId>
        <fullName>Rep. Lucas, Frank D. [R-OK-3]</fullName>
        <firstName>FRANK</firstName>
        <middleName>D.</middleName>
        <lastName>LUCAS</lastName>
        <party>R</party>
        <state>OK</state>
        <identifiers>
          <lisID>711</lisID>
          <bioguideId>L000491</bioguideId>
          <gpoId>8111</gpoId>
        </identifiers>
        <district>3</district>
        <sponsorshipDate>2021-02-23</sponsorshipDate>
        <isOriginalCosponsor>True</isOriginalCosponsor>
        <sponsorshipWithdrawnDate />
      </item>
      <item>
        <bioguideId>K000376</bioguideId>
        <fullName>Rep. Kelly, Mike [R-PA-16]</fullName>
        <firstName>Mike</firstName>
        <middleName />
        <lastName>Kelly</lastName>
        <party>R</party>
        <state>PA</state>
        <identifiers>
          <lisID>2051</lisID>
          <bioguideId>K000376</bioguideId>
          <gpoId>8708</gpoId>
        </identifiers>
        <district>16</district>
        <sponsorshipDate>2021-02-23</sponsorshipDate>
        <isOriginalCosponsor>True</isOriginalCosponsor>
        <sponsorshipWithdrawnDate />
      </item>
      <item>
        <bioguideId>C001119</bioguideId>
        <fullName>Rep. Craig, Angie [D-MN-2]</fullName>
        <firstName>Angie</firstName>
        <middleName />
        <lastName>Craig</lastName>
        <party>D</party>
        <state>MN</state>
        <identifiers>
          <lisID>2412</lisID>
          <bioguideId>C001119</bioguideId>
          <gpoId />
        </identifiers>
        <district>2</district>
        <sponsorshipDate>2021-02-23</sponsorshipDate>
        <isOriginalCosponsor>True</isOriginalCosponsor>
        <sponsorshipWithdrawnDate />
      </item>
      <item>
        <bioguideId>P000048</bioguideId>
        <fullName>Rep. Pfluger, August [R-TX-11]</fullName>
        <firstName>August</firstName>
        <middleName />
        <lastName>Pfluger</lastName>
        <party>R</party>
        <state>TX</state>
        <identifiers>
          <lisID>2531</lisID>
          <bioguideId>P000048</bioguideId>
          <gpoId />
        </identifiers>
        <district>11</district>
        <sponsorshipDate>2021-02-23</sponsorshipDate>
        <isOriginalCosponsor>True</isOriginalCosponsor>
        <sponsorshipWithdrawnDate />
      </item>
      <item>
        <bioguideId>F000466</bioguideId>
        <fullName>Rep. Fitzpatrick, Brian K. [R-PA-1]</fullName>
        <firstName>Brian</firstName>
        <middleName>K.</middleName>
        <lastName>Fitzpatrick</lastName>
        <party>R</party>
        <state>PA</state>
        <identifiers>
          <lisID>2345</lisID>
          <bioguideId>F000466</bioguideId>
          <gpoId />
        </identifiers>
        <district>1</district>
        <sponsorshipDate>2021-02-23</sponsorshipDate>
        <isOriginalCosponsor>True</isOriginalCosponsor>
        <sponsorshipWithdrawnDate />
      </item>
      <item>
        <bioguideId>W000813</bioguideId>
        <fullName>Rep. Walorski, Jackie [R-IN-2]</fullName>
        <firstName>Jackie</firstName>
        <middleName />
        <lastName>Walorski</lastName>
        <party>R</party>
        <state>IN</state>
        <identifiers>
          <lisID>2128</lisID>
          <bioguideId>W000813</bioguideId>
          <gpoId />
        </identifiers>
        <district>2</district>
        <sponsorshipDate>2021-02-23</sponsorshipDate>
        <isOriginalCosponsor>True</isOriginalCosponsor>
        <sponsorshipWithdrawnDate />
      </item>
      <item>
        <bioguideId>L000266</bioguideId>
        <fullName>Rep. LaTurner, Jake [R-KS-2]</fullName>
        <firstName>Jake</firstName>
        <middleName />
        <lastName>LaTurner</lastName>
        <party>R</party>
        <state>KS</state>
        <identifiers>
          <lisID>2509</lisID>
          <bioguideId>L000266</bioguideId>
          <gpoId />
        </identifiers>
        <district>2</district>
        <sponsorshipDate>2021-02-23</sponsorshipDate>
        <isOriginalCosponsor>True</isOriginalCosponsor>
        <sponsorshipWithdrawnDate />
      </item>
      <item>
        <bioguideId>O000171</bioguideId>
        <fullName>Rep. O'Halleran, Tom [D-AZ-1]</fullName>
        <firstName>Tom</firstName>
        <middleName />
        <lastName>O'Halleran</lastName>
        <party>D</party>
        <state>AZ</state>
        <identifiers>
          <lisID>2306</lisID>
          <bioguideId>O000171</bioguideId>
          <gpoId />
        </identifiers>
        <district>1</district>
        <sponsorshipDate>2021-02-23</sponsorshipDate>
        <isOriginalCosponsor>True</isOriginalCosponsor>
        <sponsorshipWithdrawnDate />
      </item>
      <item>
        <bioguideId>H001084</bioguideId>
        <fullName>Rep. Herrell, Yvette [R-NM-2]</fullName>
        <firstName>Yvette</firstName>
        <middleName />
        <lastName>Herrell</lastName>
        <party>R</party>
        <state>NM</state>
        <identifiers>
          <lisID>2519</lisID>
          <bioguideId>H001084</bioguideId>
          <gpoId />
        </identifiers>
        <district>2</district>
        <sponsorshipDate>2021-02-23</sponsorshipDate>
        <isOriginalCosponsor>True</isOriginalCosponsor>
        <sponsorshipWithdrawnDate />
      </item>
      <item>
        <bioguideId>H001081</bioguideId>
        <fullName>Rep. Hayes, Jahana [D-CT-5]</fullName>
        <firstName>Jahana</firstName>
        <middleName />
        <lastName>Hayes</lastName>
        <party>D</party>
        <state>CT</state>
        <identifiers>
          <lisID>2386</lisID>
          <bioguideId>H001081</bioguideId>
          <gpoId />
        </identifiers>
        <district>5</district>
        <sponsorshipDate>2021-02-23</sponsorshipDate>
        <isOriginalCosponsor>True</isOriginalCosponsor>
        <sponsorshipWithdrawnDate />
      </item>
      <item>
        <bioguideId>H001088</bioguideId>
        <fullName>Rep. Hagedorn, Jim [R-MN-1]</fullName>
        <firstName>Jim</firstName>
        <middleName />
        <lastName>Hagedorn</lastName>
        <party>R</party>
        <state>MN</state>
        <identifiers>
          <lisID>2411</lisID>
          <bioguideId>H001088</bioguideId>
          <gpoId />
        </identifiers>
        <district>1</district>
        <sponsorshipDate>2021-02-23</sponsorshipDate>
        <isOriginalCosponsor>True</isOriginalCosponsor>
        <sponsorshipWithdrawnDate />
      </item>
      <item>
        <bioguideId>C001059</bioguideId>
        <fullName>Rep. Costa, Jim [D-CA-16]</fullName>
        <firstName>Jim</firstName>
        <middleName />
        <lastName>Costa</lastName>
        <party>D</party>
        <state>CA</state>
        <identifiers>
          <lisID>1774</lisID>
          <bioguideId>C001059</bioguideId>
          <gpoId>7825</gpoId>
        </identifiers>
        <district>16</district>
        <sponsorshipDate>2021-02-23</sponsorshipDate>
        <isOriginalCosponsor>True</isOriginalCosponsor>
        <sponsorshipWithdrawnDate />
      </item>
      <item>
        <bioguideId>C001115</bioguideId>
        <fullName>Rep. Cloud, Michael [R-TX-27]</fullName>
        <firstName>Michael</firstName>
        <middleName />
        <lastName>Cloud</lastName>
        <party>R</party>
        <state>TX</state>
        <identifiers>
          <lisID>2369</lisID>
          <bioguideId>C001115</bioguideId>
          <gpoId />
        </identifiers>
        <district>27</district>
        <sponsorshipDate>2021-02-23</sponsorshipDate>
        <isOriginalCosponsor>True</isOriginalCosponsor>
        <sponsorshipWithdrawnDate />
      </item>
      <item>
        <bioguideId>L000566</bioguideId>
        <fullName>Rep. Latta, Robert E. [R-OH-5]</fullName>
        <firstName>Robert</firstName>
        <middleName>E.</middleName>
        <lastName>Latta</lastName>
        <party>R</party>
        <state>OH</state>
        <identifiers>
          <lisID>1885</lisID>
          <bioguideId>L000566</bioguideId>
          <gpoId>8095</gpoId>
        </identifiers>
        <district>5</district>
        <sponsorshipDate>2021-02-23</sponsorshipDate>
        <isOriginalCosponsor>True</isOriginalCosponsor>
        <sponsorshipWithdrawnDate />
      </item>
      <item>
        <bioguideId>B001295</bioguideId>
        <fullName>Rep. Bost, Mike [R-IL-12]</fullName>
        <firstName>Mike</firstName>
        <middleName />
        <lastName>Bost</lastName>
        <party>R</party>
        <state>IL</state>
        <identifiers>
          <lisID>2243</lisID>
          <bioguideId>B001295</bioguideId>
          <gpoId />
        </identifiers>
        <district>12</district>
        <sponsorshipDate>2021-02-23</sponsorshipDate>
        <isOriginalCosponsor>True</isOriginalCosponsor>
        <sponsorshipWithdrawnDate />
      </item>
      <item>
        <bioguideId>F000470</bioguideId>
        <fullName>Rep. Fischbach, Michelle [R-MN-7]</fullName>
        <firstName>Michelle</firstName>
        <middleName />
        <lastName>Fischbach</lastName>
        <party>R</party>
        <state>MN</state>
        <identifiers>
          <lisID>2513</lisID>
          <bioguideId>F000470</bioguideId>
          <gpoId />
        </identifiers>
        <district>7</district>
        <sponsorshipDate>2021-02-23</sponsorshipDate>
        <isOriginalCosponsor>True</isOriginalCosponsor>
        <sponsorshipWithdrawnDate />
      </item>
      <item>
        <bioguideId>B001298</bioguideId>
        <fullName>Rep. Bacon, Don [R-NE-2]</fullName>
        <firstName>Don</firstName>
        <middleName />
        <lastName>Bacon</lastName>
        <party>R</party>
        <state>NE</state>
        <identifiers>
          <lisID>2337</lisID>
          <bioguideId>B001298</bioguideId>
          <gpoId />
        </identifiers>
        <district>2</district>
        <sponsorshipDate>2021-02-23</sponsorshipDate>
        <isOriginalCosponsor>True</isOriginalCosponsor>
        <sponsorshipWithdrawnDate />
      </item>
      <item>
        <bioguideId>E000294</bioguideId>
        <fullName>Rep. Emmer, Tom [R-MN-6]</fullName>
        <firstName>Tom</firstName>
        <middleName />
        <lastName>Emmer</lastName>
        <party>R</party>
        <state>MN</state>
        <identifiers>
          <lisID>2253</lisID>
          <bioguideId>E000294</bioguideId>
          <gpoId />
        </identifiers>
        <district>6</district>
        <sponsorshipDate>2021-02-23</sponsorshipDate>
        <isOriginalCosponsor>True</isOriginalCosponsor>
        <sponsorshipWithdrawnDate />
      </item>
      <item>
        <bioguideId>J000304</bioguideId>
        <fullName>Rep. Jackson, Ronny [R-TX-13]</fullName>
        <firstName>Ronny</firstName>
        <middleName />
        <lastName>Jackson</lastName>
        <party>R</party>
        <state>TX</state>
        <identifiers>
          <lisID>2532</lisID>
          <bioguideId>J000304</bioguideId>
          <gpoId />
        </identifiers>
        <district>13</district>
        <sponsorshipDate>2021-02-23</sponsorshipDate>
        <isOriginalCosponsor>True</isOriginalCosponsor>
        <sponsorshipWithdrawnDate />
      </item>
      <item>
        <bioguideId>B001286</bioguideId>
        <fullName>Rep. Bustos, Cheri [D-IL-17]</fullName>
        <firstName>Cheri</firstName>
        <middleName />
        <lastName>Bustos</lastName>
        <party>D</party>
        <state>IL</state>
        <identifiers>
          <lisID>2127</lisID>
          <bioguideId>B001286</bioguideId>
          <gpoId />
        </identifiers>
        <district>17</district>
        <sponsorshipDate>2021-02-23</sponsorshipDate>
        <isOriginalCosponsor>True</isOriginalCosponsor>
        <sponsorshipWithdrawnDate />
      </item>
      <item>
        <bioguideId>H001090</bioguideId>
        <fullName>Rep. Harder, Josh [D-CA-10]</fullName>
        <firstName>Josh</firstName>
        <middleName />
        <lastName>Harder</lastName>
        <party>D</party>
        <state>CA</state>
        <identifiers>
          <lisID>2377</lisID>
          <bioguideId>H001090</bioguideId>
          <gpoId />
        </identifiers>
        <district>10</district>
        <sponsorshipDate>2021-02-23</sponsorshipDate>
        <isOriginalCosponsor>True</isOriginalCosponsor>
        <sponsorshipWithdrawnDate />
      </item>
      <item>
        <bioguideId>S001172</bioguideId>
        <fullName>Rep. Smith, Adrian [R-NE-3]</fullName>
        <firstName>Adrian</firstName>
        <middleName />
        <lastName>Smith</lastName>
        <party>R</party>
        <state>NE</state>
        <identifiers>
          <lisID>1860</lisID>
          <bioguideId>S001172</bioguideId>
          <gpoId>8040</gpoId>
        </identifiers>
        <district>3</district>
        <sponsorshipDate>2021-02-23</sponsorshipDate>
        <isOriginalCosponsor>True</isOriginalCosponsor>
        <sponsorshipWithdrawnDate />
      </item>
      <item>
        <bioguideId>H001085</bioguideId>
        <fullName>Rep. Houlahan, Chrissy [D-PA-6]</fullName>
        <firstName>Chrissy</firstName>
        <middleName />
        <lastName>Houlahan</lastName>
        <party>D</party>
        <state>PA</state>
        <identifiers>
          <lisID>2433</lisID>
          <bioguideId>H001085</bioguideId>
          <gpoId />
        </identifiers>
        <district>6</district>
        <sponsorshipDate>2021-02-23</sponsorshipDate>
        <isOriginalCosponsor>True</isOriginalCosponsor>
        <sponsorshipWithdrawnDate />
      </item>
      <item>
        <bioguideId>W000814</bioguideId>
        <fullName>Rep. Weber, Randy K., Sr. [R-TX-14]</fullName>
        <firstName>Randy</firstName>
        <middleName>K.</middleName>
        <lastName>Weber</lastName>
        <party>R</party>
        <state>TX</state>
        <identifiers>
          <lisID>2161</lisID>
          <bioguideId>W000814</bioguideId>
          <gpoId />
        </identifiers>
        <district>14</district>
        <sponsorshipDate>2021-02-23</sponsorshipDate>
        <isOriginalCosponsor>True</isOriginalCosponsor>
        <sponsorshipWithdrawnDate />
      </item>
      <item>
        <bioguideId>K000395</bioguideId>
        <fullName>Rep. Keller, Fred [R-PA-12]</fullName>
        <firstName>Fred</firstName>
        <middleName />
        <lastName>Keller</lastName>
        <party>R</party>
        <state>PA</state>
        <identifiers>
          <lisID>2471</lisID>
          <bioguideId>K000395</bioguideId>
          <gpoId />
        </identifiers>
        <district>12</district>
        <sponsorshipDate>2021-02-23</sponsorshipDate>
        <isOriginalCosponsor>True</isOriginalCosponsor>
        <sponsorshipWithdrawnDate />
      </item>
      <item>
        <bioguideId>F000449</bioguideId>
        <fullName>Rep. Fortenberry, Jeff [R-NE-1]</fullName>
        <firstName>Jeff</firstName>
        <middleName />
        <lastName>Fortenberry</lastName>
        <party>R</party>
        <state>NE</state>
        <identifiers>
          <lisID>1793</lisID>
          <bioguideId>F000449</bioguideId>
          <gpoId>8038</gpoId>
        </identifiers>
        <district>1</district>
        <sponsorshipDate>2021-02-23</sponsorshipDate>
        <isOriginalCosponsor>True</isOriginalCosponsor>
        <sponsorshipWithdrawnDate />
      </item>
      <item>
        <bioguideId>M001136</bioguideId>
        <fullName>Rep. McClain, Lisa C. [R-MI-10]</fullName>
        <firstName>Lisa</firstName>
        <middleName>C.</middleName>
        <lastName>McClain</lastName>
        <party>R</party>
        <state>MI</state>
        <identifiers>
          <lisID>2512</lisID>
          <bioguideId>M001136</bioguideId>
          <gpoId />
        </identifiers>
        <district>10</district>
        <sponsorshipDate>2021-02-23</sponsorshipDate>
        <isOriginalCosponsor>True</isOriginalCosponsor>
        <sponsorshipWithdrawnDate />
      </item>
      <item>
        <bioguideId>J000301</bioguideId>
        <fullName>Rep. Johnson, Dusty [R-SD-At Large]</fullName>
        <firstName>Dusty</firstName>
        <middleName />
        <lastName>Johnson</lastName>
        <party>R</party>
        <state>SD</state>
        <identifiers>
          <lisID>2439</lisID>
          <bioguideId>J000301</bioguideId>
          <gpoId />
        </identifiers>
        <district>0</district>
        <sponsorshipDate>2021-02-23</sponsorshipDate>
        <isOriginalCosponsor>True</isOriginalCosponsor>
        <sponsorshipWithdrawnDate />
      </item>
      <item>
        <bioguideId>H001053</bioguideId>
        <fullName>Rep. Hartzler, Vicky [R-MO-4]</fullName>
        <firstName>Vicky</firstName>
        <middleName />
        <lastName>Hartzler</lastName>
        <party>R</party>
        <state>MO</state>
        <identifiers>
          <lisID>2032</lisID>
          <bioguideId>H001053</bioguideId>
          <gpoId>8012</gpoId>
        </identifiers>
        <district>4</district>
        <sponsorshipDate>2021-02-23</sponsorshipDate>
        <isOriginalCosponsor>True</isOriginalCosponsor>
        <sponsorshipWithdrawnDate />
      </item>
      <item>
        <bioguideId>G000546</bioguideId>
        <fullName>Rep. Graves, Sam [R-MO-6]</fullName>
        <firstName>SAM</firstName>
        <middleName />
        <lastName>GRAVES</lastName>
        <party>R</party>
        <state>MO</state>
        <identifiers>
          <lisID>1656</lisID>
          <bioguideId>G000546</bioguideId>
          <gpoId>8014</gpoId>
        </identifiers>
        <district>6</district>
        <sponsorshipDate>2021-02-23</sponsorshipDate>
        <isOriginalCosponsor>True</isOriginalCosponsor>
        <sponsorshipWithdrawnDate />
      </item>
      <item>
        <bioguideId>C001118</bioguideId>
        <fullName>Rep. Cline, Ben [R-VA-6]</fullName>
        <firstName>Ben</firstName>
        <middleName />
        <lastName>Cline</lastName>
        <party>R</party>
        <state>VA</state>
        <identifiers>
          <lisID>2455</lisID>
          <bioguideId>C001118</bioguideId>
          <gpoId />
        </identifiers>
        <district>6</district>
        <sponsorshipDate>2021-02-23</sponsorshipDate>
        <isOriginalCosponsor>True</isOriginalCosponsor>
        <sponsorshipWithdrawnDate />
      </item>
      <item>
        <bioguideId>P000615</bioguideId>
        <fullName>Rep. Pence, Greg [R-IN-6]</fullName>
        <firstName>Greg</firstName>
        <middleName />
        <lastName>Pence</lastName>
        <party>R</party>
        <state>IN</state>
        <identifiers>
          <lisID>2401</lisID>
          <bioguideId>P000615</bioguideId>
          <gpoId />
        </identifiers>
        <district>6</district>
        <sponsorshipDate>2021-02-23</sponsorshipDate>
        <isOriginalCosponsor>True</isOriginalCosponsor>
        <sponsorshipWithdrawnDate />
      </item>
      <item>
        <bioguideId>C001054</bioguideId>
        <fullName>Rep. Carl, Jerry L. [R-AL-1]</fullName>
        <firstName>Jerry</firstName>
        <middleName>L.</middleName>
        <lastName>Carl</lastName>
        <party>R</party>
        <state>AL</state>
        <identifiers>
          <lisID>2541</lisID>
          <bioguideId>C001054</bioguideId>
          <gpoId />
        </identifiers>
        <district>1</district>
        <sponsorshipDate>2021-02-23</sponsorshipDate>
        <isOriginalCosponsor>True</isOriginalCosponsor>
        <sponsorshipWithdrawnDate />
      </item>
      <item>
        <bioguideId>J000020</bioguideId>
        <fullName>Rep. Jacobs, Chris [R-NY-27]</fullName>
        <firstName>Chris</firstName>
        <middleName />
        <lastName>Jacobs</lastName>
        <party>R</party>
        <state>NY</state>
        <identifiers>
          <lisID>2481</lisID>
          <bioguideId>J000020</bioguideId>
          <gpoId />
        </identifiers>
        <district>27</district>
        <sponsorshipDate>2021-02-23</sponsorshipDate>
        <isOriginalCosponsor>True</isOriginalCosponsor>
        <sponsorshipWithdrawnDate />
      </item>
      <item>
        <bioguideId>K000392</bioguideId>
        <fullName>Rep. Kustoff, David [R-TN-8]</fullName>
        <firstName>David</firstName>
        <middleName />
        <lastName>Kustoff</lastName>
        <party>R</party>
        <state>TN</state>
        <identifiers>
          <lisID>2348</lisID>
          <bioguideId>K000392</bioguideId>
          <gpoId />
        </identifiers>
        <district>8</district>
        <sponsorshipDate>2021-02-23</sponsorshipDate>
        <isOriginalCosponsor>True</isOriginalCosponsor>
        <sponsorshipWithdrawnDate />
      </item>
      <item>
        <bioguideId>A000377</bioguideId>
        <fullName>Rep. Armstrong, Kelly [R-ND-At Large]</fullName>
        <firstName>Kelly</firstName>
        <middleName />
        <lastName>Armstrong</lastName>
        <party>R</party>
        <state>ND</state>
        <identifiers>
          <lisID>2417</lisID>
          <bioguideId>A000377</bioguideId>
          <gpoId />
        </identifiers>
        <district>0</district>
        <sponsorshipDate>2021-02-23</sponsorshipDate>
        <isOriginalCosponsor>True</isOriginalCosponsor>
        <sponsorshipWithdrawnDate />
      </item>
      <item>
        <bioguideId>A000372</bioguideId>
        <fullName>Rep. Allen, Rick W. [R-GA-12]</fullName>
        <firstName>Rick</firstName>
        <middleName>W.</middleName>
        <lastName>Allen</lastName>
        <party>R</party>
        <state>GA</state>
        <identifiers>
          <lisID>2239</lisID>
          <bioguideId>A000372</bioguideId>
          <gpoId />
        </identifiers>
        <district>12</district>
        <sponsorshipDate>2021-02-23</sponsorshipDate>
        <isOriginalCosponsor>True</isOriginalCosponsor>
        <sponsorshipWithdrawnDate />
      </item>
      <item>
        <bioguideId>B001307</bioguideId>
        <fullName>Rep. Baird, James R. [R-IN-4]</fullName>
        <firstName>James</firstName>
        <middleName>R.</middleName>
        <lastName>Baird</lastName>
        <party>R</party>
        <state>IN</state>
        <identifiers>
          <lisID>2400</lisID>
          <bioguideId>B001307</bioguideId>
          <gpoId />
        </identifiers>
        <district>4</district>
        <sponsorshipDate>2021-02-23</sponsorshipDate>
        <isOriginalCosponsor>True</isOriginalCosponsor>
        <sponsorshipWithdrawnDate />
      </item>
      <item>
        <bioguideId>F000446</bioguideId>
        <fullName>Rep. Feenstra, Randy [R-IA-4]</fullName>
        <firstName>Randy</firstName>
        <middleName />
        <lastName>Feenstra</lastName>
        <party>R</party>
        <state>IA</state>
        <identifiers>
          <lisID>2503</lisID>
          <bioguideId>F000446</bioguideId>
          <gpoId />
        </identifiers>
        <district>4</district>
        <sponsorshipDate>2021-02-23</sponsorshipDate>
        <isOriginalCosponsor>True</isOriginalCosponsor>
        <sponsorshipWithdrawnDate />
      </item>
      <item>
        <bioguideId>S001212</bioguideId>
        <fullName>Rep. Stauber, Pete [R-MN-8]</fullName>
        <firstName>Pete</firstName>
        <middleName />
        <lastName>Stauber</lastName>
        <party>R</party>
        <state>MN</state>
        <identifiers>
          <lisID>2415</lisID>
          <bioguideId>S001212</bioguideId>
          <gpoId />
        </identifiers>
        <district>8</district>
        <sponsorshipDate>2021-02-23</sponsorshipDate>
        <isOriginalCosponsor>True</isOriginalCosponsor>
        <sponsorshipWithdrawnDate />
      </item>
      <item>
        <bioguideId>K000382</bioguideId>
        <fullName>Rep. Kuster, Ann M. [D-NH-2]</fullName>
        <firstName>Ann</firstName>
        <middleName>M.</middleName>
        <lastName>Kuster</lastName>
        <party>D</party>
        <state>NH</state>
        <identifiers>
          <lisID>2145</lisID>
          <bioguideId>K000382</bioguideId>
          <gpoId />
        </identifiers>
        <district>2</district>
        <sponsorshipDate>2021-02-23</sponsorshipDate>
        <isOriginalCosponsor>True</isOriginalCosponsor>
        <sponsorshipWithdrawnDate />
      </item>
      <item>
        <bioguideId>C001087</bioguideId>
        <fullName>Rep. Crawford, Eric A. "Rick" [R-AR-1]</fullName>
        <firstName>Eric</firstName>
        <middleName>A. "Rick"</middleName>
        <lastName>Crawford</lastName>
        <party>R</party>
        <state>AR</state>
        <identifiers>
          <lisID>1989</lisID>
          <bioguideId>C001087</bioguideId>
          <gpoId>7793</gpoId>
        </identifiers>
        <district>1</district>
        <sponsorshipDate>2021-02-23</sponsorshipDate>
        <isOriginalCosponsor>True</isOriginalCosponsor>
        <sponsorshipWithdrawnDate />
      </item>
      <item>
        <bioguideId>G000563</bioguideId>
        <fullName>Rep. Gibbs, Bob [R-OH-7]</fullName>
        <firstName>Bob</firstName>
        <middleName />
        <lastName>Gibbs</lastName>
        <party>R</party>
        <state>OH</state>
        <identifiers>
          <lisID>2049</lisID>
          <bioguideId>G000563</bioguideId>
          <gpoId>8108</gpoId>
        </identifiers>
        <district>7</district>
        <sponsorshipDate>2021-02-23</sponsorshipDate>
        <isOriginalCosponsor>True</isOriginalCosponsor>
        <sponsorshipWithdrawnDate />
      </item>
      <item>
        <bioguideId>B001306</bioguideId>
        <fullName>Rep. Balderson, Troy [R-OH-12]</fullName>
        <firstName>Troy</firstName>
        <middleName />
        <lastName>Balderson</lastName>
        <party>R</party>
        <state>OH</state>
        <identifiers>
          <lisID>2370</lisID>
          <bioguideId>B001306</bioguideId>
          <gpoId />
        </identifiers>
        <district>12</district>
        <sponsorshipDate>2021-02-23</sponsorshipDate>
        <isOriginalCosponsor>True</isOriginalCosponsor>
        <sponsorshipWithdrawnDate />
      </item>
      <item>
        <bioguideId>C001039</bioguideId>
        <fullName>Rep. Cammack, Kat [R-FL-3]</fullName>
        <firstName>Kat</firstName>
        <middleName />
        <lastName>Cammack</lastName>
        <party>R</party>
        <state>FL</state>
        <identifiers>
          <lisID>2491</lisID>
          <bioguideId>C001039</bioguideId>
          <gpoId />
        </identifiers>
        <district>3</district>
        <sponsorshipDate>2021-02-23</sponsorshipDate>
        <isOriginalCosponsor>True</isOriginalCosponsor>
        <sponsorshipWithdrawnDate />
      </item>
      <item>
        <bioguideId>B000490</bioguideId>
        <fullName>Rep. Bishop, Sanford D., Jr. [D-GA-2]</fullName>
        <firstName>SANFORD</firstName>
        <middleName>D.</middleName>
        <lastName>BISHOP</lastName>
        <party>D</party>
        <state>GA</state>
        <identifiers>
          <lisID>91</lisID>
          <bioguideId>B000490</bioguideId>
          <gpoId>7899</gpoId>
        </identifiers>
        <district>2</district>
        <sponsorshipDate>2021-02-23</sponsorshipDate>
        <isOriginalCosponsor>True</isOriginalCosponsor>
        <sponsorshipWithdrawnDate />
      </item>
      <item>
        <bioguideId>S001195</bioguideId>
        <fullName>Rep. Smith, Jason [R-MO-8]</fullName>
        <firstName>Jason</firstName>
        <middleName />
        <lastName>Smith</lastName>
        <party>R</party>
        <state>MO</state>
        <identifiers>
          <lisID>2191</lisID>
          <bioguideId>S001195</bioguideId>
          <gpoId />
        </identifiers>
        <district>8</district>
        <sponsorshipDate>2021-02-23</sponsorshipDate>
        <isOriginalCosponsor>True</isOriginalCosponsor>
        <sponsorshipWithdrawnDate />
      </item>
      <item>
        <bioguideId>M001212</bioguideId>
        <fullName>Rep. Moore, Barry [R-AL-2]</fullName>
        <firstName>Barry</firstName>
        <middleName />
        <lastName>Moore</lastName>
        <party>R</party>
        <state>AL</state>
        <identifiers>
          <lisID>2485</lisID>
          <bioguideId>M001212</bioguideId>
          <gpoId />
        </identifiers>
        <district>2</district>
        <sponsorshipDate>2021-02-23</sponsorshipDate>
        <isOriginalCosponsor>True</isOriginalCosponsor>
        <sponsorshipWithdrawnDate />
      </item>
      <item>
        <bioguideId>G000576</bioguideId>
        <fullName>Rep. Grothman, Glenn [R-WI-6]</fullName>
        <firstName>Glenn</firstName>
        <middleName />
        <lastName>Grothman</lastName>
        <party>R</party>
        <state>WI</state>
        <identifiers>
          <lisID>2276</lisID>
          <bioguideId>G000576</bioguideId>
          <gpoId />
        </identifiers>
        <district>6</district>
        <sponsorshipDate>2021-02-23</sponsorshipDate>
        <isOriginalCosponsor>True</isOriginalCosponsor>
        <sponsorshipWithdrawnDate />
      </item>
      <item>
        <bioguideId>C001061</bioguideId>
        <fullName>Rep. Cleaver, Emanuel [D-MO-5]</fullName>
        <firstName>Emanuel</firstName>
        <middleName />
        <lastName>Cleaver</lastName>
        <party>D</party>
        <state>MO</state>
        <identifiers>
          <lisID>1790</lisID>
          <bioguideId>C001061</bioguideId>
          <gpoId>8013</gpoId>
        </identifiers>
        <district>5</district>
        <sponsorshipDate>2021-02-23</sponsorshipDate>
        <isOriginalCosponsor>True</isOriginalCosponsor>
        <sponsorshipWithdrawnDate />
      </item>
      <item>
        <bioguideId>W000821</bioguideId>
        <fullName>Rep. Westerman, Bruce [R-AR-4]</fullName>
        <firstName>Bruce</firstName>
        <middleName />
        <lastName>Westerman</lastName>
        <party>R</party>
        <state>AR</state>
        <identifiers>
          <lisID>2224</lisID>
          <bioguideId>W000821</bioguideId>
          <gpoId />
        </identifiers>
        <district>4</district>
        <sponsorshipDate>2021-02-23</sponsorshipDate>
        <isOriginalCosponsor>True</isOriginalCosponsor>
        <sponsorshipWithdrawnDate />
      </item>
      <item>
        <bioguideId>S001148</bioguideId>
        <fullName>Rep. Simpson, Michael K. [R-ID-2]</fullName>
        <firstName>MICHAEL</firstName>
        <middleName>K.</middleName>
        <lastName>SIMPSON</lastName>
        <party>R</party>
        <state>ID</state>
        <identifiers>
          <lisID>1590</lisID>
          <bioguideId>S001148</bioguideId>
          <gpoId>7920</gpoId>
        </identifiers>
        <district>2</district>
        <sponsorshipDate>2021-02-23</sponsorshipDate>
        <isOriginalCosponsor>True</isOriginalCosponsor>
        <sponsorshipWithdrawnDate />
      </item>
      <item>
        <bioguideId>C001109</bioguideId>
        <fullName>Rep. Cheney, Liz [R-WY-At Large]</fullName>
        <firstName>Liz</firstName>
        <middleName />
        <lastName>Cheney</lastName>
        <party>R</party>
        <state>WY</state>
        <identifiers>
          <lisID>2356</lisID>
          <bioguideId>C001109</bioguideId>
          <gpoId />
        </identifiers>
        <district>0</district>
        <sponsorshipDate>2021-02-23</sponsorshipDate>
        <isOriginalCosponsor>True</isOriginalCosponsor>
        <sponsorshipWithdrawnDate />
      </item>
      <item>
        <bioguideId>L000586</bioguideId>
        <fullName>Rep. Lawson, Al, Jr. [D-FL-5]</fullName>
        <firstName>Al</firstName>
        <middleName />
        <lastName>Lawson</lastName>
        <party>D</party>
        <state>FL</state>
        <identifiers>
          <lisID>2317</lisID>
          <bioguideId>L000586</bioguideId>
          <gpoId />
        </identifiers>
        <district>5</district>
        <sponsorshipDate>2021-02-23</sponsorshipDate>
        <isOriginalCosponsor>True</isOriginalCosponsor>
        <sponsorshipWithdrawnDate />
      </item>
      <item>
        <bioguideId>S001189</bioguideId>
        <fullName>Rep. Scott, Austin [R-GA-8]</fullName>
        <firstName>Austin</firstName>
        <middleName />
        <lastName>Scott</lastName>
        <party>R</party>
        <state>GA</state>
        <identifiers>
          <lisID>2009</lisID>
          <bioguideId>S001189</bioguideId>
          <gpoId>7905</gpoId>
        </identifiers>
        <district>8</district>
        <sponsorshipDate>2021-02-23</sponsorshipDate>
        <isOriginalCosponsor>True</isOriginalCosponsor>
        <sponsorshipWithdrawnDate />
      </item>
      <item>
        <bioguideId>L000569</bioguideId>
        <fullName>Rep. Luetkemeyer, Blaine [R-MO-3]</fullName>
        <firstName>Blaine</firstName>
        <middleName />
        <lastName>Luetkemeyer</lastName>
        <party>R</party>
        <state>MO</state>
        <identifiers>
          <lisID>1931</lisID>
          <bioguideId>L000569</bioguideId>
          <gpoId>8017</gpoId>
        </identifiers>
        <district>3</district>
        <sponsorshipDate>2021-02-23</sponsorshipDate>
        <isOriginalCosponsor>True</isOriginalCosponsor>
        <sponsorshipWithdrawnDate />
      </item>
      <item>
        <bioguideId>C001084</bioguideId>
        <fullName>Rep. Cicilline, David N. [D-RI-1]</fullName>
        <firstName>David</firstName>
        <middleName>N.</middleName>
        <lastName>Cicilline</lastName>
        <party>D</party>
        <state>RI</state>
        <identifiers>
          <lisID>2055</lisID>
          <bioguideId>C001084</bioguideId>
          <gpoId>8139</gpoId>
        </identifiers>
        <district>1</district>
        <sponsorshipDate>2021-02-23</sponsorshipDate>
        <isOriginalCosponsor>True</isOriginalCosponsor>
        <sponsorshipWithdrawnDate />
      </item>
      <item>
        <bioguideId>V000129</bioguideId>
        <fullName>Rep. Valadao, David G. [R-CA-21]</fullName>
        <firstName>David</firstName>
        <middleName>G.</middleName>
        <lastName>Valadao</lastName>
        <party>R</party>
        <state>CA</state>
        <identifiers>
          <lisID>2105</lisID>
          <bioguideId>V000129</bioguideId>
          <gpoId />
        </identifiers>
        <district>21</district>
        <sponsorshipDate>2021-02-23</sponsorshipDate>
        <isOriginalCosponsor>True</isOriginalCosponsor>
        <sponsorshipWithdrawnDate />
      </item>
      <item>
        <bioguideId>F000469</bioguideId>
        <fullName>Rep. Fulcher, Russ [R-ID-1]</fullName>
        <firstName>Russ</firstName>
        <middleName />
        <lastName>Fulcher</lastName>
        <party>R</party>
        <state>ID</state>
        <identifiers>
          <lisID>2396</lisID>
          <bioguideId>F000469</bioguideId>
          <gpoId />
        </identifiers>
        <district>1</district>
        <sponsorshipDate>2021-02-23</sponsorshipDate>
        <isOriginalCosponsor>True</isOriginalCosponsor>
        <sponsorshipWithdrawnDate />
      </item>
      <item>
        <bioguideId>H001091</bioguideId>
        <fullName>Rep. Hinson, Ashley [R-IA-1]</fullName>
        <firstName>Ashley</firstName>
        <middleName />
        <lastName>Hinson</lastName>
        <party>R</party>
        <state>IA</state>
        <identifiers>
          <lisID>2501</lisID>
          <bioguideId>H001091</bioguideId>
          <gpoId />
        </identifiers>
        <district>1</district>
        <sponsorshipDate>2021-02-23</sponsorshipDate>
        <isOriginalCosponsor>True</isOriginalCosponsor>
        <sponsorshipWithdrawnDate />
      </item>
      <item>
        <bioguideId>S001209</bioguideId>
        <fullName>Rep. Spanberger, Abigail Davis [D-VA-7]</fullName>
        <firstName>Abigail</firstName>
        <middleName>Davis</middleName>
        <lastName>Spanberger</lastName>
        <party>D</party>
        <state>VA</state>
        <identifiers>
          <lisID>2456</lisID>
          <bioguideId>S001209</bioguideId>
          <gpoId />
        </identifiers>
        <district>7</district>
        <sponsorshipDate>2021-02-23</sponsorshipDate>
        <isOriginalCosponsor>True</isOriginalCosponsor>
        <sponsorshipWithdrawnDate />
      </item>
      <item>
        <bioguideId>S001214</bioguideId>
        <fullName>Rep. Steube, W. Gregory [R-FL-17]</fullName>
        <firstName>W.</firstName>
        <middleName>Gregory</middleName>
        <lastName>Steube</lastName>
        <party>R</party>
        <state>FL</state>
        <identifiers>
          <lisID>2389</lisID>
          <bioguideId>S001214</bioguideId>
          <gpoId />
        </identifiers>
        <district>17</district>
        <sponsorshipDate>2021-02-23</sponsorshipDate>
        <isOriginalCosponsor>True</isOriginalCosponsor>
        <sponsorshipWithdrawnDate />
      </item>
      <item>
        <bioguideId>M001190</bioguideId>
        <fullName>Rep. Mullin, Markwayne [R-OK-2]</fullName>
        <firstName>Markwayne</firstName>
        <middleName />
        <lastName>Mullin</lastName>
        <party>R</party>
        <state>OK</state>
        <identifiers>
          <lisID>2156</lisID>
          <bioguideId>M001190</bioguideId>
          <gpoId />
        </identifiers>
        <district>2</district>
        <sponsorshipDate>2021-02-23</sponsorshipDate>
        <isOriginalCosponsor>True</isOriginalCosponsor>
        <sponsorshipWithdrawnDate />
      </item>
      <item>
        <bioguideId>C001112</bioguideId>
        <fullName>Rep. Carbajal, Salud O. [D-CA-24]</fullName>
        <firstName>Salud</firstName>
        <middleName>O.</middleName>
        <lastName>Carbajal</lastName>
        <party>D</party>
        <state>CA</state>
        <identifiers>
          <lisID>2310</lisID>
          <bioguideId>C001112</bioguideId>
          <gpoId />
        </identifiers>
        <district>24</district>
        <sponsorshipDate>2021-02-23</sponsorshipDate>
        <isOriginalCosponsor>True</isOriginalCosponsor>
        <sponsorshipWithdrawnDate />
      </item>
      <item>
        <bioguideId>M001204</bioguideId>
        <fullName>Rep. Meuser, Daniel [R-PA-9]</fullName>
        <firstName>Daniel</firstName>
        <middleName />
        <lastName>Meuser</lastName>
        <party>R</party>
        <state>PA</state>
        <identifiers>
          <lisID>2434</lisID>
          <bioguideId>M001204</bioguideId>
          <gpoId />
        </identifiers>
        <district>9</district>
        <sponsorshipDate>2021-02-23</sponsorshipDate>
        <isOriginalCosponsor>True</isOriginalCosponsor>
        <sponsorshipWithdrawnDate />
      </item>
      <item>
        <bioguideId>P000613</bioguideId>
        <fullName>Rep. Panetta, Jimmy [D-CA-20]</fullName>
        <firstName>Jimmy</firstName>
        <middleName />
        <lastName>Panetta</lastName>
        <party>D</party>
        <state>CA</state>
        <identifiers>
          <lisID>2309</lisID>
          <bioguideId>P000613</bioguideId>
          <gpoId />
        </identifiers>
        <district>20</district>
        <sponsorshipDate>2021-02-23</sponsorshipDate>
        <isOriginalCosponsor>True</isOriginalCosponsor>
        <sponsorshipWithdrawnDate />
      </item>
      <item>
        <bioguideId>A000378</bioguideId>
        <fullName>Rep. Axne, Cynthia [D-IA-3]</fullName>
        <firstName>Cynthia</firstName>
        <middleName />
        <lastName>Axne</lastName>
        <party>D</party>
        <state>IA</state>
        <identifiers>
          <lisID>2395</lisID>
          <bioguideId>A000378</bioguideId>
          <gpoId />
        </identifiers>
        <district>3</district>
        <sponsorshipDate>2021-02-23</sponsorshipDate>
        <isOriginalCosponsor>True</isOriginalCosponsor>
        <sponsorshipWithdrawnDate />
      </item>
      <item>
        <bioguideId>C001055</bioguideId>
        <fullName>Rep. Case, Ed [D-HI-1]</fullName>
        <firstName>Ed</firstName>
        <middleName />
        <lastName>Case</lastName>
        <party>D</party>
        <state>HI</state>
        <identifiers>
          <lisID>1693</lisID>
          <bioguideId>C001055</bioguideId>
          <gpoId />
        </identifiers>
        <district>1</district>
        <sponsorshipDate>2021-02-23</sponsorshipDate>
        <isOriginalCosponsor>True</isOriginalCosponsor>
        <sponsorshipWithdrawnDate />
      </item>
      <item>
        <bioguideId>D000619</bioguideId>
        <fullName>Rep. Davis, Rodney [R-IL-13]</fullName>
        <firstName>Rodney</firstName>
        <middleName />
        <lastName>Davis</lastName>
        <party>R</party>
        <state>IL</state>
        <identifiers>
          <lisID>2126</lisID>
          <bioguideId>D000619</bioguideId>
          <gpoId />
        </identifiers>
        <district>13</district>
        <sponsorshipDate>2021-02-23</sponsorshipDate>
        <isOriginalCosponsor>True</isOriginalCosponsor>
        <sponsorshipWithdrawnDate />
      </item>
      <item>
        <bioguideId>S001216</bioguideId>
        <fullName>Rep. Schrier, Kim [D-WA-8]</fullName>
        <firstName>Kim</firstName>
        <middleName />
        <lastName>Schrier</lastName>
        <party>D</party>
        <state>WA</state>
        <identifiers>
          <lisID>2458</lisID>
          <bioguideId>S001216</bioguideId>
          <gpoId />
        </identifiers>
        <district>8</district>
        <sponsorshipDate>2021-02-23</sponsorshipDate>
        <isOriginalCosponsor>True</isOriginalCosponsor>
        <sponsorshipWithdrawnDate />
      </item>
      <item>
        <bioguideId>E000298</bioguideId>
        <fullName>Rep. Estes, Ron [R-KS-4]</fullName>
        <firstName>Ron</firstName>
        <middleName />
        <lastName>Estes</lastName>
        <party>R</party>
        <state>KS</state>
        <identifiers>
          <lisID>2358</lisID>
          <bioguideId>E000298</bioguideId>
          <gpoId />
        </identifiers>
        <district>4</district>
        <sponsorshipDate>2021-02-23</sponsorshipDate>
        <isOriginalCosponsor>True</isOriginalCosponsor>
        <sponsorshipWithdrawnDate />
      </item>
      <item>
        <bioguideId>B001291</bioguideId>
        <fullName>Rep. Babin, Brian [R-TX-36]</fullName>
        <firstName>Brian</firstName>
        <middleName />
        <lastName>Babin</lastName>
        <party>R</party>
        <state>TX</state>
        <identifiers>
          <lisID>2270</lisID>
          <bioguideId>B001291</bioguideId>
          <gpoId />
        </identifiers>
        <district>36</district>
        <sponsorshipDate>2021-02-25</sponsorshipDate>
        <isOriginalCosponsor>False</isOriginalCosponsor>
        <sponsorshipWithdrawnDate />
      </item>
      <item>
        <bioguideId>S001187</bioguideId>
        <fullName>Rep. Stivers, Steve [R-OH-15]</fullName>
        <firstName>Steve</firstName>
        <middleName />
        <lastName>Stivers</lastName>
        <party>R</party>
        <state>OH</state>
        <identifiers>
          <lisID>2047</lisID>
          <bioguideId>S001187</bioguideId>
          <gpoId>8105</gpoId>
        </identifiers>
        <district>15</district>
        <sponsorshipDate>2021-04-08</sponsorshipDate>
        <isOriginalCosponsor>False</isOriginalCosponsor>
        <sponsorshipWithdrawnDate />
      </item>
      <item>
        <bioguideId>T000483</bioguideId>
        <fullName>Rep. Trone, David J. [D-MD-6]</fullName>
        <firstName>David</firstName>
        <middleName>J.</middleName>
        <lastName>Trone</lastName>
        <party>D</party>
        <state>MD</state>
        <identifiers>
          <lisID>2406</lisID>
          <bioguideId>T000483</bioguideId>
          <gpoId />
        </identifiers>
        <district>6</district>
        <sponsorshipDate>2021-09-07</sponsorshipDate>
        <isOriginalCosponsor>False</isOriginalCosponsor>
        <sponsorshipWithdrawnDate />
      </item>
    </cosponsors>
    <cboCostEstimates />
    <laws />
    <notes />
    <policyArea>
      <name>Agriculture and Food</name>
    </policyArea>
    <subjects>
      <billSubjects>
        <legislativeSubjects>
          <item>
            <name>Agricultural education</name>
          </item>
          <item>
            <name>Commemorative events and holidays</name>
          </item>
          <item>
            <name>Elementary and secondary education</name>
          </item>
          <item>
            <name>Social work, volunteer service, charitable organizations</name>
          </item>
        </legislativeSubjects>
        <policyArea>
          <name>Agriculture and Food</name>
        </policyArea>
      </billSubjects>
    </subjects>
    <summaries>
      <billSummaries>
        <item>
          <versionCode>00</versionCode>
          <actionDate>2021-02-23</actionDate>
          <actionDesc>Introduced in House</actionDesc>
          <lastSummaryUpdateDate>2021-03-01T16:50:03Z</lastSummaryUpdateDate>
          <text><![CDATA[<p>This resolution supports the designation of a National FFA Week. It also (1) recognizes the important role of the National FFA Organization (Future Farmers of America) in developing the next generation of leaders who will change the world, and (2) celebrates 50 years of National FFA alumni and supporters.</p>]]></text>
          <updateDate>2021-02-23T05:00:00Z</updateDate>
          <name>Introduced in House</name>
        </item>
      </billSummaries>
    </summaries>
    <title>Expressing support for the designation of February 20 to February 27, 2021, as "National FFA Week", recognizing the important role of the National FFA (FFA) Organization in developing the next generation of leaders who will change the world, and celebrating 50 years of National FFA Alumni and Supporters.</title>
    <titles>
      <item>
        <titleType>Official Title as Introduced</titleType>
        <parentTitleType />
        <title>Expressing support for the designation of February 20 to February 27, 2021, as "National FFA Week", recognizing the important role of the National FFA (FFA) Organization in developing the next generation of leaders who will change the world, and celebrating 50 years of National FFA Alumni and Supporters.</title>
        <chamberCode />
        <chamberName />
      </item>
      <item>
        <titleType>Display Title</titleType>
        <parentTitleType />
        <title>Expressing support for the designation of February 20 to February 27, 2021, as "National FFA Week", recognizing the important role of the National FFA (FFA) Organization in developing the next generation of leaders who will change the world, and celebrating 50 years of National FFA Alumni and Supporters.</title>
        <chamberCode />
        <chamberName />
      </item>
    </titles>
    <amendments />
    <textVersions>
      <item>
        <type>Introduced in House</type>
        <date>2021-02-23T05:00:00Z</date>
        <formats>
          <item>
            <url>https://www.govinfo.gov/content/pkg/BILLS-117hres150ih/xml/BILLS-117hres150ih.xml</url>
          </item>
        </formats>
      </item>
    </textVersions>
    <latestAction>
      <actionDate>2021-03-09</actionDate>
      <text>Referred to the Subcommittee on Biotechnology, Horticulture, and Research.</text>
      <links />
    </latestAction>
    <calendarNumbers />
    <version>1.0.0</version>
  </bill>
  <dublinCore xmlns:dc="http://purl.org/dc/elements/1.1/">
    <dc:format>text/xml</dc:format>
    <dc:language>EN</dc:language>
    <dc:rights>Pursuant to Title 17 Section 105 of the United States Code, this file is not subject to copyright protection and is in the public domain.</dc:rights>
    <dc:contributor>Congressional Research Service, Library of Congress</dc:contributor>
    <dc:description>This file contains bill summaries and statuses for federal legislation. A bill summary describes the most significant provisions of a piece of legislation and details the effects the legislative text may have on current law and federal programs. Bill summaries are authored by the Congressional Research Service (CRS) of the Library of Congress. As stated in Public Law 91-510 (2 USC 166 (d)(6)), one of the duties of CRS is "to prepare summaries and digests of bills and resolutions of a public general nature introduced in the Senate or House of Representatives". For more information, refer to the User Guide that accompanies this file.</dc:description>
  </dublinCore>
</billStatus>

