<?xml version="1.0" encoding="UTF-8"?>
<billStatus>
  <bill>
    <billNumber>391</billNumber>
    <createDate>2021-05-13T07:12:13Z</createDate>
    <updateDate>2021-10-23T07:14:48Z</updateDate>
    <originChamber>House</originChamber>
    <billType>HRES</billType>
    <introducedDate>2021-05-12</introducedDate>
    <congress>117</congress>
    <constitutionalAuthorityStatementText />
    <recordedVotes />
    <committees>
      <billCommittees>
        <item>
          <systemCode>hsif00</systemCode>
          <name>Energy and Commerce Committee</name>
          <chamber>House</chamber>
          <type>Standing</type>
          <subcommittees>
            <item>
              <systemCode>hsif14</systemCode>
              <name>Health Subcommittee</name>
              <activities>
                <item>
                  <name>Referred to</name>
                  <date>2021-05-13T16:23:54Z</date>
                </item>
              </activities>
            </item>
          </subcommittees>
          <activities>
            <item>
              <name>Referred to</name>
              <date>2021-05-12T14:00:20Z</date>
            </item>
          </activities>
        </item>
      </billCommittees>
    </committees>
    <committeeReports />
    <relatedBills>
      <item>
        <latestTitle>A resolution designating July 21, 2021, as "Glioblastoma Awareness Day".</latestTitle>
        <congress>117</congress>
        <number>210</number>
        <type>SRES</type>
        <latestAction>
          <actionDate>2021-05-12</actionDate>
          <text>Submitted in the Senate, considered, and agreed to without amendment and with a preamble by Unanimous Consent. (consideration: CR S2496; text: CR S2492)</text>
        </latestAction>
        <relationshipDetails>
          <item>
            <type>Related bill</type>
            <identifiedBy>CRS</identifiedBy>
          </item>
        </relationshipDetails>
      </item>
    </relatedBills>
    <actions>
      <item>
        <actionDate>2021-05-13</actionDate>
        <committees>
          <item>
            <systemCode>hsif14</systemCode>
            <name>Health Subcommittee</name>
          </item>
        </committees>
        <links />
        <sourceSystem>
          <code>1</code>
          <name>House committee actions</name>
        </sourceSystem>
        <text>Referred to the Subcommittee on Health.</text>
        <type>Committee</type>
      </item>
      <item>
        <actionDate>2021-05-12</actionDate>
        <links />
        <text>Referred to the House Committee on Energy and Commerce.</text>
        <type>IntroReferral</type>
        <actionCode>H11100</actionCode>
        <sourceSystem>
          <code>2</code>
          <name>House floor actions</name>
        </sourceSystem>
        <committees>
          <item>
            <systemCode>hsif00</systemCode>
            <name>Energy and Commerce Committee</name>
          </item>
        </committees>
      </item>
      <item>
        <actionDate>2021-05-12</actionDate>
        <links />
        <text>Introduced in House</text>
        <type>IntroReferral</type>
        <actionCode>Intro-H</actionCode>
        <sourceSystem>
          <code>9</code>
          <name>Library of Congress</name>
        </sourceSystem>
        <committees />
      </item>
      <item>
        <actionDate>2021-05-12</actionDate>
        <links />
        <text>Introduced in House</text>
        <type>IntroReferral</type>
        <actionCode>1000</actionCode>
        <sourceSystem>
          <code>9</code>
          <name>Library of Congress</name>
        </sourceSystem>
        <committees />
      </item>
      <actionTypeCounts>
        <placeholderTextForH>1</placeholderTextForH>
        <billReferrals>1</billReferrals>
        <introducedInTheHouse>1</introducedInTheHouse>
        <introducedInHouse>1</introducedInHouse>
      </actionTypeCounts>
      <actionByCounts>
        <houseOfRepresentatives>4</houseOfRepresentatives>
      </actionByCounts>
    </actions>
    <sponsors>
      <item>
        <bioguideId>M001199</bioguideId>
        <fullName>Rep. Mast, Brian J. [R-FL-18]</fullName>
        <firstName>Brian</firstName>
        <middleName>J.</middleName>
        <lastName>Mast</lastName>
        <party>R</party>
        <state>FL</state>
        <identifiers>
          <lisID>2322</lisID>
          <bioguideId>M001199</bioguideId>
          <gpoId />
        </identifiers>
        <district>18</district>
        <byRequestType />
      </item>
    </sponsors>
    <cosponsors>
      <item>
        <bioguideId>S001145</bioguideId>
        <fullName>Rep. Schakowsky, Janice D. [D-IL-9]</fullName>
        <firstName>JANICE</firstName>
        <middleName>D.</middleName>
        <lastName>SCHAKOWSKY</lastName>
        <party>D</party>
        <state>IL</state>
        <identifiers>
          <lisID>1588</lisID>
          <bioguideId>S001145</bioguideId>
          <gpoId>7929</gpoId>
        </identifiers>
        <district>9</district>
        <sponsorshipDate>2021-05-12</sponsorshipDate>
        <isOriginalCosponsor>True</isOriginalCosponsor>
        <sponsorshipWithdrawnDate />
      </item>
      <item>
        <bioguideId>L000559</bioguideId>
        <fullName>Rep. Langevin, James R. [D-RI-2]</fullName>
        <firstName>JAMES</firstName>
        <middleName>R.</middleName>
        <lastName>LANGEVIN</lastName>
        <party>D</party>
        <state>RI</state>
        <identifiers>
          <lisID>1668</lisID>
          <bioguideId>L000559</bioguideId>
          <gpoId>8140</gpoId>
        </identifiers>
        <district>2</district>
        <sponsorshipDate>2021-05-12</sponsorshipDate>
        <isOriginalCosponsor>True</isOriginalCosponsor>
        <sponsorshipWithdrawnDate />
      </item>
      <item>
        <bioguideId>G000579</bioguideId>
        <fullName>Rep. Gallagher, Mike [R-WI-8]</fullName>
        <firstName>Mike</firstName>
        <middleName />
        <lastName>Gallagher</lastName>
        <party>R</party>
        <state>WI</state>
        <identifiers>
          <lisID>2355</lisID>
          <bioguideId>G000579</bioguideId>
          <gpoId />
        </identifiers>
        <district>8</district>
        <sponsorshipDate>2021-05-12</sponsorshipDate>
        <isOriginalCosponsor>True</isOriginalCosponsor>
        <sponsorshipWithdrawnDate />
      </item>
      <item>
        <bioguideId>T000483</bioguideId>
        <fullName>Rep. Trone, David J. [D-MD-6]</fullName>
        <firstName>David</firstName>
        <middleName>J.</middleName>
        <lastName>Trone</lastName>
        <party>D</party>
        <state>MD</state>
        <identifiers>
          <lisID>2406</lisID>
          <bioguideId>T000483</bioguideId>
          <gpoId />
        </identifiers>
        <district>6</district>
        <sponsorshipDate>2021-09-03</sponsorshipDate>
        <isOriginalCosponsor>False</isOriginalCosponsor>
        <sponsorshipWithdrawnDate />
      </item>
    </cosponsors>
    <cboCostEstimates />
    <laws />
    <notes />
    <policyArea>
      <name>Health</name>
    </policyArea>
    <subjects>
      <billSubjects>
        <legislativeSubjects>
          <item>
            <name>Cancer</name>
          </item>
          <item>
            <name>Commemorative events and holidays</name>
          </item>
          <item>
            <name>Congressional tributes</name>
          </item>
          <item>
            <name>Health promotion and preventive care</name>
          </item>
          <item>
            <name>Medical research</name>
          </item>
          <item>
            <name>Neurological disorders</name>
          </item>
          <item>
            <name>Research administration and funding</name>
          </item>
        </legislativeSubjects>
        <policyArea>
          <name>Health</name>
        </policyArea>
      </billSubjects>
    </subjects>
    <summaries>
      <billSummaries>
        <item>
          <versionCode>00</versionCode>
          <actionDate>2021-05-12</actionDate>
          <actionDesc>Introduced in House</actionDesc>
          <lastSummaryUpdateDate>2021-08-20T01:30:34Z</lastSummaryUpdateDate>
          <text><![CDATA[<p>This resolution supports the designation of Glioblastoma Awareness Day. Glioblastoma is a malignant brain tumor.</p>]]></text>
          <updateDate>2021-05-12T04:00:00Z</updateDate>
          <name>Introduced in House</name>
        </item>
      </billSummaries>
    </summaries>
    <title>Supporting the designation of July 21, 2021, as "Glioblastoma Awareness Day".</title>
    <titles>
      <item>
        <titleType>Official Title as Introduced</titleType>
        <parentTitleType />
        <title>Supporting the designation of July 21, 2021, as "Glioblastoma Awareness Day".</title>
        <chamberCode />
        <chamberName />
      </item>
      <item>
        <titleType>Display Title</titleType>
        <parentTitleType />
        <title>Supporting the designation of July 21, 2021, as "Glioblastoma Awareness Day".</title>
        <chamberCode />
        <chamberName />
      </item>
    </titles>
    <amendments />
    <textVersions>
      <item>
        <type>Introduced in House</type>
        <date>2021-05-12T04:00:00Z</date>
        <formats>
          <item>
            <url>https://www.govinfo.gov/content/pkg/BILLS-117hres391ih/xml/BILLS-117hres391ih.xml</url>
          </item>
        </formats>
      </item>
    </textVersions>
    <latestAction>
      <actionDate>2021-05-13</actionDate>
      <text>Referred to the Subcommittee on Health.</text>
      <links />
    </latestAction>
    <calendarNumbers />
    <version>1.0.0</version>
  </bill>
  <dublinCore xmlns:dc="http://purl.org/dc/elements/1.1/">
    <dc:format>text/xml</dc:format>
    <dc:language>EN</dc:language>
    <dc:rights>Pursuant to Title 17 Section 105 of the United States Code, this file is not subject to copyright protection and is in the public domain.</dc:rights>
    <dc:contributor>Congressional Research Service, Library of Congress</dc:contributor>
    <dc:description>This file contains bill summaries and statuses for federal legislation. A bill summary describes the most significant provisions of a piece of legislation and details the effects the legislative text may have on current law and federal programs. Bill summaries are authored by the Congressional Research Service (CRS) of the Library of Congress. As stated in Public Law 91-510 (2 USC 166 (d)(6)), one of the duties of CRS is "to prepare summaries and digests of bills and resolutions of a public general nature introduced in the Senate or House of Representatives". For more information, refer to the User Guide that accompanies this file.</dc:description>
  </dublinCore>
</billStatus>

