<?xml version="1.0" encoding="UTF-8"?>
<billStatus>
  <bill>
    <billNumber>426</billNumber>
    <createDate>2021-05-21T07:12:13Z</createDate>
    <updateDate>2021-10-20T14:27:05Z</updateDate>
    <originChamber>House</originChamber>
    <billType>HRES</billType>
    <introducedDate>2021-05-20</introducedDate>
    <congress>117</congress>
    <constitutionalAuthorityStatementText />
    <recordedVotes />
    <committees>
      <billCommittees>
        <item>
          <systemCode>hsfa00</systemCode>
          <name>Foreign Affairs Committee</name>
          <chamber>House</chamber>
          <type>Standing</type>
          <subcommittees />
          <activities>
            <item>
              <name>Referred to</name>
              <date>2021-05-20T13:11:10Z</date>
            </item>
          </activities>
        </item>
      </billCommittees>
    </committees>
    <committeeReports />
    <relatedBills />
    <actions>
      <item>
        <actionDate>2021-05-20</actionDate>
        <links />
        <text>Referred to the House Committee on Foreign Affairs.</text>
        <type>IntroReferral</type>
        <actionCode>H11100</actionCode>
        <sourceSystem>
          <code>2</code>
          <name>House floor actions</name>
        </sourceSystem>
        <committees>
          <item>
            <systemCode>hsfa00</systemCode>
            <name>Foreign Affairs Committee</name>
          </item>
        </committees>
      </item>
      <item>
        <actionDate>2021-05-20</actionDate>
        <links />
        <text>Introduced in House</text>
        <type>IntroReferral</type>
        <actionCode>Intro-H</actionCode>
        <sourceSystem>
          <code>9</code>
          <name>Library of Congress</name>
        </sourceSystem>
        <committees />
      </item>
      <item>
        <actionDate>2021-05-20</actionDate>
        <links />
        <text>Introduced in House</text>
        <type>IntroReferral</type>
        <actionCode>1000</actionCode>
        <sourceSystem>
          <code>9</code>
          <name>Library of Congress</name>
        </sourceSystem>
        <committees />
      </item>
      <actionTypeCounts>
        <billReferrals>1</billReferrals>
        <introducedInTheHouse>1</introducedInTheHouse>
        <introducedInHouse>1</introducedInHouse>
      </actionTypeCounts>
      <actionByCounts>
        <houseOfRepresentatives>3</houseOfRepresentatives>
      </actionByCounts>
    </actions>
    <sponsors>
      <item>
        <bioguideId>H001067</bioguideId>
        <fullName>Rep. Hudson, Richard [R-NC-8]</fullName>
        <firstName>Richard</firstName>
        <middleName />
        <lastName>Hudson</lastName>
        <party>R</party>
        <state>NC</state>
        <identifiers>
          <lisID>2140</lisID>
          <bioguideId>H001067</bioguideId>
          <gpoId />
        </identifiers>
        <district>8</district>
        <byRequestType />
      </item>
    </sponsors>
    <cosponsors>
      <item>
        <bioguideId>G000579</bioguideId>
        <fullName>Rep. Gallagher, Mike [R-WI-8]</fullName>
        <firstName>Mike</firstName>
        <middleName />
        <lastName>Gallagher</lastName>
        <party>R</party>
        <state>WI</state>
        <identifiers>
          <lisID>2355</lisID>
          <bioguideId>G000579</bioguideId>
          <gpoId />
        </identifiers>
        <district>8</district>
        <sponsorshipDate>2021-05-20</sponsorshipDate>
        <isOriginalCosponsor>True</isOriginalCosponsor>
        <sponsorshipWithdrawnDate />
      </item>
      <item>
        <bioguideId>C001104</bioguideId>
        <fullName>Rep. Cawthorn, Madison [R-NC-11]</fullName>
        <firstName>Madison</firstName>
        <middleName />
        <lastName>Cawthorn</lastName>
        <party>R</party>
        <state>NC</state>
        <identifiers>
          <lisID>2518</lisID>
          <bioguideId>C001104</bioguideId>
          <gpoId />
        </identifiers>
        <district>11</district>
        <sponsorshipDate>2021-05-20</sponsorshipDate>
        <isOriginalCosponsor>True</isOriginalCosponsor>
        <sponsorshipWithdrawnDate />
      </item>
      <item>
        <bioguideId>G000563</bioguideId>
        <fullName>Rep. Gibbs, Bob [R-OH-7]</fullName>
        <firstName>Bob</firstName>
        <middleName />
        <lastName>Gibbs</lastName>
        <party>R</party>
        <state>OH</state>
        <identifiers>
          <lisID>2049</lisID>
          <bioguideId>G000563</bioguideId>
          <gpoId>8108</gpoId>
        </identifiers>
        <district>7</district>
        <sponsorshipDate>2021-05-20</sponsorshipDate>
        <isOriginalCosponsor>True</isOriginalCosponsor>
        <sponsorshipWithdrawnDate />
      </item>
      <item>
        <bioguideId>W000812</bioguideId>
        <fullName>Rep. Wagner, Ann [R-MO-2]</fullName>
        <firstName>Ann</firstName>
        <middleName />
        <lastName>Wagner</lastName>
        <party>R</party>
        <state>MO</state>
        <identifiers>
          <lisID>2137</lisID>
          <bioguideId>W000812</bioguideId>
          <gpoId />
        </identifiers>
        <district>2</district>
        <sponsorshipDate>2021-05-20</sponsorshipDate>
        <isOriginalCosponsor>True</isOriginalCosponsor>
        <sponsorshipWithdrawnDate />
      </item>
      <item>
        <bioguideId>J000302</bioguideId>
        <fullName>Rep. Joyce, John [R-PA-13]</fullName>
        <firstName>John</firstName>
        <middleName />
        <lastName>Joyce</lastName>
        <party>R</party>
        <state>PA</state>
        <identifiers>
          <lisID>2435</lisID>
          <bioguideId>J000302</bioguideId>
          <gpoId />
        </identifiers>
        <district>13</district>
        <sponsorshipDate>2021-05-20</sponsorshipDate>
        <isOriginalCosponsor>True</isOriginalCosponsor>
        <sponsorshipWithdrawnDate />
      </item>
      <item>
        <bioguideId>B001306</bioguideId>
        <fullName>Rep. Balderson, Troy [R-OH-12]</fullName>
        <firstName>Troy</firstName>
        <middleName />
        <lastName>Balderson</lastName>
        <party>R</party>
        <state>OH</state>
        <identifiers>
          <lisID>2370</lisID>
          <bioguideId>B001306</bioguideId>
          <gpoId />
        </identifiers>
        <district>12</district>
        <sponsorshipDate>2021-05-20</sponsorshipDate>
        <isOriginalCosponsor>True</isOriginalCosponsor>
        <sponsorshipWithdrawnDate />
      </item>
      <item>
        <bioguideId>R000603</bioguideId>
        <fullName>Rep. Rouzer, David [R-NC-7]</fullName>
        <firstName>David</firstName>
        <middleName />
        <lastName>Rouzer</lastName>
        <party>R</party>
        <state>NC</state>
        <identifiers>
          <lisID>2256</lisID>
          <bioguideId>R000603</bioguideId>
          <gpoId />
        </identifiers>
        <district>7</district>
        <sponsorshipDate>2021-05-20</sponsorshipDate>
        <isOriginalCosponsor>True</isOriginalCosponsor>
        <sponsorshipWithdrawnDate />
      </item>
      <item>
        <bioguideId>D000600</bioguideId>
        <fullName>Rep. Diaz-Balart, Mario [R-FL-25]</fullName>
        <firstName>Mario</firstName>
        <middleName />
        <lastName>Diaz-Balart</lastName>
        <party>R</party>
        <state>FL</state>
        <identifiers>
          <lisID>1717</lisID>
          <bioguideId>D000600</bioguideId>
          <gpoId>7893</gpoId>
        </identifiers>
        <district>25</district>
        <sponsorshipDate>2021-05-20</sponsorshipDate>
        <isOriginalCosponsor>True</isOriginalCosponsor>
        <sponsorshipWithdrawnDate />
      </item>
      <item>
        <bioguideId>E000298</bioguideId>
        <fullName>Rep. Estes, Ron [R-KS-4]</fullName>
        <firstName>Ron</firstName>
        <middleName />
        <lastName>Estes</lastName>
        <party>R</party>
        <state>KS</state>
        <identifiers>
          <lisID>2358</lisID>
          <bioguideId>E000298</bioguideId>
          <gpoId />
        </identifiers>
        <district>4</district>
        <sponsorshipDate>2021-05-20</sponsorshipDate>
        <isOriginalCosponsor>True</isOriginalCosponsor>
        <sponsorshipWithdrawnDate />
      </item>
      <item>
        <bioguideId>H001052</bioguideId>
        <fullName>Rep. Harris, Andy [R-MD-1]</fullName>
        <firstName>Andy</firstName>
        <middleName />
        <lastName>Harris</lastName>
        <party>R</party>
        <state>MD</state>
        <identifiers>
          <lisID>2026</lisID>
          <bioguideId>H001052</bioguideId>
          <gpoId>7976</gpoId>
        </identifiers>
        <district>1</district>
        <sponsorshipDate>2021-05-20</sponsorshipDate>
        <isOriginalCosponsor>True</isOriginalCosponsor>
        <sponsorshipWithdrawnDate />
      </item>
      <item>
        <bioguideId>V000134</bioguideId>
        <fullName>Rep. Van Duyne, Beth [R-TX-24]</fullName>
        <firstName>Beth</firstName>
        <middleName />
        <lastName>Van Duyne</lastName>
        <party>R</party>
        <state>TX</state>
        <identifiers>
          <lisID>2535</lisID>
          <bioguideId>V000134</bioguideId>
          <gpoId />
        </identifiers>
        <district>24</district>
        <sponsorshipDate>2021-05-20</sponsorshipDate>
        <isOriginalCosponsor>True</isOriginalCosponsor>
        <sponsorshipWithdrawnDate />
      </item>
      <item>
        <bioguideId>F000466</bioguideId>
        <fullName>Rep. Fitzpatrick, Brian K. [R-PA-1]</fullName>
        <firstName>Brian</firstName>
        <middleName>K.</middleName>
        <lastName>Fitzpatrick</lastName>
        <party>R</party>
        <state>PA</state>
        <identifiers>
          <lisID>2345</lisID>
          <bioguideId>F000466</bioguideId>
          <gpoId />
        </identifiers>
        <district>1</district>
        <sponsorshipDate>2021-05-20</sponsorshipDate>
        <isOriginalCosponsor>True</isOriginalCosponsor>
        <sponsorshipWithdrawnDate />
      </item>
      <item>
        <bioguideId>H001084</bioguideId>
        <fullName>Rep. Herrell, Yvette [R-NM-2]</fullName>
        <firstName>Yvette</firstName>
        <middleName />
        <lastName>Herrell</lastName>
        <party>R</party>
        <state>NM</state>
        <identifiers>
          <lisID>2519</lisID>
          <bioguideId>H001084</bioguideId>
          <gpoId />
        </identifiers>
        <district>2</district>
        <sponsorshipDate>2021-05-20</sponsorshipDate>
        <isOriginalCosponsor>True</isOriginalCosponsor>
        <sponsorshipWithdrawnDate />
      </item>
      <item>
        <bioguideId>B001295</bioguideId>
        <fullName>Rep. Bost, Mike [R-IL-12]</fullName>
        <firstName>Mike</firstName>
        <middleName />
        <lastName>Bost</lastName>
        <party>R</party>
        <state>IL</state>
        <identifiers>
          <lisID>2243</lisID>
          <bioguideId>B001295</bioguideId>
          <gpoId />
        </identifiers>
        <district>12</district>
        <sponsorshipDate>2021-05-20</sponsorshipDate>
        <isOriginalCosponsor>True</isOriginalCosponsor>
        <sponsorshipWithdrawnDate />
      </item>
      <item>
        <bioguideId>D000628</bioguideId>
        <fullName>Rep. Dunn, Neal P. [R-FL-2]</fullName>
        <firstName>Neal</firstName>
        <middleName>P.</middleName>
        <lastName>Dunn</lastName>
        <party>R</party>
        <state>FL</state>
        <identifiers>
          <lisID>2315</lisID>
          <bioguideId>D000628</bioguideId>
          <gpoId />
        </identifiers>
        <district>2</district>
        <sponsorshipDate>2021-05-20</sponsorshipDate>
        <isOriginalCosponsor>True</isOriginalCosponsor>
        <sponsorshipWithdrawnDate />
      </item>
      <item>
        <bioguideId>L000566</bioguideId>
        <fullName>Rep. Latta, Robert E. [R-OH-5]</fullName>
        <firstName>Robert</firstName>
        <middleName>E.</middleName>
        <lastName>Latta</lastName>
        <party>R</party>
        <state>OH</state>
        <identifiers>
          <lisID>1885</lisID>
          <bioguideId>L000566</bioguideId>
          <gpoId>8095</gpoId>
        </identifiers>
        <district>5</district>
        <sponsorshipDate>2021-05-20</sponsorshipDate>
        <isOriginalCosponsor>True</isOriginalCosponsor>
        <sponsorshipWithdrawnDate />
      </item>
      <item>
        <bioguideId>M001186</bioguideId>
        <fullName>Rep. Meijer, Peter [R-MI-3]</fullName>
        <firstName>Peter</firstName>
        <middleName />
        <lastName>Meijer</lastName>
        <party>R</party>
        <state>MI</state>
        <identifiers>
          <lisID>2511</lisID>
          <bioguideId>M001186</bioguideId>
          <gpoId />
        </identifiers>
        <district>3</district>
        <sponsorshipDate>2021-05-20</sponsorshipDate>
        <isOriginalCosponsor>True</isOriginalCosponsor>
        <sponsorshipWithdrawnDate />
      </item>
      <item>
        <bioguideId>M001156</bioguideId>
        <fullName>Rep. McHenry, Patrick T. [R-NC-10]</fullName>
        <firstName>Patrick</firstName>
        <middleName />
        <lastName>McHenry</lastName>
        <party>R</party>
        <state>NC</state>
        <identifiers>
          <lisID>1792</lisID>
          <bioguideId>M001156</bioguideId>
          <gpoId>8033</gpoId>
        </identifiers>
        <district>10</district>
        <sponsorshipDate>2021-06-01</sponsorshipDate>
        <isOriginalCosponsor>False</isOriginalCosponsor>
        <sponsorshipWithdrawnDate />
      </item>
      <item>
        <bioguideId>T000478</bioguideId>
        <fullName>Rep. Tenney, Claudia [R-NY-22]</fullName>
        <firstName>Claudia</firstName>
        <middleName />
        <lastName>Tenney</lastName>
        <party>R</party>
        <state>NY</state>
        <identifiers>
          <lisID>2344</lisID>
          <bioguideId>T000478</bioguideId>
          <gpoId />
        </identifiers>
        <district>22</district>
        <sponsorshipDate>2021-06-08</sponsorshipDate>
        <isOriginalCosponsor>False</isOriginalCosponsor>
        <sponsorshipWithdrawnDate />
      </item>
      <item>
        <bioguideId>S000929</bioguideId>
        <fullName>Rep. Spartz, Victoria [R-IN-5]</fullName>
        <firstName>Victoria</firstName>
        <middleName />
        <lastName>Spartz</lastName>
        <party>R</party>
        <state>IN</state>
        <identifiers>
          <lisID>2507</lisID>
          <bioguideId>S000929</bioguideId>
          <gpoId />
        </identifiers>
        <district>5</district>
        <sponsorshipDate>2021-06-11</sponsorshipDate>
        <isOriginalCosponsor>False</isOriginalCosponsor>
        <sponsorshipWithdrawnDate />
      </item>
      <item>
        <bioguideId>B001305</bioguideId>
        <fullName>Rep. Budd, Ted [R-NC-13]</fullName>
        <firstName>Ted</firstName>
        <middleName />
        <lastName>Budd</lastName>
        <party>R</party>
        <state>NC</state>
        <identifiers>
          <lisID>2336</lisID>
          <bioguideId>B001305</bioguideId>
          <gpoId />
        </identifiers>
        <district>13</district>
        <sponsorshipDate>2021-06-11</sponsorshipDate>
        <isOriginalCosponsor>False</isOriginalCosponsor>
        <sponsorshipWithdrawnDate />
      </item>
      <item>
        <bioguideId>B001302</bioguideId>
        <fullName>Rep. Biggs, Andy [R-AZ-5]</fullName>
        <firstName>Andy</firstName>
        <middleName />
        <lastName>Biggs</lastName>
        <party>R</party>
        <state>AZ</state>
        <identifiers>
          <lisID>2307</lisID>
          <bioguideId>B001302</bioguideId>
          <gpoId />
        </identifiers>
        <district>5</district>
        <sponsorshipDate>2021-06-11</sponsorshipDate>
        <isOriginalCosponsor>False</isOriginalCosponsor>
        <sponsorshipWithdrawnDate />
      </item>
    </cosponsors>
    <cboCostEstimates />
    <laws />
    <notes />
    <policyArea>
      <name>International Affairs</name>
    </policyArea>
    <subjects>
      <billSubjects>
        <legislativeSubjects>
          <item>
            <name>Energy storage, supplies, demand</name>
          </item>
          <item>
            <name>Europe</name>
          </item>
          <item>
            <name>Foreign loans and debt</name>
          </item>
          <item>
            <name>Germany</name>
          </item>
          <item>
            <name>Oil and gas</name>
          </item>
          <item>
            <name>Pipelines</name>
          </item>
          <item>
            <name>Rule of law and government transparency</name>
          </item>
          <item>
            <name>Russia</name>
          </item>
          <item>
            <name>Sanctions</name>
          </item>
          <item>
            <name>Sovereignty, recognition, national governance and status</name>
          </item>
          <item>
            <name>Trade restrictions</name>
          </item>
          <item>
            <name>U.S. and foreign investments</name>
          </item>
        </legislativeSubjects>
        <policyArea>
          <name>International Affairs</name>
        </policyArea>
      </billSubjects>
    </subjects>
    <summaries>
      <billSummaries>
        <item>
          <versionCode>00</versionCode>
          <actionDate>2021-05-20</actionDate>
          <actionDesc>Introduced in House</actionDesc>
          <lastSummaryUpdateDate>2021-10-19T15:21:33Z</lastSummaryUpdateDate>
          <text><![CDATA[<p>This resolution states that the Nord Stream II, a natural gas pipeline expected to increase Russia's natural gas export capacity, is a drastic step backwards for European energy security and U.S. interests. It also urges the President to use all available means to support European energy security through reducing reliance on Russia. </p>]]></text>
          <updateDate>2021-05-20T04:00:00Z</updateDate>
          <name>Introduced in House</name>
        </item>
      </billSummaries>
    </summaries>
    <title>Expressing opposition to removing sanctions with respect to the Nord Stream II pipeline.</title>
    <titles>
      <item>
        <titleType>Official Title as Introduced</titleType>
        <parentTitleType />
        <title>Expressing opposition to removing sanctions with respect to the Nord Stream II pipeline.</title>
        <chamberCode />
        <chamberName />
      </item>
      <item>
        <titleType>Display Title</titleType>
        <parentTitleType />
        <title>Expressing opposition to removing sanctions with respect to the Nord Stream II pipeline.</title>
        <chamberCode />
        <chamberName />
      </item>
    </titles>
    <amendments />
    <textVersions>
      <item>
        <type>Introduced in House</type>
        <date>2021-05-20T04:00:00Z</date>
        <formats>
          <item>
            <url>https://www.govinfo.gov/content/pkg/BILLS-117hres426ih/xml/BILLS-117hres426ih.xml</url>
          </item>
        </formats>
      </item>
    </textVersions>
    <latestAction>
      <actionDate>2021-05-20</actionDate>
      <text>Referred to the House Committee on Foreign Affairs.</text>
      <links />
    </latestAction>
    <calendarNumbers />
    <version>1.0.0</version>
  </bill>
  <dublinCore xmlns:dc="http://purl.org/dc/elements/1.1/">
    <dc:format>text/xml</dc:format>
    <dc:language>EN</dc:language>
    <dc:rights>Pursuant to Title 17 Section 105 of the United States Code, this file is not subject to copyright protection and is in the public domain.</dc:rights>
    <dc:contributor>Congressional Research Service, Library of Congress</dc:contributor>
    <dc:description>This file contains bill summaries and statuses for federal legislation. A bill summary describes the most significant provisions of a piece of legislation and details the effects the legislative text may have on current law and federal programs. Bill summaries are authored by the Congressional Research Service (CRS) of the Library of Congress. As stated in Public Law 91-510 (2 USC 166 (d)(6)), one of the duties of CRS is "to prepare summaries and digests of bills and resolutions of a public general nature introduced in the Senate or House of Representatives". For more information, refer to the User Guide that accompanies this file.</dc:description>
  </dublinCore>
</billStatus>

