<?xml version="1.0" encoding="UTF-8"?>
<billStatus>
  <bill>
    <billNumber>267</billNumber>
    <createDate>2021-03-24T07:12:11Z</createDate>
    <updateDate>2021-04-02T07:15:27Z</updateDate>
    <originChamber>House</originChamber>
    <billType>HRES</billType>
    <introducedDate>2021-03-23</introducedDate>
    <congress>117</congress>
    <constitutionalAuthorityStatementText />
    <recordedVotes />
    <committees>
      <billCommittees>
        <item>
          <systemCode>hsba00</systemCode>
          <name>Financial Services Committee</name>
          <chamber>House</chamber>
          <type>Standing</type>
          <subcommittees />
          <activities>
            <item>
              <name>Referred to</name>
              <date>2021-03-23T15:04:40Z</date>
            </item>
          </activities>
        </item>
      </billCommittees>
    </committees>
    <committeeReports />
    <relatedBills>
      <item>
        <latestTitle>A resolution recognizing the duty of the Senate to abandon Modern Monetary Theory and recognizing that the acceptance of Modern Monetary Theory would lead to higher deficits and higher inflation.</latestTitle>
        <congress>117</congress>
        <number>136</number>
        <type>SRES</type>
        <latestAction>
          <actionDate>2021-03-25</actionDate>
          <text>Referred to the Committee on Banking, Housing, and Urban Affairs. (text: CR S1831-1832)</text>
        </latestAction>
        <relationshipDetails>
          <item>
            <type>Identical bill</type>
            <identifiedBy>CRS</identifiedBy>
          </item>
        </relationshipDetails>
      </item>
    </relatedBills>
    <actions>
      <item>
        <actionDate>2021-03-23</actionDate>
        <links />
        <text>Referred to the House Committee on Financial Services.</text>
        <type>IntroReferral</type>
        <actionCode>H11100</actionCode>
        <sourceSystem>
          <code>2</code>
          <name>House floor actions</name>
        </sourceSystem>
        <committees>
          <item>
            <systemCode>hsba00</systemCode>
            <name>Financial Services Committee</name>
          </item>
        </committees>
      </item>
      <item>
        <actionDate>2021-03-23</actionDate>
        <links />
        <text>Introduced in House</text>
        <type>IntroReferral</type>
        <actionCode>Intro-H</actionCode>
        <sourceSystem>
          <code>9</code>
          <name>Library of Congress</name>
        </sourceSystem>
        <committees />
      </item>
      <item>
        <actionDate>2021-03-23</actionDate>
        <links />
        <text>Introduced in House</text>
        <type>IntroReferral</type>
        <actionCode>1000</actionCode>
        <sourceSystem>
          <code>9</code>
          <name>Library of Congress</name>
        </sourceSystem>
        <committees />
      </item>
      <actionTypeCounts>
        <billReferrals>1</billReferrals>
        <introducedInTheHouse>1</introducedInTheHouse>
        <introducedInHouse>1</introducedInHouse>
      </actionTypeCounts>
      <actionByCounts>
        <houseOfRepresentatives>3</houseOfRepresentatives>
      </actionByCounts>
    </actions>
    <sponsors>
      <item>
        <bioguideId>H001082</bioguideId>
        <fullName>Rep. Hern, Kevin [R-OK-1]</fullName>
        <firstName>Kevin</firstName>
        <middleName />
        <lastName>Hern</lastName>
        <party>R</party>
        <state>OK</state>
        <identifiers>
          <lisID>2372</lisID>
          <bioguideId>H001082</bioguideId>
          <gpoId />
        </identifiers>
        <district>1</district>
        <byRequestType />
      </item>
    </sponsors>
    <cosponsors>
      <item>
        <bioguideId>B001305</bioguideId>
        <fullName>Rep. Budd, Ted [R-NC-13]</fullName>
        <firstName>Ted</firstName>
        <middleName />
        <lastName>Budd</lastName>
        <party>R</party>
        <state>NC</state>
        <identifiers>
          <lisID>2336</lisID>
          <bioguideId>B001305</bioguideId>
          <gpoId />
        </identifiers>
        <district>13</district>
        <sponsorshipDate>2021-03-23</sponsorshipDate>
        <isOriginalCosponsor>True</isOriginalCosponsor>
        <sponsorshipWithdrawnDate />
      </item>
      <item>
        <bioguideId>B001307</bioguideId>
        <fullName>Rep. Baird, James R. [R-IN-4]</fullName>
        <firstName>James</firstName>
        <middleName>R.</middleName>
        <lastName>Baird</lastName>
        <party>R</party>
        <state>IN</state>
        <identifiers>
          <lisID>2400</lisID>
          <bioguideId>B001307</bioguideId>
          <gpoId />
        </identifiers>
        <district>4</district>
        <sponsorshipDate>2021-03-23</sponsorshipDate>
        <isOriginalCosponsor>True</isOriginalCosponsor>
        <sponsorshipWithdrawnDate />
      </item>
      <item>
        <bioguideId>B001311</bioguideId>
        <fullName>Rep. Bishop, Dan [R-NC-9]</fullName>
        <firstName>Dan</firstName>
        <middleName />
        <lastName>Bishop</lastName>
        <party>R</party>
        <state>NC</state>
        <identifiers>
          <lisID>2473</lisID>
          <bioguideId>B001311</bioguideId>
          <gpoId />
        </identifiers>
        <district>9</district>
        <sponsorshipDate>2021-04-01</sponsorshipDate>
        <isOriginalCosponsor>False</isOriginalCosponsor>
        <sponsorshipWithdrawnDate />
      </item>
      <item>
        <bioguideId>N000190</bioguideId>
        <fullName>Rep. Norman, Ralph [R-SC-5]</fullName>
        <firstName>Ralph</firstName>
        <middleName />
        <lastName>Norman</lastName>
        <party>R</party>
        <state>SC</state>
        <identifiers>
          <lisID>2361</lisID>
          <bioguideId>N000190</bioguideId>
          <gpoId />
        </identifiers>
        <district>5</district>
        <sponsorshipDate>2021-04-01</sponsorshipDate>
        <isOriginalCosponsor>False</isOriginalCosponsor>
        <sponsorshipWithdrawnDate />
      </item>
    </cosponsors>
    <cboCostEstimates />
    <laws />
    <notes />
    <policyArea>
      <name>Economics and Public Finance</name>
    </policyArea>
    <subjects>
      <billSubjects>
        <legislativeSubjects>
          <item>
            <name>Budget deficits and national debt</name>
          </item>
          <item>
            <name>Economic theory</name>
          </item>
          <item>
            <name>Monetary policy</name>
          </item>
        </legislativeSubjects>
        <policyArea>
          <name>Economics and Public Finance</name>
        </policyArea>
      </billSubjects>
    </subjects>
    <summaries>
      <billSummaries>
        <item>
          <versionCode>00</versionCode>
          <actionDate>2021-03-23</actionDate>
          <actionDesc>Introduced in House</actionDesc>
          <lastSummaryUpdateDate>2021-03-25T14:31:36Z</lastSummaryUpdateDate>
          <text><![CDATA[<p>This resolution recognizes that (1) large deficits are unsustainable, irresponsible, and dangerous; (2) the acceptance of Modern Monetary Theory will lead to higher deficits and higher inflation; and (3) it is the duty of the House of Representatives to abandon the theory. </p>]]></text>
          <updateDate>2021-03-23T04:00:00Z</updateDate>
          <name>Introduced in House</name>
        </item>
      </billSummaries>
    </summaries>
    <title>Recognizing the duty of the House of Representatives to abandon Modern Monetary Theory and recognizing that the acceptance of Modern Monetary Theory would lead to higher deficits and higher inflation.</title>
    <titles>
      <item>
        <titleType>Official Title as Introduced</titleType>
        <parentTitleType />
        <title>Recognizing the duty of the House of Representatives to abandon Modern Monetary Theory and recognizing that the acceptance of Modern Monetary Theory would lead to higher deficits and higher inflation.</title>
        <chamberCode />
        <chamberName />
      </item>
      <item>
        <titleType>Display Title</titleType>
        <parentTitleType />
        <title>Recognizing the duty of the House of Representatives to abandon Modern Monetary Theory and recognizing that the acceptance of Modern Monetary Theory would lead to higher deficits and higher inflation.</title>
        <chamberCode />
        <chamberName />
      </item>
    </titles>
    <amendments />
    <textVersions>
      <item>
        <type>Introduced in House</type>
        <date>2021-03-23T04:00:00Z</date>
        <formats>
          <item>
            <url>https://www.govinfo.gov/content/pkg/BILLS-117hres267ih/xml/BILLS-117hres267ih.xml</url>
          </item>
        </formats>
      </item>
    </textVersions>
    <latestAction>
      <actionDate>2021-03-23</actionDate>
      <text>Referred to the House Committee on Financial Services.</text>
      <links />
    </latestAction>
    <calendarNumbers />
    <version>1.0.0</version>
  </bill>
  <dublinCore xmlns:dc="http://purl.org/dc/elements/1.1/">
    <dc:format>text/xml</dc:format>
    <dc:language>EN</dc:language>
    <dc:rights>Pursuant to Title 17 Section 105 of the United States Code, this file is not subject to copyright protection and is in the public domain.</dc:rights>
    <dc:contributor>Congressional Research Service, Library of Congress</dc:contributor>
    <dc:description>This file contains bill summaries and statuses for federal legislation. A bill summary describes the most significant provisions of a piece of legislation and details the effects the legislative text may have on current law and federal programs. Bill summaries are authored by the Congressional Research Service (CRS) of the Library of Congress. As stated in Public Law 91-510 (2 USC 166 (d)(6)), one of the duties of CRS is "to prepare summaries and digests of bills and resolutions of a public general nature introduced in the Senate or House of Representatives". For more information, refer to the User Guide that accompanies this file.</dc:description>
  </dublinCore>
</billStatus>

