<?xml version="1.0" encoding="UTF-8"?>
<billStatus>
  <bill>
    <billNumber>281</billNumber>
    <createDate>2021-03-27T09:18:17Z</createDate>
    <updateDate>2021-04-07T14:15:21Z</updateDate>
    <originChamber>House</originChamber>
    <billType>HRES</billType>
    <introducedDate>2021-03-26</introducedDate>
    <congress>117</congress>
    <constitutionalAuthorityStatementText />
    <recordedVotes />
    <committees>
      <billCommittees>
        <item>
          <systemCode>hsru00</systemCode>
          <name>Rules Committee</name>
          <chamber>House</chamber>
          <type>Standing</type>
          <subcommittees />
          <activities>
            <item>
              <name>Referred to</name>
              <date>2021-03-26T18:02:20Z</date>
            </item>
          </activities>
        </item>
      </billCommittees>
    </committees>
    <committeeReports />
    <relatedBills />
    <actions>
      <item>
        <actionDate>2021-03-26</actionDate>
        <links />
        <text>Referred to the House Committee on Rules.</text>
        <type>IntroReferral</type>
        <actionCode>H11100</actionCode>
        <sourceSystem>
          <code>2</code>
          <name>House floor actions</name>
        </sourceSystem>
        <committees>
          <item>
            <systemCode>hsru00</systemCode>
            <name>Rules Committee</name>
          </item>
        </committees>
      </item>
      <item>
        <actionDate>2021-03-26</actionDate>
        <links />
        <text>Introduced in House</text>
        <type>IntroReferral</type>
        <actionCode>Intro-H</actionCode>
        <sourceSystem>
          <code>9</code>
          <name>Library of Congress</name>
        </sourceSystem>
        <committees />
      </item>
      <item>
        <actionDate>2021-03-26</actionDate>
        <links />
        <text>Introduced in House</text>
        <type>IntroReferral</type>
        <actionCode>1000</actionCode>
        <sourceSystem>
          <code>9</code>
          <name>Library of Congress</name>
        </sourceSystem>
        <committees />
      </item>
      <actionTypeCounts>
        <billReferrals>1</billReferrals>
        <introducedInTheHouse>1</introducedInTheHouse>
        <introducedInHouse>1</introducedInHouse>
      </actionTypeCounts>
      <actionByCounts>
        <houseOfRepresentatives>3</houseOfRepresentatives>
      </actionByCounts>
    </actions>
    <sponsors>
      <item>
        <bioguideId>J000299</bioguideId>
        <fullName>Rep. Johnson, Mike [R-LA-4]</fullName>
        <firstName>Mike</firstName>
        <middleName />
        <lastName>Johnson</lastName>
        <party>R</party>
        <state>LA</state>
        <identifiers>
          <lisID>2330</lisID>
          <bioguideId>J000299</bioguideId>
          <gpoId />
        </identifiers>
        <district>4</district>
        <byRequestType />
      </item>
    </sponsors>
    <cosponsors>
      <item>
        <bioguideId>S001176</bioguideId>
        <fullName>Rep. Scalise, Steve [R-LA-1]</fullName>
        <firstName>Steve</firstName>
        <middleName />
        <lastName>Scalise</lastName>
        <party>R</party>
        <state>LA</state>
        <identifiers>
          <lisID>1892</lisID>
          <bioguideId>S001176</bioguideId>
          <gpoId>7959</gpoId>
        </identifiers>
        <district>1</district>
        <sponsorshipDate>2021-03-26</sponsorshipDate>
        <isOriginalCosponsor>True</isOriginalCosponsor>
        <sponsorshipWithdrawnDate />
      </item>
      <item>
        <bioguideId>G000578</bioguideId>
        <fullName>Rep. Gaetz, Matt [R-FL-1]</fullName>
        <firstName>Matt</firstName>
        <middleName />
        <lastName>Gaetz</lastName>
        <party>R</party>
        <state>FL</state>
        <identifiers>
          <lisID>2314</lisID>
          <bioguideId>G000578</bioguideId>
          <gpoId />
        </identifiers>
        <district>1</district>
        <sponsorshipDate>2021-03-26</sponsorshipDate>
        <isOriginalCosponsor>True</isOriginalCosponsor>
        <sponsorshipWithdrawnDate />
      </item>
      <item>
        <bioguideId>D000626</bioguideId>
        <fullName>Rep. Davidson, Warren [R-OH-8]</fullName>
        <firstName>Warren</firstName>
        <middleName />
        <lastName>Davidson</lastName>
        <party>R</party>
        <state>OH</state>
        <identifiers>
          <lisID>2296</lisID>
          <bioguideId>D000626</bioguideId>
          <gpoId />
        </identifiers>
        <district>8</district>
        <sponsorshipDate>2021-03-26</sponsorshipDate>
        <isOriginalCosponsor>True</isOriginalCosponsor>
        <sponsorshipWithdrawnDate />
      </item>
      <item>
        <bioguideId>D000615</bioguideId>
        <fullName>Rep. Duncan, Jeff [R-SC-3]</fullName>
        <firstName>Jeff</firstName>
        <middleName />
        <lastName>Duncan</lastName>
        <party>R</party>
        <state>SC</state>
        <identifiers>
          <lisID>2057</lisID>
          <bioguideId>D000615</bioguideId>
          <gpoId>8143</gpoId>
        </identifiers>
        <district>3</district>
        <sponsorshipDate>2021-03-26</sponsorshipDate>
        <isOriginalCosponsor>True</isOriginalCosponsor>
        <sponsorshipWithdrawnDate />
      </item>
      <item>
        <bioguideId>W000816</bioguideId>
        <fullName>Rep. Williams, Roger [R-TX-25]</fullName>
        <firstName>Roger</firstName>
        <middleName />
        <lastName>Williams</lastName>
        <party>R</party>
        <state>TX</state>
        <identifiers>
          <lisID>2165</lisID>
          <bioguideId>W000816</bioguideId>
          <gpoId />
        </identifiers>
        <district>25</district>
        <sponsorshipDate>2021-03-26</sponsorshipDate>
        <isOriginalCosponsor>True</isOriginalCosponsor>
        <sponsorshipWithdrawnDate />
      </item>
      <item>
        <bioguideId>B001299</bioguideId>
        <fullName>Rep. Banks, Jim [R-IN-3]</fullName>
        <firstName>Jim</firstName>
        <middleName />
        <lastName>Banks</lastName>
        <party>R</party>
        <state>IN</state>
        <identifiers>
          <lisID>2326</lisID>
          <bioguideId>B001299</bioguideId>
          <gpoId />
        </identifiers>
        <district>3</district>
        <sponsorshipDate>2021-03-26</sponsorshipDate>
        <isOriginalCosponsor>True</isOriginalCosponsor>
        <sponsorshipWithdrawnDate />
      </item>
      <item>
        <bioguideId>H001084</bioguideId>
        <fullName>Rep. Herrell, Yvette [R-NM-2]</fullName>
        <firstName>Yvette</firstName>
        <middleName />
        <lastName>Herrell</lastName>
        <party>R</party>
        <state>NM</state>
        <identifiers>
          <lisID>2519</lisID>
          <bioguideId>H001084</bioguideId>
          <gpoId />
        </identifiers>
        <district>2</district>
        <sponsorshipDate>2021-03-26</sponsorshipDate>
        <isOriginalCosponsor>True</isOriginalCosponsor>
        <sponsorshipWithdrawnDate />
      </item>
      <item>
        <bioguideId>N000190</bioguideId>
        <fullName>Rep. Norman, Ralph [R-SC-5]</fullName>
        <firstName>Ralph</firstName>
        <middleName />
        <lastName>Norman</lastName>
        <party>R</party>
        <state>SC</state>
        <identifiers>
          <lisID>2361</lisID>
          <bioguideId>N000190</bioguideId>
          <gpoId />
        </identifiers>
        <district>5</district>
        <sponsorshipDate>2021-03-26</sponsorshipDate>
        <isOriginalCosponsor>True</isOriginalCosponsor>
        <sponsorshipWithdrawnDate />
      </item>
      <item>
        <bioguideId>W000823</bioguideId>
        <fullName>Rep. Waltz, Michael [R-FL-6]</fullName>
        <firstName>Michael</firstName>
        <middleName />
        <lastName>Waltz</lastName>
        <party>R</party>
        <state>FL</state>
        <identifiers>
          <lisID>2387</lisID>
          <bioguideId>W000823</bioguideId>
          <gpoId />
        </identifiers>
        <district>6</district>
        <sponsorshipDate>2021-03-26</sponsorshipDate>
        <isOriginalCosponsor>True</isOriginalCosponsor>
        <sponsorshipWithdrawnDate />
      </item>
      <item>
        <bioguideId>L000564</bioguideId>
        <fullName>Rep. Lamborn, Doug [R-CO-5]</fullName>
        <firstName>Doug</firstName>
        <middleName />
        <lastName>Lamborn</lastName>
        <party>R</party>
        <state>CO</state>
        <identifiers>
          <lisID>1834</lisID>
          <bioguideId>L000564</bioguideId>
          <gpoId>7863</gpoId>
        </identifiers>
        <district>5</district>
        <sponsorshipDate>2021-03-26</sponsorshipDate>
        <isOriginalCosponsor>True</isOriginalCosponsor>
        <sponsorshipWithdrawnDate />
      </item>
      <item>
        <bioguideId>W000798</bioguideId>
        <fullName>Rep. Walberg, Tim [R-MI-7]</fullName>
        <firstName>Tim</firstName>
        <middleName />
        <lastName>Walberg</lastName>
        <party>R</party>
        <state>MI</state>
        <identifiers>
          <lisID>1855</lisID>
          <bioguideId>W000798</bioguideId>
          <gpoId>7992</gpoId>
        </identifiers>
        <district>7</district>
        <sponsorshipDate>2021-03-26</sponsorshipDate>
        <isOriginalCosponsor>True</isOriginalCosponsor>
        <sponsorshipWithdrawnDate />
      </item>
      <item>
        <bioguideId>H001053</bioguideId>
        <fullName>Rep. Hartzler, Vicky [R-MO-4]</fullName>
        <firstName>Vicky</firstName>
        <middleName />
        <lastName>Hartzler</lastName>
        <party>R</party>
        <state>MO</state>
        <identifiers>
          <lisID>2032</lisID>
          <bioguideId>H001053</bioguideId>
          <gpoId>8012</gpoId>
        </identifiers>
        <district>4</district>
        <sponsorshipDate>2021-03-26</sponsorshipDate>
        <isOriginalCosponsor>True</isOriginalCosponsor>
        <sponsorshipWithdrawnDate />
      </item>
      <item>
        <bioguideId>P000601</bioguideId>
        <fullName>Rep. Palazzo, Steven M. [R-MS-4]</fullName>
        <firstName>Steven</firstName>
        <middleName>M.</middleName>
        <lastName>Palazzo</lastName>
        <party>R</party>
        <state>MS</state>
        <identifiers>
          <lisID>2035</lisID>
          <bioguideId>P000601</bioguideId>
          <gpoId>8022</gpoId>
        </identifiers>
        <district>4</district>
        <sponsorshipDate>2021-03-26</sponsorshipDate>
        <isOriginalCosponsor>True</isOriginalCosponsor>
        <sponsorshipWithdrawnDate />
      </item>
      <item>
        <bioguideId>C001104</bioguideId>
        <fullName>Rep. Cawthorn, Madison [R-NC-11]</fullName>
        <firstName>Madison</firstName>
        <middleName />
        <lastName>Cawthorn</lastName>
        <party>R</party>
        <state>NC</state>
        <identifiers>
          <lisID>2518</lisID>
          <bioguideId>C001104</bioguideId>
          <gpoId />
        </identifiers>
        <district>11</district>
        <sponsorshipDate>2021-03-26</sponsorshipDate>
        <isOriginalCosponsor>True</isOriginalCosponsor>
        <sponsorshipWithdrawnDate />
      </item>
      <item>
        <bioguideId>M001180</bioguideId>
        <fullName>Rep. McKinley, David B. [R-WV-1]</fullName>
        <firstName>David</firstName>
        <middleName>B.</middleName>
        <lastName>McKinley</lastName>
        <party>R</party>
        <state>WV</state>
        <identifiers>
          <lisID>2074</lisID>
          <bioguideId>M001180</bioguideId>
          <gpoId>8222</gpoId>
        </identifiers>
        <district>1</district>
        <sponsorshipDate>2021-03-26</sponsorshipDate>
        <isOriginalCosponsor>True</isOriginalCosponsor>
        <sponsorshipWithdrawnDate />
      </item>
      <item>
        <bioguideId>B001291</bioguideId>
        <fullName>Rep. Babin, Brian [R-TX-36]</fullName>
        <firstName>Brian</firstName>
        <middleName />
        <lastName>Babin</lastName>
        <party>R</party>
        <state>TX</state>
        <identifiers>
          <lisID>2270</lisID>
          <bioguideId>B001291</bioguideId>
          <gpoId />
        </identifiers>
        <district>36</district>
        <sponsorshipDate>2021-04-01</sponsorshipDate>
        <isOriginalCosponsor>False</isOriginalCosponsor>
        <sponsorshipWithdrawnDate />
      </item>
    </cosponsors>
    <cboCostEstimates />
    <laws />
    <notes />
    <policyArea>
      <name>Congress</name>
    </policyArea>
    <subjects>
      <billSubjects>
        <legislativeSubjects>
          <item>
            <name>Congressional committees</name>
          </item>
          <item>
            <name>Evidence and witnesses</name>
          </item>
          <item>
            <name>House of Representatives</name>
          </item>
          <item>
            <name>Legislative rules and procedure</name>
          </item>
        </legislativeSubjects>
        <policyArea>
          <name>Congress</name>
        </policyArea>
      </billSubjects>
    </subjects>
    <summaries>
      <billSummaries>
        <item>
          <versionCode>00</versionCode>
          <actionDate>2021-03-26</actionDate>
          <actionDesc>Introduced in House</actionDesc>
          <lastSummaryUpdateDate>2021-04-07T14:12:26Z</lastSummaryUpdateDate>
          <text><![CDATA[<p>This resolution requires the chair of a House committee to administer a specific oath to any witness appearing before the committee. Currently, a committee chair is only authorized to administer an oath.</p>]]></text>
          <updateDate>2021-03-26T04:00:00Z</updateDate>
          <name>Introduced in House</name>
        </item>
      </billSummaries>
    </summaries>
    <title>Amending the Rules of the House of Representatives to require a specific oath be administered to any witness appearing before a committee.</title>
    <titles>
      <item>
        <titleType>Display Title</titleType>
        <parentTitleType />
        <title>Amending the Rules of the House of Representatives to require a specific oath be administered to any witness appearing before a committee.</title>
        <chamberCode />
        <chamberName />
      </item>
      <item>
        <titleType>Official Title as Introduced</titleType>
        <parentTitleType />
        <title>Amending the Rules of the House of Representatives to require a specific oath be administered to any witness appearing before a committee.</title>
        <chamberCode />
        <chamberName />
      </item>
    </titles>
    <amendments />
    <textVersions>
      <item>
        <type>Introduced in House</type>
        <date>2021-03-26T04:00:00Z</date>
        <formats>
          <item>
            <url>https://www.govinfo.gov/content/pkg/BILLS-117hres281ih/xml/BILLS-117hres281ih.xml</url>
          </item>
        </formats>
      </item>
    </textVersions>
    <latestAction>
      <actionDate>2021-03-26</actionDate>
      <text>Referred to the House Committee on Rules.</text>
      <links />
    </latestAction>
    <calendarNumbers />
    <version>1.0.0</version>
  </bill>
  <dublinCore xmlns:dc="http://purl.org/dc/elements/1.1/">
    <dc:format>text/xml</dc:format>
    <dc:language>EN</dc:language>
    <dc:rights>Pursuant to Title 17 Section 105 of the United States Code, this file is not subject to copyright protection and is in the public domain.</dc:rights>
    <dc:contributor>Congressional Research Service, Library of Congress</dc:contributor>
    <dc:description>This file contains bill summaries and statuses for federal legislation. A bill summary describes the most significant provisions of a piece of legislation and details the effects the legislative text may have on current law and federal programs. Bill summaries are authored by the Congressional Research Service (CRS) of the Library of Congress. As stated in Public Law 91-510 (2 USC 166 (d)(6)), one of the duties of CRS is "to prepare summaries and digests of bills and resolutions of a public general nature introduced in the Senate or House of Representatives". For more information, refer to the User Guide that accompanies this file.</dc:description>
  </dublinCore>
</billStatus>

