<?xml version="1.0" encoding="UTF-8"?>
<billStatus>
  <bill>
    <billNumber>402</billNumber>
    <createDate>2021-05-15T07:12:13Z</createDate>
    <updateDate>2021-08-18T07:37:03Z</updateDate>
    <originChamber>House</originChamber>
    <billType>HRES</billType>
    <introducedDate>2021-05-14</introducedDate>
    <congress>117</congress>
    <constitutionalAuthorityStatementText />
    <recordedVotes />
    <committees>
      <billCommittees>
        <item>
          <systemCode>hsfa00</systemCode>
          <name>Foreign Affairs Committee</name>
          <chamber>House</chamber>
          <type>Standing</type>
          <subcommittees />
          <activities>
            <item>
              <name>Markup by</name>
              <date>2021-05-19T13:41:46Z</date>
            </item>
            <item>
              <name>Referred to</name>
              <date>2021-05-14T13:02:05Z</date>
            </item>
          </activities>
        </item>
      </billCommittees>
    </committees>
    <committeeReports />
    <relatedBills>
      <item>
        <latestTitle>Providing for consideration of the bill (H.R. 2662) to amend the Inspector General Act of 1978, and for other purposes; providing for consideration of the bill (H.R. 3005) to direct the Joint Committee on the Library to replace the bust of Roger Brooke Taney in the Old Supreme Court Chamber of the United States Capitol with a bust of Thurgood Marshall to be obtained by the Joint Committee on the Library and to remove certain statues from areas of the United States Capitol which are accessible to the public, to remove all statues of individuals who voluntarily served the Confederate States of America from display in the United States Capitol, and for other purposes; providing for consideration of the bill (H.R. 3684) to authorize funds for Federal-aid highways, highway safety programs, and transit programs, and for other purposes; providing for consideration of the resolution (H. Res. 503) Establishing the Select Committee to Investigate the January 6th Attack on the United States Capitol; and for other purposes.</latestTitle>
        <congress>117</congress>
        <number>504</number>
        <type>HRES</type>
        <latestAction>
          <actionDate>2021-06-29</actionDate>
          <text>Motion to reconsider laid on the table Agreed to without objection.</text>
          <actionTime>14:12:49</actionTime>
        </latestAction>
        <relationshipDetails>
          <item>
            <type>Related bill</type>
            <identifiedBy>House</identifiedBy>
          </item>
        </relationshipDetails>
      </item>
    </relatedBills>
    <actions>
      <item>
        <actionDate>2021-06-29</actionDate>
        <actionTime>14:14:30</actionTime>
        <links />
        <text>Pursuant to section 8 of H. Res. 504, and the motion offered by Mr. McGovern, the following bills passed under suspension of the rules: H.R. 1500, as amended; H.R. 2471, as amended; H.R. 3261; H.R. 3283, as amended; and H.R. 3385, as amended; and the following resolutions were agreed to under suspension of the rules: H. Res. 186; and H. Res. 402, as amended. (consideration: CR H3258-3262; text: CR H3261-3262)</text>
        <type>Floor</type>
        <actionCode>H37300</actionCode>
        <sourceSystem>
          <code>2</code>
          <name>House floor actions</name>
        </sourceSystem>
        <committees />
      </item>
      <item>
        <actionDate>2021-06-29</actionDate>
        <actionTime>14:14:30</actionTime>
        <links />
        <text>Passed/agreed to in House: Pursuant to section 8 of H. Res. 504, and the motion offered by Mr. McGovern, the following bills passed under suspension of the rules: H.R. 1500, as amended; H.R. 2471, as amended; H.R. 3261; H.R. 3283, as amended; and H.R. 3385, as amended; and the following resolutions were agreed to under suspension of the rules: H. Res. 186; and H. Res. 402, as amended.(consideration: CR H3258-3262; text: CR H3261-3262)</text>
        <type>Floor</type>
        <actionCode>8000</actionCode>
        <sourceSystem>
          <code>9</code>
          <name>Library of Congress</name>
        </sourceSystem>
        <committees />
      </item>
      <item>
        <actionDate>2021-06-29</actionDate>
        <actionTime>14:14:29</actionTime>
        <links />
        <text>Pursuant to the provisions of H. Res. 504, proceedings on H. Res. 402 are considered vacated.</text>
        <type>Floor</type>
        <actionCode>H1B000</actionCode>
        <sourceSystem>
          <code>2</code>
          <name>House floor actions</name>
        </sourceSystem>
        <committees />
      </item>
      <item>
        <actionDate>2021-06-28</actionDate>
        <actionTime>16:51:29</actionTime>
        <links />
        <text>At the conclusion of debate, the Yeas and Nays were demanded and ordered. Pursuant to the provisions of clause 8, rule XX, the Chair announced that further proceedings on the motion would be postponed.</text>
        <type>Floor</type>
        <actionCode>H37220</actionCode>
        <sourceSystem>
          <code>2</code>
          <name>House floor actions</name>
        </sourceSystem>
        <committees />
      </item>
      <item>
        <actionDate>2021-06-28</actionDate>
        <actionTime>16:38:21</actionTime>
        <links />
        <text>DEBATE - The House proceeded with forty minutes of debate on H. Res. 402.</text>
        <type>Floor</type>
        <actionCode>H8D000</actionCode>
        <sourceSystem>
          <code>2</code>
          <name>House floor actions</name>
        </sourceSystem>
        <committees />
      </item>
      <item>
        <actionDate>2021-06-28</actionDate>
        <actionTime>16:37:59</actionTime>
        <links />
        <text>Considered under suspension of the rules. (consideration: CR H3185-3187; text: CR H3185)</text>
        <type>Floor</type>
        <actionCode>H30000</actionCode>
        <sourceSystem>
          <code>2</code>
          <name>House floor actions</name>
        </sourceSystem>
        <committees />
      </item>
      <item>
        <actionDate>2021-06-28</actionDate>
        <actionTime>16:37:35</actionTime>
        <links />
        <text>Mr. Meeks moved to suspend the rules and agree to the resolution, as amended.</text>
        <type>Floor</type>
        <actionCode>H30300</actionCode>
        <sourceSystem>
          <code>2</code>
          <name>House floor actions</name>
        </sourceSystem>
        <committees />
      </item>
      <item>
        <actionDate>2021-05-19</actionDate>
        <committees>
          <item>
            <systemCode>hsfa00</systemCode>
            <name>Foreign Affairs Committee</name>
          </item>
        </committees>
        <links />
        <sourceSystem>
          <code>1</code>
          <name>House committee actions</name>
        </sourceSystem>
        <text>Ordered to be Reported (Amended) by Voice Vote.</text>
        <type>Committee</type>
      </item>
      <item>
        <actionDate>2021-05-19</actionDate>
        <committees>
          <item>
            <systemCode>hsfa00</systemCode>
            <name>Foreign Affairs Committee</name>
          </item>
        </committees>
        <links />
        <sourceSystem>
          <code>1</code>
          <name>House committee actions</name>
        </sourceSystem>
        <text>Committee Consideration and Mark-up Session Held.</text>
        <type>Committee</type>
      </item>
      <item>
        <actionDate>2021-05-14</actionDate>
        <links />
        <text>Referred to the House Committee on Foreign Affairs.</text>
        <type>IntroReferral</type>
        <actionCode>H11100</actionCode>
        <sourceSystem>
          <code>2</code>
          <name>House floor actions</name>
        </sourceSystem>
        <committees>
          <item>
            <systemCode>hsfa00</systemCode>
            <name>Foreign Affairs Committee</name>
          </item>
        </committees>
      </item>
      <item>
        <actionDate>2021-05-14</actionDate>
        <links />
        <text>Introduced in House</text>
        <type>IntroReferral</type>
        <actionCode>Intro-H</actionCode>
        <sourceSystem>
          <code>9</code>
          <name>Library of Congress</name>
        </sourceSystem>
        <committees />
      </item>
      <item>
        <actionDate>2021-05-14</actionDate>
        <links />
        <text>Introduced in House</text>
        <type>IntroReferral</type>
        <actionCode>1000</actionCode>
        <sourceSystem>
          <code>9</code>
          <name>Library of Congress</name>
        </sourceSystem>
        <committees />
      </item>
      <actionTypeCounts>
        <finalPassageUnderSuspensionOfTheRulesResults>1</finalPassageUnderSuspensionOfTheRulesResults>
        <passedAgreedToInHouse>1</passedAgreedToInHouse>
        <virtualAction>1</virtualAction>
        <placeholderTextForH>1</placeholderTextForH>
        <generalDebate>1</generalDebate>
        <considerationByHouse>1</considerationByHouse>
        <motionMadeToSuspendTheRules>1</motionMadeToSuspendTheRules>
        <orderedToBeReported>1</orderedToBeReported>
        <committeeConsiderationMarkUp>1</committeeConsiderationMarkUp>
        <billReferrals>1</billReferrals>
        <introducedInTheHouse>1</introducedInTheHouse>
        <introducedInHouse>1</introducedInHouse>
      </actionTypeCounts>
      <actionByCounts>
        <houseOfRepresentatives>12</houseOfRepresentatives>
      </actionByCounts>
    </actions>
    <sponsors>
      <item>
        <bioguideId>S000344</bioguideId>
        <fullName>Rep. Sherman, Brad [D-CA-30]</fullName>
        <firstName>BRAD</firstName>
        <middleName />
        <lastName>SHERMAN</lastName>
        <party>D</party>
        <state>CA</state>
        <identifiers>
          <lisID>1526</lisID>
          <bioguideId>S000344</bioguideId>
          <gpoId>7832</gpoId>
        </identifiers>
        <district>30</district>
        <byRequestType />
      </item>
    </sponsors>
    <cosponsors>
      <item>
        <bioguideId>C000266</bioguideId>
        <fullName>Rep. Chabot, Steve [R-OH-1]</fullName>
        <firstName>STEVE</firstName>
        <middleName />
        <lastName>CHABOT</lastName>
        <party>R</party>
        <state>OH</state>
        <identifiers>
          <lisID>186</lisID>
          <bioguideId>C000266</bioguideId>
          <gpoId>8091</gpoId>
        </identifiers>
        <district>1</district>
        <sponsorshipDate>2021-05-14</sponsorshipDate>
        <isOriginalCosponsor>True</isOriginalCosponsor>
        <sponsorshipWithdrawnDate />
      </item>
      <item>
        <bioguideId>K000389</bioguideId>
        <fullName>Rep. Khanna, Ro [D-CA-17]</fullName>
        <firstName>Ro</firstName>
        <middleName />
        <lastName>Khanna</lastName>
        <party>D</party>
        <state>CA</state>
        <identifiers>
          <lisID>2308</lisID>
          <bioguideId>K000389</bioguideId>
          <gpoId />
        </identifiers>
        <district>17</district>
        <sponsorshipDate>2021-05-17</sponsorshipDate>
        <isOriginalCosponsor>False</isOriginalCosponsor>
        <sponsorshipWithdrawnDate />
      </item>
      <item>
        <bioguideId>W000823</bioguideId>
        <fullName>Rep. Waltz, Michael [R-FL-6]</fullName>
        <firstName>Michael</firstName>
        <middleName />
        <lastName>Waltz</lastName>
        <party>R</party>
        <state>FL</state>
        <identifiers>
          <lisID>2387</lisID>
          <bioguideId>W000823</bioguideId>
          <gpoId />
        </identifiers>
        <district>6</district>
        <sponsorshipDate>2021-05-17</sponsorshipDate>
        <isOriginalCosponsor>False</isOriginalCosponsor>
        <sponsorshipWithdrawnDate />
      </item>
      <item>
        <bioguideId>T000468</bioguideId>
        <fullName>Rep. Titus, Dina [D-NV-1]</fullName>
        <firstName>Dina</firstName>
        <middleName />
        <lastName>Titus</lastName>
        <party>D</party>
        <state>NV</state>
        <identifiers>
          <lisID>1940</lisID>
          <bioguideId>T000468</bioguideId>
          <gpoId>7493</gpoId>
        </identifiers>
        <district>1</district>
        <sponsorshipDate>2021-05-17</sponsorshipDate>
        <isOriginalCosponsor>False</isOriginalCosponsor>
        <sponsorshipWithdrawnDate />
      </item>
      <item>
        <bioguideId>W000795</bioguideId>
        <fullName>Rep. Wilson, Joe [R-SC-2]</fullName>
        <firstName>Joe</firstName>
        <middleName />
        <lastName>Wilson</lastName>
        <party>R</party>
        <state>SC</state>
        <identifiers>
          <lisID>1688</lisID>
          <bioguideId>W000795</bioguideId>
          <gpoId>8142</gpoId>
        </identifiers>
        <district>2</district>
        <sponsorshipDate>2021-05-17</sponsorshipDate>
        <isOriginalCosponsor>False</isOriginalCosponsor>
        <sponsorshipWithdrawnDate />
      </item>
      <item>
        <bioguideId>K000391</bioguideId>
        <fullName>Rep. Krishnamoorthi, Raja [D-IL-8]</fullName>
        <firstName>Raja</firstName>
        <middleName />
        <lastName>Krishnamoorthi</lastName>
        <party>D</party>
        <state>IL</state>
        <identifiers>
          <lisID>2325</lisID>
          <bioguideId>K000391</bioguideId>
          <gpoId />
        </identifiers>
        <district>8</district>
        <sponsorshipDate>2021-05-17</sponsorshipDate>
        <isOriginalCosponsor>False</isOriginalCosponsor>
        <sponsorshipWithdrawnDate />
      </item>
      <item>
        <bioguideId>F000466</bioguideId>
        <fullName>Rep. Fitzpatrick, Brian K. [R-PA-1]</fullName>
        <firstName>Brian</firstName>
        <middleName>K.</middleName>
        <lastName>Fitzpatrick</lastName>
        <party>R</party>
        <state>PA</state>
        <identifiers>
          <lisID>2345</lisID>
          <bioguideId>F000466</bioguideId>
          <gpoId />
        </identifiers>
        <district>1</district>
        <sponsorshipDate>2021-05-17</sponsorshipDate>
        <isOriginalCosponsor>False</isOriginalCosponsor>
        <sponsorshipWithdrawnDate />
      </item>
      <item>
        <bioguideId>J000305</bioguideId>
        <fullName>Rep. Jacobs, Sara [D-CA-53]</fullName>
        <firstName>Sara</firstName>
        <middleName />
        <lastName>Jacobs</lastName>
        <party>D</party>
        <state>CA</state>
        <identifiers>
          <lisID>2489</lisID>
          <bioguideId>J000305</bioguideId>
          <gpoId />
        </identifiers>
        <district>53</district>
        <sponsorshipDate>2021-05-17</sponsorshipDate>
        <isOriginalCosponsor>False</isOriginalCosponsor>
        <sponsorshipWithdrawnDate />
      </item>
      <item>
        <bioguideId>B000490</bioguideId>
        <fullName>Rep. Bishop, Sanford D., Jr. [D-GA-2]</fullName>
        <firstName>SANFORD</firstName>
        <middleName>D.</middleName>
        <lastName>BISHOP</lastName>
        <party>D</party>
        <state>GA</state>
        <identifiers>
          <lisID>91</lisID>
          <bioguideId>B000490</bioguideId>
          <gpoId>7899</gpoId>
        </identifiers>
        <district>2</district>
        <sponsorshipDate>2021-05-17</sponsorshipDate>
        <isOriginalCosponsor>False</isOriginalCosponsor>
        <sponsorshipWithdrawnDate />
      </item>
      <item>
        <bioguideId>R000305</bioguideId>
        <fullName>Rep. Ross, Deborah K. [D-NC-2]</fullName>
        <firstName>Deborah</firstName>
        <middleName>K.</middleName>
        <lastName>Ross</lastName>
        <party>D</party>
        <state>NC</state>
        <identifiers>
          <lisID>2516</lisID>
          <bioguideId>R000305</bioguideId>
          <gpoId />
        </identifiers>
        <district>2</district>
        <sponsorshipDate>2021-05-17</sponsorshipDate>
        <isOriginalCosponsor>False</isOriginalCosponsor>
        <sponsorshipWithdrawnDate />
      </item>
      <item>
        <bioguideId>W000822</bioguideId>
        <fullName>Rep. Watson Coleman, Bonnie [D-NJ-12]</fullName>
        <firstName>Bonnie</firstName>
        <middleName />
        <lastName>Watson Coleman</lastName>
        <party>D</party>
        <state>NJ</state>
        <identifiers>
          <lisID>2259</lisID>
          <bioguideId>W000822</bioguideId>
          <gpoId />
        </identifiers>
        <district>12</district>
        <sponsorshipDate>2021-05-17</sponsorshipDate>
        <isOriginalCosponsor>False</isOriginalCosponsor>
        <sponsorshipWithdrawnDate />
      </item>
      <item>
        <bioguideId>M001188</bioguideId>
        <fullName>Rep. Meng, Grace [D-NY-6]</fullName>
        <firstName>Grace</firstName>
        <middleName />
        <lastName>Meng</lastName>
        <party>D</party>
        <state>NY</state>
        <identifiers>
          <lisID>2148</lisID>
          <bioguideId>M001188</bioguideId>
          <gpoId />
        </identifiers>
        <district>6</district>
        <sponsorshipDate>2021-05-17</sponsorshipDate>
        <isOriginalCosponsor>False</isOriginalCosponsor>
        <sponsorshipWithdrawnDate />
      </item>
      <item>
        <bioguideId>C001091</bioguideId>
        <fullName>Rep. Castro, Joaquin [D-TX-20]</fullName>
        <firstName>Joaquin</firstName>
        <middleName />
        <lastName>Castro</lastName>
        <party>D</party>
        <state>TX</state>
        <identifiers>
          <lisID>2163</lisID>
          <bioguideId>C001091</bioguideId>
          <gpoId />
        </identifiers>
        <district>20</district>
        <sponsorshipDate>2021-05-17</sponsorshipDate>
        <isOriginalCosponsor>False</isOriginalCosponsor>
        <sponsorshipWithdrawnDate />
      </item>
      <item>
        <bioguideId>R000515</bioguideId>
        <fullName>Rep. Rush, Bobby L. [D-IL-1]</fullName>
        <firstName>BOBBY</firstName>
        <middleName>L.</middleName>
        <lastName>RUSH</lastName>
        <party>D</party>
        <state>IL</state>
        <identifiers>
          <lisID>1003</lisID>
          <bioguideId>R000515</bioguideId>
          <gpoId>7921</gpoId>
        </identifiers>
        <district>1</district>
        <sponsorshipDate>2021-05-17</sponsorshipDate>
        <isOriginalCosponsor>False</isOriginalCosponsor>
        <sponsorshipWithdrawnDate />
      </item>
      <item>
        <bioguideId>B001312</bioguideId>
        <fullName>Rep. Bourdeaux, Carolyn [D-GA-7]</fullName>
        <firstName>Carolyn</firstName>
        <middleName />
        <lastName>Bourdeaux</lastName>
        <party>D</party>
        <state>GA</state>
        <identifiers>
          <lisID>2497</lisID>
          <bioguideId>B001312</bioguideId>
          <gpoId />
        </identifiers>
        <district>7</district>
        <sponsorshipDate>2021-05-17</sponsorshipDate>
        <isOriginalCosponsor>False</isOriginalCosponsor>
        <sponsorshipWithdrawnDate />
      </item>
      <item>
        <bioguideId>S001201</bioguideId>
        <fullName>Rep. Suozzi, Thomas R. [D-NY-3]</fullName>
        <firstName>Thomas</firstName>
        <middleName>R.</middleName>
        <lastName>Suozzi</lastName>
        <party>D</party>
        <state>NY</state>
        <identifiers>
          <lisID>2341</lisID>
          <bioguideId>S001201</bioguideId>
          <gpoId />
        </identifiers>
        <district>3</district>
        <sponsorshipDate>2021-05-17</sponsorshipDate>
        <isOriginalCosponsor>False</isOriginalCosponsor>
        <sponsorshipWithdrawnDate />
      </item>
      <item>
        <bioguideId>W000826</bioguideId>
        <fullName>Rep. Wild, Susan [D-PA-7]</fullName>
        <firstName>Susan</firstName>
        <middleName />
        <lastName>Wild</lastName>
        <party>D</party>
        <state>PA</state>
        <identifiers>
          <lisID>2374</lisID>
          <bioguideId>W000826</bioguideId>
          <gpoId />
        </identifiers>
        <district>7</district>
        <sponsorshipDate>2021-05-17</sponsorshipDate>
        <isOriginalCosponsor>False</isOriginalCosponsor>
        <sponsorshipWithdrawnDate />
      </item>
      <item>
        <bioguideId>K000397</bioguideId>
        <fullName>Rep. Kim, Young [R-CA-39]</fullName>
        <firstName>Young</firstName>
        <middleName />
        <lastName>Kim</lastName>
        <party>R</party>
        <state>CA</state>
        <identifiers>
          <lisID>2543</lisID>
          <bioguideId>K000397</bioguideId>
          <gpoId />
        </identifiers>
        <district>39</district>
        <sponsorshipDate>2021-05-18</sponsorshipDate>
        <isOriginalCosponsor>False</isOriginalCosponsor>
        <sponsorshipWithdrawnDate />
      </item>
      <item>
        <bioguideId>C001055</bioguideId>
        <fullName>Rep. Case, Ed [D-HI-1]</fullName>
        <firstName>Ed</firstName>
        <middleName />
        <lastName>Case</lastName>
        <party>D</party>
        <state>HI</state>
        <identifiers>
          <lisID>1693</lisID>
          <bioguideId>C001055</bioguideId>
          <gpoId />
        </identifiers>
        <district>1</district>
        <sponsorshipDate>2021-05-18</sponsorshipDate>
        <isOriginalCosponsor>False</isOriginalCosponsor>
        <sponsorshipWithdrawnDate />
      </item>
      <item>
        <bioguideId>B001287</bioguideId>
        <fullName>Rep. Bera, Ami [D-CA-7]</fullName>
        <firstName>Ami</firstName>
        <middleName />
        <lastName>Bera</lastName>
        <party>D</party>
        <state>CA</state>
        <identifiers>
          <lisID>2102</lisID>
          <bioguideId>B001287</bioguideId>
          <gpoId />
        </identifiers>
        <district>7</district>
        <sponsorshipDate>2021-05-18</sponsorshipDate>
        <isOriginalCosponsor>False</isOriginalCosponsor>
        <sponsorshipWithdrawnDate />
      </item>
      <item>
        <bioguideId>S001215</bioguideId>
        <fullName>Rep. Stevens, Haley M. [D-MI-11]</fullName>
        <firstName>Haley</firstName>
        <middleName>M.</middleName>
        <lastName>Stevens</lastName>
        <party>D</party>
        <state>MI</state>
        <identifiers>
          <lisID>2409</lisID>
          <bioguideId>S001215</bioguideId>
          <gpoId />
        </identifiers>
        <district>11</district>
        <sponsorshipDate>2021-05-18</sponsorshipDate>
        <isOriginalCosponsor>False</isOriginalCosponsor>
        <sponsorshipWithdrawnDate />
      </item>
      <item>
        <bioguideId>C001084</bioguideId>
        <fullName>Rep. Cicilline, David N. [D-RI-1]</fullName>
        <firstName>David</firstName>
        <middleName>N.</middleName>
        <lastName>Cicilline</lastName>
        <party>D</party>
        <state>RI</state>
        <identifiers>
          <lisID>2055</lisID>
          <bioguideId>C001084</bioguideId>
          <gpoId>8139</gpoId>
        </identifiers>
        <district>1</district>
        <sponsorshipDate>2021-05-18</sponsorshipDate>
        <isOriginalCosponsor>False</isOriginalCosponsor>
        <sponsorshipWithdrawnDate />
      </item>
      <item>
        <bioguideId>E000215</bioguideId>
        <fullName>Rep. Eshoo, Anna G. [D-CA-18]</fullName>
        <firstName>ANNA</firstName>
        <middleName>G.</middleName>
        <lastName>ESHOO</lastName>
        <party>D</party>
        <state>CA</state>
        <identifiers>
          <lisID>355</lisID>
          <bioguideId>E000215</bioguideId>
          <gpoId>7819</gpoId>
        </identifiers>
        <district>18</district>
        <sponsorshipDate>2021-05-18</sponsorshipDate>
        <isOriginalCosponsor>False</isOriginalCosponsor>
        <sponsorshipWithdrawnDate />
      </item>
      <item>
        <bioguideId>M001206</bioguideId>
        <fullName>Rep. Morelle, Joseph D. [D-NY-25]</fullName>
        <firstName>Joseph</firstName>
        <middleName>D.</middleName>
        <lastName>Morelle</lastName>
        <party>D</party>
        <state>NY</state>
        <identifiers>
          <lisID>2371</lisID>
          <bioguideId>M001206</bioguideId>
          <gpoId />
        </identifiers>
        <district>25</district>
        <sponsorshipDate>2021-05-18</sponsorshipDate>
        <isOriginalCosponsor>False</isOriginalCosponsor>
        <sponsorshipWithdrawnDate />
      </item>
      <item>
        <bioguideId>C001059</bioguideId>
        <fullName>Rep. Costa, Jim [D-CA-16]</fullName>
        <firstName>Jim</firstName>
        <middleName />
        <lastName>Costa</lastName>
        <party>D</party>
        <state>CA</state>
        <identifiers>
          <lisID>1774</lisID>
          <bioguideId>C001059</bioguideId>
          <gpoId>7825</gpoId>
        </identifiers>
        <district>16</district>
        <sponsorshipDate>2021-05-18</sponsorshipDate>
        <isOriginalCosponsor>False</isOriginalCosponsor>
        <sponsorshipWithdrawnDate />
      </item>
      <item>
        <bioguideId>K000394</bioguideId>
        <fullName>Rep. Kim, Andy [D-NJ-3]</fullName>
        <firstName>Andy</firstName>
        <middleName />
        <lastName>Kim</lastName>
        <party>D</party>
        <state>NJ</state>
        <identifiers>
          <lisID>2420</lisID>
          <bioguideId>K000394</bioguideId>
          <gpoId />
        </identifiers>
        <district>3</district>
        <sponsorshipDate>2021-05-19</sponsorshipDate>
        <isOriginalCosponsor>False</isOriginalCosponsor>
        <sponsorshipWithdrawnDate />
      </item>
      <item>
        <bioguideId>K000375</bioguideId>
        <fullName>Rep. Keating, William R. [D-MA-9]</fullName>
        <firstName>William</firstName>
        <middleName>R.</middleName>
        <lastName>Keating</lastName>
        <party>D</party>
        <state>MA</state>
        <identifiers>
          <lisID>2025</lisID>
          <bioguideId>K000375</bioguideId>
          <gpoId>7975</gpoId>
        </identifiers>
        <district>9</district>
        <sponsorshipDate>2021-05-19</sponsorshipDate>
        <isOriginalCosponsor>False</isOriginalCosponsor>
        <sponsorshipWithdrawnDate />
      </item>
      <item>
        <bioguideId>M001136</bioguideId>
        <fullName>Rep. McClain, Lisa C. [R-MI-10]</fullName>
        <firstName>Lisa</firstName>
        <middleName>C.</middleName>
        <lastName>McClain</lastName>
        <party>R</party>
        <state>MI</state>
        <identifiers>
          <lisID>2512</lisID>
          <bioguideId>M001136</bioguideId>
          <gpoId />
        </identifiers>
        <district>10</district>
        <sponsorshipDate>2021-05-19</sponsorshipDate>
        <isOriginalCosponsor>False</isOriginalCosponsor>
        <sponsorshipWithdrawnDate />
      </item>
      <item>
        <bioguideId>S000522</bioguideId>
        <fullName>Rep. Smith, Christopher H. [R-NJ-4]</fullName>
        <firstName>CHRISTOPHER</firstName>
        <middleName>H.</middleName>
        <lastName>SMITH</lastName>
        <party>R</party>
        <state>NJ</state>
        <identifiers>
          <lisID>1071</lisID>
          <bioguideId>S000522</bioguideId>
          <gpoId>8046</gpoId>
        </identifiers>
        <district>4</district>
        <sponsorshipDate>2021-05-19</sponsorshipDate>
        <isOriginalCosponsor>False</isOriginalCosponsor>
        <sponsorshipWithdrawnDate />
      </item>
      <item>
        <bioguideId>I000056</bioguideId>
        <fullName>Rep. Issa, Darrell E. [R-CA-50]</fullName>
        <firstName>DARRELL</firstName>
        <middleName>E.</middleName>
        <lastName>ISSA</lastName>
        <party>R</party>
        <state>CA</state>
        <identifiers>
          <lisID>1640</lisID>
          <bioguideId>I000056</bioguideId>
          <gpoId>7854</gpoId>
        </identifiers>
        <district>50</district>
        <sponsorshipDate>2021-05-19</sponsorshipDate>
        <isOriginalCosponsor>False</isOriginalCosponsor>
        <sponsorshipWithdrawnDate />
      </item>
      <item>
        <bioguideId>B001270</bioguideId>
        <fullName>Rep. Bass, Karen [D-CA-37]</fullName>
        <firstName>Karen</firstName>
        <middleName />
        <lastName>Bass</lastName>
        <party>D</party>
        <state>CA</state>
        <identifiers>
          <lisID>1996</lisID>
          <bioguideId>B001270</bioguideId>
          <gpoId>7838</gpoId>
        </identifiers>
        <district>37</district>
        <sponsorshipDate>2021-05-19</sponsorshipDate>
        <isOriginalCosponsor>False</isOriginalCosponsor>
        <sponsorshipWithdrawnDate />
      </item>
      <item>
        <bioguideId>C001090</bioguideId>
        <fullName>Rep. Cartwright, Matt [D-PA-8]</fullName>
        <firstName>Matt</firstName>
        <middleName />
        <lastName>Cartwright</lastName>
        <party>D</party>
        <state>PA</state>
        <identifiers>
          <lisID>2159</lisID>
          <bioguideId>C001090</bioguideId>
          <gpoId />
        </identifiers>
        <district>8</district>
        <sponsorshipDate>2021-05-20</sponsorshipDate>
        <isOriginalCosponsor>False</isOriginalCosponsor>
        <sponsorshipWithdrawnDate />
      </item>
      <item>
        <bioguideId>N000147</bioguideId>
        <fullName>Del. Norton, Eleanor Holmes [D-DC-At Large]</fullName>
        <firstName>ELEANOR</firstName>
        <middleName>HOLMES</middleName>
        <lastName>NORTON</lastName>
        <party>D</party>
        <state>DC</state>
        <identifiers>
          <lisID>868</lisID>
          <bioguideId>N000147</bioguideId>
          <gpoId>7871</gpoId>
        </identifiers>
        <district>0</district>
        <sponsorshipDate>2021-05-20</sponsorshipDate>
        <isOriginalCosponsor>False</isOriginalCosponsor>
        <sponsorshipWithdrawnDate />
      </item>
      <item>
        <bioguideId>P000616</bioguideId>
        <fullName>Rep. Phillips, Dean [D-MN-3]</fullName>
        <firstName>Dean</firstName>
        <middleName />
        <lastName>Phillips</lastName>
        <party>D</party>
        <state>MN</state>
        <identifiers>
          <lisID>2413</lisID>
          <bioguideId>P000616</bioguideId>
          <gpoId />
        </identifiers>
        <district>3</district>
        <sponsorshipDate>2021-05-20</sponsorshipDate>
        <isOriginalCosponsor>False</isOriginalCosponsor>
        <sponsorshipWithdrawnDate />
      </item>
      <item>
        <bioguideId>J000298</bioguideId>
        <fullName>Rep. Jayapal, Pramila [D-WA-7]</fullName>
        <firstName>Pramila</firstName>
        <middleName />
        <lastName>Jayapal</lastName>
        <party>D</party>
        <state>WA</state>
        <identifiers>
          <lisID>2354</lisID>
          <bioguideId>J000298</bioguideId>
          <gpoId />
        </identifiers>
        <district>7</district>
        <sponsorshipDate>2021-05-20</sponsorshipDate>
        <isOriginalCosponsor>False</isOriginalCosponsor>
        <sponsorshipWithdrawnDate />
      </item>
      <item>
        <bioguideId>G000576</bioguideId>
        <fullName>Rep. Grothman, Glenn [R-WI-6]</fullName>
        <firstName>Glenn</firstName>
        <middleName />
        <lastName>Grothman</lastName>
        <party>R</party>
        <state>WI</state>
        <identifiers>
          <lisID>2276</lisID>
          <bioguideId>G000576</bioguideId>
          <gpoId />
        </identifiers>
        <district>6</district>
        <sponsorshipDate>2021-05-25</sponsorshipDate>
        <isOriginalCosponsor>False</isOriginalCosponsor>
        <sponsorshipWithdrawnDate />
      </item>
      <item>
        <bioguideId>S001209</bioguideId>
        <fullName>Rep. Spanberger, Abigail Davis [D-VA-7]</fullName>
        <firstName>Abigail</firstName>
        <middleName>Davis</middleName>
        <lastName>Spanberger</lastName>
        <party>D</party>
        <state>VA</state>
        <identifiers>
          <lisID>2456</lisID>
          <bioguideId>S001209</bioguideId>
          <gpoId />
        </identifiers>
        <district>7</district>
        <sponsorshipDate>2021-05-25</sponsorshipDate>
        <isOriginalCosponsor>False</isOriginalCosponsor>
        <sponsorshipWithdrawnDate />
      </item>
      <item>
        <bioguideId>V000130</bioguideId>
        <fullName>Rep. Vargas, Juan [D-CA-51]</fullName>
        <firstName>Juan</firstName>
        <middleName />
        <lastName>Vargas</lastName>
        <party>D</party>
        <state>CA</state>
        <identifiers>
          <lisID>2112</lisID>
          <bioguideId>V000130</bioguideId>
          <gpoId />
        </identifiers>
        <district>51</district>
        <sponsorshipDate>2021-05-25</sponsorshipDate>
        <isOriginalCosponsor>False</isOriginalCosponsor>
        <sponsorshipWithdrawnDate />
      </item>
      <item>
        <bioguideId>A000378</bioguideId>
        <fullName>Rep. Axne, Cynthia [D-IA-3]</fullName>
        <firstName>Cynthia</firstName>
        <middleName />
        <lastName>Axne</lastName>
        <party>D</party>
        <state>IA</state>
        <identifiers>
          <lisID>2395</lisID>
          <bioguideId>A000378</bioguideId>
          <gpoId />
        </identifiers>
        <district>3</district>
        <sponsorshipDate>2021-06-04</sponsorshipDate>
        <isOriginalCosponsor>False</isOriginalCosponsor>
        <sponsorshipWithdrawnDate />
      </item>
      <item>
        <bioguideId>C000754</bioguideId>
        <fullName>Rep. Cooper, Jim [D-TN-5]</fullName>
        <firstName>JAMES</firstName>
        <middleName>H.</middleName>
        <lastName>COOPER</lastName>
        <party>D</party>
        <state>TN</state>
        <identifiers>
          <lisID>231</lisID>
          <bioguideId>C000754</bioguideId>
          <gpoId>8152</gpoId>
        </identifiers>
        <district>5</district>
        <sponsorshipDate>2021-06-08</sponsorshipDate>
        <isOriginalCosponsor>False</isOriginalCosponsor>
        <sponsorshipWithdrawnDate />
      </item>
      <item>
        <bioguideId>W000788</bioguideId>
        <fullName>Rep. Williams, Nikema [D-GA-5]</fullName>
        <firstName>Nikema</firstName>
        <middleName />
        <lastName>Williams</lastName>
        <party>D</party>
        <state>GA</state>
        <identifiers>
          <lisID>2496</lisID>
          <bioguideId>W000788</bioguideId>
          <gpoId />
        </identifiers>
        <district>5</district>
        <sponsorshipDate>2021-06-08</sponsorshipDate>
        <isOriginalCosponsor>False</isOriginalCosponsor>
        <sponsorshipWithdrawnDate />
      </item>
    </cosponsors>
    <cboCostEstimates />
    <laws />
    <notes />
    <policyArea>
      <name>International Affairs</name>
    </policyArea>
    <subjects>
      <billSubjects>
        <legislativeSubjects>
          <item>
            <name>Asia</name>
          </item>
          <item>
            <name>Cardiovascular and respiratory health</name>
          </item>
          <item>
            <name>Charitable contributions</name>
          </item>
          <item>
            <name>Emergency medical services and trauma care</name>
          </item>
          <item>
            <name>Foreign aid and international relief</name>
          </item>
          <item>
            <name>Health programs administration and funding</name>
          </item>
          <item>
            <name>Health technology, devices, supplies</name>
          </item>
          <item>
            <name>Immunology and vaccination</name>
          </item>
          <item>
            <name>India</name>
          </item>
          <item>
            <name>Infectious and parasitic diseases</name>
          </item>
          <item>
            <name>International organizations and cooperation</name>
          </item>
          <item>
            <name>World health</name>
          </item>
        </legislativeSubjects>
        <policyArea>
          <name>International Affairs</name>
        </policyArea>
      </billSubjects>
    </subjects>
    <summaries>
      <billSummaries>
        <item>
          <versionCode>00</versionCode>
          <actionDate>2021-05-14</actionDate>
          <actionDesc>Introduced in House</actionDesc>
          <lastSummaryUpdateDate>2021-06-30T15:09:20Z</lastSummaryUpdateDate>
          <text><![CDATA[<p>This resolution states that the House of Representatives stands with the people of India as they collectively work to stem the spread of COVID-19 (i.e., coronavirus disease 2019) in India. The resolution also recognizes the efforts of the President's administration to deliver urgently needed medical supplies and vaccine raw materials to India and the efforts of Indian Americans to support India's health care system during this time of need.</p>]]></text>
          <updateDate>2021-05-14T04:00:00Z</updateDate>
          <name>Introduced in House</name>
        </item>
        <item>
          <versionCode>53</versionCode>
          <actionDate>2021-06-29</actionDate>
          <actionDesc>Passed House</actionDesc>
          <lastSummaryUpdateDate>2021-08-02T22:04:19Z</lastSummaryUpdateDate>
          <text><![CDATA[<p>This resolution urges the President to facilitate private medical supply donations and to deliver urgently needed medical supplies, including oxygen generator plants, to India and countries neighboring India that are facing the spread of COVID-19.</p>]]></text>
          <updateDate>2021-06-29T12:15:56Z</updateDate>
          <name>Passed House</name>
        </item>
      </billSummaries>
    </summaries>
    <title>Recognizing the devastating impact of COVID-19 in India and expressing the sense of the House of Representatives with respect to COVID assistance to India.</title>
    <titles>
      <item>
        <titleType>Official Title as Introduced</titleType>
        <parentTitleType />
        <title>Recognizing the devastating impact of COVID-19 in India and expressing the sense of the House of Representatives with respect to COVID assistance to India.</title>
        <chamberCode />
        <chamberName />
      </item>
      <item>
        <titleType>Display Title</titleType>
        <parentTitleType />
        <title>Recognizing the devastating impact of COVID-19 in India and expressing the sense of the House of Representatives with respect to COVID assistance to India.</title>
        <chamberCode />
        <chamberName />
      </item>
    </titles>
    <amendments />
    <textVersions>
      <item>
        <type>Engrossed in House</type>
        <date>2021-06-29T04:00:00Z</date>
        <formats>
          <item>
            <url>https://www.govinfo.gov/content/pkg/BILLS-117hres402eh/xml/BILLS-117hres402eh.xml</url>
          </item>
        </formats>
      </item>
      <item>
        <type>Introduced in House</type>
        <date>2021-05-14T04:00:00Z</date>
        <formats>
          <item>
            <url>https://www.govinfo.gov/content/pkg/BILLS-117hres402ih/xml/BILLS-117hres402ih.xml</url>
          </item>
        </formats>
      </item>
    </textVersions>
    <latestAction>
      <actionDate>2021-06-29</actionDate>
      <text>Pursuant to section 8 of H. Res. 504, and the motion offered by Mr. McGovern, the following bills passed under suspension of the rules: H.R. 1500, as amended; H.R. 2471, as amended; H.R. 3261; H.R. 3283, as amended; and H.R. 3385, as amended; and the following resolutions were agreed to under suspension of the rules: H. Res. 186; and H. Res. 402, as amended. (consideration: CR H3258-3262; text: CR H3261-3262)</text>
      <actionTime>14:14:30</actionTime>
      <links />
    </latestAction>
    <calendarNumbers />
    <version>1.0.0</version>
  </bill>
  <dublinCore xmlns:dc="http://purl.org/dc/elements/1.1/">
    <dc:format>text/xml</dc:format>
    <dc:language>EN</dc:language>
    <dc:rights>Pursuant to Title 17 Section 105 of the United States Code, this file is not subject to copyright protection and is in the public domain.</dc:rights>
    <dc:contributor>Congressional Research Service, Library of Congress</dc:contributor>
    <dc:description>This file contains bill summaries and statuses for federal legislation. A bill summary describes the most significant provisions of a piece of legislation and details the effects the legislative text may have on current law and federal programs. Bill summaries are authored by the Congressional Research Service (CRS) of the Library of Congress. As stated in Public Law 91-510 (2 USC 166 (d)(6)), one of the duties of CRS is "to prepare summaries and digests of bills and resolutions of a public general nature introduced in the Senate or House of Representatives". For more information, refer to the User Guide that accompanies this file.</dc:description>
  </dublinCore>
</billStatus>

