<?xml version="1.0" encoding="UTF-8"?>
<billStatus>
  <bill>
    <billNumber>461</billNumber>
    <createDate>2021-06-05T07:12:14Z</createDate>
    <updateDate>2021-10-27T07:14:10Z</updateDate>
    <originChamber>House</originChamber>
    <billType>HRES</billType>
    <introducedDate>2021-06-04</introducedDate>
    <congress>117</congress>
    <constitutionalAuthorityStatementText />
    <recordedVotes />
    <committees>
      <billCommittees>
        <item>
          <systemCode>hsif00</systemCode>
          <name>Energy and Commerce Committee</name>
          <chamber>House</chamber>
          <type>Standing</type>
          <subcommittees>
            <item>
              <systemCode>hsif14</systemCode>
              <name>Health Subcommittee</name>
              <activities>
                <item>
                  <name>Referred to</name>
                  <date>2021-06-07T17:43:35Z</date>
                </item>
              </activities>
            </item>
          </subcommittees>
          <activities>
            <item>
              <name>Referred to</name>
              <date>2021-06-04T13:33:40Z</date>
            </item>
          </activities>
        </item>
        <item>
          <systemCode>hsfa00</systemCode>
          <name>Foreign Affairs Committee</name>
          <chamber>House</chamber>
          <type>Standing</type>
          <subcommittees />
          <activities>
            <item>
              <name>Referred to</name>
              <date>2021-06-04T13:33:45Z</date>
            </item>
          </activities>
        </item>
      </billCommittees>
    </committees>
    <committeeReports />
    <relatedBills />
    <actions>
      <item>
        <actionDate>2021-06-07</actionDate>
        <committees>
          <item>
            <systemCode>hsif14</systemCode>
            <name>Health Subcommittee</name>
          </item>
        </committees>
        <links />
        <sourceSystem>
          <code>1</code>
          <name>House committee actions</name>
        </sourceSystem>
        <text>Referred to the Subcommittee on Health.</text>
        <type>Committee</type>
      </item>
      <item>
        <actionDate>2021-06-04</actionDate>
        <links />
        <text>Referred to the Committee on Energy and Commerce, and in addition to the Committee on Foreign Affairs, for a period to be subsequently determined by the Speaker, in each case for consideration of such provisions as fall within the jurisdiction of the committee concerned.</text>
        <type>IntroReferral</type>
        <actionCode>H11100</actionCode>
        <sourceSystem>
          <code>2</code>
          <name>House floor actions</name>
        </sourceSystem>
        <committees>
          <item>
            <systemCode>hsfa00</systemCode>
            <name>Foreign Affairs Committee</name>
          </item>
        </committees>
      </item>
      <item>
        <actionDate>2021-06-04</actionDate>
        <links />
        <text>Referred to the Committee on Energy and Commerce, and in addition to the Committee on Foreign Affairs, for a period to be subsequently determined by the Speaker, in each case for consideration of such provisions as fall within the jurisdiction of the committee concerned.</text>
        <type>IntroReferral</type>
        <actionCode>H11100</actionCode>
        <sourceSystem>
          <code>2</code>
          <name>House floor actions</name>
        </sourceSystem>
        <committees>
          <item>
            <systemCode>hsif00</systemCode>
            <name>Energy and Commerce Committee</name>
          </item>
        </committees>
      </item>
      <item>
        <actionDate>2021-06-04</actionDate>
        <links />
        <text>Introduced in House</text>
        <type>IntroReferral</type>
        <actionCode>Intro-H</actionCode>
        <sourceSystem>
          <code>9</code>
          <name>Library of Congress</name>
        </sourceSystem>
        <committees />
      </item>
      <item>
        <actionDate>2021-06-04</actionDate>
        <links />
        <text>Introduced in House</text>
        <type>IntroReferral</type>
        <actionCode>1000</actionCode>
        <sourceSystem>
          <code>9</code>
          <name>Library of Congress</name>
        </sourceSystem>
        <committees />
      </item>
      <actionTypeCounts>
        <placeholderTextForH>1</placeholderTextForH>
        <billReferrals>2</billReferrals>
        <introducedInTheHouse>1</introducedInTheHouse>
        <introducedInHouse>1</introducedInHouse>
      </actionTypeCounts>
      <actionByCounts>
        <houseOfRepresentatives>5</houseOfRepresentatives>
      </actionByCounts>
    </actions>
    <sponsors>
      <item>
        <bioguideId>L000551</bioguideId>
        <fullName>Rep. Lee, Barbara [D-CA-13]</fullName>
        <firstName>BARBARA</firstName>
        <middleName />
        <lastName>LEE</lastName>
        <party>D</party>
        <state>CA</state>
        <identifiers>
          <lisID>1501</lisID>
          <bioguideId>L000551</bioguideId>
          <gpoId>7814</gpoId>
        </identifiers>
        <district>13</district>
        <byRequestType />
      </item>
    </sponsors>
    <cosponsors>
      <item>
        <bioguideId>G000582</bioguideId>
        <fullName>Resident Commissioner González-Colón, Jenniffer [R-PR-At Large]</fullName>
        <firstName>Jenniffer</firstName>
        <middleName />
        <lastName>Gonzalez-Colon</lastName>
        <party>R</party>
        <state>PR</state>
        <identifiers>
          <lisID>2347</lisID>
          <bioguideId>G000582</bioguideId>
          <gpoId />
        </identifiers>
        <district>0</district>
        <sponsorshipDate>2021-06-04</sponsorshipDate>
        <isOriginalCosponsor>True</isOriginalCosponsor>
        <sponsorshipWithdrawnDate />
      </item>
      <item>
        <bioguideId>N000147</bioguideId>
        <fullName>Del. Norton, Eleanor Holmes [D-DC-At Large]</fullName>
        <firstName>ELEANOR</firstName>
        <middleName>HOLMES</middleName>
        <lastName>NORTON</lastName>
        <party>D</party>
        <state>DC</state>
        <identifiers>
          <lisID>868</lisID>
          <bioguideId>N000147</bioguideId>
          <gpoId>7871</gpoId>
        </identifiers>
        <district>0</district>
        <sponsorshipDate>2021-06-04</sponsorshipDate>
        <isOriginalCosponsor>True</isOriginalCosponsor>
        <sponsorshipWithdrawnDate />
      </item>
      <item>
        <bioguideId>W000808</bioguideId>
        <fullName>Rep. Wilson, Frederica S. [D-FL-24]</fullName>
        <firstName>Frederica</firstName>
        <middleName>S.</middleName>
        <lastName>Wilson</lastName>
        <party>D</party>
        <state>FL</state>
        <identifiers>
          <lisID>2004</lisID>
          <bioguideId>W000808</bioguideId>
          <gpoId>7889</gpoId>
        </identifiers>
        <district>24</district>
        <sponsorshipDate>2021-06-04</sponsorshipDate>
        <isOriginalCosponsor>True</isOriginalCosponsor>
        <sponsorshipWithdrawnDate />
      </item>
      <item>
        <bioguideId>R000515</bioguideId>
        <fullName>Rep. Rush, Bobby L. [D-IL-1]</fullName>
        <firstName>BOBBY</firstName>
        <middleName>L.</middleName>
        <lastName>RUSH</lastName>
        <party>D</party>
        <state>IL</state>
        <identifiers>
          <lisID>1003</lisID>
          <bioguideId>R000515</bioguideId>
          <gpoId>7921</gpoId>
        </identifiers>
        <district>1</district>
        <sponsorshipDate>2021-06-04</sponsorshipDate>
        <isOriginalCosponsor>True</isOriginalCosponsor>
        <sponsorshipWithdrawnDate />
      </item>
      <item>
        <bioguideId>V000130</bioguideId>
        <fullName>Rep. Vargas, Juan [D-CA-51]</fullName>
        <firstName>Juan</firstName>
        <middleName />
        <lastName>Vargas</lastName>
        <party>D</party>
        <state>CA</state>
        <identifiers>
          <lisID>2112</lisID>
          <bioguideId>V000130</bioguideId>
          <gpoId />
        </identifiers>
        <district>51</district>
        <sponsorshipDate>2021-06-04</sponsorshipDate>
        <isOriginalCosponsor>True</isOriginalCosponsor>
        <sponsorshipWithdrawnDate />
      </item>
      <item>
        <bioguideId>S001145</bioguideId>
        <fullName>Rep. Schakowsky, Janice D. [D-IL-9]</fullName>
        <firstName>JANICE</firstName>
        <middleName>D.</middleName>
        <lastName>SCHAKOWSKY</lastName>
        <party>D</party>
        <state>IL</state>
        <identifiers>
          <lisID>1588</lisID>
          <bioguideId>S001145</bioguideId>
          <gpoId>7929</gpoId>
        </identifiers>
        <district>9</district>
        <sponsorshipDate>2021-06-04</sponsorshipDate>
        <isOriginalCosponsor>True</isOriginalCosponsor>
        <sponsorshipWithdrawnDate />
      </item>
      <item>
        <bioguideId>C001061</bioguideId>
        <fullName>Rep. Cleaver, Emanuel [D-MO-5]</fullName>
        <firstName>Emanuel</firstName>
        <middleName />
        <lastName>Cleaver</lastName>
        <party>D</party>
        <state>MO</state>
        <identifiers>
          <lisID>1790</lisID>
          <bioguideId>C001061</bioguideId>
          <gpoId>8013</gpoId>
        </identifiers>
        <district>5</district>
        <sponsorshipDate>2021-06-04</sponsorshipDate>
        <isOriginalCosponsor>True</isOriginalCosponsor>
        <sponsorshipWithdrawnDate />
      </item>
      <item>
        <bioguideId>J000288</bioguideId>
        <fullName>Rep. Johnson, Henry C. "Hank," Jr. [D-GA-4]</fullName>
        <firstName>Henry</firstName>
        <middleName>C. "Hank"</middleName>
        <lastName>Johnson</lastName>
        <party>D</party>
        <state>GA</state>
        <identifiers>
          <lisID>1843</lisID>
          <bioguideId>J000288</bioguideId>
          <gpoId>7901</gpoId>
        </identifiers>
        <district>4</district>
        <sponsorshipDate>2021-06-04</sponsorshipDate>
        <isOriginalCosponsor>True</isOriginalCosponsor>
        <sponsorshipWithdrawnDate />
      </item>
      <item>
        <bioguideId>W000788</bioguideId>
        <fullName>Rep. Williams, Nikema [D-GA-5]</fullName>
        <firstName>Nikema</firstName>
        <middleName />
        <lastName>Williams</lastName>
        <party>D</party>
        <state>GA</state>
        <identifiers>
          <lisID>2496</lisID>
          <bioguideId>W000788</bioguideId>
          <gpoId />
        </identifiers>
        <district>5</district>
        <sponsorshipDate>2021-06-04</sponsorshipDate>
        <isOriginalCosponsor>True</isOriginalCosponsor>
        <sponsorshipWithdrawnDate />
      </item>
      <item>
        <bioguideId>D000610</bioguideId>
        <fullName>Rep. Deutch, Theodore E. [D-FL-22]</fullName>
        <firstName>Theodore</firstName>
        <middleName>E.</middleName>
        <lastName>Deutch</lastName>
        <party>D</party>
        <state>FL</state>
        <identifiers>
          <lisID>1976</lisID>
          <bioguideId>D000610</bioguideId>
          <gpoId>7891</gpoId>
        </identifiers>
        <district>22</district>
        <sponsorshipDate>2021-06-04</sponsorshipDate>
        <isOriginalCosponsor>True</isOriginalCosponsor>
        <sponsorshipWithdrawnDate />
      </item>
      <item>
        <bioguideId>T000468</bioguideId>
        <fullName>Rep. Titus, Dina [D-NV-1]</fullName>
        <firstName>Dina</firstName>
        <middleName />
        <lastName>Titus</lastName>
        <party>D</party>
        <state>NV</state>
        <identifiers>
          <lisID>1940</lisID>
          <bioguideId>T000468</bioguideId>
          <gpoId>7493</gpoId>
        </identifiers>
        <district>1</district>
        <sponsorshipDate>2021-06-04</sponsorshipDate>
        <isOriginalCosponsor>True</isOriginalCosponsor>
        <sponsorshipWithdrawnDate />
      </item>
      <item>
        <bioguideId>C001068</bioguideId>
        <fullName>Rep. Cohen, Steve [D-TN-9]</fullName>
        <firstName>Steve</firstName>
        <middleName />
        <lastName>Cohen</lastName>
        <party>D</party>
        <state>TN</state>
        <identifiers>
          <lisID>1878</lisID>
          <bioguideId>C001068</bioguideId>
          <gpoId>8156</gpoId>
        </identifiers>
        <district>9</district>
        <sponsorshipDate>2021-06-04</sponsorshipDate>
        <isOriginalCosponsor>True</isOriginalCosponsor>
        <sponsorshipWithdrawnDate />
      </item>
      <item>
        <bioguideId>B001300</bioguideId>
        <fullName>Rep. Barragan, Nanette Diaz [D-CA-44]</fullName>
        <firstName>Nanette</firstName>
        <middleName>Diaz</middleName>
        <lastName>Barragan</lastName>
        <party>D</party>
        <state>CA</state>
        <identifiers>
          <lisID>2311</lisID>
          <bioguideId>B001300</bioguideId>
          <gpoId />
        </identifiers>
        <district>44</district>
        <sponsorshipDate>2021-06-04</sponsorshipDate>
        <isOriginalCosponsor>True</isOriginalCosponsor>
        <sponsorshipWithdrawnDate />
      </item>
      <item>
        <bioguideId>C001072</bioguideId>
        <fullName>Rep. Carson, Andre [D-IN-7]</fullName>
        <firstName>Andre</firstName>
        <middleName />
        <lastName>Carson</lastName>
        <party>D</party>
        <state>IN</state>
        <identifiers>
          <lisID>1889</lisID>
          <bioguideId>C001072</bioguideId>
          <gpoId>7946</gpoId>
        </identifiers>
        <district>7</district>
        <sponsorshipDate>2021-06-04</sponsorshipDate>
        <isOriginalCosponsor>True</isOriginalCosponsor>
        <sponsorshipWithdrawnDate />
      </item>
      <item>
        <bioguideId>P000607</bioguideId>
        <fullName>Rep. Pocan, Mark [D-WI-2]</fullName>
        <firstName>Mark</firstName>
        <middleName />
        <lastName>Pocan</lastName>
        <party>D</party>
        <state>WI</state>
        <identifiers>
          <lisID>2171</lisID>
          <bioguideId>P000607</bioguideId>
          <gpoId />
        </identifiers>
        <district>2</district>
        <sponsorshipDate>2021-06-04</sponsorshipDate>
        <isOriginalCosponsor>True</isOriginalCosponsor>
        <sponsorshipWithdrawnDate />
      </item>
      <item>
        <bioguideId>B000574</bioguideId>
        <fullName>Rep. Blumenauer, Earl [D-OR-3]</fullName>
        <firstName>EARL</firstName>
        <middleName />
        <lastName>BLUMENAUER</lastName>
        <party>D</party>
        <state>OR</state>
        <identifiers>
          <lisID>99</lisID>
          <bioguideId>B000574</bioguideId>
          <gpoId>8116</gpoId>
        </identifiers>
        <district>3</district>
        <sponsorshipDate>2021-06-04</sponsorshipDate>
        <isOriginalCosponsor>True</isOriginalCosponsor>
        <sponsorshipWithdrawnDate />
      </item>
      <item>
        <bioguideId>V000081</bioguideId>
        <fullName>Rep. Velazquez, Nydia M. [D-NY-7]</fullName>
        <firstName>NYDIA</firstName>
        <middleName>M.</middleName>
        <lastName>VELAZQUEZ</lastName>
        <party>D</party>
        <state>NY</state>
        <identifiers>
          <lisID>1184</lisID>
          <bioguideId>V000081</bioguideId>
          <gpoId>8073</gpoId>
        </identifiers>
        <district>7</district>
        <sponsorshipDate>2021-06-04</sponsorshipDate>
        <isOriginalCosponsor>True</isOriginalCosponsor>
        <sponsorshipWithdrawnDate />
      </item>
      <item>
        <bioguideId>B001287</bioguideId>
        <fullName>Rep. Bera, Ami [D-CA-7]</fullName>
        <firstName>Ami</firstName>
        <middleName />
        <lastName>Bera</lastName>
        <party>D</party>
        <state>CA</state>
        <identifiers>
          <lisID>2102</lisID>
          <bioguideId>B001287</bioguideId>
          <gpoId />
        </identifiers>
        <district>7</district>
        <sponsorshipDate>2021-06-04</sponsorshipDate>
        <isOriginalCosponsor>True</isOriginalCosponsor>
        <sponsorshipWithdrawnDate />
      </item>
      <item>
        <bioguideId>G000551</bioguideId>
        <fullName>Rep. Grijalva, Raúl M. [D-AZ-3]</fullName>
        <firstName>Raúl</firstName>
        <middleName>M.</middleName>
        <lastName>Grijalva</lastName>
        <party>D</party>
        <state>AZ</state>
        <identifiers>
          <lisID>1708</lisID>
          <bioguideId>G000551</bioguideId>
          <gpoId>7804</gpoId>
        </identifiers>
        <district>3</district>
        <sponsorshipDate>2021-06-04</sponsorshipDate>
        <isOriginalCosponsor>True</isOriginalCosponsor>
        <sponsorshipWithdrawnDate />
      </item>
      <item>
        <bioguideId>S001159</bioguideId>
        <fullName>Rep. Strickland, Marilyn [D-WA-10]</fullName>
        <firstName>Marilyn</firstName>
        <middleName />
        <lastName>Strickland</lastName>
        <party>D</party>
        <state>WA</state>
        <identifiers>
          <lisID>2539</lisID>
          <bioguideId>S001159</bioguideId>
          <gpoId />
        </identifiers>
        <district>10</district>
        <sponsorshipDate>2021-06-04</sponsorshipDate>
        <isOriginalCosponsor>True</isOriginalCosponsor>
        <sponsorshipWithdrawnDate />
      </item>
      <item>
        <bioguideId>A000148</bioguideId>
        <fullName>Rep. Auchincloss, Jake [D-MA-4]</fullName>
        <firstName>Jake</firstName>
        <middleName />
        <lastName>Auchincloss</lastName>
        <party>D</party>
        <state>MA</state>
        <identifiers>
          <lisID>2510</lisID>
          <bioguideId>A000148</bioguideId>
          <gpoId />
        </identifiers>
        <district>4</district>
        <sponsorshipDate>2021-06-04</sponsorshipDate>
        <isOriginalCosponsor>True</isOriginalCosponsor>
        <sponsorshipWithdrawnDate />
      </item>
      <item>
        <bioguideId>C001078</bioguideId>
        <fullName>Rep. Connolly, Gerald E. [D-VA-11]</fullName>
        <firstName>Gerald</firstName>
        <middleName>E.</middleName>
        <lastName>Connolly</lastName>
        <party>D</party>
        <state>VA</state>
        <identifiers>
          <lisID>1959</lisID>
          <bioguideId>C001078</bioguideId>
          <gpoId>8202</gpoId>
        </identifiers>
        <district>11</district>
        <sponsorshipDate>2021-06-04</sponsorshipDate>
        <isOriginalCosponsor>True</isOriginalCosponsor>
        <sponsorshipWithdrawnDate />
      </item>
      <item>
        <bioguideId>T000469</bioguideId>
        <fullName>Rep. Tonko, Paul [D-NY-20]</fullName>
        <firstName>Paul</firstName>
        <middleName />
        <lastName>Tonko</lastName>
        <party>D</party>
        <state>NY</state>
        <identifiers>
          <lisID>1942</lisID>
          <bioguideId>T000469</bioguideId>
          <gpoId>8082</gpoId>
        </identifiers>
        <district>20</district>
        <sponsorshipDate>2021-06-04</sponsorshipDate>
        <isOriginalCosponsor>True</isOriginalCosponsor>
        <sponsorshipWithdrawnDate />
      </item>
      <item>
        <bioguideId>L000579</bioguideId>
        <fullName>Rep. Lowenthal, Alan S. [D-CA-47]</fullName>
        <firstName>Alan</firstName>
        <middleName>S.</middleName>
        <lastName>Lowenthal</lastName>
        <party>D</party>
        <state>CA</state>
        <identifiers>
          <lisID>2111</lisID>
          <bioguideId>L000579</bioguideId>
          <gpoId />
        </identifiers>
        <district>47</district>
        <sponsorshipDate>2021-06-04</sponsorshipDate>
        <isOriginalCosponsor>True</isOriginalCosponsor>
        <sponsorshipWithdrawnDate />
      </item>
      <item>
        <bioguideId>B001270</bioguideId>
        <fullName>Rep. Bass, Karen [D-CA-37]</fullName>
        <firstName>Karen</firstName>
        <middleName />
        <lastName>Bass</lastName>
        <party>D</party>
        <state>CA</state>
        <identifiers>
          <lisID>1996</lisID>
          <bioguideId>B001270</bioguideId>
          <gpoId>7838</gpoId>
        </identifiers>
        <district>37</district>
        <sponsorshipDate>2021-06-04</sponsorshipDate>
        <isOriginalCosponsor>True</isOriginalCosponsor>
        <sponsorshipWithdrawnDate />
      </item>
      <item>
        <bioguideId>L000557</bioguideId>
        <fullName>Rep. Larson, John B. [D-CT-1]</fullName>
        <firstName>JOHN</firstName>
        <middleName>B.</middleName>
        <lastName>LARSON</lastName>
        <party>D</party>
        <state>CT</state>
        <identifiers>
          <lisID>1583</lisID>
          <bioguideId>L000557</bioguideId>
          <gpoId>7866</gpoId>
        </identifiers>
        <district>1</district>
        <sponsorshipDate>2021-06-04</sponsorshipDate>
        <isOriginalCosponsor>True</isOriginalCosponsor>
        <sponsorshipWithdrawnDate />
      </item>
      <item>
        <bioguideId>W000822</bioguideId>
        <fullName>Rep. Watson Coleman, Bonnie [D-NJ-12]</fullName>
        <firstName>Bonnie</firstName>
        <middleName />
        <lastName>Watson Coleman</lastName>
        <party>D</party>
        <state>NJ</state>
        <identifiers>
          <lisID>2259</lisID>
          <bioguideId>W000822</bioguideId>
          <gpoId />
        </identifiers>
        <district>12</district>
        <sponsorshipDate>2021-06-04</sponsorshipDate>
        <isOriginalCosponsor>True</isOriginalCosponsor>
        <sponsorshipWithdrawnDate />
      </item>
      <item>
        <bioguideId>C001084</bioguideId>
        <fullName>Rep. Cicilline, David N. [D-RI-1]</fullName>
        <firstName>David</firstName>
        <middleName>N.</middleName>
        <lastName>Cicilline</lastName>
        <party>D</party>
        <state>RI</state>
        <identifiers>
          <lisID>2055</lisID>
          <bioguideId>C001084</bioguideId>
          <gpoId>8139</gpoId>
        </identifiers>
        <district>1</district>
        <sponsorshipDate>2021-06-04</sponsorshipDate>
        <isOriginalCosponsor>True</isOriginalCosponsor>
        <sponsorshipWithdrawnDate />
      </item>
      <item>
        <bioguideId>S001150</bioguideId>
        <fullName>Rep. Schiff, Adam B. [D-CA-28]</fullName>
        <firstName>ADAM</firstName>
        <middleName>B.</middleName>
        <lastName>SCHIFF</lastName>
        <party>D</party>
        <state>CA</state>
        <identifiers>
          <lisID>1635</lisID>
          <bioguideId>S001150</bioguideId>
          <gpoId>7834</gpoId>
        </identifiers>
        <district>28</district>
        <sponsorshipDate>2021-06-04</sponsorshipDate>
        <isOriginalCosponsor>True</isOriginalCosponsor>
        <sponsorshipWithdrawnDate />
      </item>
      <item>
        <bioguideId>B001303</bioguideId>
        <fullName>Rep. Blunt Rochester, Lisa [D-DE-At Large]</fullName>
        <firstName>Lisa</firstName>
        <middleName />
        <lastName>Blunt Rochester</lastName>
        <party>D</party>
        <state>DE</state>
        <identifiers>
          <lisID>2313</lisID>
          <bioguideId>B001303</bioguideId>
          <gpoId />
        </identifiers>
        <district>0</district>
        <sponsorshipDate>2021-06-08</sponsorshipDate>
        <isOriginalCosponsor>False</isOriginalCosponsor>
        <sponsorshipWithdrawnDate />
      </item>
      <item>
        <bioguideId>C001080</bioguideId>
        <fullName>Rep. Chu, Judy [D-CA-27]</fullName>
        <firstName>Judy</firstName>
        <middleName />
        <lastName>Chu</lastName>
        <party>D</party>
        <state>CA</state>
        <identifiers>
          <lisID>1970</lisID>
          <bioguideId>C001080</bioguideId>
          <gpoId>7837</gpoId>
        </identifiers>
        <district>27</district>
        <sponsorshipDate>2021-06-11</sponsorshipDate>
        <isOriginalCosponsor>False</isOriginalCosponsor>
        <sponsorshipWithdrawnDate />
      </item>
      <item>
        <bioguideId>J000298</bioguideId>
        <fullName>Rep. Jayapal, Pramila [D-WA-7]</fullName>
        <firstName>Pramila</firstName>
        <middleName />
        <lastName>Jayapal</lastName>
        <party>D</party>
        <state>WA</state>
        <identifiers>
          <lisID>2354</lisID>
          <bioguideId>J000298</bioguideId>
          <gpoId />
        </identifiers>
        <district>7</district>
        <sponsorshipDate>2021-06-11</sponsorshipDate>
        <isOriginalCosponsor>False</isOriginalCosponsor>
        <sponsorshipWithdrawnDate />
      </item>
      <item>
        <bioguideId>D000627</bioguideId>
        <fullName>Rep. Demings, Val Butler [D-FL-10]</fullName>
        <firstName>Val</firstName>
        <middleName>Butler</middleName>
        <lastName>Demings</lastName>
        <party>D</party>
        <state>FL</state>
        <identifiers>
          <lisID>2320</lisID>
          <bioguideId>D000627</bioguideId>
          <gpoId />
        </identifiers>
        <district>10</district>
        <sponsorshipDate>2021-07-01</sponsorshipDate>
        <isOriginalCosponsor>False</isOriginalCosponsor>
        <sponsorshipWithdrawnDate />
      </item>
      <item>
        <bioguideId>H001038</bioguideId>
        <fullName>Rep. Higgins, Brian [D-NY-26]</fullName>
        <firstName>Brian</firstName>
        <middleName />
        <lastName>Higgins</lastName>
        <party>D</party>
        <state>NY</state>
        <identifiers>
          <lisID>1794</lisID>
          <bioguideId>H001038</bioguideId>
          <gpoId>8088</gpoId>
        </identifiers>
        <district>26</district>
        <sponsorshipDate>2021-07-01</sponsorshipDate>
        <isOriginalCosponsor>False</isOriginalCosponsor>
        <sponsorshipWithdrawnDate />
      </item>
      <item>
        <bioguideId>M000087</bioguideId>
        <fullName>Rep. Maloney, Carolyn B. [D-NY-12]</fullName>
        <firstName>CAROLYN</firstName>
        <middleName>B.</middleName>
        <lastName>MALONEY</lastName>
        <party>D</party>
        <state>NY</state>
        <identifiers>
          <lisID>729</lisID>
          <bioguideId>M000087</bioguideId>
          <gpoId>8075</gpoId>
        </identifiers>
        <district>12</district>
        <sponsorshipDate>2021-09-14</sponsorshipDate>
        <isOriginalCosponsor>False</isOriginalCosponsor>
        <sponsorshipWithdrawnDate />
      </item>
    </cosponsors>
    <cboCostEstimates />
    <laws />
    <notes />
    <policyArea>
      <name>Health</name>
    </policyArea>
    <subjects>
      <billSubjects>
        <legislativeSubjects>
          <item>
            <name>Child health</name>
          </item>
          <item>
            <name>Congressional tributes</name>
          </item>
          <item>
            <name>Crimes against women</name>
          </item>
          <item>
            <name>Disability and health-based discrimination</name>
          </item>
          <item>
            <name>HIV/AIDS</name>
          </item>
          <item>
            <name>Health care coverage and access</name>
          </item>
          <item>
            <name>Health care quality</name>
          </item>
          <item>
            <name>Health programs administration and funding</name>
          </item>
          <item>
            <name>Health promotion and preventive care</name>
          </item>
          <item>
            <name>Infectious and parasitic diseases</name>
          </item>
          <item>
            <name>International organizations and cooperation</name>
          </item>
          <item>
            <name>Medical research</name>
          </item>
          <item>
            <name>Minority health</name>
          </item>
          <item>
            <name>Prescription drugs</name>
          </item>
          <item>
            <name>Research administration and funding</name>
          </item>
          <item>
            <name>Sex, gender, sexual orientation discrimination</name>
          </item>
          <item>
            <name>Women's health</name>
          </item>
          <item>
            <name>World health</name>
          </item>
        </legislativeSubjects>
        <policyArea>
          <name>Health</name>
        </policyArea>
      </billSubjects>
    </subjects>
    <summaries>
      <billSummaries>
        <item>
          <versionCode>00</versionCode>
          <actionDate>2021-06-04</actionDate>
          <actionDesc>Introduced in House</actionDesc>
          <lastSummaryUpdateDate>2021-07-07T13:55:26Z</lastSummaryUpdateDate>
          <text><![CDATA[<p>This resolution commends domestic and international efforts to combat human immunodeficiency virus/acquired immunodeficiency syndrome (HIV/AIDS) and calls for additional actions to address the disease.</p>]]></text>
          <updateDate>2021-06-04T04:00:00Z</updateDate>
          <name>Introduced in House</name>
        </item>
      </billSummaries>
    </summaries>
    <title>Commemorating the 40th anniversary of the HIV/AIDS epidemic.</title>
    <titles>
      <item>
        <titleType>Official Title as Introduced</titleType>
        <parentTitleType />
        <title>Commemorating the 40th anniversary of the HIV/AIDS epidemic.</title>
        <chamberCode />
        <chamberName />
      </item>
      <item>
        <titleType>Display Title</titleType>
        <parentTitleType />
        <title>Commemorating the 40th anniversary of the HIV/AIDS epidemic.</title>
        <chamberCode />
        <chamberName />
      </item>
    </titles>
    <amendments />
    <textVersions>
      <item>
        <type>Introduced in House</type>
        <date>2021-06-04T04:00:00Z</date>
        <formats>
          <item>
            <url>https://www.govinfo.gov/content/pkg/BILLS-117hres461ih/xml/BILLS-117hres461ih.xml</url>
          </item>
        </formats>
      </item>
    </textVersions>
    <latestAction>
      <actionDate>2021-06-07</actionDate>
      <text>Referred to the Subcommittee on Health.</text>
      <links />
    </latestAction>
    <calendarNumbers />
    <version>1.0.0</version>
  </bill>
  <dublinCore xmlns:dc="http://purl.org/dc/elements/1.1/">
    <dc:format>text/xml</dc:format>
    <dc:language>EN</dc:language>
    <dc:rights>Pursuant to Title 17 Section 105 of the United States Code, this file is not subject to copyright protection and is in the public domain.</dc:rights>
    <dc:contributor>Congressional Research Service, Library of Congress</dc:contributor>
    <dc:description>This file contains bill summaries and statuses for federal legislation. A bill summary describes the most significant provisions of a piece of legislation and details the effects the legislative text may have on current law and federal programs. Bill summaries are authored by the Congressional Research Service (CRS) of the Library of Congress. As stated in Public Law 91-510 (2 USC 166 (d)(6)), one of the duties of CRS is "to prepare summaries and digests of bills and resolutions of a public general nature introduced in the Senate or House of Representatives". For more information, refer to the User Guide that accompanies this file.</dc:description>
  </dublinCore>
</billStatus>

