<?xml version="1.0" encoding="UTF-8"?>
<billStatus>
  <bill>
    <billNumber>144</billNumber>
    <createDate>2021-02-23T08:12:11Z</createDate>
    <updateDate>2021-11-24T08:15:22Z</updateDate>
    <originChamber>House</originChamber>
    <billType>HRES</billType>
    <introducedDate>2021-02-22</introducedDate>
    <congress>117</congress>
    <constitutionalAuthorityStatementText />
    <recordedVotes />
    <committees>
      <billCommittees>
        <item>
          <systemCode>hsgo00</systemCode>
          <name>Oversight and Reform Committee</name>
          <chamber>House</chamber>
          <type>Standing</type>
          <subcommittees />
          <activities>
            <item>
              <name>Referred to</name>
              <date>2021-02-22T16:30:46Z</date>
            </item>
          </activities>
        </item>
      </billCommittees>
    </committees>
    <committeeReports />
    <relatedBills>
      <item>
        <latestTitle>A resolution designating the week of February 22 through February 26, 2021, as "Public Schools Week".</latestTitle>
        <congress>117</congress>
        <number>77</number>
        <type>SRES</type>
        <latestAction>
          <actionDate>2021-02-25</actionDate>
          <text>Submitted in the Senate, considered, and agreed to without amendment and with a preamble by Voice Vote. (consideration: CR S905; text: CR S901)</text>
        </latestAction>
        <relationshipDetails>
          <item>
            <type>Related bill</type>
            <identifiedBy>CRS</identifiedBy>
          </item>
        </relationshipDetails>
      </item>
    </relatedBills>
    <actions>
      <item>
        <actionDate>2021-02-22</actionDate>
        <links />
        <text>Referred to the House Committee on Oversight and Reform.</text>
        <type>IntroReferral</type>
        <actionCode>H11100</actionCode>
        <sourceSystem>
          <code>2</code>
          <name>House floor actions</name>
        </sourceSystem>
        <committees>
          <item>
            <systemCode>hsgo00</systemCode>
            <name>Oversight and Reform Committee</name>
          </item>
        </committees>
      </item>
      <item>
        <actionDate>2021-02-22</actionDate>
        <links />
        <text>Introduced in House</text>
        <type>IntroReferral</type>
        <actionCode>Intro-H</actionCode>
        <sourceSystem>
          <code>9</code>
          <name>Library of Congress</name>
        </sourceSystem>
        <committees />
      </item>
      <item>
        <actionDate>2021-02-22</actionDate>
        <links />
        <text>Introduced in House</text>
        <type>IntroReferral</type>
        <actionCode>1000</actionCode>
        <sourceSystem>
          <code>9</code>
          <name>Library of Congress</name>
        </sourceSystem>
        <committees />
      </item>
      <actionTypeCounts>
        <billReferrals>1</billReferrals>
        <introducedInTheHouse>1</introducedInTheHouse>
        <introducedInHouse>1</introducedInHouse>
      </actionTypeCounts>
      <actionByCounts>
        <houseOfRepresentatives>3</houseOfRepresentatives>
      </actionByCounts>
    </actions>
    <sponsors>
      <item>
        <bioguideId>P000607</bioguideId>
        <fullName>Rep. Pocan, Mark [D-WI-2]</fullName>
        <firstName>Mark</firstName>
        <middleName />
        <lastName>Pocan</lastName>
        <party>D</party>
        <state>WI</state>
        <identifiers>
          <lisID>2171</lisID>
          <bioguideId>P000607</bioguideId>
          <gpoId />
        </identifiers>
        <district>2</district>
        <byRequestType />
      </item>
    </sponsors>
    <cosponsors>
      <item>
        <bioguideId>G000546</bioguideId>
        <fullName>Rep. Graves, Sam [R-MO-6]</fullName>
        <firstName>SAM</firstName>
        <middleName />
        <lastName>GRAVES</lastName>
        <party>R</party>
        <state>MO</state>
        <identifiers>
          <lisID>1656</lisID>
          <bioguideId>G000546</bioguideId>
          <gpoId>8014</gpoId>
        </identifiers>
        <district>6</district>
        <sponsorshipDate>2021-02-22</sponsorshipDate>
        <isOriginalCosponsor>True</isOriginalCosponsor>
        <sponsorshipWithdrawnDate />
      </item>
      <item>
        <bioguideId>B001278</bioguideId>
        <fullName>Rep. Bonamici, Suzanne [D-OR-1]</fullName>
        <firstName>Suzanne</firstName>
        <middleName />
        <lastName>Bonamici</lastName>
        <party>D</party>
        <state>OR</state>
        <identifiers>
          <lisID>2092</lisID>
          <bioguideId>B001278</bioguideId>
          <gpoId>8367</gpoId>
        </identifiers>
        <district>1</district>
        <sponsorshipDate>2021-02-22</sponsorshipDate>
        <isOriginalCosponsor>True</isOriginalCosponsor>
        <sponsorshipWithdrawnDate />
      </item>
      <item>
        <bioguideId>T000467</bioguideId>
        <fullName>Rep. Thompson, Glenn [R-PA-15]</fullName>
        <firstName>Glenn</firstName>
        <middleName />
        <lastName>Thompson</lastName>
        <party>R</party>
        <state>PA</state>
        <identifiers>
          <lisID>1952</lisID>
          <bioguideId>T000467</bioguideId>
          <gpoId>8123</gpoId>
        </identifiers>
        <district>15</district>
        <sponsorshipDate>2021-02-22</sponsorshipDate>
        <isOriginalCosponsor>True</isOriginalCosponsor>
        <sponsorshipWithdrawnDate />
      </item>
      <item>
        <bioguideId>B001286</bioguideId>
        <fullName>Rep. Bustos, Cheri [D-IL-17]</fullName>
        <firstName>Cheri</firstName>
        <middleName />
        <lastName>Bustos</lastName>
        <party>D</party>
        <state>IL</state>
        <identifiers>
          <lisID>2127</lisID>
          <bioguideId>B001286</bioguideId>
          <gpoId />
        </identifiers>
        <district>17</district>
        <sponsorshipDate>2021-02-22</sponsorshipDate>
        <isOriginalCosponsor>True</isOriginalCosponsor>
        <sponsorshipWithdrawnDate />
      </item>
      <item>
        <bioguideId>F000466</bioguideId>
        <fullName>Rep. Fitzpatrick, Brian K. [R-PA-1]</fullName>
        <firstName>Brian</firstName>
        <middleName>K.</middleName>
        <lastName>Fitzpatrick</lastName>
        <party>R</party>
        <state>PA</state>
        <identifiers>
          <lisID>2345</lisID>
          <bioguideId>F000466</bioguideId>
          <gpoId />
        </identifiers>
        <district>1</district>
        <sponsorshipDate>2021-02-22</sponsorshipDate>
        <isOriginalCosponsor>True</isOriginalCosponsor>
        <sponsorshipWithdrawnDate />
      </item>
      <item>
        <bioguideId>S001215</bioguideId>
        <fullName>Rep. Stevens, Haley M. [D-MI-11]</fullName>
        <firstName>Haley</firstName>
        <middleName>M.</middleName>
        <lastName>Stevens</lastName>
        <party>D</party>
        <state>MI</state>
        <identifiers>
          <lisID>2409</lisID>
          <bioguideId>S001215</bioguideId>
          <gpoId />
        </identifiers>
        <district>11</district>
        <sponsorshipDate>2021-02-22</sponsorshipDate>
        <isOriginalCosponsor>True</isOriginalCosponsor>
        <sponsorshipWithdrawnDate />
      </item>
      <item>
        <bioguideId>N000002</bioguideId>
        <fullName>Rep. Nadler, Jerrold [D-NY-10]</fullName>
        <firstName>JERROLD</firstName>
        <middleName />
        <lastName>NADLER</lastName>
        <party>D</party>
        <state>NY</state>
        <identifiers>
          <lisID>850</lisID>
          <bioguideId>N000002</bioguideId>
          <gpoId>8069</gpoId>
        </identifiers>
        <district>10</district>
        <sponsorshipDate>2021-02-22</sponsorshipDate>
        <isOriginalCosponsor>True</isOriginalCosponsor>
        <sponsorshipWithdrawnDate />
      </item>
      <item>
        <bioguideId>V000133</bioguideId>
        <fullName>Rep. Van Drew, Jefferson [R-NJ-2]</fullName>
        <firstName>Jefferson</firstName>
        <middleName />
        <lastName>Van Drew</lastName>
        <party>R</party>
        <state>NJ</state>
        <identifiers>
          <lisID>2419</lisID>
          <bioguideId>V000133</bioguideId>
          <gpoId />
        </identifiers>
        <district>2</district>
        <sponsorshipDate>2021-02-22</sponsorshipDate>
        <isOriginalCosponsor>True</isOriginalCosponsor>
        <sponsorshipWithdrawnDate />
      </item>
      <item>
        <bioguideId>S000510</bioguideId>
        <fullName>Rep. Smith, Adam [D-WA-9]</fullName>
        <firstName>ADAM</firstName>
        <middleName />
        <lastName>SMITH</lastName>
        <party>D</party>
        <state>WA</state>
        <identifiers>
          <lisID>1528</lisID>
          <bioguideId>S000510</bioguideId>
          <gpoId>8213</gpoId>
        </identifiers>
        <district>9</district>
        <sponsorshipDate>2021-02-22</sponsorshipDate>
        <isOriginalCosponsor>True</isOriginalCosponsor>
        <sponsorshipWithdrawnDate />
      </item>
      <item>
        <bioguideId>K000009</bioguideId>
        <fullName>Rep. Kaptur, Marcy [D-OH-9]</fullName>
        <firstName>MARCY</firstName>
        <middleName />
        <lastName>KAPTUR</lastName>
        <party>D</party>
        <state>OH</state>
        <identifiers>
          <lisID>616</lisID>
          <bioguideId>K000009</bioguideId>
          <gpoId>8099</gpoId>
        </identifiers>
        <district>9</district>
        <sponsorshipDate>2021-02-22</sponsorshipDate>
        <isOriginalCosponsor>True</isOriginalCosponsor>
        <sponsorshipWithdrawnDate />
      </item>
      <item>
        <bioguideId>B001292</bioguideId>
        <fullName>Rep. Beyer, Donald S., Jr. [D-VA-8]</fullName>
        <firstName>Donald</firstName>
        <middleName>S.</middleName>
        <lastName>Beyer</lastName>
        <party>D</party>
        <state>VA</state>
        <identifiers>
          <lisID>2272</lisID>
          <bioguideId>B001292</bioguideId>
          <gpoId />
        </identifiers>
        <district>8</district>
        <sponsorshipDate>2021-02-22</sponsorshipDate>
        <isOriginalCosponsor>True</isOriginalCosponsor>
        <sponsorshipWithdrawnDate />
      </item>
      <item>
        <bioguideId>M001160</bioguideId>
        <fullName>Rep. Moore, Gwen [D-WI-4]</fullName>
        <firstName>Gwen</firstName>
        <middleName />
        <lastName>Moore</lastName>
        <party>D</party>
        <state>WI</state>
        <identifiers>
          <lisID>1811</lisID>
          <bioguideId>M001160</bioguideId>
          <gpoId>8217</gpoId>
        </identifiers>
        <district>4</district>
        <sponsorshipDate>2021-02-22</sponsorshipDate>
        <isOriginalCosponsor>True</isOriginalCosponsor>
        <sponsorshipWithdrawnDate />
      </item>
      <item>
        <bioguideId>M001143</bioguideId>
        <fullName>Rep. McCollum, Betty [D-MN-4]</fullName>
        <firstName>BETTY</firstName>
        <middleName />
        <lastName>MCCOLLUM</lastName>
        <party>D</party>
        <state>MN</state>
        <identifiers>
          <lisID>1653</lisID>
          <bioguideId>M001143</bioguideId>
          <gpoId>8004</gpoId>
        </identifiers>
        <district>4</district>
        <sponsorshipDate>2021-02-22</sponsorshipDate>
        <isOriginalCosponsor>True</isOriginalCosponsor>
        <sponsorshipWithdrawnDate />
      </item>
      <item>
        <bioguideId>W000826</bioguideId>
        <fullName>Rep. Wild, Susan [D-PA-7]</fullName>
        <firstName>Susan</firstName>
        <middleName />
        <lastName>Wild</lastName>
        <party>D</party>
        <state>PA</state>
        <identifiers>
          <lisID>2374</lisID>
          <bioguideId>W000826</bioguideId>
          <gpoId />
        </identifiers>
        <district>7</district>
        <sponsorshipDate>2021-02-22</sponsorshipDate>
        <isOriginalCosponsor>True</isOriginalCosponsor>
        <sponsorshipWithdrawnDate />
      </item>
      <item>
        <bioguideId>B001295</bioguideId>
        <fullName>Rep. Bost, Mike [R-IL-12]</fullName>
        <firstName>Mike</firstName>
        <middleName />
        <lastName>Bost</lastName>
        <party>R</party>
        <state>IL</state>
        <identifiers>
          <lisID>2243</lisID>
          <bioguideId>B001295</bioguideId>
          <gpoId />
        </identifiers>
        <district>12</district>
        <sponsorshipDate>2021-02-22</sponsorshipDate>
        <isOriginalCosponsor>True</isOriginalCosponsor>
        <sponsorshipWithdrawnDate />
      </item>
      <item>
        <bioguideId>A000378</bioguideId>
        <fullName>Rep. Axne, Cynthia [D-IA-3]</fullName>
        <firstName>Cynthia</firstName>
        <middleName />
        <lastName>Axne</lastName>
        <party>D</party>
        <state>IA</state>
        <identifiers>
          <lisID>2395</lisID>
          <bioguideId>A000378</bioguideId>
          <gpoId />
        </identifiers>
        <district>3</district>
        <sponsorshipDate>2021-02-22</sponsorshipDate>
        <isOriginalCosponsor>True</isOriginalCosponsor>
        <sponsorshipWithdrawnDate />
      </item>
      <item>
        <bioguideId>B001285</bioguideId>
        <fullName>Rep. Brownley, Julia [D-CA-26]</fullName>
        <firstName>Julia</firstName>
        <middleName />
        <lastName>Brownley</lastName>
        <party>D</party>
        <state>CA</state>
        <identifiers>
          <lisID>2106</lisID>
          <bioguideId>B001285</bioguideId>
          <gpoId />
        </identifiers>
        <district>26</district>
        <sponsorshipDate>2021-02-22</sponsorshipDate>
        <isOriginalCosponsor>True</isOriginalCosponsor>
        <sponsorshipWithdrawnDate />
      </item>
      <item>
        <bioguideId>C001090</bioguideId>
        <fullName>Rep. Cartwright, Matt [D-PA-8]</fullName>
        <firstName>Matt</firstName>
        <middleName />
        <lastName>Cartwright</lastName>
        <party>D</party>
        <state>PA</state>
        <identifiers>
          <lisID>2159</lisID>
          <bioguideId>C001090</bioguideId>
          <gpoId />
        </identifiers>
        <district>8</district>
        <sponsorshipDate>2021-02-22</sponsorshipDate>
        <isOriginalCosponsor>True</isOriginalCosponsor>
        <sponsorshipWithdrawnDate />
      </item>
      <item>
        <bioguideId>F000454</bioguideId>
        <fullName>Rep. Foster, Bill [D-IL-11]</fullName>
        <firstName>Bill</firstName>
        <middleName />
        <lastName>Foster</lastName>
        <party>D</party>
        <state>IL</state>
        <identifiers>
          <lisID>1888</lisID>
          <bioguideId>F000454</bioguideId>
          <gpoId>7355</gpoId>
        </identifiers>
        <district>11</district>
        <sponsorshipDate>2021-02-22</sponsorshipDate>
        <isOriginalCosponsor>True</isOriginalCosponsor>
        <sponsorshipWithdrawnDate />
      </item>
      <item>
        <bioguideId>G000559</bioguideId>
        <fullName>Rep. Garamendi, John [D-CA-3]</fullName>
        <firstName>John</firstName>
        <middleName />
        <lastName>Garamendi</lastName>
        <party>D</party>
        <state>CA</state>
        <identifiers>
          <lisID>1973</lisID>
          <bioguideId>G000559</bioguideId>
          <gpoId>7815</gpoId>
        </identifiers>
        <district>3</district>
        <sponsorshipDate>2021-02-22</sponsorshipDate>
        <isOriginalCosponsor>True</isOriginalCosponsor>
        <sponsorshipWithdrawnDate />
      </item>
      <item>
        <bioguideId>G000587</bioguideId>
        <fullName>Rep. Garcia, Sylvia R. [D-TX-29]</fullName>
        <firstName>Sylvia</firstName>
        <middleName>R.</middleName>
        <lastName>Garcia</lastName>
        <party>D</party>
        <state>TX</state>
        <identifiers>
          <lisID>2450</lisID>
          <bioguideId>G000587</bioguideId>
          <gpoId />
        </identifiers>
        <district>29</district>
        <sponsorshipDate>2021-02-22</sponsorshipDate>
        <isOriginalCosponsor>True</isOriginalCosponsor>
        <sponsorshipWithdrawnDate />
      </item>
      <item>
        <bioguideId>D000197</bioguideId>
        <fullName>Rep. DeGette, Diana [D-CO-1]</fullName>
        <firstName>DIANA</firstName>
        <middleName />
        <lastName>DEGETTE</lastName>
        <party>D</party>
        <state>CO</state>
        <identifiers>
          <lisID>1479</lisID>
          <bioguideId>D000197</bioguideId>
          <gpoId>7859</gpoId>
        </identifiers>
        <district>1</district>
        <sponsorshipDate>2021-02-22</sponsorshipDate>
        <isOriginalCosponsor>True</isOriginalCosponsor>
        <sponsorshipWithdrawnDate />
      </item>
      <item>
        <bioguideId>H001081</bioguideId>
        <fullName>Rep. Hayes, Jahana [D-CT-5]</fullName>
        <firstName>Jahana</firstName>
        <middleName />
        <lastName>Hayes</lastName>
        <party>D</party>
        <state>CT</state>
        <identifiers>
          <lisID>2386</lisID>
          <bioguideId>H001081</bioguideId>
          <gpoId />
        </identifiers>
        <district>5</district>
        <sponsorshipDate>2021-02-22</sponsorshipDate>
        <isOriginalCosponsor>True</isOriginalCosponsor>
        <sponsorshipWithdrawnDate />
      </item>
      <item>
        <bioguideId>P000593</bioguideId>
        <fullName>Rep. Perlmutter, Ed [D-CO-7]</fullName>
        <firstName>Ed</firstName>
        <middleName />
        <lastName>Perlmutter</lastName>
        <party>D</party>
        <state>CO</state>
        <identifiers>
          <lisID>1835</lisID>
          <bioguideId>P000593</bioguideId>
          <gpoId>7865</gpoId>
        </identifiers>
        <district>7</district>
        <sponsorshipDate>2021-02-22</sponsorshipDate>
        <isOriginalCosponsor>True</isOriginalCosponsor>
        <sponsorshipWithdrawnDate />
      </item>
      <item>
        <bioguideId>L000590</bioguideId>
        <fullName>Rep. Lee, Susie [D-NV-3]</fullName>
        <firstName>Susie</firstName>
        <middleName />
        <lastName>Lee</lastName>
        <party>D</party>
        <state>NV</state>
        <identifiers>
          <lisID>2425</lisID>
          <bioguideId>L000590</bioguideId>
          <gpoId />
        </identifiers>
        <district>3</district>
        <sponsorshipDate>2021-02-22</sponsorshipDate>
        <isOriginalCosponsor>True</isOriginalCosponsor>
        <sponsorshipWithdrawnDate />
      </item>
      <item>
        <bioguideId>W000822</bioguideId>
        <fullName>Rep. Watson Coleman, Bonnie [D-NJ-12]</fullName>
        <firstName>Bonnie</firstName>
        <middleName />
        <lastName>Watson Coleman</lastName>
        <party>D</party>
        <state>NJ</state>
        <identifiers>
          <lisID>2259</lisID>
          <bioguideId>W000822</bioguideId>
          <gpoId />
        </identifiers>
        <district>12</district>
        <sponsorshipDate>2021-02-22</sponsorshipDate>
        <isOriginalCosponsor>True</isOriginalCosponsor>
        <sponsorshipWithdrawnDate />
      </item>
      <item>
        <bioguideId>P000613</bioguideId>
        <fullName>Rep. Panetta, Jimmy [D-CA-20]</fullName>
        <firstName>Jimmy</firstName>
        <middleName />
        <lastName>Panetta</lastName>
        <party>D</party>
        <state>CA</state>
        <identifiers>
          <lisID>2309</lisID>
          <bioguideId>P000613</bioguideId>
          <gpoId />
        </identifiers>
        <district>20</district>
        <sponsorshipDate>2021-02-22</sponsorshipDate>
        <isOriginalCosponsor>True</isOriginalCosponsor>
        <sponsorshipWithdrawnDate />
      </item>
      <item>
        <bioguideId>L000592</bioguideId>
        <fullName>Rep. Levin, Andy [D-MI-9]</fullName>
        <firstName>Andy</firstName>
        <middleName />
        <lastName>Levin</lastName>
        <party>D</party>
        <state>MI</state>
        <identifiers>
          <lisID>2408</lisID>
          <bioguideId>L000592</bioguideId>
          <gpoId />
        </identifiers>
        <district>9</district>
        <sponsorshipDate>2021-02-22</sponsorshipDate>
        <isOriginalCosponsor>True</isOriginalCosponsor>
        <sponsorshipWithdrawnDate />
      </item>
      <item>
        <bioguideId>N000191</bioguideId>
        <fullName>Rep. Neguse, Joe [D-CO-2]</fullName>
        <firstName>Joe</firstName>
        <middleName />
        <lastName>Neguse</lastName>
        <party>D</party>
        <state>CO</state>
        <identifiers>
          <lisID>2384</lisID>
          <bioguideId>N000191</bioguideId>
          <gpoId />
        </identifiers>
        <district>2</district>
        <sponsorshipDate>2021-02-22</sponsorshipDate>
        <isOriginalCosponsor>True</isOriginalCosponsor>
        <sponsorshipWithdrawnDate />
      </item>
      <item>
        <bioguideId>S001157</bioguideId>
        <fullName>Rep. Scott, David [D-GA-13]</fullName>
        <firstName>David</firstName>
        <middleName />
        <lastName>Scott</lastName>
        <party>D</party>
        <state>GA</state>
        <identifiers>
          <lisID>1722</lisID>
          <bioguideId>S001157</bioguideId>
          <gpoId>7910</gpoId>
        </identifiers>
        <district>13</district>
        <sponsorshipDate>2021-02-22</sponsorshipDate>
        <isOriginalCosponsor>True</isOriginalCosponsor>
        <sponsorshipWithdrawnDate />
      </item>
      <item>
        <bioguideId>K000381</bioguideId>
        <fullName>Rep. Kilmer, Derek [D-WA-6]</fullName>
        <firstName>Derek</firstName>
        <middleName />
        <lastName>Kilmer</lastName>
        <party>D</party>
        <state>WA</state>
        <identifiers>
          <lisID>2169</lisID>
          <bioguideId>K000381</bioguideId>
          <gpoId />
        </identifiers>
        <district>6</district>
        <sponsorshipDate>2021-02-22</sponsorshipDate>
        <isOriginalCosponsor>True</isOriginalCosponsor>
        <sponsorshipWithdrawnDate />
      </item>
      <item>
        <bioguideId>B000490</bioguideId>
        <fullName>Rep. Bishop, Sanford D., Jr. [D-GA-2]</fullName>
        <firstName>SANFORD</firstName>
        <middleName>D.</middleName>
        <lastName>BISHOP</lastName>
        <party>D</party>
        <state>GA</state>
        <identifiers>
          <lisID>91</lisID>
          <bioguideId>B000490</bioguideId>
          <gpoId>7899</gpoId>
        </identifiers>
        <district>2</district>
        <sponsorshipDate>2021-02-22</sponsorshipDate>
        <isOriginalCosponsor>True</isOriginalCosponsor>
        <sponsorshipWithdrawnDate />
      </item>
      <item>
        <bioguideId>D000096</bioguideId>
        <fullName>Rep. Davis, Danny K. [D-IL-7]</fullName>
        <firstName>DANNY</firstName>
        <middleName>K.</middleName>
        <lastName>DAVIS</lastName>
        <party>D</party>
        <state>IL</state>
        <identifiers>
          <lisID>1477</lisID>
          <bioguideId>D000096</bioguideId>
          <gpoId>7927</gpoId>
        </identifiers>
        <district>7</district>
        <sponsorshipDate>2021-02-22</sponsorshipDate>
        <isOriginalCosponsor>True</isOriginalCosponsor>
        <sponsorshipWithdrawnDate />
      </item>
      <item>
        <bioguideId>C001117</bioguideId>
        <fullName>Rep. Casten, Sean [D-IL-6]</fullName>
        <firstName>Sean</firstName>
        <middleName />
        <lastName>Casten</lastName>
        <party>D</party>
        <state>IL</state>
        <identifiers>
          <lisID>2398</lisID>
          <bioguideId>C001117</bioguideId>
          <gpoId />
        </identifiers>
        <district>6</district>
        <sponsorshipDate>2021-02-22</sponsorshipDate>
        <isOriginalCosponsor>True</isOriginalCosponsor>
        <sponsorshipWithdrawnDate />
      </item>
      <item>
        <bioguideId>T000468</bioguideId>
        <fullName>Rep. Titus, Dina [D-NV-1]</fullName>
        <firstName>Dina</firstName>
        <middleName />
        <lastName>Titus</lastName>
        <party>D</party>
        <state>NV</state>
        <identifiers>
          <lisID>1940</lisID>
          <bioguideId>T000468</bioguideId>
          <gpoId>7493</gpoId>
        </identifiers>
        <district>1</district>
        <sponsorshipDate>2021-02-22</sponsorshipDate>
        <isOriginalCosponsor>True</isOriginalCosponsor>
        <sponsorshipWithdrawnDate />
      </item>
      <item>
        <bioguideId>G000574</bioguideId>
        <fullName>Rep. Gallego, Ruben [D-AZ-7]</fullName>
        <firstName>Ruben</firstName>
        <middleName />
        <lastName>Gallego</lastName>
        <party>D</party>
        <state>AZ</state>
        <identifiers>
          <lisID>2226</lisID>
          <bioguideId>G000574</bioguideId>
          <gpoId />
        </identifiers>
        <district>7</district>
        <sponsorshipDate>2021-02-22</sponsorshipDate>
        <isOriginalCosponsor>True</isOriginalCosponsor>
        <sponsorshipWithdrawnDate />
      </item>
      <item>
        <bioguideId>S001201</bioguideId>
        <fullName>Rep. Suozzi, Thomas R. [D-NY-3]</fullName>
        <firstName>Thomas</firstName>
        <middleName>R.</middleName>
        <lastName>Suozzi</lastName>
        <party>D</party>
        <state>NY</state>
        <identifiers>
          <lisID>2341</lisID>
          <bioguideId>S001201</bioguideId>
          <gpoId />
        </identifiers>
        <district>3</district>
        <sponsorshipDate>2021-02-22</sponsorshipDate>
        <isOriginalCosponsor>True</isOriginalCosponsor>
        <sponsorshipWithdrawnDate />
      </item>
      <item>
        <bioguideId>M001206</bioguideId>
        <fullName>Rep. Morelle, Joseph D. [D-NY-25]</fullName>
        <firstName>Joseph</firstName>
        <middleName>D.</middleName>
        <lastName>Morelle</lastName>
        <party>D</party>
        <state>NY</state>
        <identifiers>
          <lisID>2371</lisID>
          <bioguideId>M001206</bioguideId>
          <gpoId />
        </identifiers>
        <district>25</district>
        <sponsorshipDate>2021-02-22</sponsorshipDate>
        <isOriginalCosponsor>True</isOriginalCosponsor>
        <sponsorshipWithdrawnDate />
      </item>
      <item>
        <bioguideId>S001145</bioguideId>
        <fullName>Rep. Schakowsky, Janice D. [D-IL-9]</fullName>
        <firstName>JANICE</firstName>
        <middleName>D.</middleName>
        <lastName>SCHAKOWSKY</lastName>
        <party>D</party>
        <state>IL</state>
        <identifiers>
          <lisID>1588</lisID>
          <bioguideId>S001145</bioguideId>
          <gpoId>7929</gpoId>
        </identifiers>
        <district>9</district>
        <sponsorshipDate>2021-02-22</sponsorshipDate>
        <isOriginalCosponsor>True</isOriginalCosponsor>
        <sponsorshipWithdrawnDate />
      </item>
      <item>
        <bioguideId>M000312</bioguideId>
        <fullName>Rep. McGovern, James P. [D-MA-2]</fullName>
        <firstName>JAMES</firstName>
        <middleName>P.</middleName>
        <lastName>MCGOVERN</lastName>
        <party>D</party>
        <state>MA</state>
        <identifiers>
          <lisID>1504</lisID>
          <bioguideId>M000312</bioguideId>
          <gpoId>7968</gpoId>
        </identifiers>
        <district>2</district>
        <sponsorshipDate>2021-02-22</sponsorshipDate>
        <isOriginalCosponsor>True</isOriginalCosponsor>
        <sponsorshipWithdrawnDate />
      </item>
      <item>
        <bioguideId>G000551</bioguideId>
        <fullName>Rep. Grijalva, Raúl M. [D-AZ-3]</fullName>
        <firstName>Raúl</firstName>
        <middleName>M.</middleName>
        <lastName>Grijalva</lastName>
        <party>D</party>
        <state>AZ</state>
        <identifiers>
          <lisID>1708</lisID>
          <bioguideId>G000551</bioguideId>
          <gpoId>7804</gpoId>
        </identifiers>
        <district>3</district>
        <sponsorshipDate>2021-02-22</sponsorshipDate>
        <isOriginalCosponsor>True</isOriginalCosponsor>
        <sponsorshipWithdrawnDate />
      </item>
      <item>
        <bioguideId>S001212</bioguideId>
        <fullName>Rep. Stauber, Pete [R-MN-8]</fullName>
        <firstName>Pete</firstName>
        <middleName />
        <lastName>Stauber</lastName>
        <party>R</party>
        <state>MN</state>
        <identifiers>
          <lisID>2415</lisID>
          <bioguideId>S001212</bioguideId>
          <gpoId />
        </identifiers>
        <district>8</district>
        <sponsorshipDate>2021-02-22</sponsorshipDate>
        <isOriginalCosponsor>True</isOriginalCosponsor>
        <sponsorshipWithdrawnDate />
      </item>
      <item>
        <bioguideId>B000574</bioguideId>
        <fullName>Rep. Blumenauer, Earl [D-OR-3]</fullName>
        <firstName>EARL</firstName>
        <middleName />
        <lastName>BLUMENAUER</lastName>
        <party>D</party>
        <state>OR</state>
        <identifiers>
          <lisID>99</lisID>
          <bioguideId>B000574</bioguideId>
          <gpoId>8116</gpoId>
        </identifiers>
        <district>3</district>
        <sponsorshipDate>2021-02-22</sponsorshipDate>
        <isOriginalCosponsor>True</isOriginalCosponsor>
        <sponsorshipWithdrawnDate />
      </item>
      <item>
        <bioguideId>C001119</bioguideId>
        <fullName>Rep. Craig, Angie [D-MN-2]</fullName>
        <firstName>Angie</firstName>
        <middleName />
        <lastName>Craig</lastName>
        <party>D</party>
        <state>MN</state>
        <identifiers>
          <lisID>2412</lisID>
          <bioguideId>C001119</bioguideId>
          <gpoId />
        </identifiers>
        <district>2</district>
        <sponsorshipDate>2021-02-22</sponsorshipDate>
        <isOriginalCosponsor>True</isOriginalCosponsor>
        <sponsorshipWithdrawnDate />
      </item>
      <item>
        <bioguideId>S001150</bioguideId>
        <fullName>Rep. Schiff, Adam B. [D-CA-28]</fullName>
        <firstName>ADAM</firstName>
        <middleName>B.</middleName>
        <lastName>SCHIFF</lastName>
        <party>D</party>
        <state>CA</state>
        <identifiers>
          <lisID>1635</lisID>
          <bioguideId>S001150</bioguideId>
          <gpoId>7834</gpoId>
        </identifiers>
        <district>28</district>
        <sponsorshipDate>2021-02-22</sponsorshipDate>
        <isOriginalCosponsor>True</isOriginalCosponsor>
        <sponsorshipWithdrawnDate />
      </item>
      <item>
        <bioguideId>B001303</bioguideId>
        <fullName>Rep. Blunt Rochester, Lisa [D-DE-At Large]</fullName>
        <firstName>Lisa</firstName>
        <middleName />
        <lastName>Blunt Rochester</lastName>
        <party>D</party>
        <state>DE</state>
        <identifiers>
          <lisID>2313</lisID>
          <bioguideId>B001303</bioguideId>
          <gpoId />
        </identifiers>
        <district>0</district>
        <sponsorshipDate>2021-02-22</sponsorshipDate>
        <isOriginalCosponsor>True</isOriginalCosponsor>
        <sponsorshipWithdrawnDate />
      </item>
      <item>
        <bioguideId>S001205</bioguideId>
        <fullName>Rep. Scanlon, Mary Gay [D-PA-5]</fullName>
        <firstName>Mary</firstName>
        <middleName>Gay</middleName>
        <lastName>Scanlon</lastName>
        <party>D</party>
        <state>PA</state>
        <identifiers>
          <lisID>2373</lisID>
          <bioguideId>S001205</bioguideId>
          <gpoId />
        </identifiers>
        <district>5</district>
        <sponsorshipDate>2021-02-22</sponsorshipDate>
        <isOriginalCosponsor>True</isOriginalCosponsor>
        <sponsorshipWithdrawnDate />
      </item>
      <item>
        <bioguideId>H000324</bioguideId>
        <fullName>Rep. Hastings, Alcee L. [D-FL-20]</fullName>
        <firstName>ALCEE</firstName>
        <middleName>L.</middleName>
        <lastName>HASTINGS</lastName>
        <party>D</party>
        <state>FL</state>
        <identifiers>
          <lisID>511</lisID>
          <bioguideId>H000324</bioguideId>
          <gpoId>7895</gpoId>
        </identifiers>
        <district>20</district>
        <sponsorshipDate>2021-02-22</sponsorshipDate>
        <isOriginalCosponsor>True</isOriginalCosponsor>
        <sponsorshipWithdrawnDate />
      </item>
      <item>
        <bioguideId>N000192</bioguideId>
        <fullName>Rep. Newman, Marie [D-IL-3]</fullName>
        <firstName>Marie</firstName>
        <middleName />
        <lastName>Newman</lastName>
        <party>D</party>
        <state>IL</state>
        <identifiers>
          <lisID>2504</lisID>
          <bioguideId>N000192</bioguideId>
          <gpoId />
        </identifiers>
        <district>3</district>
        <sponsorshipDate>2021-02-22</sponsorshipDate>
        <isOriginalCosponsor>True</isOriginalCosponsor>
        <sponsorshipWithdrawnDate />
      </item>
      <item>
        <bioguideId>H001072</bioguideId>
        <fullName>Rep. Hill, J. French [R-AR-2]</fullName>
        <firstName>J.</firstName>
        <middleName>French</middleName>
        <lastName>Hill</lastName>
        <party>R</party>
        <state>AR</state>
        <identifiers>
          <lisID>2223</lisID>
          <bioguideId>H001072</bioguideId>
          <gpoId />
        </identifiers>
        <district>2</district>
        <sponsorshipDate>2021-02-22</sponsorshipDate>
        <isOriginalCosponsor>True</isOriginalCosponsor>
        <sponsorshipWithdrawnDate />
      </item>
      <item>
        <bioguideId>P000610</bioguideId>
        <fullName>Del. Plaskett, Stacey E. [D-VI-At Large]</fullName>
        <firstName>Stacey</firstName>
        <middleName>E.</middleName>
        <lastName>Plaskett</lastName>
        <party>D</party>
        <state>VI</state>
        <identifiers>
          <lisID>2274</lisID>
          <bioguideId>P000610</bioguideId>
          <gpoId />
        </identifiers>
        <district>0</district>
        <sponsorshipDate>2021-02-22</sponsorshipDate>
        <isOriginalCosponsor>True</isOriginalCosponsor>
        <sponsorshipWithdrawnDate />
      </item>
      <item>
        <bioguideId>L000588</bioguideId>
        <fullName>Rep. Lamb, Conor [D-PA-17]</fullName>
        <firstName>Conor</firstName>
        <middleName />
        <lastName>Lamb</lastName>
        <party>D</party>
        <state>PA</state>
        <identifiers>
          <lisID>2367</lisID>
          <bioguideId>L000588</bioguideId>
          <gpoId />
        </identifiers>
        <district>17</district>
        <sponsorshipDate>2021-02-22</sponsorshipDate>
        <isOriginalCosponsor>True</isOriginalCosponsor>
        <sponsorshipWithdrawnDate />
      </item>
      <item>
        <bioguideId>S001159</bioguideId>
        <fullName>Rep. Strickland, Marilyn [D-WA-10]</fullName>
        <firstName>Marilyn</firstName>
        <middleName />
        <lastName>Strickland</lastName>
        <party>D</party>
        <state>WA</state>
        <identifiers>
          <lisID>2539</lisID>
          <bioguideId>S001159</bioguideId>
          <gpoId />
        </identifiers>
        <district>10</district>
        <sponsorshipDate>2021-02-22</sponsorshipDate>
        <isOriginalCosponsor>True</isOriginalCosponsor>
        <sponsorshipWithdrawnDate />
      </item>
      <item>
        <bioguideId>D000191</bioguideId>
        <fullName>Rep. DeFazio, Peter A. [D-OR-4]</fullName>
        <firstName>PETER</firstName>
        <middleName>A.</middleName>
        <lastName>DEFAZIO</lastName>
        <party>D</party>
        <state>OR</state>
        <identifiers>
          <lisID>279</lisID>
          <bioguideId>D000191</bioguideId>
          <gpoId>8117</gpoId>
        </identifiers>
        <district>4</district>
        <sponsorshipDate>2021-02-22</sponsorshipDate>
        <isOriginalCosponsor>True</isOriginalCosponsor>
        <sponsorshipWithdrawnDate />
      </item>
      <item>
        <bioguideId>K000188</bioguideId>
        <fullName>Rep. Kind, Ron [D-WI-3]</fullName>
        <firstName>RON</firstName>
        <middleName />
        <lastName>KIND</lastName>
        <party>D</party>
        <state>WI</state>
        <identifiers>
          <lisID>1498</lisID>
          <bioguideId>K000188</bioguideId>
          <gpoId>8216</gpoId>
        </identifiers>
        <district>3</district>
        <sponsorshipDate>2021-02-22</sponsorshipDate>
        <isOriginalCosponsor>True</isOriginalCosponsor>
        <sponsorshipWithdrawnDate />
      </item>
      <item>
        <bioguideId>J000295</bioguideId>
        <fullName>Rep. Joyce, David P. [R-OH-14]</fullName>
        <firstName>David</firstName>
        <middleName>P.</middleName>
        <lastName>Joyce</lastName>
        <party>R</party>
        <state>OH</state>
        <identifiers>
          <lisID>2154</lisID>
          <bioguideId>J000295</bioguideId>
          <gpoId />
        </identifiers>
        <district>14</district>
        <sponsorshipDate>2021-02-22</sponsorshipDate>
        <isOriginalCosponsor>True</isOriginalCosponsor>
        <sponsorshipWithdrawnDate />
      </item>
      <item>
        <bioguideId>D000617</bioguideId>
        <fullName>Rep. DelBene, Suzan K. [D-WA-1]</fullName>
        <firstName>Suzan</firstName>
        <middleName>K.</middleName>
        <lastName>DelBene</lastName>
        <party>D</party>
        <state>WA</state>
        <identifiers>
          <lisID>2096</lisID>
          <bioguideId>D000617</bioguideId>
          <gpoId>8374</gpoId>
        </identifiers>
        <district>1</district>
        <sponsorshipDate>2021-02-22</sponsorshipDate>
        <isOriginalCosponsor>True</isOriginalCosponsor>
        <sponsorshipWithdrawnDate />
      </item>
      <item>
        <bioguideId>S001165</bioguideId>
        <fullName>Rep. Sires, Albio [D-NJ-8]</fullName>
        <firstName>Albio</firstName>
        <middleName />
        <lastName>Sires</lastName>
        <party>D</party>
        <state>NJ</state>
        <identifiers>
          <lisID>1818</lisID>
          <bioguideId>S001165</bioguideId>
          <gpoId>8055</gpoId>
        </identifiers>
        <district>8</district>
        <sponsorshipDate>2021-02-22</sponsorshipDate>
        <isOriginalCosponsor>True</isOriginalCosponsor>
        <sponsorshipWithdrawnDate />
      </item>
      <item>
        <bioguideId>C001121</bioguideId>
        <fullName>Rep. Crow, Jason [D-CO-6]</fullName>
        <firstName>Jason</firstName>
        <middleName />
        <lastName>Crow</lastName>
        <party>D</party>
        <state>CO</state>
        <identifiers>
          <lisID>2385</lisID>
          <bioguideId>C001121</bioguideId>
          <gpoId />
        </identifiers>
        <district>6</district>
        <sponsorshipDate>2021-02-22</sponsorshipDate>
        <isOriginalCosponsor>True</isOriginalCosponsor>
        <sponsorshipWithdrawnDate />
      </item>
      <item>
        <bioguideId>S001187</bioguideId>
        <fullName>Rep. Stivers, Steve [R-OH-15]</fullName>
        <firstName>Steve</firstName>
        <middleName />
        <lastName>Stivers</lastName>
        <party>R</party>
        <state>OH</state>
        <identifiers>
          <lisID>2047</lisID>
          <bioguideId>S001187</bioguideId>
          <gpoId>8105</gpoId>
        </identifiers>
        <district>15</district>
        <sponsorshipDate>2021-02-22</sponsorshipDate>
        <isOriginalCosponsor>True</isOriginalCosponsor>
        <sponsorshipWithdrawnDate />
      </item>
      <item>
        <bioguideId>C001078</bioguideId>
        <fullName>Rep. Connolly, Gerald E. [D-VA-11]</fullName>
        <firstName>Gerald</firstName>
        <middleName>E.</middleName>
        <lastName>Connolly</lastName>
        <party>D</party>
        <state>VA</state>
        <identifiers>
          <lisID>1959</lisID>
          <bioguideId>C001078</bioguideId>
          <gpoId>8202</gpoId>
        </identifiers>
        <district>11</district>
        <sponsorshipDate>2021-02-22</sponsorshipDate>
        <isOriginalCosponsor>True</isOriginalCosponsor>
        <sponsorshipWithdrawnDate />
      </item>
      <item>
        <bioguideId>R000606</bioguideId>
        <fullName>Rep. Raskin, Jamie [D-MD-8]</fullName>
        <firstName>Jamie</firstName>
        <middleName />
        <lastName>Raskin</lastName>
        <party>D</party>
        <state>MD</state>
        <identifiers>
          <lisID>2332</lisID>
          <bioguideId>R000606</bioguideId>
          <gpoId />
        </identifiers>
        <district>8</district>
        <sponsorshipDate>2021-02-22</sponsorshipDate>
        <isOriginalCosponsor>True</isOriginalCosponsor>
        <sponsorshipWithdrawnDate />
      </item>
      <item>
        <bioguideId>N000179</bioguideId>
        <fullName>Rep. Napolitano, Grace F. [D-CA-32]</fullName>
        <firstName>GRACE</firstName>
        <middleName>F.</middleName>
        <lastName>NAPOLITANO</lastName>
        <party>D</party>
        <state>CA</state>
        <identifiers>
          <lisID>1602</lisID>
          <bioguideId>N000179</bioguideId>
          <gpoId>7843</gpoId>
        </identifiers>
        <district>32</district>
        <sponsorshipDate>2021-02-22</sponsorshipDate>
        <isOriginalCosponsor>True</isOriginalCosponsor>
        <sponsorshipWithdrawnDate />
      </item>
      <item>
        <bioguideId>P000034</bioguideId>
        <fullName>Rep. Pallone, Frank, Jr. [D-NJ-6]</fullName>
        <firstName>FRANK</firstName>
        <middleName />
        <lastName>PALLONE</lastName>
        <party>D</party>
        <state>NJ</state>
        <identifiers>
          <lisID>887</lisID>
          <bioguideId>P000034</bioguideId>
          <gpoId>8048</gpoId>
        </identifiers>
        <district>6</district>
        <sponsorshipDate>2021-02-22</sponsorshipDate>
        <isOriginalCosponsor>True</isOriginalCosponsor>
        <sponsorshipWithdrawnDate />
      </item>
      <item>
        <bioguideId>T000472</bioguideId>
        <fullName>Rep. Takano, Mark [D-CA-41]</fullName>
        <firstName>Mark</firstName>
        <middleName />
        <lastName>Takano</lastName>
        <party>D</party>
        <state>CA</state>
        <identifiers>
          <lisID>2110</lisID>
          <bioguideId>T000472</bioguideId>
          <gpoId />
        </identifiers>
        <district>41</district>
        <sponsorshipDate>2021-02-22</sponsorshipDate>
        <isOriginalCosponsor>True</isOriginalCosponsor>
        <sponsorshipWithdrawnDate />
      </item>
      <item>
        <bioguideId>L000551</bioguideId>
        <fullName>Rep. Lee, Barbara [D-CA-13]</fullName>
        <firstName>BARBARA</firstName>
        <middleName />
        <lastName>LEE</lastName>
        <party>D</party>
        <state>CA</state>
        <identifiers>
          <lisID>1501</lisID>
          <bioguideId>L000551</bioguideId>
          <gpoId>7814</gpoId>
        </identifiers>
        <district>13</district>
        <sponsorshipDate>2021-02-22</sponsorshipDate>
        <isOriginalCosponsor>True</isOriginalCosponsor>
        <sponsorshipWithdrawnDate />
      </item>
      <item>
        <bioguideId>L000559</bioguideId>
        <fullName>Rep. Langevin, James R. [D-RI-2]</fullName>
        <firstName>JAMES</firstName>
        <middleName>R.</middleName>
        <lastName>LANGEVIN</lastName>
        <party>D</party>
        <state>RI</state>
        <identifiers>
          <lisID>1668</lisID>
          <bioguideId>L000559</bioguideId>
          <gpoId>8140</gpoId>
        </identifiers>
        <district>2</district>
        <sponsorshipDate>2021-02-22</sponsorshipDate>
        <isOriginalCosponsor>True</isOriginalCosponsor>
        <sponsorshipWithdrawnDate />
      </item>
      <item>
        <bioguideId>Y000062</bioguideId>
        <fullName>Rep. Yarmuth, John A. [D-KY-3]</fullName>
        <firstName>John</firstName>
        <middleName>A.</middleName>
        <lastName>Yarmuth</lastName>
        <party>D</party>
        <state>KY</state>
        <identifiers>
          <lisID>1853</lisID>
          <bioguideId>Y000062</bioguideId>
          <gpoId>7955</gpoId>
        </identifiers>
        <district>3</district>
        <sponsorshipDate>2021-02-22</sponsorshipDate>
        <isOriginalCosponsor>True</isOriginalCosponsor>
        <sponsorshipWithdrawnDate />
      </item>
      <item>
        <bioguideId>L000579</bioguideId>
        <fullName>Rep. Lowenthal, Alan S. [D-CA-47]</fullName>
        <firstName>Alan</firstName>
        <middleName>S.</middleName>
        <lastName>Lowenthal</lastName>
        <party>D</party>
        <state>CA</state>
        <identifiers>
          <lisID>2111</lisID>
          <bioguideId>L000579</bioguideId>
          <gpoId />
        </identifiers>
        <district>47</district>
        <sponsorshipDate>2021-02-22</sponsorshipDate>
        <isOriginalCosponsor>True</isOriginalCosponsor>
        <sponsorshipWithdrawnDate />
      </item>
      <item>
        <bioguideId>H001085</bioguideId>
        <fullName>Rep. Houlahan, Chrissy [D-PA-6]</fullName>
        <firstName>Chrissy</firstName>
        <middleName />
        <lastName>Houlahan</lastName>
        <party>D</party>
        <state>PA</state>
        <identifiers>
          <lisID>2433</lisID>
          <bioguideId>H001085</bioguideId>
          <gpoId />
        </identifiers>
        <district>6</district>
        <sponsorshipDate>2021-02-22</sponsorshipDate>
        <isOriginalCosponsor>True</isOriginalCosponsor>
        <sponsorshipWithdrawnDate />
      </item>
      <item>
        <bioguideId>M001203</bioguideId>
        <fullName>Rep. Malinowski, Tom [D-NJ-7]</fullName>
        <firstName>Tom</firstName>
        <middleName />
        <lastName>Malinowski</lastName>
        <party>D</party>
        <state>NJ</state>
        <identifiers>
          <lisID>2421</lisID>
          <bioguideId>M001203</bioguideId>
          <gpoId />
        </identifiers>
        <district>7</district>
        <sponsorshipDate>2021-02-22</sponsorshipDate>
        <isOriginalCosponsor>True</isOriginalCosponsor>
        <sponsorshipWithdrawnDate />
      </item>
      <item>
        <bioguideId>E000297</bioguideId>
        <fullName>Rep. Espaillat, Adriano [D-NY-13]</fullName>
        <firstName>Adriano</firstName>
        <middleName />
        <lastName>Espaillat</lastName>
        <party>D</party>
        <state>NY</state>
        <identifiers>
          <lisID>2342</lisID>
          <bioguideId>E000297</bioguideId>
          <gpoId />
        </identifiers>
        <district>13</district>
        <sponsorshipDate>2021-02-22</sponsorshipDate>
        <isOriginalCosponsor>True</isOriginalCosponsor>
        <sponsorshipWithdrawnDate />
      </item>
      <item>
        <bioguideId>P000597</bioguideId>
        <fullName>Rep. Pingree, Chellie [D-ME-1]</fullName>
        <firstName>Chellie</firstName>
        <middleName />
        <lastName>Pingree</lastName>
        <party>D</party>
        <state>ME</state>
        <identifiers>
          <lisID>1927</lisID>
          <bioguideId>P000597</bioguideId>
          <gpoId>7984</gpoId>
        </identifiers>
        <district>1</district>
        <sponsorshipDate>2021-02-22</sponsorshipDate>
        <isOriginalCosponsor>True</isOriginalCosponsor>
        <sponsorshipWithdrawnDate />
      </item>
      <item>
        <bioguideId>B001304</bioguideId>
        <fullName>Rep. Brown, Anthony G. [D-MD-4]</fullName>
        <firstName>Anthony</firstName>
        <middleName>G.</middleName>
        <lastName>Brown</lastName>
        <party>D</party>
        <state>MD</state>
        <identifiers>
          <lisID>2331</lisID>
          <bioguideId>B001304</bioguideId>
          <gpoId />
        </identifiers>
        <district>4</district>
        <sponsorshipDate>2021-02-22</sponsorshipDate>
        <isOriginalCosponsor>True</isOriginalCosponsor>
        <sponsorshipWithdrawnDate />
      </item>
      <item>
        <bioguideId>T000483</bioguideId>
        <fullName>Rep. Trone, David J. [D-MD-6]</fullName>
        <firstName>David</firstName>
        <middleName>J.</middleName>
        <lastName>Trone</lastName>
        <party>D</party>
        <state>MD</state>
        <identifiers>
          <lisID>2406</lisID>
          <bioguideId>T000483</bioguideId>
          <gpoId />
        </identifiers>
        <district>6</district>
        <sponsorshipDate>2021-02-22</sponsorshipDate>
        <isOriginalCosponsor>True</isOriginalCosponsor>
        <sponsorshipWithdrawnDate />
      </item>
      <item>
        <bioguideId>W000808</bioguideId>
        <fullName>Rep. Wilson, Frederica S. [D-FL-24]</fullName>
        <firstName>Frederica</firstName>
        <middleName>S.</middleName>
        <lastName>Wilson</lastName>
        <party>D</party>
        <state>FL</state>
        <identifiers>
          <lisID>2004</lisID>
          <bioguideId>W000808</bioguideId>
          <gpoId>7889</gpoId>
        </identifiers>
        <district>24</district>
        <sponsorshipDate>2021-02-22</sponsorshipDate>
        <isOriginalCosponsor>True</isOriginalCosponsor>
        <sponsorshipWithdrawnDate />
      </item>
      <item>
        <bioguideId>S001177</bioguideId>
        <fullName>Del. Sablan, Gregorio Kilili Camacho [D-MP-At Large]</fullName>
        <firstName>Gregorio</firstName>
        <middleName>Kilili Camacho</middleName>
        <lastName>Sablan</lastName>
        <party>D</party>
        <state>MP</state>
        <identifiers>
          <lisID>1962</lisID>
          <bioguideId>S001177</bioguideId>
          <gpoId>8018</gpoId>
        </identifiers>
        <district>0</district>
        <sponsorshipDate>2021-02-22</sponsorshipDate>
        <isOriginalCosponsor>True</isOriginalCosponsor>
        <sponsorshipWithdrawnDate />
      </item>
      <item>
        <bioguideId>K000382</bioguideId>
        <fullName>Rep. Kuster, Ann M. [D-NH-2]</fullName>
        <firstName>Ann</firstName>
        <middleName>M.</middleName>
        <lastName>Kuster</lastName>
        <party>D</party>
        <state>NH</state>
        <identifiers>
          <lisID>2145</lisID>
          <bioguideId>K000382</bioguideId>
          <gpoId />
        </identifiers>
        <district>2</district>
        <sponsorshipDate>2021-02-22</sponsorshipDate>
        <isOriginalCosponsor>True</isOriginalCosponsor>
        <sponsorshipWithdrawnDate />
      </item>
      <item>
        <bioguideId>S001185</bioguideId>
        <fullName>Rep. Sewell, Terri A. [D-AL-7]</fullName>
        <firstName>Terri</firstName>
        <middleName>A.</middleName>
        <lastName>Sewell</lastName>
        <party>D</party>
        <state>AL</state>
        <identifiers>
          <lisID>1988</lisID>
          <bioguideId>S001185</bioguideId>
          <gpoId>7792</gpoId>
        </identifiers>
        <district>7</district>
        <sponsorshipDate>2021-02-22</sponsorshipDate>
        <isOriginalCosponsor>True</isOriginalCosponsor>
        <sponsorshipWithdrawnDate />
      </item>
      <item>
        <bioguideId>P000617</bioguideId>
        <fullName>Rep. Pressley, Ayanna [D-MA-7]</fullName>
        <firstName>Ayanna</firstName>
        <middleName />
        <lastName>Pressley</lastName>
        <party>D</party>
        <state>MA</state>
        <identifiers>
          <lisID>2405</lisID>
          <bioguideId>P000617</bioguideId>
          <gpoId />
        </identifiers>
        <district>7</district>
        <sponsorshipDate>2021-02-22</sponsorshipDate>
        <isOriginalCosponsor>True</isOriginalCosponsor>
        <sponsorshipWithdrawnDate />
      </item>
      <item>
        <bioguideId>A000148</bioguideId>
        <fullName>Rep. Auchincloss, Jake [D-MA-4]</fullName>
        <firstName>Jake</firstName>
        <middleName />
        <lastName>Auchincloss</lastName>
        <party>D</party>
        <state>MA</state>
        <identifiers>
          <lisID>2510</lisID>
          <bioguideId>A000148</bioguideId>
          <gpoId />
        </identifiers>
        <district>4</district>
        <sponsorshipDate>2021-02-22</sponsorshipDate>
        <isOriginalCosponsor>True</isOriginalCosponsor>
        <sponsorshipWithdrawnDate />
      </item>
      <item>
        <bioguideId>P000523</bioguideId>
        <fullName>Rep. Price, David E. [D-NC-4]</fullName>
        <firstName>DAVID</firstName>
        <middleName>E.</middleName>
        <lastName>PRICE</lastName>
        <party>D</party>
        <state>NC</state>
        <identifiers>
          <lisID>930</lisID>
          <bioguideId>P000523</bioguideId>
          <gpoId>8027</gpoId>
        </identifiers>
        <district>4</district>
        <sponsorshipDate>2021-02-22</sponsorshipDate>
        <isOriginalCosponsor>True</isOriginalCosponsor>
        <sponsorshipWithdrawnDate />
      </item>
      <item>
        <bioguideId>C001072</bioguideId>
        <fullName>Rep. Carson, Andre [D-IN-7]</fullName>
        <firstName>Andre</firstName>
        <middleName />
        <lastName>Carson</lastName>
        <party>D</party>
        <state>IN</state>
        <identifiers>
          <lisID>1889</lisID>
          <bioguideId>C001072</bioguideId>
          <gpoId>7946</gpoId>
        </identifiers>
        <district>7</district>
        <sponsorshipDate>2021-02-22</sponsorshipDate>
        <isOriginalCosponsor>True</isOriginalCosponsor>
        <sponsorshipWithdrawnDate />
      </item>
      <item>
        <bioguideId>P000604</bioguideId>
        <fullName>Rep. Payne, Donald M., Jr. [D-NJ-10]</fullName>
        <firstName>Donald</firstName>
        <middleName>M.</middleName>
        <lastName>Payne</lastName>
        <party>D</party>
        <state>NJ</state>
        <identifiers>
          <lisID>2097</lisID>
          <bioguideId>P000604</bioguideId>
          <gpoId>8373</gpoId>
        </identifiers>
        <district>10</district>
        <sponsorshipDate>2021-02-22</sponsorshipDate>
        <isOriginalCosponsor>True</isOriginalCosponsor>
        <sponsorshipWithdrawnDate />
      </item>
      <item>
        <bioguideId>W000825</bioguideId>
        <fullName>Rep. Wexton, Jennifer [D-VA-10]</fullName>
        <firstName>Jennifer</firstName>
        <middleName />
        <lastName>Wexton</lastName>
        <party>D</party>
        <state>VA</state>
        <identifiers>
          <lisID>2457</lisID>
          <bioguideId>W000825</bioguideId>
          <gpoId />
        </identifiers>
        <district>10</district>
        <sponsorshipDate>2021-02-22</sponsorshipDate>
        <isOriginalCosponsor>True</isOriginalCosponsor>
        <sponsorshipWithdrawnDate />
      </item>
      <item>
        <bioguideId>M001190</bioguideId>
        <fullName>Rep. Mullin, Markwayne [R-OK-2]</fullName>
        <firstName>Markwayne</firstName>
        <middleName />
        <lastName>Mullin</lastName>
        <party>R</party>
        <state>OK</state>
        <identifiers>
          <lisID>2156</lisID>
          <bioguideId>M001190</bioguideId>
          <gpoId />
        </identifiers>
        <district>2</district>
        <sponsorshipDate>2021-02-22</sponsorshipDate>
        <isOriginalCosponsor>True</isOriginalCosponsor>
        <sponsorshipWithdrawnDate />
      </item>
      <item>
        <bioguideId>N000147</bioguideId>
        <fullName>Del. Norton, Eleanor Holmes [D-DC-At Large]</fullName>
        <firstName>ELEANOR</firstName>
        <middleName>HOLMES</middleName>
        <lastName>NORTON</lastName>
        <party>D</party>
        <state>DC</state>
        <identifiers>
          <lisID>868</lisID>
          <bioguideId>N000147</bioguideId>
          <gpoId>7871</gpoId>
        </identifiers>
        <district>0</district>
        <sponsorshipDate>2021-02-22</sponsorshipDate>
        <isOriginalCosponsor>True</isOriginalCosponsor>
        <sponsorshipWithdrawnDate />
      </item>
      <item>
        <bioguideId>D000216</bioguideId>
        <fullName>Rep. DeLauro, Rosa L. [D-CT-3]</fullName>
        <firstName>ROSA</firstName>
        <middleName />
        <lastName>DELAURO</lastName>
        <party>D</party>
        <state>CT</state>
        <identifiers>
          <lisID>281</lisID>
          <bioguideId>D000216</bioguideId>
          <gpoId>7868</gpoId>
        </identifiers>
        <district>3</district>
        <sponsorshipDate>2021-02-22</sponsorshipDate>
        <isOriginalCosponsor>True</isOriginalCosponsor>
        <sponsorshipWithdrawnDate />
      </item>
      <item>
        <bioguideId>A000370</bioguideId>
        <fullName>Rep. Adams, Alma S. [D-NC-12]</fullName>
        <firstName>Alma</firstName>
        <middleName>S.</middleName>
        <lastName>Adams</lastName>
        <party>D</party>
        <state>NC</state>
        <identifiers>
          <lisID>2201</lisID>
          <bioguideId>A000370</bioguideId>
          <gpoId />
        </identifiers>
        <district>12</district>
        <sponsorshipDate>2021-02-22</sponsorshipDate>
        <isOriginalCosponsor>True</isOriginalCosponsor>
        <sponsorshipWithdrawnDate />
      </item>
      <item>
        <bioguideId>K000380</bioguideId>
        <fullName>Rep. Kildee, Daniel T. [D-MI-5]</fullName>
        <firstName>Daniel</firstName>
        <middleName>T.</middleName>
        <lastName>Kildee</lastName>
        <party>D</party>
        <state>MI</state>
        <identifiers>
          <lisID>2134</lisID>
          <bioguideId>K000380</bioguideId>
          <gpoId />
        </identifiers>
        <district>5</district>
        <sponsorshipDate>2021-02-22</sponsorshipDate>
        <isOriginalCosponsor>True</isOriginalCosponsor>
        <sponsorshipWithdrawnDate />
      </item>
      <item>
        <bioguideId>T000460</bioguideId>
        <fullName>Rep. Thompson, Mike [D-CA-5]</fullName>
        <firstName>MIKE</firstName>
        <middleName />
        <lastName>THOMPSON</lastName>
        <party>D</party>
        <state>CA</state>
        <identifiers>
          <lisID>1593</lisID>
          <bioguideId>T000460</bioguideId>
          <gpoId>7806</gpoId>
        </identifiers>
        <district>5</district>
        <sponsorshipDate>2021-02-22</sponsorshipDate>
        <isOriginalCosponsor>True</isOriginalCosponsor>
        <sponsorshipWithdrawnDate />
      </item>
      <item>
        <bioguideId>G000583</bioguideId>
        <fullName>Rep. Gottheimer, Josh [D-NJ-5]</fullName>
        <firstName>Josh</firstName>
        <middleName />
        <lastName>Gottheimer</lastName>
        <party>D</party>
        <state>NJ</state>
        <identifiers>
          <lisID>2338</lisID>
          <bioguideId>G000583</bioguideId>
          <gpoId />
        </identifiers>
        <district>5</district>
        <sponsorshipDate>2021-02-22</sponsorshipDate>
        <isOriginalCosponsor>True</isOriginalCosponsor>
        <sponsorshipWithdrawnDate />
      </item>
      <item>
        <bioguideId>D000619</bioguideId>
        <fullName>Rep. Davis, Rodney [R-IL-13]</fullName>
        <firstName>Rodney</firstName>
        <middleName />
        <lastName>Davis</lastName>
        <party>R</party>
        <state>IL</state>
        <identifiers>
          <lisID>2126</lisID>
          <bioguideId>D000619</bioguideId>
          <gpoId />
        </identifiers>
        <district>13</district>
        <sponsorshipDate>2021-02-23</sponsorshipDate>
        <isOriginalCosponsor>False</isOriginalCosponsor>
        <sponsorshipWithdrawnDate />
      </item>
      <item>
        <bioguideId>M001135</bioguideId>
        <fullName>Rep. Manning, Kathy E. [D-NC-6]</fullName>
        <firstName>Kathy</firstName>
        <middleName>E.</middleName>
        <lastName>Manning</lastName>
        <party>D</party>
        <state>NC</state>
        <identifiers>
          <lisID>2517</lisID>
          <bioguideId>M001135</bioguideId>
          <gpoId />
        </identifiers>
        <district>6</district>
        <sponsorshipDate>2021-02-23</sponsorshipDate>
        <isOriginalCosponsor>False</isOriginalCosponsor>
        <sponsorshipWithdrawnDate />
      </item>
      <item>
        <bioguideId>C001066</bioguideId>
        <fullName>Rep. Castor, Kathy [D-FL-14]</fullName>
        <firstName>Kathy</firstName>
        <middleName />
        <lastName>Castor</lastName>
        <party>D</party>
        <state>FL</state>
        <identifiers>
          <lisID>1839</lisID>
          <bioguideId>C001066</bioguideId>
          <gpoId>7883</gpoId>
        </identifiers>
        <district>14</district>
        <sponsorshipDate>2021-02-24</sponsorshipDate>
        <isOriginalCosponsor>False</isOriginalCosponsor>
        <sponsorshipWithdrawnDate />
      </item>
      <item>
        <bioguideId>D000629</bioguideId>
        <fullName>Rep. Davids, Sharice [D-KS-3]</fullName>
        <firstName>Sharice</firstName>
        <middleName />
        <lastName>Davids</lastName>
        <party>D</party>
        <state>KS</state>
        <identifiers>
          <lisID>2403</lisID>
          <bioguideId>D000629</bioguideId>
          <gpoId />
        </identifiers>
        <district>3</district>
        <sponsorshipDate>2021-02-24</sponsorshipDate>
        <isOriginalCosponsor>False</isOriginalCosponsor>
        <sponsorshipWithdrawnDate />
      </item>
      <item>
        <bioguideId>M001214</bioguideId>
        <fullName>Rep. Mrvan, Frank J. [D-IN-1]</fullName>
        <firstName>Frank</firstName>
        <middleName>J.</middleName>
        <lastName>Mrvan</lastName>
        <party>D</party>
        <state>IN</state>
        <identifiers>
          <lisID>2506</lisID>
          <bioguideId>M001214</bioguideId>
          <gpoId />
        </identifiers>
        <district>1</district>
        <sponsorshipDate>2021-02-24</sponsorshipDate>
        <isOriginalCosponsor>False</isOriginalCosponsor>
        <sponsorshipWithdrawnDate />
      </item>
      <item>
        <bioguideId>J000288</bioguideId>
        <fullName>Rep. Johnson, Henry C. "Hank," Jr. [D-GA-4]</fullName>
        <firstName>Henry</firstName>
        <middleName>C. "Hank"</middleName>
        <lastName>Johnson</lastName>
        <party>D</party>
        <state>GA</state>
        <identifiers>
          <lisID>1843</lisID>
          <bioguideId>J000288</bioguideId>
          <gpoId>7901</gpoId>
        </identifiers>
        <district>4</district>
        <sponsorshipDate>2021-02-25</sponsorshipDate>
        <isOriginalCosponsor>False</isOriginalCosponsor>
        <sponsorshipWithdrawnDate />
      </item>
      <item>
        <bioguideId>W000788</bioguideId>
        <fullName>Rep. Williams, Nikema [D-GA-5]</fullName>
        <firstName>Nikema</firstName>
        <middleName />
        <lastName>Williams</lastName>
        <party>D</party>
        <state>GA</state>
        <identifiers>
          <lisID>2496</lisID>
          <bioguideId>W000788</bioguideId>
          <gpoId />
        </identifiers>
        <district>5</district>
        <sponsorshipDate>2021-11-23</sponsorshipDate>
        <isOriginalCosponsor>False</isOriginalCosponsor>
        <sponsorshipWithdrawnDate />
      </item>
    </cosponsors>
    <cboCostEstimates />
    <laws />
    <notes />
    <policyArea>
      <name>Education</name>
    </policyArea>
    <subjects>
      <billSubjects>
        <legislativeSubjects>
          <item>
            <name>Commemorative events and holidays</name>
          </item>
          <item>
            <name>Elementary and secondary education</name>
          </item>
        </legislativeSubjects>
        <policyArea>
          <name>Education</name>
        </policyArea>
      </billSubjects>
    </subjects>
    <summaries>
      <billSummaries>
        <item>
          <versionCode>00</versionCode>
          <actionDate>2021-02-22</actionDate>
          <actionDesc>Introduced in House</actionDesc>
          <lastSummaryUpdateDate>2021-04-13T20:28:45Z</lastSummaryUpdateDate>
          <text><![CDATA[<p>This resolution supports the designation of Public Schools Week.</p>]]></text>
          <updateDate>2021-02-22T05:00:00Z</updateDate>
          <name>Introduced in House</name>
        </item>
      </billSummaries>
    </summaries>
    <title>Expressing support for the designation of the week of February 22 through February 26, 2021, as "Public Schools Week".</title>
    <titles>
      <item>
        <titleType>Official Title as Introduced</titleType>
        <parentTitleType />
        <title>Expressing support for the designation of the week of February 22 through February 26, 2021, as "Public Schools Week".</title>
        <chamberCode />
        <chamberName />
      </item>
      <item>
        <titleType>Display Title</titleType>
        <parentTitleType />
        <title>Expressing support for the designation of the week of February 22 through February 26, 2021, as "Public Schools Week".</title>
        <chamberCode />
        <chamberName />
      </item>
    </titles>
    <amendments />
    <textVersions>
      <item>
        <type>Introduced in House</type>
        <date>2021-02-22T05:00:00Z</date>
        <formats>
          <item>
            <url>https://www.govinfo.gov/content/pkg/BILLS-117hres144ih/xml/BILLS-117hres144ih.xml</url>
          </item>
        </formats>
      </item>
    </textVersions>
    <latestAction>
      <actionDate>2021-02-22</actionDate>
      <text>Referred to the House Committee on Oversight and Reform.</text>
      <links />
    </latestAction>
    <calendarNumbers />
    <version>1.0.0</version>
  </bill>
  <dublinCore xmlns:dc="http://purl.org/dc/elements/1.1/">
    <dc:format>text/xml</dc:format>
    <dc:language>EN</dc:language>
    <dc:rights>Pursuant to Title 17 Section 105 of the United States Code, this file is not subject to copyright protection and is in the public domain.</dc:rights>
    <dc:contributor>Congressional Research Service, Library of Congress</dc:contributor>
    <dc:description>This file contains bill summaries and statuses for federal legislation. A bill summary describes the most significant provisions of a piece of legislation and details the effects the legislative text may have on current law and federal programs. Bill summaries are authored by the Congressional Research Service (CRS) of the Library of Congress. As stated in Public Law 91-510 (2 USC 166 (d)(6)), one of the duties of CRS is "to prepare summaries and digests of bills and resolutions of a public general nature introduced in the Senate or House of Representatives". For more information, refer to the User Guide that accompanies this file.</dc:description>
  </dublinCore>
</billStatus>

