<?xml version="1.0" encoding="UTF-8"?>
<billStatus>
  <bill>
    <billNumber>292</billNumber>
    <createDate>2021-04-06T07:12:13Z</createDate>
    <updateDate>2021-05-06T12:45:18Z</updateDate>
    <originChamber>House</originChamber>
    <billType>HRES</billType>
    <introducedDate>2021-04-05</introducedDate>
    <congress>117</congress>
    <constitutionalAuthorityStatementText />
    <recordedVotes />
    <committees>
      <billCommittees>
        <item>
          <systemCode>hsru00</systemCode>
          <name>Rules Committee</name>
          <chamber>House</chamber>
          <type>Standing</type>
          <subcommittees />
          <activities>
            <item>
              <name>Referred to</name>
              <date>2021-04-05T16:01:05Z</date>
            </item>
          </activities>
        </item>
      </billCommittees>
    </committees>
    <committeeReports />
    <relatedBills />
    <actions>
      <item>
        <actionDate>2021-04-21</actionDate>
        <links />
        <text>Motion to Discharge Committee filed by Mr. Roy. Petition No: 117-3. (&lt;a href="https://clerk.house.gov/DischargePetition/20210421?CongressNum=117"&gt;Discharge petition&lt;/a&gt; text with signatures.)</text>
        <type>Discharge</type>
        <actionCode>H17000</actionCode>
        <sourceSystem>
          <code>2</code>
          <name>House floor actions</name>
        </sourceSystem>
        <committees />
      </item>
      <item>
        <actionDate>2021-04-05</actionDate>
        <links />
        <text>Referred to the House Committee on Rules.</text>
        <type>IntroReferral</type>
        <actionCode>H11100</actionCode>
        <sourceSystem>
          <code>2</code>
          <name>House floor actions</name>
        </sourceSystem>
        <committees>
          <item>
            <systemCode>hsru00</systemCode>
            <name>Rules Committee</name>
          </item>
        </committees>
      </item>
      <item>
        <actionDate>2021-04-05</actionDate>
        <links />
        <text>Introduced in House</text>
        <type>IntroReferral</type>
        <actionCode>Intro-H</actionCode>
        <sourceSystem>
          <code>9</code>
          <name>Library of Congress</name>
        </sourceSystem>
        <committees />
      </item>
      <item>
        <actionDate>2021-04-05</actionDate>
        <links />
        <text>Introduced in House</text>
        <type>IntroReferral</type>
        <actionCode>1000</actionCode>
        <sourceSystem>
          <code>9</code>
          <name>Library of Congress</name>
        </sourceSystem>
        <committees />
      </item>
      <actionTypeCounts>
        <dischargePetitionFiled>1</dischargePetitionFiled>
        <billReferrals>1</billReferrals>
        <introducedInTheHouse>1</introducedInTheHouse>
        <introducedInHouse>1</introducedInHouse>
      </actionTypeCounts>
      <actionByCounts>
        <houseOfRepresentatives>4</houseOfRepresentatives>
      </actionByCounts>
    </actions>
    <sponsors>
      <item>
        <bioguideId>R000614</bioguideId>
        <fullName>Rep. Roy, Chip [R-TX-21]</fullName>
        <firstName>Chip</firstName>
        <middleName />
        <lastName>Roy</lastName>
        <party>R</party>
        <state>TX</state>
        <identifiers>
          <lisID>2449</lisID>
          <bioguideId>R000614</bioguideId>
          <gpoId />
        </identifiers>
        <district>21</district>
        <byRequestType />
      </item>
    </sponsors>
    <cosponsors>
      <item>
        <bioguideId>B000825</bioguideId>
        <fullName>Rep. Boebert, Lauren [R-CO-3]</fullName>
        <firstName>Lauren</firstName>
        <middleName />
        <lastName>Boebert</lastName>
        <party>R</party>
        <state>CO</state>
        <identifiers>
          <lisID>2490</lisID>
          <bioguideId>B000825</bioguideId>
          <gpoId />
        </identifiers>
        <district>3</district>
        <sponsorshipDate>2021-04-05</sponsorshipDate>
        <isOriginalCosponsor>True</isOriginalCosponsor>
        <sponsorshipWithdrawnDate />
      </item>
    </cosponsors>
    <cboCostEstimates />
    <laws />
    <notes />
    <policyArea>
      <name>Congress</name>
    </policyArea>
    <subjects>
      <billSubjects>
        <legislativeSubjects>
          <item>
            <name>House of Representatives</name>
          </item>
          <item>
            <name>Legislative rules and procedure</name>
          </item>
        </legislativeSubjects>
        <policyArea>
          <name>Congress</name>
        </policyArea>
      </billSubjects>
    </subjects>
    <summaries>
      <billSummaries>
        <item>
          <versionCode>00</versionCode>
          <actionDate>2021-04-05</actionDate>
          <actionDesc>Introduced in House</actionDesc>
          <lastSummaryUpdateDate>2021-05-06T12:41:57Z</lastSummaryUpdateDate>
          <text><![CDATA[<p>This resolution sets forth the rule for consideration of H.R. 859 (Protecting American Energy Jobs Act).</p>]]></text>
          <updateDate>2021-04-05T04:00:00Z</updateDate>
          <name>Introduced in House</name>
        </item>
      </billSummaries>
    </summaries>
    <title>Providing for the consideration of the bill (H.R. 859) to prohibit the President from issuing moratoria on leasing and permitting energy and minerals on certain Federal land, and for other purposes.</title>
    <titles>
      <item>
        <titleType>Official Title as Introduced</titleType>
        <parentTitleType />
        <title>Providing for the consideration of the bill (H.R. 859) to prohibit the President from issuing moratoria on leasing and permitting energy and minerals on certain Federal land, and for other purposes.</title>
        <chamberCode />
        <chamberName />
      </item>
      <item>
        <titleType>Display Title</titleType>
        <parentTitleType />
        <title>Providing for the consideration of the bill (H.R. 859) to prohibit the President from issuing moratoria on leasing and permitting energy and minerals on certain Federal land, and for other purposes.</title>
        <chamberCode />
        <chamberName />
      </item>
    </titles>
    <amendments />
    <textVersions>
      <item>
        <type>Introduced in House</type>
        <date>2021-04-05T04:00:00Z</date>
        <formats>
          <item>
            <url>https://www.govinfo.gov/content/pkg/BILLS-117hres292ih/xml/BILLS-117hres292ih.xml</url>
          </item>
        </formats>
      </item>
    </textVersions>
    <latestAction>
      <actionDate>2021-04-21</actionDate>
      <text>Motion to Discharge Committee filed by Mr. Roy. Petition No: 117-3. (&lt;a href="https://clerk.house.gov/DischargePetition/20210421?CongressNum=117"&gt;Discharge petition&lt;/a&gt; text with signatures.)</text>
      <links />
    </latestAction>
    <calendarNumbers />
    <version>1.0.0</version>
  </bill>
  <dublinCore xmlns:dc="http://purl.org/dc/elements/1.1/">
    <dc:format>text/xml</dc:format>
    <dc:language>EN</dc:language>
    <dc:rights>Pursuant to Title 17 Section 105 of the United States Code, this file is not subject to copyright protection and is in the public domain.</dc:rights>
    <dc:contributor>Congressional Research Service, Library of Congress</dc:contributor>
    <dc:description>This file contains bill summaries and statuses for federal legislation. A bill summary describes the most significant provisions of a piece of legislation and details the effects the legislative text may have on current law and federal programs. Bill summaries are authored by the Congressional Research Service (CRS) of the Library of Congress. As stated in Public Law 91-510 (2 USC 166 (d)(6)), one of the duties of CRS is "to prepare summaries and digests of bills and resolutions of a public general nature introduced in the Senate or House of Representatives". For more information, refer to the User Guide that accompanies this file.</dc:description>
  </dublinCore>
</billStatus>

