<?xml version="1.0" encoding="UTF-8"?>
<billStatus>
  <bill>
    <billNumber>94</billNumber>
    <createDate>2021-02-04T08:12:11Z</createDate>
    <updateDate>2021-04-24T07:14:11Z</updateDate>
    <originChamber>House</originChamber>
    <billType>HRES</billType>
    <introducedDate>2021-02-03</introducedDate>
    <congress>117</congress>
    <constitutionalAuthorityStatementText />
    <recordedVotes />
    <committees>
      <billCommittees>
        <item>
          <systemCode>hsju00</systemCode>
          <name>Judiciary Committee</name>
          <chamber>House</chamber>
          <type>Standing</type>
          <subcommittees>
            <item>
              <systemCode>hsju10</systemCode>
              <name>Constitution, Civil Rights, and Civil Liberties Subcommittee</name>
              <activities>
                <item>
                  <name>Referred to</name>
                  <date>2021-04-23T18:34:04Z</date>
                </item>
              </activities>
            </item>
          </subcommittees>
          <activities>
            <item>
              <name>Referred to</name>
              <date>2021-02-03T18:01:35Z</date>
            </item>
          </activities>
        </item>
      </billCommittees>
    </committees>
    <committeeReports />
    <relatedBills />
    <actions>
      <item>
        <actionDate>2021-04-23</actionDate>
        <committees>
          <item>
            <systemCode>hsju10</systemCode>
            <name>Constitution, Civil Rights, and Civil Liberties Subcommittee</name>
          </item>
        </committees>
        <links />
        <sourceSystem>
          <code>1</code>
          <name>House committee actions</name>
        </sourceSystem>
        <text>Referred to the Subcommittee on the Constitution, Civil Rights, and Civil Liberties.</text>
        <type>Committee</type>
      </item>
      <item>
        <actionDate>2021-02-03</actionDate>
        <links />
        <text>Referred to the House Committee on the Judiciary.</text>
        <type>IntroReferral</type>
        <actionCode>H11100</actionCode>
        <sourceSystem>
          <code>2</code>
          <name>House floor actions</name>
        </sourceSystem>
        <committees>
          <item>
            <systemCode>hsju00</systemCode>
            <name>Judiciary Committee</name>
          </item>
        </committees>
      </item>
      <item>
        <actionDate>2021-02-03</actionDate>
        <links />
        <text>Introduced in House</text>
        <type>IntroReferral</type>
        <actionCode>Intro-H</actionCode>
        <sourceSystem>
          <code>9</code>
          <name>Library of Congress</name>
        </sourceSystem>
        <committees />
      </item>
      <item>
        <actionDate>2021-02-03</actionDate>
        <links />
        <text>Introduced in House</text>
        <type>IntroReferral</type>
        <actionCode>1000</actionCode>
        <sourceSystem>
          <code>9</code>
          <name>Library of Congress</name>
        </sourceSystem>
        <committees />
      </item>
      <actionTypeCounts>
        <placeholderTextForH>1</placeholderTextForH>
        <billReferrals>1</billReferrals>
        <introducedInTheHouse>1</introducedInTheHouse>
        <introducedInHouse>1</introducedInHouse>
      </actionTypeCounts>
      <actionByCounts>
        <houseOfRepresentatives>4</houseOfRepresentatives>
      </actionByCounts>
    </actions>
    <sponsors>
      <item>
        <bioguideId>M001195</bioguideId>
        <fullName>Rep. Mooney, Alexander X. [R-WV-2]</fullName>
        <firstName>Alexander</firstName>
        <middleName>X.</middleName>
        <lastName>Mooney</lastName>
        <party>R</party>
        <state>WV</state>
        <identifiers>
          <lisID>2277</lisID>
          <bioguideId>M001195</bioguideId>
          <gpoId />
        </identifiers>
        <district>2</district>
        <byRequestType />
      </item>
    </sponsors>
    <cosponsors>
      <item>
        <bioguideId>D000615</bioguideId>
        <fullName>Rep. Duncan, Jeff [R-SC-3]</fullName>
        <firstName>Jeff</firstName>
        <middleName />
        <lastName>Duncan</lastName>
        <party>R</party>
        <state>SC</state>
        <identifiers>
          <lisID>2057</lisID>
          <bioguideId>D000615</bioguideId>
          <gpoId>8143</gpoId>
        </identifiers>
        <district>3</district>
        <sponsorshipDate>2021-02-03</sponsorshipDate>
        <isOriginalCosponsor>True</isOriginalCosponsor>
        <sponsorshipWithdrawnDate />
      </item>
      <item>
        <bioguideId>L000564</bioguideId>
        <fullName>Rep. Lamborn, Doug [R-CO-5]</fullName>
        <firstName>Doug</firstName>
        <middleName />
        <lastName>Lamborn</lastName>
        <party>R</party>
        <state>CO</state>
        <identifiers>
          <lisID>1834</lisID>
          <bioguideId>L000564</bioguideId>
          <gpoId>7863</gpoId>
        </identifiers>
        <district>5</district>
        <sponsorshipDate>2021-02-03</sponsorshipDate>
        <isOriginalCosponsor>True</isOriginalCosponsor>
        <sponsorshipWithdrawnDate />
      </item>
      <item>
        <bioguideId>C001118</bioguideId>
        <fullName>Rep. Cline, Ben [R-VA-6]</fullName>
        <firstName>Ben</firstName>
        <middleName />
        <lastName>Cline</lastName>
        <party>R</party>
        <state>VA</state>
        <identifiers>
          <lisID>2455</lisID>
          <bioguideId>C001118</bioguideId>
          <gpoId />
        </identifiers>
        <district>6</district>
        <sponsorshipDate>2021-02-03</sponsorshipDate>
        <isOriginalCosponsor>True</isOriginalCosponsor>
        <sponsorshipWithdrawnDate />
      </item>
      <item>
        <bioguideId>N000190</bioguideId>
        <fullName>Rep. Norman, Ralph [R-SC-5]</fullName>
        <firstName>Ralph</firstName>
        <middleName />
        <lastName>Norman</lastName>
        <party>R</party>
        <state>SC</state>
        <identifiers>
          <lisID>2361</lisID>
          <bioguideId>N000190</bioguideId>
          <gpoId />
        </identifiers>
        <district>5</district>
        <sponsorshipDate>2021-02-03</sponsorshipDate>
        <isOriginalCosponsor>True</isOriginalCosponsor>
        <sponsorshipWithdrawnDate />
      </item>
      <item>
        <bioguideId>S001214</bioguideId>
        <fullName>Rep. Steube, W. Gregory [R-FL-17]</fullName>
        <firstName>W.</firstName>
        <middleName>Gregory</middleName>
        <lastName>Steube</lastName>
        <party>R</party>
        <state>FL</state>
        <identifiers>
          <lisID>2389</lisID>
          <bioguideId>S001214</bioguideId>
          <gpoId />
        </identifiers>
        <district>17</district>
        <sponsorshipDate>2021-02-03</sponsorshipDate>
        <isOriginalCosponsor>True</isOriginalCosponsor>
        <sponsorshipWithdrawnDate />
      </item>
      <item>
        <bioguideId>G000576</bioguideId>
        <fullName>Rep. Grothman, Glenn [R-WI-6]</fullName>
        <firstName>Glenn</firstName>
        <middleName />
        <lastName>Grothman</lastName>
        <party>R</party>
        <state>WI</state>
        <identifiers>
          <lisID>2276</lisID>
          <bioguideId>G000576</bioguideId>
          <gpoId />
        </identifiers>
        <district>6</district>
        <sponsorshipDate>2021-02-03</sponsorshipDate>
        <isOriginalCosponsor>True</isOriginalCosponsor>
        <sponsorshipWithdrawnDate />
      </item>
      <item>
        <bioguideId>H001071</bioguideId>
        <fullName>Rep. Hice, Jody B. [R-GA-10]</fullName>
        <firstName>Jody</firstName>
        <middleName>B.</middleName>
        <lastName>Hice</lastName>
        <party>R</party>
        <state>GA</state>
        <identifiers>
          <lisID>2237</lisID>
          <bioguideId>H001071</bioguideId>
          <gpoId />
        </identifiers>
        <district>10</district>
        <sponsorshipDate>2021-02-03</sponsorshipDate>
        <isOriginalCosponsor>True</isOriginalCosponsor>
        <sponsorshipWithdrawnDate />
      </item>
    </cosponsors>
    <cboCostEstimates />
    <laws />
    <notes />
    <policyArea>
      <name>Civil Rights and Liberties, Minority Issues</name>
    </policyArea>
    <subjects>
      <billSubjects>
        <legislativeSubjects>
          <item>
            <name>First Amendment rights</name>
          </item>
          <item>
            <name>Religion</name>
          </item>
          <item>
            <name>State and local government operations</name>
          </item>
        </legislativeSubjects>
        <policyArea>
          <name>Civil Rights and Liberties, Minority Issues</name>
        </policyArea>
      </billSubjects>
    </subjects>
    <summaries>
      <billSummaries>
        <item>
          <versionCode>00</versionCode>
          <actionDate>2021-02-03</actionDate>
          <actionDesc>Introduced in House</actionDesc>
          <lastSummaryUpdateDate>2021-02-11T16:02:08Z</lastSummaryUpdateDate>
          <text><![CDATA[<p>This resolution expresses the sense of the House of Representatives that the U.S. government should not infringe upon the ability of American citizens to act in accordance with their sincerely held religious beliefs. It condemns any behavior by the states that limits the ability of individuals to express such beliefs.</p>]]></text>
          <updateDate>2021-02-03T05:00:00Z</updateDate>
          <name>Introduced in House</name>
        </item>
      </billSummaries>
    </summaries>
    <title>Protecting religious freedom in America.</title>
    <titles>
      <item>
        <titleType>Official Title as Introduced</titleType>
        <parentTitleType />
        <title>Protecting religious freedom in America.</title>
        <chamberCode />
        <chamberName />
      </item>
      <item>
        <titleType>Display Title</titleType>
        <parentTitleType />
        <title>Protecting religious freedom in America.</title>
        <chamberCode />
        <chamberName />
      </item>
    </titles>
    <amendments />
    <textVersions>
      <item>
        <type>Introduced in House</type>
        <date>2021-02-03T05:00:00Z</date>
        <formats>
          <item>
            <url>https://www.govinfo.gov/content/pkg/BILLS-117hres94ih/xml/BILLS-117hres94ih.xml</url>
          </item>
        </formats>
      </item>
    </textVersions>
    <latestAction>
      <actionDate>2021-04-23</actionDate>
      <text>Referred to the Subcommittee on the Constitution, Civil Rights, and Civil Liberties.</text>
      <links />
    </latestAction>
    <calendarNumbers />
    <version>1.0.0</version>
  </bill>
  <dublinCore xmlns:dc="http://purl.org/dc/elements/1.1/">
    <dc:format>text/xml</dc:format>
    <dc:language>EN</dc:language>
    <dc:rights>Pursuant to Title 17 Section 105 of the United States Code, this file is not subject to copyright protection and is in the public domain.</dc:rights>
    <dc:contributor>Congressional Research Service, Library of Congress</dc:contributor>
    <dc:description>This file contains bill summaries and statuses for federal legislation. A bill summary describes the most significant provisions of a piece of legislation and details the effects the legislative text may have on current law and federal programs. Bill summaries are authored by the Congressional Research Service (CRS) of the Library of Congress. As stated in Public Law 91-510 (2 USC 166 (d)(6)), one of the duties of CRS is "to prepare summaries and digests of bills and resolutions of a public general nature introduced in the Senate or House of Representatives". For more information, refer to the User Guide that accompanies this file.</dc:description>
  </dublinCore>
</billStatus>

