<?xml version="1.0" encoding="UTF-8"?>
<billStatus>
  <bill>
    <billNumber>178</billNumber>
    <createDate>2021-03-02T08:12:13Z</createDate>
    <updateDate>2021-03-22T17:00:27Z</updateDate>
    <originChamber>House</originChamber>
    <billType>HRES</billType>
    <introducedDate>2021-03-01</introducedDate>
    <congress>117</congress>
    <constitutionalAuthorityStatementText />
    <recordedVotes />
    <committees>
      <billCommittees>
        <item>
          <systemCode>hsha00</systemCode>
          <name>Committee on House Administration</name>
          <chamber>House</chamber>
          <type>Standing</type>
          <subcommittees />
          <activities>
            <item>
              <name>Referred to</name>
              <date>2021-03-01T17:03:05Z</date>
            </item>
          </activities>
        </item>
        <item>
          <systemCode>hsbu00</systemCode>
          <name>Budget Committee</name>
          <chamber>House</chamber>
          <type>Standing</type>
          <subcommittees />
          <activities>
            <item>
              <name>Referred to</name>
              <date>2021-03-01T17:03:00Z</date>
            </item>
          </activities>
        </item>
      </billCommittees>
    </committees>
    <committeeReports />
    <relatedBills />
    <actions>
      <item>
        <actionDate>2021-03-01</actionDate>
        <links />
        <text>Referred to the Committee on the Budget, and in addition to the Committee on House Administration, for a period to be subsequently determined by the Speaker, in each case for consideration of such provisions as fall within the jurisdiction of the committee concerned.</text>
        <type>IntroReferral</type>
        <actionCode>H11100</actionCode>
        <sourceSystem>
          <code>2</code>
          <name>House floor actions</name>
        </sourceSystem>
        <committees>
          <item>
            <systemCode>hsha00</systemCode>
            <name>Committee on House Administration</name>
          </item>
        </committees>
      </item>
      <item>
        <actionDate>2021-03-01</actionDate>
        <links />
        <text>Referred to the Committee on the Budget, and in addition to the Committee on House Administration, for a period to be subsequently determined by the Speaker, in each case for consideration of such provisions as fall within the jurisdiction of the committee concerned.</text>
        <type>IntroReferral</type>
        <actionCode>H11100</actionCode>
        <sourceSystem>
          <code>2</code>
          <name>House floor actions</name>
        </sourceSystem>
        <committees>
          <item>
            <systemCode>hsbu00</systemCode>
            <name>Budget Committee</name>
          </item>
        </committees>
      </item>
      <item>
        <actionDate>2021-03-01</actionDate>
        <links />
        <text>Introduced in House</text>
        <type>IntroReferral</type>
        <actionCode>Intro-H</actionCode>
        <sourceSystem>
          <code>9</code>
          <name>Library of Congress</name>
        </sourceSystem>
        <committees />
      </item>
      <item>
        <actionDate>2021-03-01</actionDate>
        <links />
        <text>Introduced in House</text>
        <type>IntroReferral</type>
        <actionCode>1000</actionCode>
        <sourceSystem>
          <code>9</code>
          <name>Library of Congress</name>
        </sourceSystem>
        <committees />
      </item>
      <actionTypeCounts>
        <billReferrals>2</billReferrals>
        <introducedInTheHouse>1</introducedInTheHouse>
        <introducedInHouse>1</introducedInHouse>
      </actionTypeCounts>
      <actionByCounts>
        <houseOfRepresentatives>4</houseOfRepresentatives>
      </actionByCounts>
    </actions>
    <sponsors>
      <item>
        <bioguideId>B000740</bioguideId>
        <fullName>Rep. Bice, Stephanie I. [R-OK-5]</fullName>
        <firstName>Stephanie</firstName>
        <middleName>I.</middleName>
        <lastName>Bice</lastName>
        <party>R</party>
        <state>OK</state>
        <identifiers>
          <lisID>2526</lisID>
          <bioguideId>B000740</bioguideId>
          <gpoId />
        </identifiers>
        <district>5</district>
        <byRequestType />
      </item>
    </sponsors>
    <cosponsors />
    <cboCostEstimates />
    <laws />
    <notes />
    <policyArea>
      <name>Economics and Public Finance</name>
    </policyArea>
    <subjects>
      <billSubjects>
        <legislativeSubjects>
          <item>
            <name>Educational guidance</name>
          </item>
          <item>
            <name>House of Representatives</name>
          </item>
          <item>
            <name>Legislative rules and procedure</name>
          </item>
          <item>
            <name>Mental health</name>
          </item>
        </legislativeSubjects>
        <policyArea>
          <name>Economics and Public Finance</name>
        </policyArea>
      </billSubjects>
    </subjects>
    <summaries>
      <billSummaries />
    </summaries>
    <title>Directing the Clerk of the House of Representatives to make a correction in the engrossment of H.R. 1319.</title>
    <titles>
      <item>
        <titleType>Official Title as Introduced</titleType>
        <parentTitleType />
        <title>Directing the Clerk of the House of Representatives to make a correction in the engrossment of H.R. 1319.</title>
        <chamberCode />
        <chamberName />
      </item>
      <item>
        <titleType>Display Title</titleType>
        <parentTitleType />
        <title>Directing the Clerk of the House of Representatives to make a correction in the engrossment of H.R. 1319.</title>
        <chamberCode />
        <chamberName />
      </item>
    </titles>
    <amendments />
    <textVersions>
      <item>
        <type>Introduced in House</type>
        <date>2021-03-01T05:00:00Z</date>
        <formats>
          <item>
            <url>https://www.govinfo.gov/content/pkg/BILLS-117hres178ih/xml/BILLS-117hres178ih.xml</url>
          </item>
        </formats>
      </item>
    </textVersions>
    <latestAction>
      <actionDate>2021-03-01</actionDate>
      <text>Referred to the Committee on the Budget, and in addition to the Committee on House Administration, for a period to be subsequently determined by the Speaker, in each case for consideration of such provisions as fall within the jurisdiction of the committee concerned.</text>
      <links />
    </latestAction>
    <calendarNumbers />
    <version>1.0.0</version>
  </bill>
  <dublinCore xmlns:dc="http://purl.org/dc/elements/1.1/">
    <dc:format>text/xml</dc:format>
    <dc:language>EN</dc:language>
    <dc:rights>Pursuant to Title 17 Section 105 of the United States Code, this file is not subject to copyright protection and is in the public domain.</dc:rights>
    <dc:contributor>Congressional Research Service, Library of Congress</dc:contributor>
    <dc:description>This file contains bill summaries and statuses for federal legislation. A bill summary describes the most significant provisions of a piece of legislation and details the effects the legislative text may have on current law and federal programs. Bill summaries are authored by the Congressional Research Service (CRS) of the Library of Congress. As stated in Public Law 91-510 (2 USC 166 (d)(6)), one of the duties of CRS is "to prepare summaries and digests of bills and resolutions of a public general nature introduced in the Senate or House of Representatives". For more information, refer to the User Guide that accompanies this file.</dc:description>
  </dublinCore>
</billStatus>

