<?xml version="1.0" encoding="UTF-8"?>
<billStatus>
  <bill>
    <billNumber>147</billNumber>
    <createDate>2021-02-24T08:12:14Z</createDate>
    <updateDate>2021-07-13T18:41:34Z</updateDate>
    <originChamber>House</originChamber>
    <billType>HRES</billType>
    <introducedDate>2021-02-23</introducedDate>
    <congress>117</congress>
    <constitutionalAuthorityStatementText />
    <recordedVotes>
      <recordedVote>
        <rollNumber>35</rollNumber>
        <url>https://clerk.house.gov/Votes/2021/roll035.xml</url>
        <fullActionName>Passage of a Measure</fullActionName>
        <chamber>House</chamber>
        <congress>117</congress>
        <date>2021-02-24T21:27:29Z</date>
        <sessionNumber>1</sessionNumber>
      </recordedVote>
      <recordedVote>
        <rollNumber>34</rollNumber>
        <url>https://clerk.house.gov/Votes/2021/roll034.xml</url>
        <fullActionName>Motion for Previous Question</fullActionName>
        <chamber>House</chamber>
        <congress>117</congress>
        <date>2021-02-24T20:35:17Z</date>
        <sessionNumber>1</sessionNumber>
      </recordedVote>
    </recordedVotes>
    <committees>
      <billCommittees>
        <item>
          <systemCode>hsru00</systemCode>
          <name>Rules Committee</name>
          <chamber>House</chamber>
          <type>Standing</type>
          <subcommittees />
          <activities>
            <item>
              <name>Reported original measure</name>
              <date>2021-02-23T23:11:47Z</date>
            </item>
          </activities>
        </item>
      </billCommittees>
    </committees>
    <committeeReports>
      <committeeReport>
        <citation>H. Rept. 117-6</citation>
      </committeeReport>
    </committeeReports>
    <relatedBills>
      <item>
        <latestTitle>Protecting America's Wilderness and Public Lands Act</latestTitle>
        <congress>117</congress>
        <number>803</number>
        <type>HR</type>
        <latestAction>
          <actionDate>2021-03-02</actionDate>
          <text>Received in the Senate and Read twice and referred to the Committee on Energy and Natural Resources.</text>
        </latestAction>
        <relationshipDetails>
          <item>
            <type>Related bill</type>
            <identifiedBy>House</identifiedBy>
          </item>
          <item>
            <type>Procedurally-related</type>
            <identifiedBy>House</identifiedBy>
          </item>
        </relationshipDetails>
      </item>
      <item>
        <latestTitle>Equality Act</latestTitle>
        <congress>117</congress>
        <number>5</number>
        <type>HR</type>
        <latestAction>
          <actionDate>2021-03-17</actionDate>
          <text>Committee on the Judiciary. Hearings held.</text>
        </latestAction>
        <relationshipDetails>
          <item>
            <type>Procedurally-related</type>
            <identifiedBy>House</identifiedBy>
          </item>
        </relationshipDetails>
      </item>
    </relatedBills>
    <actions>
      <item>
        <actionDate>2021-02-24</actionDate>
        <actionTime>16:27:32</actionTime>
        <links />
        <text>Motion to reconsider laid on the table Agreed to without objection.</text>
        <type>Floor</type>
        <actionCode>H38310</actionCode>
        <sourceSystem>
          <code>2</code>
          <name>House floor actions</name>
        </sourceSystem>
        <committees />
      </item>
      <item>
        <actionDate>2021-02-24</actionDate>
        <actionTime>16:27:29</actionTime>
        <links />
        <text>On agreeing to the resolution Agreed to by the Yeas and Nays: 218 - 208 (Roll no. 35). (text: CR H602)</text>
        <type>Floor</type>
        <actionCode>H37100</actionCode>
        <sourceSystem>
          <code>2</code>
          <name>House floor actions</name>
        </sourceSystem>
        <committees />
      </item>
      <item>
        <actionDate>2021-02-24</actionDate>
        <actionTime>16:27:29</actionTime>
        <links />
        <text>Passed/agreed to in House: On agreeing to the resolution Agreed to by the Yeas and Nays: 218 - 208 (Roll no. 35).(text: CR H602)</text>
        <type>Floor</type>
        <actionCode>8000</actionCode>
        <sourceSystem>
          <code>9</code>
          <name>Library of Congress</name>
        </sourceSystem>
        <committees />
      </item>
      <item>
        <actionDate>2021-02-24</actionDate>
        <actionTime>15:40:17</actionTime>
        <links />
        <text>Considered as unfinished business. (consideration: CR H609-610)</text>
        <type>Floor</type>
        <actionCode>H30000</actionCode>
        <sourceSystem>
          <code>2</code>
          <name>House floor actions</name>
        </sourceSystem>
        <committees />
      </item>
      <item>
        <actionDate>2021-02-24</actionDate>
        <actionTime>15:35:17</actionTime>
        <links />
        <text>On ordering the previous question Agreed to by the Yeas and Nays: 219 - 211 (Roll no. 34). (consideration: CR H608-609)</text>
        <type>Floor</type>
        <actionCode>H35000</actionCode>
        <sourceSystem>
          <code>2</code>
          <name>House floor actions</name>
        </sourceSystem>
        <committees />
      </item>
      <item>
        <actionDate>2021-02-24</actionDate>
        <actionTime>13:39:25</actionTime>
        <links />
        <text>DEBATE - The House proceeded with one hour of debate on H. Res. 147.</text>
        <type>Floor</type>
        <actionCode>H8D000</actionCode>
        <sourceSystem>
          <code>2</code>
          <name>House floor actions</name>
        </sourceSystem>
        <committees />
      </item>
      <item>
        <actionDate>2021-02-24</actionDate>
        <actionTime>13:35:30</actionTime>
        <links />
        <text>Considered as privileged matter. (consideration: CR H602-609)</text>
        <type>Floor</type>
        <actionCode>H30000</actionCode>
        <sourceSystem>
          <code>2</code>
          <name>House floor actions</name>
        </sourceSystem>
        <committees />
      </item>
      <item>
        <actionDate>2021-02-23</actionDate>
        <links />
        <text>Placed on the House Calendar, Calendar No. 6.</text>
        <type>Calendars</type>
        <actionCode>H12420</actionCode>
        <sourceSystem>
          <code>2</code>
          <name>House floor actions</name>
        </sourceSystem>
        <committees />
      </item>
      <item>
        <actionDate>2021-02-23</actionDate>
        <actionTime>18:11:48</actionTime>
        <links />
        <text>Rule provides for 1 hour of general debate on H.R. 803 and one motion to recommit. Rule provides for 90 minutes of general debate on H.R. 5 and one motion to recommit.</text>
        <type>Floor</type>
        <actionCode>H12700</actionCode>
        <sourceSystem>
          <code>2</code>
          <name>House floor actions</name>
        </sourceSystem>
        <committees />
      </item>
      <item>
        <actionDate>2021-02-23</actionDate>
        <links />
        <text>The House Committee on Rules reported an original measure, H. Rept. 117-6, by Ms. Scanlon.</text>
        <type>Committee</type>
        <actionCode>H12100</actionCode>
        <sourceSystem>
          <code>2</code>
          <name>House floor actions</name>
        </sourceSystem>
        <committees>
          <item>
            <systemCode>hsru00</systemCode>
            <name>Rules Committee</name>
          </item>
        </committees>
      </item>
      <item>
        <actionDate>2021-02-23</actionDate>
        <links />
        <text>The House Committee on Rules reported an original measure, H. Rept. 117-6, by Ms. Scanlon.</text>
        <type>Committee</type>
        <actionCode>5000</actionCode>
        <sourceSystem>
          <code>9</code>
          <name>Library of Congress</name>
        </sourceSystem>
        <committees>
          <item>
            <systemCode>hsru00</systemCode>
            <name>Rules Committee</name>
          </item>
        </committees>
      </item>
      <item>
        <actionDate>2021-02-23</actionDate>
        <links />
        <text>Introduced in House</text>
        <type>IntroReferral</type>
        <actionCode>1000</actionCode>
        <sourceSystem>
          <code>9</code>
          <name>Library of Congress</name>
        </sourceSystem>
        <committees />
      </item>
      <actionTypeCounts>
        <motionToReconsiderResults>1</motionToReconsiderResults>
        <passageOfAMeasure>1</passageOfAMeasure>
        <passedAgreedToInHouse>1</passedAgreedToInHouse>
        <considerationByHouse>2</considerationByHouse>
        <motionForPreviousQuestion>1</motionForPreviousQuestion>
        <generalDebate>1</generalDebate>
        <houseCalendarAssignment>1</houseCalendarAssignment>
        <provisionsOfARule>1</provisionsOfARule>
        <committeeReportOfAnOriginalMeasure>1</committeeReportOfAnOriginalMeasure>
        <reportedToHouse>1</reportedToHouse>
        <introducedInHouse>1</introducedInHouse>
      </actionTypeCounts>
      <actionByCounts>
        <houseOfRepresentatives>12</houseOfRepresentatives>
      </actionByCounts>
    </actions>
    <sponsors>
      <item>
        <bioguideId>S001205</bioguideId>
        <fullName>Rep. Scanlon, Mary Gay [D-PA-5]</fullName>
        <firstName>Mary</firstName>
        <middleName>Gay</middleName>
        <lastName>Scanlon</lastName>
        <party>D</party>
        <state>PA</state>
        <identifiers>
          <lisID>2373</lisID>
          <bioguideId>S001205</bioguideId>
          <gpoId />
        </identifiers>
        <district>5</district>
        <byRequestType />
      </item>
    </sponsors>
    <cosponsors />
    <cboCostEstimates />
    <laws />
    <notes />
    <policyArea>
      <name>Congress</name>
    </policyArea>
    <subjects>
      <billSubjects>
        <legislativeSubjects>
          <item>
            <name>House of Representatives</name>
          </item>
          <item>
            <name>Legislative rules and procedure</name>
          </item>
        </legislativeSubjects>
        <policyArea>
          <name>Congress</name>
        </policyArea>
      </billSubjects>
    </subjects>
    <summaries>
      <billSummaries>
        <item>
          <versionCode>00</versionCode>
          <actionDate>2021-02-23</actionDate>
          <actionDesc>Introduced in House</actionDesc>
          <lastSummaryUpdateDate>2021-02-24T09:01:21Z</lastSummaryUpdateDate>
          <text><![CDATA[Sets forth the rule for consideration of the bill (H.R. 803) to designate certain lands in the State of Colorado as components of the National Wilderness Preservation System, and for other purposes, and providing for consideration of the bill (H.R. 5) to prohibit discrimination on the basis of sex, gender identity, and sexual orientation.]]></text>
          <updateDate>2021-02-23T05:00:00Z</updateDate>
          <name>Introduced in House</name>
        </item>
        <item>
          <versionCode>53</versionCode>
          <actionDate>2021-02-24</actionDate>
          <actionDesc>Passed House</actionDesc>
          <lastSummaryUpdateDate>2021-05-24T13:58:49Z</lastSummaryUpdateDate>
          <text><![CDATA[<p>This resolution sets forth the rule for consideration of H.R. 803 (Colorado Wilderness Act of 2021) and H.R. 5 (Equality Act).</p>]]></text>
          <updateDate>2021-02-24T14:37:38Z</updateDate>
          <name>Passed House</name>
        </item>
      </billSummaries>
    </summaries>
    <title>Providing for consideration of the bill (H.R. 803) to designate certain lands in the State of Colorado as components of the National Wilderness Preservation System, and for other purposes, and providing for consideration of the bill (H.R. 5) to prohibit discrimination on the basis of sex, gender identity, and sexual orientation, and for other purposes.</title>
    <titles>
      <item>
        <titleType>Official Title as Introduced</titleType>
        <parentTitleType />
        <title>Providing for consideration of the bill (H.R. 803) to designate certain lands in the State of Colorado as components of the National Wilderness Preservation System, and for other purposes, and providing for consideration of the bill (H.R. 5) to prohibit discrimination on the basis of sex, gender identity, and sexual orientation, and for other purposes.</title>
        <chamberCode />
        <chamberName />
      </item>
      <item>
        <titleType>Display Title</titleType>
        <parentTitleType />
        <title>Providing for consideration of the bill (H.R. 803) to designate certain lands in the State of Colorado as components of the National Wilderness Preservation System, and for other purposes, and providing for consideration of the bill (H.R. 5) to prohibit discrimination on the basis of sex, gender identity, and sexual orientation, and for other purposes.</title>
        <chamberCode />
        <chamberName />
      </item>
    </titles>
    <amendments />
    <textVersions>
      <item>
        <type>Engrossed in House</type>
        <date>2021-02-24T05:00:00Z</date>
        <formats>
          <item>
            <url>https://www.govinfo.gov/content/pkg/BILLS-117hres147eh/xml/BILLS-117hres147eh.xml</url>
          </item>
        </formats>
      </item>
      <item>
        <type>Reported in House</type>
        <date>2021-02-23T05:00:00Z</date>
        <formats>
          <item>
            <url>https://www.govinfo.gov/content/pkg/BILLS-117hres147rh/xml/BILLS-117hres147rh.xml</url>
          </item>
        </formats>
      </item>
    </textVersions>
    <latestAction>
      <actionDate>2021-02-24</actionDate>
      <text>Motion to reconsider laid on the table Agreed to without objection.</text>
      <actionTime>16:27:32</actionTime>
      <links />
    </latestAction>
    <calendarNumbers>
      <item>
        <calendar>H00006</calendar>
        <number />
      </item>
    </calendarNumbers>
    <version>1.0.0</version>
  </bill>
  <dublinCore xmlns:dc="http://purl.org/dc/elements/1.1/">
    <dc:format>text/xml</dc:format>
    <dc:language>EN</dc:language>
    <dc:rights>Pursuant to Title 17 Section 105 of the United States Code, this file is not subject to copyright protection and is in the public domain.</dc:rights>
    <dc:contributor>Congressional Research Service, Library of Congress</dc:contributor>
    <dc:description>This file contains bill summaries and statuses for federal legislation. A bill summary describes the most significant provisions of a piece of legislation and details the effects the legislative text may have on current law and federal programs. Bill summaries are authored by the Congressional Research Service (CRS) of the Library of Congress. As stated in Public Law 91-510 (2 USC 166 (d)(6)), one of the duties of CRS is "to prepare summaries and digests of bills and resolutions of a public general nature introduced in the Senate or House of Representatives". For more information, refer to the User Guide that accompanies this file.</dc:description>
  </dublinCore>
</billStatus>

