<?xml version="1.0" encoding="UTF-8"?>
<billStatus>
  <bill>
    <billNumber>838</billNumber>
    <createDate>2021-12-08T08:12:17Z</createDate>
    <updateDate>2021-12-10T04:56:16Z</updateDate>
    <originChamber>House</originChamber>
    <billType>HRES</billType>
    <introducedDate>2021-12-07</introducedDate>
    <congress>117</congress>
    <constitutionalAuthorityStatementText />
    <recordedVotes>
      <recordedVote>
        <rollNumber>403</rollNumber>
        <url>https://clerk.house.gov/evs/2021/roll403.xml</url>
        <fullActionName>Passage of a Measure</fullActionName>
        <chamber>House</chamber>
        <congress>117</congress>
        <date>2021-12-08T00:27:56Z</date>
        <sessionNumber>1</sessionNumber>
      </recordedVote>
      <recordedVote>
        <rollNumber>402</rollNumber>
        <url>https://clerk.house.gov/evs/2021/roll402.xml</url>
        <fullActionName>Motion for Previous Question</fullActionName>
        <chamber>House</chamber>
        <congress>117</congress>
        <date>2021-12-08T00:07:59Z</date>
        <sessionNumber>1</sessionNumber>
      </recordedVote>
    </recordedVotes>
    <committees>
      <billCommittees>
        <item>
          <systemCode>hsru00</systemCode>
          <name>Rules Committee</name>
          <chamber>House</chamber>
          <type>Standing</type>
          <subcommittees />
          <activities>
            <item>
              <name>Reported original measure</name>
              <date>2021-12-07T22:00:41Z</date>
            </item>
          </activities>
        </item>
      </billCommittees>
    </committees>
    <committeeReports>
      <committeeReport>
        <citation>H. Rept. 117-205</citation>
      </committeeReport>
    </committeeReports>
    <relatedBills>
      <item>
        <latestTitle>Protecting Our Democracy Act</latestTitle>
        <congress>117</congress>
        <number>5314</number>
        <type>HR</type>
        <latestAction>
          <actionDate>2021-12-07</actionDate>
          <text>Rules Committee Resolution H. Res. 838 Reported to House. Rule provides for consideration of H.R. 5314, S. 1605 and S. 610 with 1 hour of general debate. Previous question shall be considered as ordered without intervening motions except motion to recommit. Measure will be considered read. Specified amendments are in order. Rule makes in order for the Speaker may entertain motions offered by the Majority Leader or a designee that the House suspend the rules as though under clause 1 of rule XV with respect to multiple measures that were the object of motions to suspend the rules on certain legislative days.</text>
          <actionTime>17:00:42</actionTime>
        </latestAction>
        <relationshipDetails>
          <item>
            <type>Related bill</type>
            <identifiedBy>House</identifiedBy>
          </item>
          <item>
            <type>Procedurally-related</type>
            <identifiedBy>House</identifiedBy>
          </item>
        </relationshipDetails>
      </item>
      <item>
        <latestTitle>Protecting Medicare and American Farmers from Sequester Cuts Act</latestTitle>
        <congress>117</congress>
        <number>610</number>
        <type>S</type>
        <latestAction>
          <actionDate>2021-12-07</actionDate>
          <text>Motion by Senator Schumer to refer to Senate Committee on Finance the House message to accompany S. 610 with instructions to report back forthwith with the following amendment (SA 4873) made in Senate. (CR S8956)</text>
        </latestAction>
        <relationshipDetails>
          <item>
            <type>Procedurally-related</type>
            <identifiedBy>House</identifiedBy>
          </item>
        </relationshipDetails>
      </item>
      <item>
        <latestTitle>National Defense Authorization Act for Fiscal Year 2022</latestTitle>
        <congress>117</congress>
        <number>1605</number>
        <type>S</type>
        <latestAction>
          <actionDate>2021-12-08</actionDate>
          <text>Motion by Senator Schumer to refer to Senate Committee on Armed Services the House message to accompany S. 1605 with instructions to report back forthwith with the following amendment (SA 4882) made in Senate. (text: CR S9039)</text>
        </latestAction>
        <relationshipDetails>
          <item>
            <type>Procedurally-related</type>
            <identifiedBy>House</identifiedBy>
          </item>
          <item>
            <type>Related bill</type>
            <identifiedBy>House</identifiedBy>
          </item>
        </relationshipDetails>
      </item>
    </relatedBills>
    <actions>
      <item>
        <actionDate>2021-12-07</actionDate>
        <actionTime>19:27:57</actionTime>
        <links />
        <text>Motion to reconsider laid on the table Agreed to without objection.</text>
        <type>Floor</type>
        <actionCode>H38310</actionCode>
        <sourceSystem>
          <code>2</code>
          <name>House floor actions</name>
        </sourceSystem>
        <committees />
      </item>
      <item>
        <actionDate>2021-12-07</actionDate>
        <actionTime>19:27:56</actionTime>
        <links />
        <text>On agreeing to the resolution Agreed to by the Yeas and Nays: 219 - 213 (Roll no. 403). (text: CR H6920-6921)</text>
        <type>Floor</type>
        <actionCode>H37100</actionCode>
        <sourceSystem>
          <code>2</code>
          <name>House floor actions</name>
        </sourceSystem>
        <committees />
      </item>
      <item>
        <actionDate>2021-12-07</actionDate>
        <actionTime>19:27:56</actionTime>
        <links />
        <text>Passed/agreed to in House: On agreeing to the resolution Agreed to by the Yeas and Nays: 219 - 213 (Roll no. 403).(text: CR H6920-6921)</text>
        <type>Floor</type>
        <actionCode>8000</actionCode>
        <sourceSystem>
          <code>9</code>
          <name>Library of Congress</name>
        </sourceSystem>
        <committees />
      </item>
      <item>
        <actionDate>2021-12-07</actionDate>
        <actionTime>19:07:59</actionTime>
        <links />
        <text>On ordering the previous question Agreed to by the Yeas and Nays: 218 - 210 (Roll no. 402). (consideration: CR H6927-6928)</text>
        <type>Floor</type>
        <actionCode>H35000</actionCode>
        <sourceSystem>
          <code>2</code>
          <name>House floor actions</name>
        </sourceSystem>
        <committees />
      </item>
      <item>
        <actionDate>2021-12-07</actionDate>
        <actionTime>18:31:54</actionTime>
        <links />
        <text>Considered as unfinished business. (consideration: CR H6927-6928)</text>
        <type>Floor</type>
        <actionCode>H30000</actionCode>
        <sourceSystem>
          <code>2</code>
          <name>House floor actions</name>
        </sourceSystem>
        <committees />
      </item>
      <item>
        <actionDate>2021-12-07</actionDate>
        <actionTime>18:14:14</actionTime>
        <links />
        <text>POSTPONED PROCEEDINGS - At the conclusion of debate on H. Res. 838, the Chair put the question on ordering the previous question and by voice vote, announced that the ayes had prevailed. Mr. Cole demanded the yeas and nays, and the Chair postponed further proceedings on the question on ordering the previous question until a time to be announced.</text>
        <type>Floor</type>
        <actionCode>H8D000</actionCode>
        <sourceSystem>
          <code>2</code>
          <name>House floor actions</name>
        </sourceSystem>
        <committees />
      </item>
      <item>
        <actionDate>2021-12-07</actionDate>
        <actionTime>17:21:48</actionTime>
        <links />
        <text>DEBATE - The House proceeded with one hour of debate on H. Res. 838.</text>
        <type>Floor</type>
        <actionCode>H8D000</actionCode>
        <sourceSystem>
          <code>2</code>
          <name>House floor actions</name>
        </sourceSystem>
        <committees />
      </item>
      <item>
        <actionDate>2021-12-07</actionDate>
        <actionTime>17:15:25</actionTime>
        <links />
        <text>Considered as privileged matter. (consideration: CR H6920-6927)</text>
        <type>Floor</type>
        <actionCode>H30000</actionCode>
        <sourceSystem>
          <code>2</code>
          <name>House floor actions</name>
        </sourceSystem>
        <committees />
      </item>
      <item>
        <actionDate>2021-12-07</actionDate>
        <links />
        <text>Placed on the House Calendar, Calendar No. 55.</text>
        <type>Calendars</type>
        <actionCode>H12420</actionCode>
        <sourceSystem>
          <code>2</code>
          <name>House floor actions</name>
        </sourceSystem>
        <committees />
      </item>
      <item>
        <actionDate>2021-12-07</actionDate>
        <actionTime>17:00:42</actionTime>
        <links />
        <text>Rule makes in order for the Speaker may entertain motions offered by the Majority Leader or a designee that the House suspend the rules as though under clause 1 of rule XV with respect to multiple measures that were the object of motions to suspend the rules on certain legislative days.</text>
        <type>Floor</type>
        <actionCode>H12700</actionCode>
        <sourceSystem>
          <code>2</code>
          <name>House floor actions</name>
        </sourceSystem>
        <committees />
      </item>
      <item>
        <actionDate>2021-12-07</actionDate>
        <links />
        <text>The House Committee on Rules reported an original measure, H. Rept. 117-205, by Ms. Scanlon.</text>
        <type>Committee</type>
        <actionCode>H12100</actionCode>
        <sourceSystem>
          <code>2</code>
          <name>House floor actions</name>
        </sourceSystem>
        <committees>
          <item>
            <systemCode>hsru00</systemCode>
            <name>Rules Committee</name>
          </item>
        </committees>
      </item>
      <item>
        <actionDate>2021-12-07</actionDate>
        <links />
        <text>The House Committee on Rules reported an original measure, H. Rept. 117-205, by Ms. Scanlon.</text>
        <type>Committee</type>
        <actionCode>5000</actionCode>
        <sourceSystem>
          <code>9</code>
          <name>Library of Congress</name>
        </sourceSystem>
        <committees>
          <item>
            <systemCode>hsru00</systemCode>
            <name>Rules Committee</name>
          </item>
        </committees>
      </item>
      <item>
        <actionDate>2021-12-07</actionDate>
        <links />
        <text>Introduced in House</text>
        <type>IntroReferral</type>
        <actionCode>1000</actionCode>
        <sourceSystem>
          <code>9</code>
          <name>Library of Congress</name>
        </sourceSystem>
        <committees />
      </item>
      <actionTypeCounts>
        <motionToReconsiderResults>1</motionToReconsiderResults>
        <passageOfAMeasure>1</passageOfAMeasure>
        <passedAgreedToInHouse>1</passedAgreedToInHouse>
        <motionForPreviousQuestion>1</motionForPreviousQuestion>
        <considerationByHouse>2</considerationByHouse>
        <generalDebate>2</generalDebate>
        <houseCalendarAssignment>1</houseCalendarAssignment>
        <provisionsOfARule>1</provisionsOfARule>
        <committeeReportOfAnOriginalMeasure>1</committeeReportOfAnOriginalMeasure>
        <reportedToHouse>1</reportedToHouse>
        <introducedInHouse>1</introducedInHouse>
      </actionTypeCounts>
      <actionByCounts>
        <houseOfRepresentatives>13</houseOfRepresentatives>
      </actionByCounts>
    </actions>
    <sponsors>
      <item>
        <bioguideId>S001205</bioguideId>
        <fullName>Rep. Scanlon, Mary Gay [D-PA-5]</fullName>
        <firstName>Mary</firstName>
        <middleName>Gay</middleName>
        <lastName>Scanlon</lastName>
        <party>D</party>
        <state>PA</state>
        <identifiers>
          <lisID>2373</lisID>
          <bioguideId>S001205</bioguideId>
          <gpoId />
        </identifiers>
        <district>5</district>
        <byRequestType />
      </item>
    </sponsors>
    <cosponsors />
    <cboCostEstimates />
    <laws />
    <notes />
    <policyArea />
    <subjects>
      <billSubjects>
        <legislativeSubjects />
      </billSubjects>
    </subjects>
    <summaries>
      <billSummaries>
        <item>
          <versionCode>00</versionCode>
          <actionDate>2021-12-07</actionDate>
          <actionDesc>Introduced in House</actionDesc>
          <lastSummaryUpdateDate>2021-12-08T09:02:17Z</lastSummaryUpdateDate>
          <text><![CDATA[Sets forth the rule for consideration of the bill (H.R. 5314) to protect our democracy by preventing abuses of presidential power, restoring checks and balances and accountability and transparency in government, and defending elections against foreign interference, and for other purposes; providing for consideration of the bill (S. 1605) to designate the National Pulse Memorial located at 1912 South Orange Avenue in Orlando, Florida, and for other purposes; and providing for consideration of the bill (S. 610) to address behavioral health and well-being among health care professionals.]]></text>
          <updateDate>2021-12-07T05:00:00Z</updateDate>
          <name>Introduced in House</name>
        </item>
      </billSummaries>
    </summaries>
    <title>Providing for consideration of the bill (H.R. 5314) to protect our democracy by preventing abuses of presidential power, restoring checks and balances and accountability and transparency in government, and defending elections against foreign interference, and for other purposes; providing for consideration of the bill (S. 1605) to designate the National Pulse Memorial located at 1912 South Orange Avenue in Orlando, Florida, and for other purposes; and providing for consideration of the bill (S. 610) to address behavioral health and well-being among health care professionals.</title>
    <titles>
      <item>
        <titleType>Display Title</titleType>
        <parentTitleType />
        <title>Providing for consideration of the bill (H.R. 5314) to protect our democracy by preventing abuses of presidential power, restoring checks and balances and accountability and transparency in government, and defending elections against foreign interference, and for other purposes; providing for consideration of the bill (S. 1605) to designate the National Pulse Memorial located at 1912 South Orange Avenue in Orlando, Florida, and for other purposes; and providing for consideration of the bill (S. 610) to address behavioral health and well-being among health care professionals.</title>
        <chamberCode />
        <chamberName />
      </item>
      <item>
        <titleType>Official Title as Introduced</titleType>
        <parentTitleType />
        <title>Providing for consideration of the bill (H.R. 5314) to protect our democracy by preventing abuses of presidential power, restoring checks and balances and accountability and transparency in government, and defending elections against foreign interference, and for other purposes; providing for consideration of the bill (S. 1605) to designate the National Pulse Memorial located at 1912 South Orange Avenue in Orlando, Florida, and for other purposes; and providing for consideration of the bill (S. 610) to address behavioral health and well-being among health care professionals.</title>
        <chamberCode />
        <chamberName />
      </item>
    </titles>
    <amendments />
    <textVersions>
      <item>
        <type>Reported in House</type>
        <date>2021-12-07T05:00:00Z</date>
        <formats>
          <item>
            <url>https://www.govinfo.gov/content/pkg/BILLS-117hres838rh/xml/BILLS-117hres838rh.xml</url>
          </item>
        </formats>
      </item>
      <item>
        <type>Engrossed in House</type>
        <date>2021-12-07T05:00:00Z</date>
        <formats>
          <item>
            <url>https://www.govinfo.gov/content/pkg/BILLS-117hres838eh/xml/BILLS-117hres838eh.xml</url>
          </item>
        </formats>
      </item>
    </textVersions>
    <latestAction>
      <actionDate>2021-12-07</actionDate>
      <text>Motion to reconsider laid on the table Agreed to without objection.</text>
      <actionTime>19:27:57</actionTime>
      <links />
    </latestAction>
    <calendarNumbers>
      <item>
        <calendar>H00055</calendar>
        <number />
      </item>
    </calendarNumbers>
    <version>1.0.0</version>
  </bill>
  <dublinCore xmlns:dc="http://purl.org/dc/elements/1.1/">
    <dc:format>text/xml</dc:format>
    <dc:language>EN</dc:language>
    <dc:rights>Pursuant to Title 17 Section 105 of the United States Code, this file is not subject to copyright protection and is in the public domain.</dc:rights>
    <dc:contributor>Congressional Research Service, Library of Congress</dc:contributor>
    <dc:description>This file contains bill summaries and statuses for federal legislation. A bill summary describes the most significant provisions of a piece of legislation and details the effects the legislative text may have on current law and federal programs. Bill summaries are authored by the Congressional Research Service (CRS) of the Library of Congress. As stated in Public Law 91-510 (2 USC 166 (d)(6)), one of the duties of CRS is "to prepare summaries and digests of bills and resolutions of a public general nature introduced in the Senate or House of Representatives". For more information, refer to the User Guide that accompanies this file.</dc:description>
  </dublinCore>
</billStatus>

