<?xml version="1.0" encoding="UTF-8"?>
<billStatus>
  <bill>
    <billNumber>213</billNumber>
    <createDate>2021-03-11T08:12:11Z</createDate>
    <updateDate>2021-03-20T07:17:04Z</updateDate>
    <originChamber>House</originChamber>
    <billType>HRES</billType>
    <introducedDate>2021-03-10</introducedDate>
    <congress>117</congress>
    <constitutionalAuthorityStatementText />
    <recordedVotes />
    <committees>
      <billCommittees>
        <item>
          <systemCode>hsha00</systemCode>
          <name>Committee on House Administration</name>
          <chamber>House</chamber>
          <type>Standing</type>
          <subcommittees />
          <activities>
            <item>
              <name>Referred to</name>
              <date>2021-03-10T14:03:45Z</date>
            </item>
          </activities>
        </item>
      </billCommittees>
    </committees>
    <committeeReports />
    <relatedBills />
    <actions>
      <item>
        <actionDate>2021-03-10</actionDate>
        <links />
        <text>Referred to the House Committee on House Administration.</text>
        <type>IntroReferral</type>
        <actionCode>H11100</actionCode>
        <sourceSystem>
          <code>2</code>
          <name>House floor actions</name>
        </sourceSystem>
        <committees>
          <item>
            <systemCode>hsha00</systemCode>
            <name>Committee on House Administration</name>
          </item>
        </committees>
      </item>
      <item>
        <actionDate>2021-03-10</actionDate>
        <links />
        <text>Introduced in House</text>
        <type>IntroReferral</type>
        <actionCode>Intro-H</actionCode>
        <sourceSystem>
          <code>9</code>
          <name>Library of Congress</name>
        </sourceSystem>
        <committees />
      </item>
      <item>
        <actionDate>2021-03-10</actionDate>
        <links />
        <text>Introduced in House</text>
        <type>IntroReferral</type>
        <actionCode>1000</actionCode>
        <sourceSystem>
          <code>9</code>
          <name>Library of Congress</name>
        </sourceSystem>
        <committees />
      </item>
      <actionTypeCounts>
        <billReferrals>1</billReferrals>
        <introducedInTheHouse>1</introducedInTheHouse>
        <introducedInHouse>1</introducedInHouse>
      </actionTypeCounts>
      <actionByCounts>
        <houseOfRepresentatives>3</houseOfRepresentatives>
      </actionByCounts>
    </actions>
    <sponsors>
      <item>
        <bioguideId>N000015</bioguideId>
        <fullName>Rep. Neal, Richard E. [D-MA-1]</fullName>
        <firstName>RICHARD</firstName>
        <middleName>E.</middleName>
        <lastName>NEAL</lastName>
        <party>D</party>
        <state>MA</state>
        <identifiers>
          <lisID>854</lisID>
          <bioguideId>N000015</bioguideId>
          <gpoId>7967</gpoId>
        </identifiers>
        <district>1</district>
        <byRequestType />
      </item>
    </sponsors>
    <cosponsors>
      <item>
        <bioguideId>B000755</bioguideId>
        <fullName>Rep. Brady, Kevin [R-TX-8]</fullName>
        <firstName>KEVIN</firstName>
        <middleName />
        <lastName>BRADY</lastName>
        <party>R</party>
        <state>TX</state>
        <identifiers>
          <lisID>1468</lisID>
          <bioguideId>B000755</bioguideId>
          <gpoId>8164</gpoId>
        </identifiers>
        <district>8</district>
        <sponsorshipDate>2021-03-10</sponsorshipDate>
        <isOriginalCosponsor>True</isOriginalCosponsor>
        <sponsorshipWithdrawnDate />
      </item>
    </cosponsors>
    <cboCostEstimates />
    <laws />
    <notes />
    <policyArea>
      <name>Congress</name>
    </policyArea>
    <subjects>
      <billSubjects>
        <legislativeSubjects>
          <item>
            <name>Congressional committees</name>
          </item>
          <item>
            <name>House Committee on Ways and Means</name>
          </item>
        </legislativeSubjects>
        <policyArea>
          <name>Congress</name>
        </policyArea>
      </billSubjects>
    </subjects>
    <summaries>
      <billSummaries>
        <item>
          <versionCode>00</versionCode>
          <actionDate>2021-03-10</actionDate>
          <actionDesc>Introduced in House</actionDesc>
          <lastSummaryUpdateDate>2021-03-19T10:39:10Z</lastSummaryUpdateDate>
          <text><![CDATA[<p>This resolution provides amounts for the expenses of the House Committee on Ways and Means for the 117th Congress.</p>]]></text>
          <updateDate>2021-03-10T05:00:00Z</updateDate>
          <name>Introduced in House</name>
        </item>
      </billSummaries>
    </summaries>
    <title>Providing amounts for the expenses of the Committee on Ways and Means in the One Hundred Seventeenth Congress.</title>
    <titles>
      <item>
        <titleType>Official Title as Introduced</titleType>
        <parentTitleType />
        <title>Providing amounts for the expenses of the Committee on Ways and Means in the One Hundred Seventeenth Congress.</title>
        <chamberCode />
        <chamberName />
      </item>
      <item>
        <titleType>Display Title</titleType>
        <parentTitleType />
        <title>Providing amounts for the expenses of the Committee on Ways and Means in the One Hundred Seventeenth Congress.</title>
        <chamberCode />
        <chamberName />
      </item>
    </titles>
    <amendments />
    <textVersions>
      <item>
        <type>Introduced in House</type>
        <date>2021-03-10T05:00:00Z</date>
        <formats>
          <item>
            <url>https://www.govinfo.gov/content/pkg/BILLS-117hres213ih/xml/BILLS-117hres213ih.xml</url>
          </item>
        </formats>
      </item>
    </textVersions>
    <latestAction>
      <actionDate>2021-03-10</actionDate>
      <text>Referred to the House Committee on House Administration.</text>
      <links />
    </latestAction>
    <calendarNumbers />
    <version>1.0.0</version>
  </bill>
  <dublinCore xmlns:dc="http://purl.org/dc/elements/1.1/">
    <dc:format>text/xml</dc:format>
    <dc:language>EN</dc:language>
    <dc:rights>Pursuant to Title 17 Section 105 of the United States Code, this file is not subject to copyright protection and is in the public domain.</dc:rights>
    <dc:contributor>Congressional Research Service, Library of Congress</dc:contributor>
    <dc:description>This file contains bill summaries and statuses for federal legislation. A bill summary describes the most significant provisions of a piece of legislation and details the effects the legislative text may have on current law and federal programs. Bill summaries are authored by the Congressional Research Service (CRS) of the Library of Congress. As stated in Public Law 91-510 (2 USC 166 (d)(6)), one of the duties of CRS is "to prepare summaries and digests of bills and resolutions of a public general nature introduced in the Senate or House of Representatives". For more information, refer to the User Guide that accompanies this file.</dc:description>
  </dublinCore>
</billStatus>

