<?xml version="1.0" encoding="UTF-8"?>
<billStatus>
  <bill>
    <billNumber>118</billNumber>
    <createDate>2021-03-17T04:42:16Z</createDate>
    <updateDate>2021-03-24T04:48:43Z</updateDate>
    <originChamber>Senate</originChamber>
    <billType>SRES</billType>
    <introducedDate>2021-03-16</introducedDate>
    <congress>117</congress>
    <recordedVotes />
    <committees>
      <billCommittees />
    </committees>
    <committeeReports />
    <relatedBills>
      <item>
        <latestTitle>Honoring Army Chaplain Emil J. Kapaun.</latestTitle>
        <congress>117</congress>
        <number>205</number>
        <type>HRES</type>
        <latestAction>
          <actionDate>2021-03-09</actionDate>
          <text>Referred to the House Committee on Armed Services.</text>
        </latestAction>
        <relationshipDetails>
          <item>
            <type>Related bill</type>
            <identifiedBy>CRS</identifiedBy>
          </item>
        </relationshipDetails>
      </item>
    </relatedBills>
    <actions>
      <item>
        <actionDate>2021-03-16</actionDate>
        <committees />
        <links />
        <sourceSystem>
          <code>0</code>
          <name>Senate</name>
        </sourceSystem>
        <text>Submitted in the Senate, considered, and agreed to without amendment and with a preamble by Unanimous Consent. (consideration: CR S1574; text: CR S1574)</text>
        <type>Floor</type>
      </item>
      <item>
        <actionDate>2021-03-16</actionDate>
        <links />
        <text>Passed/agreed to in Senate: Submitted in the Senate, considered, and agreed to without amendment and with a preamble by Unanimous Consent.(consideration: CR S1574; text: CR S1574)</text>
        <type>Floor</type>
        <actionCode>17000</actionCode>
        <sourceSystem>
          <code>9</code>
          <name>Library of Congress</name>
        </sourceSystem>
        <committees />
      </item>
      <item>
        <actionDate>2021-03-16</actionDate>
        <links />
        <text>Introduced in Senate</text>
        <type>IntroReferral</type>
        <actionCode>10000</actionCode>
        <sourceSystem>
          <code>9</code>
          <name>Library of Congress</name>
        </sourceSystem>
        <committees />
      </item>
      <actionTypeCounts>
        <passedOrAgreedToInSenateDayOf>1</passedOrAgreedToInSenateDayOf>
        <passedAgreedToInSenate>1</passedAgreedToInSenate>
        <introducedInSenate>1</introducedInSenate>
      </actionTypeCounts>
      <actionByCounts>
        <senate>3</senate>
      </actionByCounts>
    </actions>
    <sponsors>
      <item>
        <bioguideId>M001198</bioguideId>
        <fullName>Sen. Marshall, Roger W. [R-KS]</fullName>
        <firstName>Roger</firstName>
        <middleName>W.</middleName>
        <lastName>Marshall</lastName>
        <party>R</party>
        <state>KS</state>
        <identifiers>
          <lisID>2328</lisID>
          <bioguideId>M001198</bioguideId>
          <gpoId />
        </identifiers>
        <byRequestType />
      </item>
    </sponsors>
    <cosponsors>
      <item>
        <bioguideId>M000934</bioguideId>
        <fullName>Sen. Moran, Jerry [R-KS]</fullName>
        <firstName>Jerry</firstName>
        <middleName />
        <lastName>Moran</lastName>
        <party>R</party>
        <state>KS</state>
        <identifiers>
          <lisID>1507</lisID>
          <bioguideId>M000934</bioguideId>
          <gpoId>8307</gpoId>
        </identifiers>
        <sponsorshipDate>2021-03-16</sponsorshipDate>
        <isOriginalCosponsor>True</isOriginalCosponsor>
        <sponsorshipWithdrawnDate />
      </item>
      <item>
        <bioguideId>B000575</bioguideId>
        <fullName>Sen. Blunt, Roy [R-MO]</fullName>
        <firstName>Roy</firstName>
        <middleName />
        <lastName>Blunt</lastName>
        <party>R</party>
        <state>MO</state>
        <identifiers>
          <lisID>1464</lisID>
          <bioguideId>B000575</bioguideId>
          <gpoId>8313</gpoId>
        </identifiers>
        <sponsorshipDate>2021-03-16</sponsorshipDate>
        <isOriginalCosponsor>True</isOriginalCosponsor>
        <sponsorshipWithdrawnDate />
      </item>
      <item>
        <bioguideId>H001089</bioguideId>
        <fullName>Sen. Hawley, Josh  [R-MO]</fullName>
        <firstName>Josh</firstName>
        <middleName />
        <lastName>Hawley</lastName>
        <party>R</party>
        <state>MO</state>
        <identifiers>
          <lisID>2464</lisID>
          <bioguideId>H001089</bioguideId>
          <gpoId />
        </identifiers>
        <sponsorshipDate>2021-03-16</sponsorshipDate>
        <isOriginalCosponsor>True</isOriginalCosponsor>
        <sponsorshipWithdrawnDate />
      </item>
    </cosponsors>
    <cboCostEstimates />
    <laws />
    <notes />
    <policyArea>
      <name>Armed Forces and National Security</name>
    </policyArea>
    <subjects>
      <billSubjects>
        <legislativeSubjects>
          <item>
            <name>Conflicts and wars</name>
          </item>
          <item>
            <name>Congressional tributes</name>
          </item>
          <item>
            <name>Detention of persons</name>
          </item>
          <item>
            <name>Military history</name>
          </item>
          <item>
            <name>Military personnel and dependents</name>
          </item>
          <item>
            <name>Religion</name>
          </item>
        </legislativeSubjects>
        <policyArea>
          <name>Armed Forces and National Security</name>
        </policyArea>
      </billSubjects>
    </subjects>
    <summaries>
      <billSummaries>
        <item>
          <versionCode>00</versionCode>
          <actionDate>2021-03-16</actionDate>
          <actionDesc>Introduced in Senate</actionDesc>
          <lastSummaryUpdateDate>2021-03-19T19:36:51Z</lastSummaryUpdateDate>
          <text><![CDATA[<p>This resolution honors and recognizes Chaplain (Captain) Emil J. Kapaun for his heroic service to the country and expresses condolences to his family. The resolution also states that the Senate will never cease in the task of recovering and remembering all prisoners of war and soldiers missing in action.</p>]]></text>
          <updateDate>2021-03-16T04:00:00Z</updateDate>
          <name>Introduced in Senate</name>
        </item>
        <item>
          <versionCode>55</versionCode>
          <actionDate>2021-03-16</actionDate>
          <actionDesc>Passed Senate</actionDesc>
          <lastSummaryUpdateDate>2021-03-19T19:57:58Z</lastSummaryUpdateDate>
          <text><![CDATA[<p>This resolution honors and recognizes Chaplain (Captain) Emil J. Kapaun for his heroic service to the country and expresses condolences to his family. The resolution also states that the Senate will never cease in the task of recovering and remembering all prisoners of war and soldiers missing in action.</p>]]></text>
          <updateDate>2021-03-16T14:48:40Z</updateDate>
          <name>Passed Senate</name>
        </item>
      </billSummaries>
    </summaries>
    <title>A resolution honoring Army chaplain Emil J. Kapaun.</title>
    <titles>
      <item>
        <titleType>Official Title as Introduced</titleType>
        <parentTitleType />
        <title>A resolution honoring Army chaplain Emil J. Kapaun.</title>
        <chamberCode />
        <chamberName />
      </item>
      <item>
        <titleType>Display Title</titleType>
        <parentTitleType />
        <title>A resolution honoring Army chaplain Emil J. Kapaun.</title>
        <chamberCode />
        <chamberName />
      </item>
    </titles>
    <amendments />
    <textVersions>
      <item>
        <type>Agreed to Senate</type>
        <date>2021-03-16T04:00:00Z</date>
        <formats>
          <item>
            <url>https://www.govinfo.gov/content/pkg/BILLS-117sres118ats/xml/BILLS-117sres118ats.xml</url>
          </item>
        </formats>
      </item>
    </textVersions>
    <latestAction>
      <actionDate>2021-03-16</actionDate>
      <text>Submitted in the Senate, considered, and agreed to without amendment and with a preamble by Unanimous Consent. (consideration: CR S1574; text: CR S1574)</text>
      <links />
    </latestAction>
    <calendarNumbers />
    <version>1.0.0</version>
  </bill>
  <dublinCore xmlns:dc="http://purl.org/dc/elements/1.1/">
    <dc:format>text/xml</dc:format>
    <dc:language>EN</dc:language>
    <dc:rights>Pursuant to Title 17 Section 105 of the United States Code, this file is not subject to copyright protection and is in the public domain.</dc:rights>
    <dc:contributor>Congressional Research Service, Library of Congress</dc:contributor>
    <dc:description>This file contains bill summaries and statuses for federal legislation. A bill summary describes the most significant provisions of a piece of legislation and details the effects the legislative text may have on current law and federal programs. Bill summaries are authored by the Congressional Research Service (CRS) of the Library of Congress. As stated in Public Law 91-510 (2 USC 166 (d)(6)), one of the duties of CRS is "to prepare summaries and digests of bills and resolutions of a public general nature introduced in the Senate or House of Representatives". For more information, refer to the User Guide that accompanies this file.</dc:description>
  </dublinCore>
</billStatus>

