<?xml version="1.0" encoding="UTF-8"?>
<billStatus>
  <bill>
    <billNumber>157</billNumber>
    <createDate>2021-04-16T04:27:15Z</createDate>
    <updateDate>2021-04-30T04:33:57Z</updateDate>
    <originChamber>Senate</originChamber>
    <billType>SRES</billType>
    <introducedDate>2021-04-15</introducedDate>
    <congress>117</congress>
    <recordedVotes />
    <committees>
      <billCommittees />
    </committees>
    <committeeReports />
    <relatedBills />
    <actions>
      <item>
        <actionDate>2021-04-15</actionDate>
        <committees />
        <links />
        <sourceSystem>
          <code>0</code>
          <name>Senate</name>
        </sourceSystem>
        <text>Submitted in the Senate, considered, and agreed to without amendment and with a preamble by Voice Vote. (consideration: CR S1975-1976; text: CR S1991)</text>
        <type>Floor</type>
      </item>
      <item>
        <actionDate>2021-04-15</actionDate>
        <links />
        <text>Passed/agreed to in Senate: Submitted in the Senate, considered, and agreed to without amendment and with a preamble by Voice Vote.(consideration: CR S1975-1976; text: CR S1991)</text>
        <type>Floor</type>
        <actionCode>17000</actionCode>
        <sourceSystem>
          <code>9</code>
          <name>Library of Congress</name>
        </sourceSystem>
        <committees />
      </item>
      <item>
        <actionDate>2021-04-15</actionDate>
        <links />
        <text>Introduced in Senate</text>
        <type>IntroReferral</type>
        <actionCode>10000</actionCode>
        <sourceSystem>
          <code>9</code>
          <name>Library of Congress</name>
        </sourceSystem>
        <committees />
      </item>
      <actionTypeCounts>
        <passedOrAgreedToInSenateDayOf>1</passedOrAgreedToInSenateDayOf>
        <passedAgreedToInSenate>1</passedAgreedToInSenate>
        <introducedInSenate>1</introducedInSenate>
      </actionTypeCounts>
      <actionByCounts>
        <senate>3</senate>
      </actionByCounts>
    </actions>
    <sponsors>
      <item>
        <bioguideId>B001310</bioguideId>
        <fullName>Sen. Braun, Mike  [R-IN]</fullName>
        <firstName>Mike</firstName>
        <middleName />
        <lastName>Braun</lastName>
        <party>R</party>
        <state>IN</state>
        <identifiers>
          <lisID>2462</lisID>
          <bioguideId>B001310</bioguideId>
          <gpoId />
        </identifiers>
        <byRequestType />
      </item>
    </sponsors>
    <cosponsors>
      <item>
        <bioguideId>Y000064</bioguideId>
        <fullName>Sen. Young, Todd [R-IN]</fullName>
        <firstName>Todd</firstName>
        <middleName />
        <lastName>Young</lastName>
        <party>R</party>
        <state>IN</state>
        <identifiers>
          <lisID>2019</lisID>
          <bioguideId>Y000064</bioguideId>
          <gpoId>7948</gpoId>
        </identifiers>
        <sponsorshipDate>2021-04-15</sponsorshipDate>
        <isOriginalCosponsor>True</isOriginalCosponsor>
        <sponsorshipWithdrawnDate />
      </item>
    </cosponsors>
    <cboCostEstimates />
    <laws />
    <notes />
    <policyArea>
      <name>Sports and Recreation</name>
    </policyArea>
    <subjects>
      <billSubjects>
        <legislativeSubjects>
          <item>
            <name>Athletes</name>
          </item>
          <item>
            <name>Congressional tributes</name>
          </item>
          <item>
            <name>Higher education</name>
          </item>
          <item>
            <name>Indiana</name>
          </item>
          <item>
            <name>School athletics</name>
          </item>
        </legislativeSubjects>
        <policyArea>
          <name>Sports and Recreation</name>
        </policyArea>
      </billSubjects>
    </subjects>
    <summaries>
      <billSummaries>
        <item>
          <versionCode>00</versionCode>
          <actionDate>2021-04-15</actionDate>
          <actionDesc>Introduced in Senate</actionDesc>
          <lastSummaryUpdateDate>2021-04-26T20:50:28Z</lastSummaryUpdateDate>
          <text><![CDATA[<p>This resolution expresses the sense of the Senate honoring Robert Montgomery &quot;Bobby&quot; Knight, collegiate men's basketball coach at Indiana University.</p>]]></text>
          <updateDate>2021-04-15T04:00:00Z</updateDate>
          <name>Introduced in Senate</name>
        </item>
        <item>
          <versionCode>55</versionCode>
          <actionDate>2021-04-15</actionDate>
          <actionDesc>Passed Senate</actionDesc>
          <lastSummaryUpdateDate>2021-04-27T21:32:52Z</lastSummaryUpdateDate>
          <text><![CDATA[<p>This resolution expresses the sense of the Senate honoring Robert Montgomery &quot;Bobby&quot; Knight, collegiate men's basketball coach at Indiana University.</p>]]></text>
          <updateDate>2021-04-15T14:47:43Z</updateDate>
          <name>Passed Senate</name>
        </item>
      </billSummaries>
    </summaries>
    <title>A resolution honoring the 50th anniversary of hiring Robert Montgomery "Bobby" Knight as the Head Coach of the men's basketball team at Indiana University.</title>
    <titles>
      <item>
        <titleType>Official Title as Introduced</titleType>
        <parentTitleType />
        <title>A resolution honoring the 50th anniversary of hiring Robert Montgomery "Bobby" Knight as the Head Coach of the men's basketball team at Indiana University.</title>
        <chamberCode />
        <chamberName />
      </item>
      <item>
        <titleType>Display Title</titleType>
        <parentTitleType />
        <title>A resolution honoring the 50th anniversary of hiring Robert Montgomery "Bobby" Knight as the Head Coach of the men's basketball team at Indiana University.</title>
        <chamberCode />
        <chamberName />
      </item>
    </titles>
    <amendments />
    <textVersions>
      <item>
        <type>Agreed to Senate</type>
        <date>2021-04-15T04:00:00Z</date>
        <formats>
          <item>
            <url>https://www.govinfo.gov/content/pkg/BILLS-117sres157ats/xml/BILLS-117sres157ats.xml</url>
          </item>
        </formats>
      </item>
    </textVersions>
    <latestAction>
      <actionDate>2021-04-15</actionDate>
      <text>Submitted in the Senate, considered, and agreed to without amendment and with a preamble by Voice Vote. (consideration: CR S1975-1976; text: CR S1991)</text>
      <links />
    </latestAction>
    <calendarNumbers />
    <version>1.0.0</version>
  </bill>
  <dublinCore xmlns:dc="http://purl.org/dc/elements/1.1/">
    <dc:format>text/xml</dc:format>
    <dc:language>EN</dc:language>
    <dc:rights>Pursuant to Title 17 Section 105 of the United States Code, this file is not subject to copyright protection and is in the public domain.</dc:rights>
    <dc:contributor>Congressional Research Service, Library of Congress</dc:contributor>
    <dc:description>This file contains bill summaries and statuses for federal legislation. A bill summary describes the most significant provisions of a piece of legislation and details the effects the legislative text may have on current law and federal programs. Bill summaries are authored by the Congressional Research Service (CRS) of the Library of Congress. As stated in Public Law 91-510 (2 USC 166 (d)(6)), one of the duties of CRS is "to prepare summaries and digests of bills and resolutions of a public general nature introduced in the Senate or House of Representatives". For more information, refer to the User Guide that accompanies this file.</dc:description>
  </dublinCore>
</billStatus>

