<?xml version="1.0" encoding="UTF-8"?>
<billStatus>
  <bill>
    <billNumber>34</billNumber>
    <createDate>2021-05-18T07:12:13Z</createDate>
    <updateDate>2021-11-17T08:15:35Z</updateDate>
    <originChamber>House</originChamber>
    <billType>HCONRES</billType>
    <introducedDate>2021-05-17</introducedDate>
    <congress>117</congress>
    <constitutionalAuthorityStatementText />
    <recordedVotes />
    <committees>
      <billCommittees>
        <item>
          <systemCode>hswm00</systemCode>
          <name>Ways and Means Committee</name>
          <chamber>House</chamber>
          <type>Standing</type>
          <subcommittees />
          <activities>
            <item>
              <name>Referred to</name>
              <date>2021-05-17T16:01:30Z</date>
            </item>
          </activities>
        </item>
      </billCommittees>
    </committees>
    <committeeReports />
    <relatedBills />
    <actions>
      <item>
        <actionDate>2021-05-17</actionDate>
        <links />
        <text>Referred to the House Committee on Ways and Means.</text>
        <type>IntroReferral</type>
        <actionCode>H11100</actionCode>
        <sourceSystem>
          <code>2</code>
          <name>House floor actions</name>
        </sourceSystem>
        <committees>
          <item>
            <systemCode>hswm00</systemCode>
            <name>Ways and Means Committee</name>
          </item>
        </committees>
      </item>
      <item>
        <actionDate>2021-05-17</actionDate>
        <links />
        <text>Introduced in House</text>
        <type>IntroReferral</type>
        <actionCode>Intro-H</actionCode>
        <sourceSystem>
          <code>9</code>
          <name>Library of Congress</name>
        </sourceSystem>
        <committees />
      </item>
      <item>
        <actionDate>2021-05-17</actionDate>
        <links />
        <text>Introduced in House</text>
        <type>IntroReferral</type>
        <actionCode>1000</actionCode>
        <sourceSystem>
          <code>9</code>
          <name>Library of Congress</name>
        </sourceSystem>
        <committees />
      </item>
      <actionTypeCounts>
        <billReferrals>1</billReferrals>
        <introducedInTheHouse>1</introducedInTheHouse>
        <introducedInHouse>1</introducedInHouse>
      </actionTypeCounts>
      <actionByCounts>
        <houseOfRepresentatives>3</houseOfRepresentatives>
      </actionByCounts>
    </actions>
    <sponsors>
      <item>
        <bioguideId>S001176</bioguideId>
        <fullName>Rep. Scalise, Steve [R-LA-1]</fullName>
        <firstName>Steve</firstName>
        <middleName />
        <lastName>Scalise</lastName>
        <party>R</party>
        <state>LA</state>
        <identifiers>
          <lisID>1892</lisID>
          <bioguideId>S001176</bioguideId>
          <gpoId>7959</gpoId>
        </identifiers>
        <district>1</district>
        <byRequestType />
      </item>
    </sponsors>
    <cosponsors>
      <item>
        <bioguideId>M001180</bioguideId>
        <fullName>Rep. McKinley, David B. [R-WV-1]</fullName>
        <firstName>David</firstName>
        <middleName>B.</middleName>
        <lastName>McKinley</lastName>
        <party>R</party>
        <state>WV</state>
        <identifiers>
          <lisID>2074</lisID>
          <bioguideId>M001180</bioguideId>
          <gpoId>8222</gpoId>
        </identifiers>
        <district>1</district>
        <sponsorshipDate>2021-05-17</sponsorshipDate>
        <isOriginalCosponsor>True</isOriginalCosponsor>
        <sponsorshipWithdrawnDate />
      </item>
      <item>
        <bioguideId>B000755</bioguideId>
        <fullName>Rep. Brady, Kevin [R-TX-8]</fullName>
        <firstName>KEVIN</firstName>
        <middleName />
        <lastName>BRADY</lastName>
        <party>R</party>
        <state>TX</state>
        <identifiers>
          <lisID>1468</lisID>
          <bioguideId>B000755</bioguideId>
          <gpoId>8164</gpoId>
        </identifiers>
        <district>8</district>
        <sponsorshipDate>2021-05-19</sponsorshipDate>
        <isOriginalCosponsor>False</isOriginalCosponsor>
        <sponsorshipWithdrawnDate />
      </item>
      <item>
        <bioguideId>M001195</bioguideId>
        <fullName>Rep. Mooney, Alexander X. [R-WV-2]</fullName>
        <firstName>Alexander</firstName>
        <middleName>X.</middleName>
        <lastName>Mooney</lastName>
        <party>R</party>
        <state>WV</state>
        <identifiers>
          <lisID>2277</lisID>
          <bioguideId>M001195</bioguideId>
          <gpoId />
        </identifiers>
        <district>2</district>
        <sponsorshipDate>2021-05-19</sponsorshipDate>
        <isOriginalCosponsor>False</isOriginalCosponsor>
        <sponsorshipWithdrawnDate />
      </item>
      <item>
        <bioguideId>G000563</bioguideId>
        <fullName>Rep. Gibbs, Bob [R-OH-7]</fullName>
        <firstName>Bob</firstName>
        <middleName />
        <lastName>Gibbs</lastName>
        <party>R</party>
        <state>OH</state>
        <identifiers>
          <lisID>2049</lisID>
          <bioguideId>G000563</bioguideId>
          <gpoId>8108</gpoId>
        </identifiers>
        <district>7</district>
        <sponsorshipDate>2021-05-20</sponsorshipDate>
        <isOriginalCosponsor>False</isOriginalCosponsor>
        <sponsorshipWithdrawnDate />
      </item>
      <item>
        <bioguideId>M001177</bioguideId>
        <fullName>Rep. McClintock, Tom [R-CA-4]</fullName>
        <firstName>Tom</firstName>
        <middleName />
        <lastName>McClintock</lastName>
        <party>R</party>
        <state>CA</state>
        <identifiers>
          <lisID>1908</lisID>
          <bioguideId>M001177</bioguideId>
          <gpoId>7809</gpoId>
        </identifiers>
        <district>4</district>
        <sponsorshipDate>2021-05-20</sponsorshipDate>
        <isOriginalCosponsor>False</isOriginalCosponsor>
        <sponsorshipWithdrawnDate />
      </item>
      <item>
        <bioguideId>M001205</bioguideId>
        <fullName>Rep. Miller, Carol D. [R-WV-3]</fullName>
        <firstName>Carol</firstName>
        <middleName>D.</middleName>
        <lastName>Miller</lastName>
        <party>R</party>
        <state>WV</state>
        <identifiers>
          <lisID>2460</lisID>
          <bioguideId>M001205</bioguideId>
          <gpoId />
        </identifiers>
        <district>3</district>
        <sponsorshipDate>2021-05-20</sponsorshipDate>
        <isOriginalCosponsor>False</isOriginalCosponsor>
        <sponsorshipWithdrawnDate />
      </item>
      <item>
        <bioguideId>D000615</bioguideId>
        <fullName>Rep. Duncan, Jeff [R-SC-3]</fullName>
        <firstName>Jeff</firstName>
        <middleName />
        <lastName>Duncan</lastName>
        <party>R</party>
        <state>SC</state>
        <identifiers>
          <lisID>2057</lisID>
          <bioguideId>D000615</bioguideId>
          <gpoId>8143</gpoId>
        </identifiers>
        <district>3</district>
        <sponsorshipDate>2021-05-20</sponsorshipDate>
        <isOriginalCosponsor>False</isOriginalCosponsor>
        <sponsorshipWithdrawnDate />
      </item>
      <item>
        <bioguideId>B001257</bioguideId>
        <fullName>Rep. Bilirakis, Gus M. [R-FL-12]</fullName>
        <firstName>Gus</firstName>
        <middleName>M.</middleName>
        <lastName>Bilirakis</lastName>
        <party>R</party>
        <state>FL</state>
        <identifiers>
          <lisID>1838</lisID>
          <bioguideId>B001257</bioguideId>
          <gpoId>7881</gpoId>
        </identifiers>
        <district>12</district>
        <sponsorshipDate>2021-05-28</sponsorshipDate>
        <isOriginalCosponsor>False</isOriginalCosponsor>
        <sponsorshipWithdrawnDate />
      </item>
      <item>
        <bioguideId>W000812</bioguideId>
        <fullName>Rep. Wagner, Ann [R-MO-2]</fullName>
        <firstName>Ann</firstName>
        <middleName />
        <lastName>Wagner</lastName>
        <party>R</party>
        <state>MO</state>
        <identifiers>
          <lisID>2137</lisID>
          <bioguideId>W000812</bioguideId>
          <gpoId />
        </identifiers>
        <district>2</district>
        <sponsorshipDate>2021-05-28</sponsorshipDate>
        <isOriginalCosponsor>False</isOriginalCosponsor>
        <sponsorshipWithdrawnDate />
      </item>
      <item>
        <bioguideId>H001084</bioguideId>
        <fullName>Rep. Herrell, Yvette [R-NM-2]</fullName>
        <firstName>Yvette</firstName>
        <middleName />
        <lastName>Herrell</lastName>
        <party>R</party>
        <state>NM</state>
        <identifiers>
          <lisID>2519</lisID>
          <bioguideId>H001084</bioguideId>
          <gpoId />
        </identifiers>
        <district>2</district>
        <sponsorshipDate>2021-05-28</sponsorshipDate>
        <isOriginalCosponsor>False</isOriginalCosponsor>
        <sponsorshipWithdrawnDate />
      </item>
      <item>
        <bioguideId>B001305</bioguideId>
        <fullName>Rep. Budd, Ted [R-NC-13]</fullName>
        <firstName>Ted</firstName>
        <middleName />
        <lastName>Budd</lastName>
        <party>R</party>
        <state>NC</state>
        <identifiers>
          <lisID>2336</lisID>
          <bioguideId>B001305</bioguideId>
          <gpoId />
        </identifiers>
        <district>13</district>
        <sponsorshipDate>2021-05-28</sponsorshipDate>
        <isOriginalCosponsor>False</isOriginalCosponsor>
        <sponsorshipWithdrawnDate />
      </item>
      <item>
        <bioguideId>M001204</bioguideId>
        <fullName>Rep. Meuser, Daniel [R-PA-9]</fullName>
        <firstName>Daniel</firstName>
        <middleName />
        <lastName>Meuser</lastName>
        <party>R</party>
        <state>PA</state>
        <identifiers>
          <lisID>2434</lisID>
          <bioguideId>M001204</bioguideId>
          <gpoId />
        </identifiers>
        <district>9</district>
        <sponsorshipDate>2021-05-28</sponsorshipDate>
        <isOriginalCosponsor>False</isOriginalCosponsor>
        <sponsorshipWithdrawnDate />
      </item>
      <item>
        <bioguideId>N000190</bioguideId>
        <fullName>Rep. Norman, Ralph [R-SC-5]</fullName>
        <firstName>Ralph</firstName>
        <middleName />
        <lastName>Norman</lastName>
        <party>R</party>
        <state>SC</state>
        <identifiers>
          <lisID>2361</lisID>
          <bioguideId>N000190</bioguideId>
          <gpoId />
        </identifiers>
        <district>5</district>
        <sponsorshipDate>2021-05-28</sponsorshipDate>
        <isOriginalCosponsor>False</isOriginalCosponsor>
        <sponsorshipWithdrawnDate />
      </item>
      <item>
        <bioguideId>P000615</bioguideId>
        <fullName>Rep. Pence, Greg [R-IN-6]</fullName>
        <firstName>Greg</firstName>
        <middleName />
        <lastName>Pence</lastName>
        <party>R</party>
        <state>IN</state>
        <identifiers>
          <lisID>2401</lisID>
          <bioguideId>P000615</bioguideId>
          <gpoId />
        </identifiers>
        <district>6</district>
        <sponsorshipDate>2021-05-28</sponsorshipDate>
        <isOriginalCosponsor>False</isOriginalCosponsor>
        <sponsorshipWithdrawnDate />
      </item>
      <item>
        <bioguideId>A000055</bioguideId>
        <fullName>Rep. Aderholt, Robert B. [R-AL-4]</fullName>
        <firstName>ROBERT</firstName>
        <middleName>B.</middleName>
        <lastName>ADERHOLT</lastName>
        <party>R</party>
        <state>AL</state>
        <identifiers>
          <lisID>1460</lisID>
          <bioguideId>A000055</bioguideId>
          <gpoId>7789</gpoId>
        </identifiers>
        <district>4</district>
        <sponsorshipDate>2021-05-28</sponsorshipDate>
        <isOriginalCosponsor>False</isOriginalCosponsor>
        <sponsorshipWithdrawnDate />
      </item>
      <item>
        <bioguideId>C001104</bioguideId>
        <fullName>Rep. Cawthorn, Madison [R-NC-11]</fullName>
        <firstName>Madison</firstName>
        <middleName />
        <lastName>Cawthorn</lastName>
        <party>R</party>
        <state>NC</state>
        <identifiers>
          <lisID>2518</lisID>
          <bioguideId>C001104</bioguideId>
          <gpoId />
        </identifiers>
        <district>11</district>
        <sponsorshipDate>2021-05-28</sponsorshipDate>
        <isOriginalCosponsor>False</isOriginalCosponsor>
        <sponsorshipWithdrawnDate />
      </item>
      <item>
        <bioguideId>L000589</bioguideId>
        <fullName>Rep. Lesko, Debbie [R-AZ-8]</fullName>
        <firstName>Debbie</firstName>
        <middleName />
        <lastName>Lesko</lastName>
        <party>R</party>
        <state>AZ</state>
        <identifiers>
          <lisID>2368</lisID>
          <bioguideId>L000589</bioguideId>
          <gpoId />
        </identifiers>
        <district>8</district>
        <sponsorshipDate>2021-05-28</sponsorshipDate>
        <isOriginalCosponsor>False</isOriginalCosponsor>
        <sponsorshipWithdrawnDate />
      </item>
      <item>
        <bioguideId>P000048</bioguideId>
        <fullName>Rep. Pfluger, August [R-TX-11]</fullName>
        <firstName>August</firstName>
        <middleName />
        <lastName>Pfluger</lastName>
        <party>R</party>
        <state>TX</state>
        <identifiers>
          <lisID>2531</lisID>
          <bioguideId>P000048</bioguideId>
          <gpoId />
        </identifiers>
        <district>11</district>
        <sponsorshipDate>2021-05-28</sponsorshipDate>
        <isOriginalCosponsor>False</isOriginalCosponsor>
        <sponsorshipWithdrawnDate />
      </item>
      <item>
        <bioguideId>A000377</bioguideId>
        <fullName>Rep. Armstrong, Kelly [R-ND-At Large]</fullName>
        <firstName>Kelly</firstName>
        <middleName />
        <lastName>Armstrong</lastName>
        <party>R</party>
        <state>ND</state>
        <identifiers>
          <lisID>2417</lisID>
          <bioguideId>A000377</bioguideId>
          <gpoId />
        </identifiers>
        <district>0</district>
        <sponsorshipDate>2021-05-28</sponsorshipDate>
        <isOriginalCosponsor>False</isOriginalCosponsor>
        <sponsorshipWithdrawnDate />
      </item>
      <item>
        <bioguideId>M001190</bioguideId>
        <fullName>Rep. Mullin, Markwayne [R-OK-2]</fullName>
        <firstName>Markwayne</firstName>
        <middleName />
        <lastName>Mullin</lastName>
        <party>R</party>
        <state>OK</state>
        <identifiers>
          <lisID>2156</lisID>
          <bioguideId>M001190</bioguideId>
          <gpoId />
        </identifiers>
        <district>2</district>
        <sponsorshipDate>2021-05-28</sponsorshipDate>
        <isOriginalCosponsor>False</isOriginalCosponsor>
        <sponsorshipWithdrawnDate />
      </item>
      <item>
        <bioguideId>P000605</bioguideId>
        <fullName>Rep. Perry, Scott [R-PA-10]</fullName>
        <firstName>Scott</firstName>
        <middleName />
        <lastName>Perry</lastName>
        <party>R</party>
        <state>PA</state>
        <identifiers>
          <lisID>2157</lisID>
          <bioguideId>P000605</bioguideId>
          <gpoId />
        </identifiers>
        <district>10</district>
        <sponsorshipDate>2021-05-28</sponsorshipDate>
        <isOriginalCosponsor>False</isOriginalCosponsor>
        <sponsorshipWithdrawnDate />
      </item>
      <item>
        <bioguideId>W000814</bioguideId>
        <fullName>Rep. Weber, Randy K., Sr. [R-TX-14]</fullName>
        <firstName>Randy</firstName>
        <middleName>K.</middleName>
        <lastName>Weber</lastName>
        <party>R</party>
        <state>TX</state>
        <identifiers>
          <lisID>2161</lisID>
          <bioguideId>W000814</bioguideId>
          <gpoId />
        </identifiers>
        <district>14</district>
        <sponsorshipDate>2021-05-28</sponsorshipDate>
        <isOriginalCosponsor>False</isOriginalCosponsor>
        <sponsorshipWithdrawnDate />
      </item>
      <item>
        <bioguideId>N000189</bioguideId>
        <fullName>Rep. Newhouse, Dan [R-WA-4]</fullName>
        <firstName>Dan</firstName>
        <middleName />
        <lastName>Newhouse</lastName>
        <party>R</party>
        <state>WA</state>
        <identifiers>
          <lisID>2275</lisID>
          <bioguideId>N000189</bioguideId>
          <gpoId />
        </identifiers>
        <district>4</district>
        <sponsorshipDate>2021-06-01</sponsorshipDate>
        <isOriginalCosponsor>False</isOriginalCosponsor>
        <sponsorshipWithdrawnDate />
      </item>
      <item>
        <bioguideId>J000299</bioguideId>
        <fullName>Rep. Johnson, Mike [R-LA-4]</fullName>
        <firstName>Mike</firstName>
        <middleName />
        <lastName>Johnson</lastName>
        <party>R</party>
        <state>LA</state>
        <identifiers>
          <lisID>2330</lisID>
          <bioguideId>J000299</bioguideId>
          <gpoId />
        </identifiers>
        <district>4</district>
        <sponsorshipDate>2021-06-01</sponsorshipDate>
        <isOriginalCosponsor>False</isOriginalCosponsor>
        <sponsorshipWithdrawnDate />
      </item>
      <item>
        <bioguideId>E000294</bioguideId>
        <fullName>Rep. Emmer, Tom [R-MN-6]</fullName>
        <firstName>Tom</firstName>
        <middleName />
        <lastName>Emmer</lastName>
        <party>R</party>
        <state>MN</state>
        <identifiers>
          <lisID>2253</lisID>
          <bioguideId>E000294</bioguideId>
          <gpoId />
        </identifiers>
        <district>6</district>
        <sponsorshipDate>2021-06-14</sponsorshipDate>
        <isOriginalCosponsor>False</isOriginalCosponsor>
        <sponsorshipWithdrawnDate />
      </item>
      <item>
        <bioguideId>F000469</bioguideId>
        <fullName>Rep. Fulcher, Russ [R-ID-1]</fullName>
        <firstName>Russ</firstName>
        <middleName />
        <lastName>Fulcher</lastName>
        <party>R</party>
        <state>ID</state>
        <identifiers>
          <lisID>2396</lisID>
          <bioguideId>F000469</bioguideId>
          <gpoId />
        </identifiers>
        <district>1</district>
        <sponsorshipDate>2021-06-14</sponsorshipDate>
        <isOriginalCosponsor>False</isOriginalCosponsor>
        <sponsorshipWithdrawnDate />
      </item>
      <item>
        <bioguideId>B001295</bioguideId>
        <fullName>Rep. Bost, Mike [R-IL-12]</fullName>
        <firstName>Mike</firstName>
        <middleName />
        <lastName>Bost</lastName>
        <party>R</party>
        <state>IL</state>
        <identifiers>
          <lisID>2243</lisID>
          <bioguideId>B001295</bioguideId>
          <gpoId />
        </identifiers>
        <district>12</district>
        <sponsorshipDate>2021-06-15</sponsorshipDate>
        <isOriginalCosponsor>False</isOriginalCosponsor>
        <sponsorshipWithdrawnDate />
      </item>
      <item>
        <bioguideId>M000871</bioguideId>
        <fullName>Rep. Mann, Tracey [R-KS-1]</fullName>
        <firstName>Tracey</firstName>
        <middleName />
        <lastName>Mann</lastName>
        <party>R</party>
        <state>KS</state>
        <identifiers>
          <lisID>2508</lisID>
          <bioguideId>M000871</bioguideId>
          <gpoId />
        </identifiers>
        <district>1</district>
        <sponsorshipDate>2021-07-29</sponsorshipDate>
        <isOriginalCosponsor>False</isOriginalCosponsor>
        <sponsorshipWithdrawnDate />
      </item>
      <item>
        <bioguideId>G000558</bioguideId>
        <fullName>Rep. Guthrie, Brett [R-KY-2]</fullName>
        <firstName>Brett</firstName>
        <middleName />
        <lastName>Guthrie</lastName>
        <party>R</party>
        <state>KY</state>
        <identifiers>
          <lisID>1922</lisID>
          <bioguideId>G000558</bioguideId>
          <gpoId>7954</gpoId>
        </identifiers>
        <district>2</district>
        <sponsorshipDate>2021-07-29</sponsorshipDate>
        <isOriginalCosponsor>False</isOriginalCosponsor>
        <sponsorshipWithdrawnDate />
      </item>
      <item>
        <bioguideId>C001116</bioguideId>
        <fullName>Rep. Clyde, Andrew S. [R-GA-9]</fullName>
        <firstName>Andrew</firstName>
        <middleName>S.</middleName>
        <lastName>Clyde</lastName>
        <party>R</party>
        <state>GA</state>
        <identifiers>
          <lisID>2498</lisID>
          <bioguideId>C001116</bioguideId>
          <gpoId />
        </identifiers>
        <district>9</district>
        <sponsorshipDate>2021-11-01</sponsorshipDate>
        <isOriginalCosponsor>False</isOriginalCosponsor>
        <sponsorshipWithdrawnDate />
      </item>
      <item>
        <bioguideId>D000032</bioguideId>
        <fullName>Rep. Donalds, Byron [R-FL-19]</fullName>
        <firstName>Byron</firstName>
        <middleName />
        <lastName>Donalds</lastName>
        <party>R</party>
        <state>FL</state>
        <identifiers>
          <lisID>2493</lisID>
          <bioguideId>D000032</bioguideId>
          <gpoId />
        </identifiers>
        <district>19</district>
        <sponsorshipDate>2021-11-16</sponsorshipDate>
        <isOriginalCosponsor>False</isOriginalCosponsor>
        <sponsorshipWithdrawnDate />
      </item>
    </cosponsors>
    <cboCostEstimates />
    <laws />
    <notes />
    <policyArea>
      <name>Taxation</name>
    </policyArea>
    <subjects>
      <billSubjects>
        <legislativeSubjects>
          <item>
            <name>Air quality</name>
          </item>
          <item>
            <name>Climate change and greenhouse gases</name>
          </item>
          <item>
            <name>Energy prices</name>
          </item>
          <item>
            <name>Oil and gas</name>
          </item>
          <item>
            <name>Sales and excise taxes</name>
          </item>
          <item>
            <name>User charges and fees</name>
          </item>
        </legislativeSubjects>
        <policyArea>
          <name>Taxation</name>
        </policyArea>
      </billSubjects>
    </subjects>
    <summaries>
      <billSummaries>
        <item>
          <versionCode>00</versionCode>
          <actionDate>2021-05-17</actionDate>
          <actionDesc>Introduced in House</actionDesc>
          <lastSummaryUpdateDate>2021-05-26T17:18:40Z</lastSummaryUpdateDate>
          <text><![CDATA[<p>This concurrent resolution expresses the sense of Congress that a carbon tax would be detrimental to American families and businesses and is not in the best interest of the United States.</p>]]></text>
          <updateDate>2021-05-17T04:00:00Z</updateDate>
          <name>Introduced in House</name>
        </item>
      </billSummaries>
    </summaries>
    <title>Expressing the sense of Congress that a carbon tax would be detrimental to the United States economy.</title>
    <titles>
      <item>
        <titleType>Official Title as Introduced</titleType>
        <parentTitleType />
        <title>Expressing the sense of Congress that a carbon tax would be detrimental to the United States economy.</title>
        <chamberCode />
        <chamberName />
      </item>
      <item>
        <titleType>Display Title</titleType>
        <parentTitleType />
        <title>Expressing the sense of Congress that a carbon tax would be detrimental to the United States economy.</title>
        <chamberCode />
        <chamberName />
      </item>
    </titles>
    <amendments />
    <textVersions>
      <item>
        <type>Introduced in House</type>
        <date>2021-05-17T04:00:00Z</date>
        <formats>
          <item>
            <url>https://www.govinfo.gov/content/pkg/BILLS-117hconres34ih/xml/BILLS-117hconres34ih.xml</url>
          </item>
        </formats>
      </item>
    </textVersions>
    <latestAction>
      <actionDate>2021-05-17</actionDate>
      <text>Referred to the House Committee on Ways and Means.</text>
      <links />
    </latestAction>
    <calendarNumbers />
    <version>1.0.0</version>
  </bill>
  <dublinCore xmlns:dc="http://purl.org/dc/elements/1.1/">
    <dc:format>text/xml</dc:format>
    <dc:language>EN</dc:language>
    <dc:rights>Pursuant to Title 17 Section 105 of the United States Code, this file is not subject to copyright protection and is in the public domain.</dc:rights>
    <dc:contributor>Congressional Research Service, Library of Congress</dc:contributor>
    <dc:description>This file contains bill summaries and statuses for federal legislation. A bill summary describes the most significant provisions of a piece of legislation and details the effects the legislative text may have on current law and federal programs. Bill summaries are authored by the Congressional Research Service (CRS) of the Library of Congress. As stated in Public Law 91-510 (2 USC 166 (d)(6)), one of the duties of CRS is "to prepare summaries and digests of bills and resolutions of a public general nature introduced in the Senate or House of Representatives". For more information, refer to the User Guide that accompanies this file.</dc:description>
  </dublinCore>
</billStatus>

