<?xml version="1.0" encoding="UTF-8"?>
<billStatus>
  <bill>
    <billNumber>30</billNumber>
    <createDate>2021-04-21T07:12:14Z</createDate>
    <updateDate>2021-07-13T18:41:22Z</updateDate>
    <originChamber>House</originChamber>
    <billType>HCONRES</billType>
    <introducedDate>2021-04-20</introducedDate>
    <congress>117</congress>
    <constitutionalAuthorityStatementText />
    <recordedVotes />
    <committees>
      <billCommittees>
        <item>
          <systemCode>hsha00</systemCode>
          <name>Committee on House Administration</name>
          <chamber>House</chamber>
          <type>Standing</type>
          <subcommittees />
          <activities>
            <item>
              <name>Referred to</name>
              <date>2021-04-20T14:00:05Z</date>
            </item>
          </activities>
        </item>
      </billCommittees>
    </committees>
    <committeeReports />
    <relatedBills>
      <item>
        <latestTitle>Providing for consideration of the bill (H.R. 51) to provide for the admission of the State of Washington, D.C. into the Union; providing for consideration of the bill (H.R. 1573) to clarify the rights of all persons who are held or detained at a port of entry or at any detention facility overseen by U.S. Customs and Border Protection or U.S. Immigration and Customs Enforcement; providing for consideration of the bill (H.R. 1333) to transfer and limit Executive Branch authority to suspend or restrict the entry of a class of aliens; and for other purposes.</latestTitle>
        <congress>117</congress>
        <number>330</number>
        <type>HRES</type>
        <latestAction>
          <actionDate>2021-04-20</actionDate>
          <text>Motion to reconsider laid on the table Agreed to without objection.</text>
          <actionTime>17:33:52</actionTime>
        </latestAction>
        <relationshipDetails>
          <item>
            <type>Procedurally-related</type>
            <identifiedBy>House</identifiedBy>
          </item>
        </relationshipDetails>
      </item>
    </relatedBills>
    <actions>
      <item>
        <actionDate>2021-04-22</actionDate>
        <committees />
        <links />
        <sourceSystem>
          <code>0</code>
          <name>Senate</name>
        </sourceSystem>
        <text>Message on Senate action sent to the House.</text>
        <type>Floor</type>
      </item>
      <item>
        <actionDate>2021-04-21</actionDate>
        <committees />
        <links />
        <sourceSystem>
          <code>0</code>
          <name>Senate</name>
        </sourceSystem>
        <text>Received in the Senate, considered, and agreed to without amendment by Unanimous Consent. (consideration: CR S2135)</text>
        <type>Floor</type>
      </item>
      <item>
        <actionDate>2021-04-21</actionDate>
        <links />
        <text>Passed/agreed to in Senate: Received in the Senate, considered, and agreed to without amendment by Unanimous Consent.(consideration: CR S2135)</text>
        <type>Floor</type>
        <actionCode>17000</actionCode>
        <sourceSystem>
          <code>9</code>
          <name>Library of Congress</name>
        </sourceSystem>
        <committees />
      </item>
      <item>
        <actionDate>2021-04-20</actionDate>
        <actionTime>17:35:00</actionTime>
        <links />
        <text>Pursuant to the provisions of H. Res. 330, H. Con. Res. 30 is considered passed House. (consideration: CR H1979; text: CR H1979)</text>
        <type>Floor</type>
        <actionCode>H1B000</actionCode>
        <sourceSystem>
          <code>2</code>
          <name>House floor actions</name>
        </sourceSystem>
        <committees />
      </item>
      <item>
        <actionDate>2021-04-20</actionDate>
        <actionTime>17:35:00</actionTime>
        <links />
        <text>Passed/agreed to in House: Pursuant to the provisions of H. Res. 330, H. Con. Res. 30 is considered passed House.(consideration: CR H1979; text: CR H1979)</text>
        <type>Floor</type>
        <actionCode>8000</actionCode>
        <sourceSystem>
          <code>9</code>
          <name>Library of Congress</name>
        </sourceSystem>
        <committees />
      </item>
      <item>
        <actionDate>2021-04-20</actionDate>
        <links />
        <text>Referred to the House Committee on House Administration.</text>
        <type>IntroReferral</type>
        <actionCode>H11100</actionCode>
        <sourceSystem>
          <code>2</code>
          <name>House floor actions</name>
        </sourceSystem>
        <committees>
          <item>
            <systemCode>hsha00</systemCode>
            <name>Committee on House Administration</name>
          </item>
        </committees>
      </item>
      <item>
        <actionDate>2021-04-20</actionDate>
        <links />
        <text>Introduced in House</text>
        <type>IntroReferral</type>
        <actionCode>Intro-H</actionCode>
        <sourceSystem>
          <code>9</code>
          <name>Library of Congress</name>
        </sourceSystem>
        <committees />
      </item>
      <item>
        <actionDate>2021-04-20</actionDate>
        <links />
        <text>Introduced in House</text>
        <type>IntroReferral</type>
        <actionCode>1000</actionCode>
        <sourceSystem>
          <code>9</code>
          <name>Library of Congress</name>
        </sourceSystem>
        <committees />
      </item>
      <actionTypeCounts>
        <sentToHouse>1</sentToHouse>
        <passedOrAgreedToInSenateDayOf>1</passedOrAgreedToInSenateDayOf>
        <passedAgreedToInSenate>1</passedAgreedToInSenate>
        <virtualAction>1</virtualAction>
        <passedAgreedToInHouse>1</passedAgreedToInHouse>
        <billReferrals>1</billReferrals>
        <introducedInTheHouse>1</introducedInTheHouse>
        <introducedInHouse>1</introducedInHouse>
      </actionTypeCounts>
      <actionByCounts>
        <senate>3</senate>
        <houseOfRepresentatives>5</houseOfRepresentatives>
      </actionByCounts>
    </actions>
    <sponsors>
      <item>
        <bioguideId>L000397</bioguideId>
        <fullName>Rep. Lofgren, Zoe [D-CA-19]</fullName>
        <firstName>ZOE</firstName>
        <middleName />
        <lastName>LOFGREN</lastName>
        <party>D</party>
        <state>CA</state>
        <identifiers>
          <lisID>701</lisID>
          <bioguideId>L000397</bioguideId>
          <gpoId>7821</gpoId>
        </identifiers>
        <district>19</district>
        <byRequestType />
      </item>
    </sponsors>
    <cosponsors />
    <cboCostEstimates />
    <laws />
    <notes />
    <policyArea>
      <name>Congress</name>
    </policyArea>
    <subjects>
      <billSubjects>
        <legislativeSubjects>
          <item>
            <name>Congressional operations and organization</name>
          </item>
          <item>
            <name>Presidents and presidential powers, Vice Presidents</name>
          </item>
        </legislativeSubjects>
        <policyArea>
          <name>Congress</name>
        </policyArea>
      </billSubjects>
    </subjects>
    <summaries>
      <billSummaries>
        <item>
          <versionCode>00</versionCode>
          <actionDate>2021-04-20</actionDate>
          <actionDesc>Introduced in House</actionDesc>
          <lastSummaryUpdateDate>2021-04-28T14:29:52Z</lastSummaryUpdateDate>
          <text><![CDATA[<p>This concurrent resolution provides for a joint session of Congress on April 28, 2021, to receive a message from the President.</p>]]></text>
          <updateDate>2021-04-20T04:00:00Z</updateDate>
          <name>Introduced in House</name>
        </item>
        <item>
          <versionCode>53</versionCode>
          <actionDate>2021-04-20</actionDate>
          <actionDesc>Passed House</actionDesc>
          <lastSummaryUpdateDate>2021-04-29T10:53:24Z</lastSummaryUpdateDate>
          <text><![CDATA[<p>This concurrent resolution provides for a joint session of Congress on April 28, 2021, to receive a message from the President.</p>]]></text>
          <updateDate>2021-04-20T13:53:37Z</updateDate>
          <name>Passed House</name>
        </item>
        <item>
          <versionCode>55</versionCode>
          <actionDate>2021-04-21</actionDate>
          <actionDesc>Passed Senate</actionDesc>
          <lastSummaryUpdateDate>2021-04-29T10:54:50Z</lastSummaryUpdateDate>
          <text><![CDATA[<p>This concurrent resolution provides for a joint session of Congress on April 28, 2021, to receive a message from the President.</p>]]></text>
          <updateDate>2021-04-21T12:49:15Z</updateDate>
          <name>Passed Senate</name>
        </item>
      </billSummaries>
    </summaries>
    <title>Providing for a joint session of Congress to receive a message from the President.</title>
    <titles>
      <item>
        <titleType>Official Title as Introduced</titleType>
        <parentTitleType />
        <title>Providing for a joint session of Congress to receive a message from the President.</title>
        <chamberCode />
        <chamberName />
      </item>
      <item>
        <titleType>Display Title</titleType>
        <parentTitleType />
        <title>Providing for a joint session of Congress to receive a message from the President.</title>
        <chamberCode />
        <chamberName />
      </item>
    </titles>
    <amendments />
    <textVersions>
      <item>
        <type>Enrolled Bill</type>
        <date />
        <formats>
          <item>
            <url>https://www.govinfo.gov/content/pkg/BILLS-117hconres30enr/xml/BILLS-117hconres30enr.xml</url>
          </item>
        </formats>
      </item>
      <item>
        <type>Received in Senate</type>
        <date>2021-04-21T04:00:00Z</date>
        <formats>
          <item>
            <url>https://www.govinfo.gov/content/pkg/BILLS-117hconres30rds/xml/BILLS-117hconres30rds.xml</url>
          </item>
        </formats>
      </item>
      <item>
        <type>Engrossed in House</type>
        <date>2021-04-20T04:00:00Z</date>
        <formats>
          <item>
            <url>https://www.govinfo.gov/content/pkg/BILLS-117hconres30eh/xml/BILLS-117hconres30eh.xml</url>
          </item>
        </formats>
      </item>
    </textVersions>
    <latestAction>
      <actionDate>2021-04-22</actionDate>
      <text>Message on Senate action sent to the House.</text>
      <links />
    </latestAction>
    <calendarNumbers />
    <version>1.0.0</version>
  </bill>
  <dublinCore xmlns:dc="http://purl.org/dc/elements/1.1/">
    <dc:format>text/xml</dc:format>
    <dc:language>EN</dc:language>
    <dc:rights>Pursuant to Title 17 Section 105 of the United States Code, this file is not subject to copyright protection and is in the public domain.</dc:rights>
    <dc:contributor>Congressional Research Service, Library of Congress</dc:contributor>
    <dc:description>This file contains bill summaries and statuses for federal legislation. A bill summary describes the most significant provisions of a piece of legislation and details the effects the legislative text may have on current law and federal programs. Bill summaries are authored by the Congressional Research Service (CRS) of the Library of Congress. As stated in Public Law 91-510 (2 USC 166 (d)(6)), one of the duties of CRS is "to prepare summaries and digests of bills and resolutions of a public general nature introduced in the Senate or House of Representatives". For more information, refer to the User Guide that accompanies this file.</dc:description>
  </dublinCore>
</billStatus>

