<?xml version="1.0" encoding="UTF-8"?>
<billStatus>
  <bill>
    <billNumber>99</billNumber>
    <createDate>2017-04-27T03:11:40Z</createDate>
    <updateDate>2021-10-15T23:29:41Z</updateDate>
    <originChamber>House</originChamber>
    <billType>HJRES</billType>
    <introducedDate>2017-04-26</introducedDate>
    <congress>115</congress>
    <constitutionalAuthorityStatementText><![CDATA[<pre>[Congressional Record Volume 163, Number 71 (Wednesday, April 26, 2017)]From the Congressional Record Online through the Government Publishing Office [<a href='http://www.gpo.gov'>www.gpo.gov</a>]By Mr. FRELINGHUYSEN:H.J. Res. 99.Congress has the power to enact this legislation pursuantto the following:The principal constitutional authority for this legislationis clause 7 of section 9 of article I of the Constitution ofthe United States (the appropriation power), which states:``No Money shall be drawn from the Treasury, but inConsequence of Appropriations made by Law. .  .  .'' Inaddition, clause 1 of section 8 of article I of theConstitution (the spending power) provides: ``The Congressshall have the Power .  .  . to pay the Debts and provide forthe common Defence and general Welfare of the United States..  .  .'' Together, these specific constitutional provisionsestablish the congressional power of the purse, grantingCongress the authority to appropriate funds, to determinetheir purpose, amount, and period of availability, and to setforth terms and conditions governing their use.____________________[Page H2898]</pre>]]></constitutionalAuthorityStatementText>
    <recordedVotes>
      <recordedVote>
        <rollNumber>236</rollNumber>
        <url>https://clerk.house.gov/evs/2017/roll236.xml</url>
        <fullActionName>Passage of a Measure</fullActionName>
        <chamber>House</chamber>
        <congress>115</congress>
        <date>2017-04-28T15:30:27Z</date>
        <sessionNumber>1</sessionNumber>
      </recordedVote>
    </recordedVotes>
    <committees>
      <billCommittees>
        <item>
          <systemCode>hsap00</systemCode>
          <name>Appropriations Committee</name>
          <chamber>House</chamber>
          <type>Standing</type>
          <subcommittees />
          <activities>
            <item>
              <name>Referred to</name>
              <date>2017-04-26T14:05:40Z</date>
            </item>
          </activities>
        </item>
      </billCommittees>
    </committees>
    <committeeReports />
    <relatedBills>
      <item>
        <latestTitle>Providing for consideration of the joint resolution (H.J. Res. 99) making further continuing appropriations for fiscal year 2017, and for other purposes.</latestTitle>
        <congress>115</congress>
        <number>289</number>
        <type>HRES</type>
        <latestAction>
          <actionDate>2017-04-28</actionDate>
          <text>Motion to reconsider laid on the table Agreed to without objection.</text>
          <actionTime>10:22:11</actionTime>
        </latestAction>
        <relationshipDetails>
          <item>
            <type>Procedurally-related</type>
            <identifiedBy>House</identifiedBy>
          </item>
        </relationshipDetails>
      </item>
    </relatedBills>
    <actions>
      <item>
        <actionDate>2017-04-28</actionDate>
        <links />
        <text>Became Public Law No: 115-30.</text>
        <type>President</type>
        <actionCode>E40000</actionCode>
        <sourceSystem>
          <code>2</code>
          <name>House floor actions</name>
        </sourceSystem>
        <committees />
      </item>
      <item>
        <actionDate>2017-04-28</actionDate>
        <links />
        <text>Became Public Law No: 115-30.</text>
        <type>BecameLaw</type>
        <actionCode>36000</actionCode>
        <sourceSystem>
          <code>9</code>
          <name>Library of Congress</name>
        </sourceSystem>
        <committees />
      </item>
      <item>
        <actionDate>2017-04-28</actionDate>
        <links />
        <text>Signed by President.</text>
        <type>President</type>
        <actionCode>E30000</actionCode>
        <sourceSystem>
          <code>2</code>
          <name>House floor actions</name>
        </sourceSystem>
        <committees />
      </item>
      <item>
        <actionDate>2017-04-28</actionDate>
        <links />
        <text>Signed by President.</text>
        <type>BecameLaw</type>
        <actionCode>36000</actionCode>
        <sourceSystem>
          <code>9</code>
          <name>Library of Congress</name>
        </sourceSystem>
        <committees />
      </item>
      <item>
        <actionDate>2017-04-28</actionDate>
        <links />
        <text>Presented to President.</text>
        <type>Floor</type>
        <actionCode>E20000</actionCode>
        <sourceSystem>
          <code>2</code>
          <name>House floor actions</name>
        </sourceSystem>
        <committees />
      </item>
      <item>
        <actionDate>2017-04-28</actionDate>
        <links />
        <text>Presented to President.</text>
        <type>President</type>
        <actionCode>28000</actionCode>
        <sourceSystem>
          <code>9</code>
          <name>Library of Congress</name>
        </sourceSystem>
        <committees />
      </item>
      <item>
        <actionDate>2017-04-28</actionDate>
        <committees />
        <links />
        <sourceSystem>
          <code>0</code>
          <name>Senate</name>
        </sourceSystem>
        <text>Message on Senate action sent to the House.</text>
        <type>Floor</type>
      </item>
      <item>
        <actionDate>2017-04-28</actionDate>
        <committees />
        <links />
        <sourceSystem>
          <code>0</code>
          <name>Senate</name>
        </sourceSystem>
        <text>Received in the Senate, read twice, considered, read the third time, and passed without amendment by Voice Vote. (consideration: CR S2634-2635)</text>
        <type>Floor</type>
      </item>
      <item>
        <actionDate>2017-04-28</actionDate>
        <links />
        <text>Passed/agreed to in Senate: Received in the Senate, read twice, considered, read the third time, and passed without amendment by Voice Vote.(consideration: CR S2634-2635)</text>
        <type>Floor</type>
        <actionCode>17000</actionCode>
        <sourceSystem>
          <code>9</code>
          <name>Library of Congress</name>
        </sourceSystem>
        <committees />
      </item>
      <item>
        <actionDate>2017-04-28</actionDate>
        <actionTime>11:30:29</actionTime>
        <links />
        <text>Motion to reconsider laid on the table Agreed to without objection.</text>
        <type>Floor</type>
        <actionCode>H38310</actionCode>
        <sourceSystem>
          <code>2</code>
          <name>House floor actions</name>
        </sourceSystem>
        <committees />
      </item>
      <item>
        <actionDate>2017-04-28</actionDate>
        <actionTime>11:30:27</actionTime>
        <links />
        <text>On passage Passed by the Yeas and Nays: 382 - 30 (Roll no. 236). (text: CR H2955)</text>
        <type>Floor</type>
        <actionCode>H37100</actionCode>
        <sourceSystem>
          <code>2</code>
          <name>House floor actions</name>
        </sourceSystem>
        <committees />
      </item>
      <item>
        <actionDate>2017-04-28</actionDate>
        <actionTime>11:30:27</actionTime>
        <links />
        <text>Passed/agreed to in House: On passage Passed by the Yeas and Nays: 382 - 30 (Roll no. 236).(text: CR H2955)</text>
        <type>Floor</type>
        <actionCode>8000</actionCode>
        <sourceSystem>
          <code>9</code>
          <name>Library of Congress</name>
        </sourceSystem>
        <committees />
      </item>
      <item>
        <actionDate>2017-04-28</actionDate>
        <actionTime>10:38:22</actionTime>
        <links />
        <text>The previous question was ordered pursuant to the rule.</text>
        <type>Floor</type>
        <actionCode>H35000</actionCode>
        <sourceSystem>
          <code>2</code>
          <name>House floor actions</name>
        </sourceSystem>
        <committees />
      </item>
      <item>
        <actionDate>2017-04-28</actionDate>
        <actionTime>10:23:23</actionTime>
        <links />
        <text>DEBATE - The House proceeded with one hour of debate on H.J. Res. 99.</text>
        <type>Floor</type>
        <actionCode>H8D000</actionCode>
        <sourceSystem>
          <code>2</code>
          <name>House floor actions</name>
        </sourceSystem>
        <committees />
      </item>
      <item>
        <actionDate>2017-04-28</actionDate>
        <actionTime>10:22:54</actionTime>
        <links />
        <text>Rule provides for consideration of H.J. Res. 99 with 1 hour of general debate. Previous question shall be considered as ordered without intervening motions except motion to recommit. Measure will be considered read. Bill is closed to amendments.</text>
        <type>Floor</type>
        <actionCode>H8D000</actionCode>
        <sourceSystem>
          <code>2</code>
          <name>House floor actions</name>
        </sourceSystem>
        <committees />
      </item>
      <item>
        <actionDate>2017-04-28</actionDate>
        <actionTime>10:22:49</actionTime>
        <links />
        <text>Considered under the provisions of rule H. Res. 289. (consideration: CR H2955-2958)</text>
        <type>Floor</type>
        <actionCode>H30000</actionCode>
        <sourceSystem>
          <code>2</code>
          <name>House floor actions</name>
        </sourceSystem>
        <committees />
      </item>
      <item>
        <actionDate>2017-04-28</actionDate>
        <actionTime>10:22:10</actionTime>
        <links />
        <text>Rule H. Res. 289 passed House.</text>
        <type>Floor</type>
        <actionCode>H1L220</actionCode>
        <sourceSystem>
          <code>2</code>
          <name>House floor actions</name>
        </sourceSystem>
        <committees />
      </item>
      <item>
        <actionDate>2017-04-27</actionDate>
        <actionTime>23:10:46</actionTime>
        <links />
        <text>Rules Committee Resolution H. Res. 289 Reported to House. Rule provides for consideration of H.J. Res. 99 with 1 hour of general debate. Previous question shall be considered as ordered without intervening motions except motion to recommit. Measure will be considered read. Bill is closed to amendments.</text>
        <type>Floor</type>
        <actionCode>H1L210</actionCode>
        <sourceSystem>
          <code>2</code>
          <name>House floor actions</name>
        </sourceSystem>
        <committees />
      </item>
      <item>
        <actionDate>2017-04-26</actionDate>
        <links />
        <text>Referred to the House Committee on Appropriations.</text>
        <type>IntroReferral</type>
        <actionCode>H11100</actionCode>
        <sourceSystem>
          <code>2</code>
          <name>House floor actions</name>
        </sourceSystem>
        <committees>
          <item>
            <systemCode>hsap00</systemCode>
            <name>Appropriations Committee</name>
          </item>
        </committees>
      </item>
      <item>
        <actionDate>2017-04-26</actionDate>
        <links />
        <text>Introduced in House</text>
        <type>IntroReferral</type>
        <actionCode>Intro-H</actionCode>
        <sourceSystem>
          <code>9</code>
          <name>Library of Congress</name>
        </sourceSystem>
        <committees />
      </item>
      <item>
        <actionDate>2017-04-26</actionDate>
        <links />
        <text>Introduced in House</text>
        <type>IntroReferral</type>
        <actionCode>1000</actionCode>
        <sourceSystem>
          <code>9</code>
          <name>Library of Congress</name>
        </sourceSystem>
        <committees />
      </item>
      <actionTypeCounts>
        <publicLawOrPrivateLaw>1</publicLawOrPrivateLaw>
        <becamePublicLaw>2</becamePublicLaw>
        <signedByPresidentOrSentToArchivistOfTheUnitedStatesUnsignedOrVetoedByPresidentOrPocketVetoedByPresident>1</signedByPresidentOrSentToArchivistOfTheUnitedStatesUnsignedOrVetoedByPresidentOrPocketVetoedByPresident>
        <presentedToPresident>2</presentedToPresident>
        <sentToHouse>1</sentToHouse>
        <passedOrAgreedToInSenateDayOf>1</passedOrAgreedToInSenateDayOf>
        <passedAgreedToInSenate>1</passedAgreedToInSenate>
        <motionToReconsiderResults>1</motionToReconsiderResults>
        <passageOfAMeasure>1</passageOfAMeasure>
        <passedAgreedToInHouse>1</passedAgreedToInHouse>
        <motionForPreviousQuestion>1</motionForPreviousQuestion>
        <generalDebate>2</generalDebate>
        <considerationByHouse>1</considerationByHouse>
        <placeholderTextForHL>1</placeholderTextForHL>
        <ruleForConsiderationOfBillReportedToHouse>1</ruleForConsiderationOfBillReportedToHouse>
        <billReferrals>1</billReferrals>
        <introducedInTheHouse>1</introducedInTheHouse>
        <introducedInHouse>1</introducedInHouse>
      </actionTypeCounts>
      <actionByCounts>
        <senate>3</senate>
        <houseOfRepresentatives>12</houseOfRepresentatives>
      </actionByCounts>
    </actions>
    <sponsors>
      <item>
        <bioguideId>F000372</bioguideId>
        <fullName>Rep. Frelinghuysen, Rodney P. [R-NJ-11]</fullName>
        <firstName>RODNEY</firstName>
        <middleName />
        <lastName>FRELINGHUYSEN</lastName>
        <party>R</party>
        <state>NJ</state>
        <identifiers>
          <lisID>414</lisID>
          <bioguideId>F000372</bioguideId>
          <gpoId>8053</gpoId>
        </identifiers>
        <district>11</district>
        <byRequestType />
      </item>
    </sponsors>
    <cosponsors />
    <cboCostEstimates>
      <item>
        <pubDate>2017-04-27T20:08:54Z</pubDate>
        <title>H.J.Res. 99, Section 202, Further Continued Health Benefits for Miners Act</title>
        <url>https://www.cbo.gov/publication/52669</url>
      </item>
    </cboCostEstimates>
    <laws>
      <item>
        <type>Public Law</type>
        <number>115-30</number>
      </item>
    </laws>
    <notes />
    <policyArea>
      <name>Economics and Public Finance</name>
    </policyArea>
    <subjects>
      <billSubjects>
        <legislativeSubjects>
          <item>
            <name>Appropriations</name>
          </item>
          <item>
            <name>Coal</name>
          </item>
          <item>
            <name>Employee benefits and pensions</name>
          </item>
          <item>
            <name>Executive agency funding and structure</name>
          </item>
          <item>
            <name>Health care costs and insurance</name>
          </item>
          <item>
            <name>Mining</name>
          </item>
        </legislativeSubjects>
        <policyArea>
          <name>Economics and Public Finance</name>
        </policyArea>
      </billSubjects>
    </subjects>
    <summaries>
      <billSummaries>
        <item>
          <versionCode>00</versionCode>
          <actionDate>2017-04-26</actionDate>
          <actionDesc>Introduced in House</actionDesc>
          <lastSummaryUpdateDate>2017-04-28T16:29:00Z</lastSummaryUpdateDate>
          <text><![CDATA[<p>This joint resolution amends the Continuing Appropriations Act, 2017 to provide continuing FY2017 appropriations for most federal agencies through the earlier of May 5, 2017, or the enactment of the applicable appropriations legislation. </p> <p>It is commonly referred to as a continuing resolution (CR) and prevents a partial government shutdown that would otherwise occur after the existing CR expires on April 28, 2017, because 11 of the 12 FY2017 regular appropriations bills that fund the federal government have not been enacted. (The Military Construction, Veterans Affairs, and Related Agencies Appropriations Act, 2017 was signed into law on September 29, 2016.) </p> <p>The CR also amends the Surface Mining Control and Reclamation Act of 1977 to extend through May 5, 2017, a provision that provides health care benefits for certain retired miners and their families. </p>]]></text>
          <updateDate>2017-04-26T04:00:00Z</updateDate>
          <name>Introduced in House</name>
        </item>
        <item>
          <versionCode>82</versionCode>
          <actionDate>2017-04-28</actionDate>
          <actionDesc>Passed Senate without amendment</actionDesc>
          <lastSummaryUpdateDate>2017-05-08T19:08:04Z</lastSummaryUpdateDate>
          <text><![CDATA[<p>(This measure has not been amended since it was introduced. The summary of that version is repeated here.)</p> <p>This joint resolution amends the Continuing Appropriations Act, 2017 to provide continuing FY2017 appropriations for most federal agencies through the earlier of May 5, 2017, or the enactment of the applicable appropriations legislation. </p> <p>It is commonly referred to as a continuing resolution (CR) and prevents a partial government shutdown that would otherwise occur after the existing CR expires on April 28, 2017, because 11 of the 12 FY2017 regular appropriations bills that fund the federal government have not been enacted. (The Military Construction, Veterans Affairs, and Related Agencies Appropriations Act, 2017 was signed into law on September 29, 2016.) </p> <p>The CR also amends the Surface Mining Control and Reclamation Act of 1977 to extend through May 5, 2017, a provision that provides health care benefits for certain retired miners and their families. </p>]]></text>
          <updateDate>2017-04-28T13:23:57Z</updateDate>
          <name>Passed Senate without amendment</name>
        </item>
        <item>
          <versionCode>49</versionCode>
          <actionDate>2017-04-28</actionDate>
          <actionDesc>Public Law</actionDesc>
          <lastSummaryUpdateDate>2017-05-08T18:58:21Z</lastSummaryUpdateDate>
          <text><![CDATA[<p>(This measure has not been amended since it was introduced. The summary of that version is repeated here.)</p> <p>This joint resolution amends the Continuing Appropriations Act, 2017 to provide continuing FY2017 appropriations for most federal agencies through the earlier of May 5, 2017, or the enactment of the applicable appropriations legislation. </p> <p>It is commonly referred to as a continuing resolution (CR) and prevents a partial government shutdown that would otherwise occur after the existing CR expires on April 28, 2017, because 11 of the 12 FY2017 regular appropriations bills that fund the federal government have not been enacted. (The Military Construction, Veterans Affairs, and Related Agencies Appropriations Act, 2017 was signed into law on September 29, 2016.) </p> <p>The CR also amends the Surface Mining Control and Reclamation Act of 1977 to extend through May 5, 2017, a provision that provides health care benefits for certain retired miners and their families. </p>]]></text>
          <updateDate>2017-04-29T03:59:59Z</updateDate>
          <name>Public Law</name>
        </item>
      </billSummaries>
    </summaries>
    <title>Making further continuing appropriations for fiscal year 2017, and for other purposes.</title>
    <titles>
      <item>
        <titleType>Official Title as Introduced</titleType>
        <parentTitleType />
        <title>Making further continuing appropriations for fiscal year 2017, and for other purposes.</title>
        <chamberCode />
        <chamberName />
      </item>
      <item>
        <titleType>Display Title</titleType>
        <parentTitleType />
        <title>Making further continuing appropriations for fiscal year 2017, and for other purposes.</title>
        <chamberCode />
        <chamberName />
      </item>
    </titles>
    <amendments />
    <textVersions>
      <item>
        <type>Enrolled Bill</type>
        <date />
        <formats>
          <item>
            <url>https://www.govinfo.gov/content/pkg/BILLS-115hjres99enr/xml/BILLS-115hjres99enr.xml</url>
          </item>
        </formats>
      </item>
      <item>
        <type>Engrossed in House</type>
        <date>2017-04-28T04:00:00Z</date>
        <formats>
          <item>
            <url>https://www.govinfo.gov/content/pkg/BILLS-115hjres99eh/xml/BILLS-115hjres99eh.xml</url>
          </item>
        </formats>
      </item>
      <item>
        <type>Received in Senate</type>
        <date>2017-04-28T04:00:00Z</date>
        <formats>
          <item>
            <url>https://www.govinfo.gov/content/pkg/BILLS-115hjres99rds/xml/BILLS-115hjres99rds.xml</url>
          </item>
        </formats>
      </item>
      <item>
        <type>Introduced in House</type>
        <date>2017-04-26T04:00:00Z</date>
        <formats>
          <item>
            <url>https://www.govinfo.gov/content/pkg/BILLS-115hjres99ih/xml/BILLS-115hjres99ih.xml</url>
          </item>
        </formats>
      </item>
    </textVersions>
    <latestAction>
      <actionDate>2017-04-28</actionDate>
      <text>Became Public Law No: 115-30.</text>
      <links />
    </latestAction>
    <calendarNumbers />
    <version>1.0.0</version>
  </bill>
  <dublinCore xmlns:dc="http://purl.org/dc/elements/1.1/">
    <dc:format>text/xml</dc:format>
    <dc:language>EN</dc:language>
    <dc:rights>Pursuant to Title 17 Section 105 of the United States Code, this file is not subject to copyright protection and is in the public domain.</dc:rights>
    <dc:contributor>Congressional Research Service, Library of Congress</dc:contributor>
    <dc:description>This file contains bill summaries and statuses for federal legislation. A bill summary describes the most significant provisions of a piece of legislation and details the effects the legislative text may have on current law and federal programs. Bill summaries are authored by the Congressional Research Service (CRS) of the Library of Congress. As stated in Public Law 91-510 (2 USC 166 (d)(6)), one of the duties of CRS is "to prepare summaries and digests of bills and resolutions of a public general nature introduced in the Senate or House of Representatives". For more information, refer to the User Guide that accompanies this file.</dc:description>
  </dublinCore>
</billStatus>

