<?xml version="1.0" encoding="UTF-8"?>
<billStatus>
  <bill>
    <billNumber>123</billNumber>
    <createDate>2017-12-05T03:11:07Z</createDate>
    <updateDate>2021-10-15T23:29:41Z</updateDate>
    <originChamber>House</originChamber>
    <billType>HJRES</billType>
    <introducedDate>2017-12-04</introducedDate>
    <congress>115</congress>
    <constitutionalAuthorityStatementText><![CDATA[<pre>[Congressional Record Volume 163, Number 197 (Monday, December 4, 2017)]From the Congressional Record Online through the Government Publishing Office [<a href='http://www.gpo.gov'>www.gpo.gov</a>]By Mr. FRELINGHUYSEN:H.J. Res. 123.Congress has the power to enact this legislation pursuantto the following:The principal constitutional authority for this legislationis clause 7 of section 9 of article I of the Constitution ofthe United States (the appropriation power), which states:``No Money shall be drawn from the Treasury, but inConsequence of Appropriations made by Law . . .'' Inaddition, clause 1 of section 8 of article I of theConstitution (the spending power) provides: ``The Congressshall have the Power . . . to pay the Debts and provide forthe common Defence and general Welfare of the United States .. .'' Together, these specific constitutional provisionsestablish the congressional power of the purse, grantingCongress the authority to appropriate funds, to determinetheir purpose, amount, and period of availability, and to setforth terms and conditions governing their use.____________________[Page H9620]</pre>]]></constitutionalAuthorityStatementText>
    <recordedVotes>
      <recordedVote>
        <rollNumber>311</rollNumber>
        <url>http://www.senate.gov/legislative/LIS/roll_call_lists/roll_call_vote_cfm.cfm?&amp;congress=115&amp;session=1&amp;vote=00311</url>
        <fullActionName>PASSED OR AGREED TO IN SENATE, DAY OF</fullActionName>
        <chamber>Senate</chamber>
        <congress>115</congress>
        <date>2017-12-07T23:17:13Z</date>
        <sessionNumber>1</sessionNumber>
      </recordedVote>
      <recordedVote>
        <rollNumber>670</rollNumber>
        <url>https://clerk.house.gov/evs/2017/roll670.xml</url>
        <fullActionName>Passage of a Measure</fullActionName>
        <chamber>House</chamber>
        <congress>115</congress>
        <date>2017-12-07T21:48:57Z</date>
        <sessionNumber>1</sessionNumber>
      </recordedVote>
    </recordedVotes>
    <committees>
      <billCommittees>
        <item>
          <systemCode>hsap00</systemCode>
          <name>Appropriations Committee</name>
          <chamber>House</chamber>
          <type>Standing</type>
          <subcommittees />
          <activities>
            <item>
              <name>Referred to</name>
              <date>2017-12-04T23:01:20Z</date>
            </item>
          </activities>
        </item>
      </billCommittees>
    </committees>
    <committeeReports />
    <relatedBills>
      <item>
        <latestTitle>To amend title XXI of the Social Security Act to provide for a special rule during the first quarter of fiscal year 2018 for the redistribution of certain Children's Health Insurance Program allocations for certain shortfall States.</latestTitle>
        <congress>115</congress>
        <number>4515</number>
        <type>HR</type>
        <latestAction>
          <actionDate>2017-12-08</actionDate>
          <text>Referred to the Subcommittee on Health.</text>
        </latestAction>
        <relationshipDetails>
          <item>
            <type>Related bill</type>
            <identifiedBy>CRS</identifiedBy>
          </item>
        </relationshipDetails>
      </item>
      <item>
        <latestTitle>CHIP Stability Act</latestTitle>
        <congress>115</congress>
        <number>2183</number>
        <type>S</type>
        <latestAction>
          <actionDate>2017-12-01</actionDate>
          <text>Read twice and referred to the Committee on Finance.</text>
        </latestAction>
        <relationshipDetails>
          <item>
            <type>Related bill</type>
            <identifiedBy>CRS</identifiedBy>
          </item>
        </relationshipDetails>
      </item>
      <item>
        <latestTitle>Providing for consideration of the bill (H.R. 477) to amend the Securities Exchange Act of 1934 to exempt from registration brokers performing services in connection with the transfer of ownership of smaller privately held companies; providing for consideration of the bill (H.R. 3971) to amend the Truth in Lending Act and the Real Estate Settlement Procedures Act of 1974 to modify the requirements for community financial institutions with respect to certain rules relating to mortgage loans, and for other purposes; and providing for consideration of the joint resolution (H.J. Res. 123) making further continuing appropriations for fiscal year 2018, and for other purposes.</latestTitle>
        <congress>115</congress>
        <number>647</number>
        <type>HRES</type>
        <latestAction>
          <actionDate>2017-12-07</actionDate>
          <text>Motion to reconsider laid on the table Agreed to without objection.</text>
          <actionTime>14:12:13</actionTime>
        </latestAction>
        <relationshipDetails>
          <item>
            <type>Related bill</type>
            <identifiedBy>House</identifiedBy>
          </item>
          <item>
            <type>Procedurally-related</type>
            <identifiedBy>House</identifiedBy>
          </item>
        </relationshipDetails>
      </item>
    </relatedBills>
    <actions>
      <item>
        <actionDate>2017-12-08</actionDate>
        <links />
        <text>Became Public Law No: 115-90.</text>
        <type>President</type>
        <actionCode>E40000</actionCode>
        <sourceSystem>
          <code>2</code>
          <name>House floor actions</name>
        </sourceSystem>
        <committees />
      </item>
      <item>
        <actionDate>2017-12-08</actionDate>
        <links />
        <text>Became Public Law No: 115-90.</text>
        <type>BecameLaw</type>
        <actionCode>36000</actionCode>
        <sourceSystem>
          <code>9</code>
          <name>Library of Congress</name>
        </sourceSystem>
        <committees />
      </item>
      <item>
        <actionDate>2017-12-08</actionDate>
        <links />
        <text>Signed by President.</text>
        <type>President</type>
        <actionCode>E30000</actionCode>
        <sourceSystem>
          <code>2</code>
          <name>House floor actions</name>
        </sourceSystem>
        <committees />
      </item>
      <item>
        <actionDate>2017-12-08</actionDate>
        <links />
        <text>Signed by President.</text>
        <type>BecameLaw</type>
        <actionCode>36000</actionCode>
        <sourceSystem>
          <code>9</code>
          <name>Library of Congress</name>
        </sourceSystem>
        <committees />
      </item>
      <item>
        <actionDate>2017-12-08</actionDate>
        <links />
        <text>Presented to President.</text>
        <type>Floor</type>
        <actionCode>E20000</actionCode>
        <sourceSystem>
          <code>2</code>
          <name>House floor actions</name>
        </sourceSystem>
        <committees />
      </item>
      <item>
        <actionDate>2017-12-08</actionDate>
        <links />
        <text>Presented to President.</text>
        <type>President</type>
        <actionCode>28000</actionCode>
        <sourceSystem>
          <code>9</code>
          <name>Library of Congress</name>
        </sourceSystem>
        <committees />
      </item>
      <item>
        <actionDate>2017-12-07</actionDate>
        <committees />
        <links />
        <sourceSystem>
          <code>0</code>
          <name>Senate</name>
        </sourceSystem>
        <text>Message on Senate action sent to the House.</text>
        <type>Floor</type>
      </item>
      <item>
        <actionDate>2017-12-07</actionDate>
        <committees />
        <links />
        <sourceSystem>
          <code>0</code>
          <name>Senate</name>
        </sourceSystem>
        <text>Received in the Senate, read twice, considered, read the third time, and passed without amendment by Yea-Nay Vote. 81 - 14. Record Vote Number: 311. (consideration: CR S7923-7925)</text>
        <type>Floor</type>
      </item>
      <item>
        <actionDate>2017-12-07</actionDate>
        <links />
        <text>Passed/agreed to in Senate: Received in the Senate, read twice, considered, read the third time, and passed without amendment by Yea-Nay Vote. 81 - 14. Record Vote Number: 311.(consideration: CR S7923-7925)</text>
        <type>Floor</type>
        <actionCode>17000</actionCode>
        <sourceSystem>
          <code>9</code>
          <name>Library of Congress</name>
        </sourceSystem>
        <committees />
      </item>
      <item>
        <actionDate>2017-12-07</actionDate>
        <actionTime>16:48:58</actionTime>
        <links />
        <text>Motion to reconsider laid on the table Agreed to without objection.</text>
        <type>Floor</type>
        <actionCode>H38310</actionCode>
        <sourceSystem>
          <code>2</code>
          <name>House floor actions</name>
        </sourceSystem>
        <committees />
      </item>
      <item>
        <actionDate>2017-12-07</actionDate>
        <actionTime>16:48:57</actionTime>
        <links />
        <text>On passage Passed by the Yeas and Nays: 235 - 193 (Roll no. 670). (text: CR H9732)</text>
        <type>Floor</type>
        <actionCode>H37100</actionCode>
        <sourceSystem>
          <code>2</code>
          <name>House floor actions</name>
        </sourceSystem>
        <committees />
      </item>
      <item>
        <actionDate>2017-12-07</actionDate>
        <actionTime>16:48:57</actionTime>
        <links />
        <text>Passed/agreed to in House: On passage Passed by the Yeas and Nays: 235 - 193 (Roll no. 670).(text: CR H9732)</text>
        <type>Floor</type>
        <actionCode>8000</actionCode>
        <sourceSystem>
          <code>9</code>
          <name>Library of Congress</name>
        </sourceSystem>
        <committees />
      </item>
      <item>
        <actionDate>2017-12-07</actionDate>
        <actionTime>16:41:40</actionTime>
        <links />
        <text>Considered as unfinished business. (consideration: CR H9743)</text>
        <type>Floor</type>
        <actionCode>H30000</actionCode>
        <sourceSystem>
          <code>2</code>
          <name>House floor actions</name>
        </sourceSystem>
        <committees />
      </item>
      <item>
        <actionDate>2017-12-07</actionDate>
        <actionTime>15:20:16</actionTime>
        <links />
        <text>POSTPONED PROCEEDINGS - At the conclusion of debate on H.J. Res. 123, the Chair put the question on passage of the bill, and announced by voice vote that the ayes had prevailed. Mr. Frelinghuysen demanded the yeas and nays, and the Chair postponed further proceedings on the question of passage until later in the legislative day.</text>
        <type>Floor</type>
        <actionCode>H8D000</actionCode>
        <sourceSystem>
          <code>2</code>
          <name>House floor actions</name>
        </sourceSystem>
        <committees />
      </item>
      <item>
        <actionDate>2017-12-07</actionDate>
        <actionTime>15:19:34</actionTime>
        <links />
        <text>The previous question was ordered pursuant to the rule.</text>
        <type>Floor</type>
        <actionCode>H35000</actionCode>
        <sourceSystem>
          <code>2</code>
          <name>House floor actions</name>
        </sourceSystem>
        <committees />
      </item>
      <item>
        <actionDate>2017-12-07</actionDate>
        <actionTime>14:28:47</actionTime>
        <links />
        <text>DEBATE - The House proceeded with one hour of debate on H.J. Res. 123.</text>
        <type>Floor</type>
        <actionCode>H8D000</actionCode>
        <sourceSystem>
          <code>2</code>
          <name>House floor actions</name>
        </sourceSystem>
        <committees />
      </item>
      <item>
        <actionDate>2017-12-07</actionDate>
        <actionTime>14:27:38</actionTime>
        <links />
        <text>Provides for consideration of H.R. 477 and H.R. 3971 under structured rules with one hour of debate, one motion to recommit with or without instructions on each measure. Also provides for consideration of H.J.Res. 123 under a closed rule, with one hour of debate and one motion</text>
        <type>Floor</type>
        <actionCode>H8D000</actionCode>
        <sourceSystem>
          <code>2</code>
          <name>House floor actions</name>
        </sourceSystem>
        <committees />
      </item>
      <item>
        <actionDate>2017-12-07</actionDate>
        <actionTime>14:27:33</actionTime>
        <links />
        <text>Considered under the provisions of rule H. Res. 647. (consideration: CR H9732-9739)</text>
        <type>Floor</type>
        <actionCode>H30000</actionCode>
        <sourceSystem>
          <code>2</code>
          <name>House floor actions</name>
        </sourceSystem>
        <committees />
      </item>
      <item>
        <actionDate>2017-12-07</actionDate>
        <actionTime>14:12:13</actionTime>
        <links />
        <text>Rule H. Res. 647 passed House.</text>
        <type>Floor</type>
        <actionCode>H1L220</actionCode>
        <sourceSystem>
          <code>2</code>
          <name>House floor actions</name>
        </sourceSystem>
        <committees />
      </item>
      <item>
        <actionDate>2017-12-06</actionDate>
        <actionTime>16:57:02</actionTime>
        <links />
        <text>Rules Committee Resolution H. Res. 647 Reported to House. Provides for consideration of H.R. 477 and H.R. 3971 under structured rules with one hour of debate, one motion to recommit with or without instructions on each measure. Also provides for consideration of H.J.Res. 123 under a closed rule, with one hour of debate and one motion</text>
        <type>Floor</type>
        <actionCode>H1L210</actionCode>
        <sourceSystem>
          <code>2</code>
          <name>House floor actions</name>
        </sourceSystem>
        <committees />
      </item>
      <item>
        <actionDate>2017-12-04</actionDate>
        <links />
        <text>Referred to the House Committee on Appropriations.</text>
        <type>IntroReferral</type>
        <actionCode>H11100</actionCode>
        <sourceSystem>
          <code>2</code>
          <name>House floor actions</name>
        </sourceSystem>
        <committees>
          <item>
            <systemCode>hsap00</systemCode>
            <name>Appropriations Committee</name>
          </item>
        </committees>
      </item>
      <item>
        <actionDate>2017-12-04</actionDate>
        <links />
        <text>Introduced in House</text>
        <type>IntroReferral</type>
        <actionCode>Intro-H</actionCode>
        <sourceSystem>
          <code>9</code>
          <name>Library of Congress</name>
        </sourceSystem>
        <committees />
      </item>
      <item>
        <actionDate>2017-12-04</actionDate>
        <links />
        <text>Introduced in House</text>
        <type>IntroReferral</type>
        <actionCode>1000</actionCode>
        <sourceSystem>
          <code>9</code>
          <name>Library of Congress</name>
        </sourceSystem>
        <committees />
      </item>
      <actionTypeCounts>
        <publicLawOrPrivateLaw>1</publicLawOrPrivateLaw>
        <becamePublicLaw>2</becamePublicLaw>
        <signedByPresidentOrSentToArchivistOfTheUnitedStatesUnsignedOrVetoedByPresidentOrPocketVetoedByPresident>1</signedByPresidentOrSentToArchivistOfTheUnitedStatesUnsignedOrVetoedByPresidentOrPocketVetoedByPresident>
        <presentedToPresident>2</presentedToPresident>
        <sentToHouse>1</sentToHouse>
        <passedOrAgreedToInSenateDayOf>1</passedOrAgreedToInSenateDayOf>
        <passedAgreedToInSenate>1</passedAgreedToInSenate>
        <motionToReconsiderResults>1</motionToReconsiderResults>
        <passageOfAMeasure>1</passageOfAMeasure>
        <passedAgreedToInHouse>1</passedAgreedToInHouse>
        <considerationByHouse>2</considerationByHouse>
        <generalDebate>3</generalDebate>
        <motionForPreviousQuestion>1</motionForPreviousQuestion>
        <placeholderTextForHL>1</placeholderTextForHL>
        <ruleForConsiderationOfBillReportedToHouse>1</ruleForConsiderationOfBillReportedToHouse>
        <billReferrals>1</billReferrals>
        <introducedInTheHouse>1</introducedInTheHouse>
        <introducedInHouse>1</introducedInHouse>
      </actionTypeCounts>
      <actionByCounts>
        <senate>3</senate>
        <houseOfRepresentatives>14</houseOfRepresentatives>
      </actionByCounts>
    </actions>
    <sponsors>
      <item>
        <bioguideId>F000372</bioguideId>
        <fullName>Rep. Frelinghuysen, Rodney P. [R-NJ-11]</fullName>
        <firstName>RODNEY</firstName>
        <middleName />
        <lastName>FRELINGHUYSEN</lastName>
        <party>R</party>
        <state>NJ</state>
        <identifiers>
          <lisID>414</lisID>
          <bioguideId>F000372</bioguideId>
          <gpoId>8053</gpoId>
        </identifiers>
        <district>11</district>
        <byRequestType />
      </item>
    </sponsors>
    <cosponsors />
    <cboCostEstimates />
    <laws>
      <item>
        <type>Public Law</type>
        <number>115-90</number>
      </item>
    </laws>
    <notes>
      <item>
        <text><![CDATA[Continuing appropriations through 12/22/2017.]]></text>
        <links />
      </item>
    </notes>
    <policyArea>
      <name>Economics and Public Finance</name>
    </policyArea>
    <subjects>
      <billSubjects>
        <legislativeSubjects>
          <item>
            <name>Appropriations</name>
          </item>
          <item>
            <name>Child health</name>
          </item>
          <item>
            <name>Executive agency funding and structure</name>
          </item>
          <item>
            <name>Health care costs and insurance</name>
          </item>
          <item>
            <name>Health care coverage and access</name>
          </item>
          <item>
            <name>Health programs administration and funding</name>
          </item>
          <item>
            <name>Poverty and welfare assistance</name>
          </item>
          <item>
            <name>State and local finance</name>
          </item>
        </legislativeSubjects>
        <policyArea>
          <name>Economics and Public Finance</name>
        </policyArea>
      </billSubjects>
    </subjects>
    <summaries>
      <billSummaries>
        <item>
          <versionCode>00</versionCode>
          <actionDate>2017-12-04</actionDate>
          <actionDesc>Introduced in House</actionDesc>
          <lastSummaryUpdateDate>2017-12-05T17:13:58Z</lastSummaryUpdateDate>
          <text><![CDATA[<p>DIVISION A--FURTHER CONTINUING APPROPRIATIONS ACT, 2018</p> <p><em>Further Continuing Appropriations Act, 2018</em></p> <p> This division amends the Continuing Appropriations Act, 2018 to extend the expiration date of the FY2018 Continuing Resolution (CR) from December 8, 2017, to December 22, 2017. The division provides continuing appropriations for federal agencies through the earlier of December 22, 2017, or the enactment of the applicable appropriations legislation. It prevents a government shutdown that would otherwise occur when the existing CR expires because none of the 12 FY2018 regular appropriations bills that fund the federal government have been enacted.</p> <p>DIVISION B--CHILDREN'S HEALTH INSURANCE PROGRAM (CHIP) ALLOCATION REDISTRIBUTION SPECIAL RULE</p> <p>This division amends title XXI (Children's Health Insurance Program [CHIP]) of the Social Security Act to establish a special rule,&nbsp;with respect to&nbsp;the first quarter of FY2018,&nbsp;for the redistribution of unused CHIP allotments to state child health plans&nbsp;experiencing emergency shortfalls. Specifically, the Centers for Medicare &amp; Medicaid Services&nbsp;(CMS) must&nbsp;redistribute&nbsp;unused allotments to each&nbsp;such state in an amount equal to the state's emergency shortfall before the CMS may redistribute the allotments to any state that is experiencing a nonemergency shortfall. </p>]]></text>
          <updateDate>2017-12-04T05:00:00Z</updateDate>
          <name>Introduced in House</name>
        </item>
        <item>
          <versionCode>81</versionCode>
          <actionDate>2017-12-07</actionDate>
          <actionDesc>Passed House without amendment</actionDesc>
          <lastSummaryUpdateDate>2017-12-18T19:53:57Z</lastSummaryUpdateDate>
          <text><![CDATA[<p>(This measure has not been amended since it was introduced. The summary has been expanded because action occurred on the measure.)</p> <p>DIVISION A--FURTHER CONTINUING APPROPRIATIONS ACT, 2018</p> <p><em>Further Continuing Appropriations Act, 2018</em></p> <p>(Sec. 101) This division amends the Continuing Appropriations Act, 2018 to extend the expiration date of the FY2018 Continuing Resolution (CR) from December 8, 2017, to December 22, 2017. The division provides continuing appropriations for federal agencies through the earlier of December 22, 2017, or the enactment of the applicable appropriations legislation. It prevents a government shutdown that would otherwise occur when the existing CR expires because none of the 12 FY2018 regular appropriations bills that fund the federal government have been enacted.</p> <p>DIVISION B--CHILDREN'S HEALTH INSURANCE PROGRAM (CHIP) ALLOCATION REDISTRIBUTION SPECIAL RULE</p> <p>(Sec. 201) This division amends title XXI (Children's Health Insurance Program [CHIP]) of the Social Security Act to establish a special rule,&nbsp;with respect to&nbsp;the first quarter of FY2018,&nbsp;for the redistribution of unused CHIP allotments to state child health plans&nbsp;experiencing emergency shortfalls. Specifically, the Centers for Medicare &amp; Medicaid Services&nbsp;(CMS) must&nbsp;redistribute&nbsp;unused allotments to each&nbsp;such state in an amount equal to the state's emergency shortfall before the CMS may redistribute the allotments to any state that is experiencing a nonemergency shortfall. </p>]]></text>
          <updateDate>2017-12-07T14:25:36Z</updateDate>
          <name>Passed House without amendment</name>
        </item>
        <item>
          <versionCode>82</versionCode>
          <actionDate>2017-12-07</actionDate>
          <actionDesc>Passed Senate without amendment</actionDesc>
          <lastSummaryUpdateDate>2017-12-28T19:23:08Z</lastSummaryUpdateDate>
          <text><![CDATA[<p>(This measure has not been amended since it was passed by the House on December 7, 2017. The summary of that version is repeated here.)</p> <p>DIVISION A--FURTHER CONTINUING APPROPRIATIONS ACT, 2018</p> <p><em>Further Continuing Appropriations Act, 2018</em></p> <p>(Sec. 101) This division amends the Continuing Appropriations Act, 2018 to extend the expiration date of the FY2018 Continuing Resolution (CR) from December 8, 2017, to December 22, 2017. The division provides continuing appropriations for federal agencies through the earlier of December 22, 2017, or the enactment of the applicable appropriations legislation. It prevents a government shutdown that would otherwise occur when the existing CR expires because none of the 12 FY2018 regular appropriations bills that fund the federal government have been enacted.</p> <p>DIVISION B--CHILDREN'S HEALTH INSURANCE PROGRAM (CHIP) ALLOCATION REDISTRIBUTION SPECIAL RULE</p> <p>(Sec. 201) This division amends title XXI (Children's Health Insurance Program [CHIP]) of the Social Security Act to establish a special rule,&nbsp;with respect to&nbsp;the first quarter of FY2018,&nbsp;for the redistribution of unused CHIP allotments to state child health plans&nbsp;experiencing emergency shortfalls. Specifically, the Centers for Medicare &amp; Medicaid Services&nbsp;(CMS) must&nbsp;redistribute&nbsp;unused allotments to each&nbsp;such state in an amount equal to the state's emergency shortfall before the CMS may redistribute the allotments to any state that is experiencing a nonemergency shortfall. </p>]]></text>
          <updateDate>2017-12-07T15:15:31Z</updateDate>
          <name>Passed Senate without amendment</name>
        </item>
        <item>
          <versionCode>49</versionCode>
          <actionDate>2017-12-08</actionDate>
          <actionDesc>Public Law</actionDesc>
          <lastSummaryUpdateDate>2017-12-28T23:16:01Z</lastSummaryUpdateDate>
          <text><![CDATA[<p>(This measure has not been amended since it was passed by the House on December 7, 2017. The summary of that version is repeated here.)</p> <p>DIVISION A--FURTHER CONTINUING APPROPRIATIONS ACT, 2018</p> <p><em>Further Continuing Appropriations Act, 2018</em></p> <p>(Sec. 101) This division amends the Continuing Appropriations Act, 2018 to extend the expiration date of the FY2018 Continuing Resolution (CR) from December 8, 2017, to December 22, 2017. The division provides continuing appropriations for federal agencies through the earlier of December 22, 2017, or the enactment of the applicable appropriations legislation. It prevents a government shutdown that would otherwise occur when the existing CR expires because none of the 12 FY2018 regular appropriations bills that fund the federal government have been enacted.</p> <p>DIVISION B--CHILDREN'S HEALTH INSURANCE PROGRAM (CHIP) ALLOCATION REDISTRIBUTION SPECIAL RULE</p> <p>(Sec. 201) This division amends title XXI (Children's Health Insurance Program [CHIP]) of the Social Security Act to establish a special rule,&nbsp;with respect to&nbsp;the first quarter of FY2018,&nbsp;for the redistribution of unused CHIP allotments to state child health plans&nbsp;experiencing emergency shortfalls. Specifically, the Centers for Medicare &amp; Medicaid Services&nbsp;(CMS) must&nbsp;redistribute&nbsp;unused allotments to each&nbsp;such state in an amount equal to the state's emergency shortfall before the CMS may redistribute the allotments to any state that is experiencing a nonemergency shortfall. </p>]]></text>
          <updateDate>2017-12-09T04:59:58Z</updateDate>
          <name>Public Law</name>
        </item>
      </billSummaries>
    </summaries>
    <title>Making further continuing appropriations for fiscal year 2018, and for other purposes.</title>
    <titles>
      <item>
        <titleType>Official Title as Introduced</titleType>
        <parentTitleType />
        <title>Making further continuing appropriations for fiscal year 2018, and for other purposes.</title>
        <chamberCode />
        <chamberName />
      </item>
      <item>
        <titleType>Short Titles as Introduced for portions of this bill</titleType>
        <parentTitleType />
        <title>Further Continuing Appropriations Act, 2018</title>
        <chamberCode />
        <chamberName />
      </item>
      <item>
        <titleType>Short Titles as Passed House for portions of this bill</titleType>
        <parentTitleType>Short Titles House of Representatives</parentTitleType>
        <title>Further Continuing Appropriations Act, 2018</title>
        <chamberCode>H</chamberCode>
        <chamberName>House</chamberName>
      </item>
      <item>
        <titleType>Short Titles as Passed Senate for portions of this bill</titleType>
        <parentTitleType>Short Titles Senate</parentTitleType>
        <title>Further Continuing Appropriations Act, 2018</title>
        <chamberCode>S</chamberCode>
        <chamberName>Senate</chamberName>
      </item>
      <item>
        <titleType>Short Titles as Enacted for portions of this bill</titleType>
        <parentTitleType>Short Title</parentTitleType>
        <title>Further Continuing Appropriations Act, 2018</title>
        <chamberCode />
        <chamberName />
      </item>
      <item>
        <titleType>Display Title</titleType>
        <parentTitleType />
        <title>Making further continuing appropriations for fiscal year 2018, and for other purposes.</title>
        <chamberCode />
        <chamberName />
      </item>
    </titles>
    <amendments />
    <textVersions>
      <item>
        <type>Enrolled Bill</type>
        <date />
        <formats>
          <item>
            <url>https://www.govinfo.gov/content/pkg/BILLS-115hjres123enr/xml/BILLS-115hjres123enr.xml</url>
          </item>
        </formats>
      </item>
      <item>
        <type>Received in Senate</type>
        <date>2017-12-07T05:00:00Z</date>
        <formats>
          <item>
            <url>https://www.govinfo.gov/content/pkg/BILLS-115hjres123rds/xml/BILLS-115hjres123rds.xml</url>
          </item>
        </formats>
      </item>
      <item>
        <type>Engrossed in House</type>
        <date>2017-12-07T05:00:00Z</date>
        <formats>
          <item>
            <url>https://www.govinfo.gov/content/pkg/BILLS-115hjres123eh/xml/BILLS-115hjres123eh.xml</url>
          </item>
        </formats>
      </item>
      <item>
        <type>Introduced in House</type>
        <date>2017-12-04T05:00:00Z</date>
        <formats>
          <item>
            <url>https://www.govinfo.gov/content/pkg/BILLS-115hjres123ih/xml/BILLS-115hjres123ih.xml</url>
          </item>
        </formats>
      </item>
    </textVersions>
    <latestAction>
      <actionDate>2017-12-08</actionDate>
      <text>Became Public Law No: 115-90.</text>
      <links />
    </latestAction>
    <calendarNumbers />
    <version>1.0.0</version>
  </bill>
  <dublinCore xmlns:dc="http://purl.org/dc/elements/1.1/">
    <dc:format>text/xml</dc:format>
    <dc:language>EN</dc:language>
    <dc:rights>Pursuant to Title 17 Section 105 of the United States Code, this file is not subject to copyright protection and is in the public domain.</dc:rights>
    <dc:contributor>Congressional Research Service, Library of Congress</dc:contributor>
    <dc:description>This file contains bill summaries and statuses for federal legislation. A bill summary describes the most significant provisions of a piece of legislation and details the effects the legislative text may have on current law and federal programs. Bill summaries are authored by the Congressional Research Service (CRS) of the Library of Congress. As stated in Public Law 91-510 (2 USC 166 (d)(6)), one of the duties of CRS is "to prepare summaries and digests of bills and resolutions of a public general nature introduced in the Senate or House of Representatives". For more information, refer to the User Guide that accompanies this file.</dc:description>
  </dublinCore>
</billStatus>

