<?xml version="1.0" encoding="UTF-8"?>
<billStatus>
  <bill>
    <billNumber>56</billNumber>
    <createDate>2017-02-02T05:28:42Z</createDate>
    <updateDate>2021-04-16T18:05:02Z</updateDate>
    <originChamber>House</originChamber>
    <billType>HJRES</billType>
    <introducedDate>2017-02-01</introducedDate>
    <congress>115</congress>
    <constitutionalAuthorityStatementText><![CDATA[<pre>[Congressional Record Volume 163, Number 17 (Wednesday, February 1, 2017)]From the Congressional Record Online through the Government Publishing Office [<a href='http://www.gpo.gov'>www.gpo.gov</a>]By Mr. PEARCE:H.J. Res. 56.Congress has the power to enact this legislation pursuantto the following:Article 1, Section 1 and Article I, Section 8, clause 18[Page H879]</pre>]]></constitutionalAuthorityStatementText>
    <recordedVotes />
    <committees>
      <billCommittees>
        <item>
          <systemCode>hsii00</systemCode>
          <name>Natural Resources Committee</name>
          <chamber>House</chamber>
          <type>Standing</type>
          <subcommittees />
          <activities>
            <item>
              <name>Referred to</name>
              <date>2017-02-01T15:00:28Z</date>
            </item>
          </activities>
        </item>
      </billCommittees>
    </committees>
    <committeeReports />
    <relatedBills />
    <actions>
      <item>
        <actionDate>2017-02-01</actionDate>
        <links />
        <text>Referred to the House Committee on Natural Resources.</text>
        <type>IntroReferral</type>
        <actionCode>H11100</actionCode>
        <sourceSystem>
          <code>2</code>
          <name>House floor actions</name>
        </sourceSystem>
        <committees>
          <item>
            <systemCode>hsii00</systemCode>
            <name>Natural Resources Committee</name>
          </item>
        </committees>
      </item>
      <item>
        <actionDate>2017-02-01</actionDate>
        <links />
        <text>Sponsor introductory remarks on measure. (CR H829)</text>
        <type>IntroReferral</type>
        <actionCode>B00100</actionCode>
        <sourceSystem>
          <code>9</code>
          <name>Library of Congress</name>
        </sourceSystem>
        <committees />
      </item>
      <item>
        <actionDate>2017-02-01</actionDate>
        <links />
        <text>Introduced in House</text>
        <type>IntroReferral</type>
        <actionCode>Intro-H</actionCode>
        <sourceSystem>
          <code>9</code>
          <name>Library of Congress</name>
        </sourceSystem>
        <committees />
      </item>
      <item>
        <actionDate>2017-02-01</actionDate>
        <links />
        <text>Introduced in House</text>
        <type>IntroReferral</type>
        <actionCode>1000</actionCode>
        <sourceSystem>
          <code>9</code>
          <name>Library of Congress</name>
        </sourceSystem>
        <committees />
      </item>
      <actionTypeCounts>
        <billReferrals>1</billReferrals>
        <placeholderTextForB>1</placeholderTextForB>
        <introducedInTheHouse>1</introducedInTheHouse>
        <introducedInHouse>1</introducedInHouse>
      </actionTypeCounts>
      <actionByCounts>
        <houseOfRepresentatives>3</houseOfRepresentatives>
      </actionByCounts>
    </actions>
    <sponsors>
      <item>
        <bioguideId>P000588</bioguideId>
        <fullName>Rep. Pearce, Stevan [R-NM-2]</fullName>
        <firstName>Stevan</firstName>
        <middleName />
        <lastName>Pearce</lastName>
        <party>R</party>
        <state>NM</state>
        <identifiers>
          <lisID>1738</lisID>
          <bioguideId>P000588</bioguideId>
          <gpoId>8057</gpoId>
        </identifiers>
        <district>2</district>
        <byRequestType />
      </item>
    </sponsors>
    <cosponsors>
      <item>
        <bioguideId>G000565</bioguideId>
        <fullName>Rep. Gosar, Paul A. [R-AZ-4]</fullName>
        <firstName>Paul</firstName>
        <middleName>A.</middleName>
        <lastName>Gosar</lastName>
        <party>R</party>
        <state>AZ</state>
        <identifiers>
          <lisID>1992</lisID>
          <bioguideId>G000565</bioguideId>
          <gpoId>7798</gpoId>
        </identifiers>
        <district>4</district>
        <sponsorshipDate>2017-02-01</sponsorshipDate>
        <isOriginalCosponsor>True</isOriginalCosponsor>
        <sponsorshipWithdrawnDate />
      </item>
      <item>
        <bioguideId>S001192</bioguideId>
        <fullName>Rep. Stewart, Chris [R-UT-2]</fullName>
        <firstName>Chris</firstName>
        <middleName />
        <lastName>Stewart</lastName>
        <party>R</party>
        <state>UT</state>
        <identifiers>
          <lisID>2168</lisID>
          <bioguideId>S001192</bioguideId>
          <gpoId />
        </identifiers>
        <district>2</district>
        <sponsorshipDate>2017-02-01</sponsorshipDate>
        <isOriginalCosponsor>True</isOriginalCosponsor>
        <sponsorshipWithdrawnDate />
      </item>
      <item>
        <bioguideId>R000600</bioguideId>
        <fullName>Del. Radewagen, Aumua Amata Coleman [R-AS-At Large]</fullName>
        <firstName>Aumua Amata</firstName>
        <middleName>Coleman</middleName>
        <lastName>Radewagen</lastName>
        <party>R</party>
        <state>AS</state>
        <identifiers>
          <lisID>2222</lisID>
          <bioguideId>R000600</bioguideId>
          <gpoId />
        </identifiers>
        <district>0</district>
        <sponsorshipDate>2017-02-01</sponsorshipDate>
        <isOriginalCosponsor>True</isOriginalCosponsor>
        <sponsorshipWithdrawnDate />
      </item>
      <item>
        <bioguideId>C001096</bioguideId>
        <fullName>Rep. Cramer, Kevin [R-ND-At Large]</fullName>
        <firstName>Kevin</firstName>
        <middleName />
        <lastName>Cramer</lastName>
        <party>R</party>
        <state>ND</state>
        <identifiers>
          <lisID>2144</lisID>
          <bioguideId>C001096</bioguideId>
          <gpoId />
        </identifiers>
        <district>0</district>
        <sponsorshipDate>2017-02-01</sponsorshipDate>
        <isOriginalCosponsor>True</isOriginalCosponsor>
        <sponsorshipWithdrawnDate />
      </item>
      <item>
        <bioguideId>G000552</bioguideId>
        <fullName>Rep. Gohmert, Louie [R-TX-1]</fullName>
        <firstName>Louie</firstName>
        <middleName />
        <lastName>Gohmert</lastName>
        <party>R</party>
        <state>TX</state>
        <identifiers>
          <lisID>1801</lisID>
          <bioguideId>G000552</bioguideId>
          <gpoId>8157</gpoId>
        </identifiers>
        <district>1</district>
        <sponsorshipDate>2017-02-01</sponsorshipDate>
        <isOriginalCosponsor>True</isOriginalCosponsor>
        <sponsorshipWithdrawnDate />
      </item>
      <item>
        <bioguideId>N000189</bioguideId>
        <fullName>Rep. Newhouse, Dan [R-WA-4]</fullName>
        <firstName>Dan</firstName>
        <middleName />
        <lastName>Newhouse</lastName>
        <party>R</party>
        <state>WA</state>
        <identifiers>
          <lisID>2275</lisID>
          <bioguideId>N000189</bioguideId>
          <gpoId />
        </identifiers>
        <district>4</district>
        <sponsorshipDate>2017-02-01</sponsorshipDate>
        <isOriginalCosponsor>True</isOriginalCosponsor>
        <sponsorshipWithdrawnDate />
      </item>
      <item>
        <bioguideId>B001302</bioguideId>
        <fullName>Rep. Biggs, Andy [R-AZ-5]</fullName>
        <firstName>Andy</firstName>
        <middleName />
        <lastName>Biggs</lastName>
        <party>R</party>
        <state>AZ</state>
        <identifiers>
          <lisID>2307</lisID>
          <bioguideId>B001302</bioguideId>
          <gpoId />
        </identifiers>
        <district>5</district>
        <sponsorshipDate>2017-02-01</sponsorshipDate>
        <isOriginalCosponsor>True</isOriginalCosponsor>
        <sponsorshipWithdrawnDate />
      </item>
      <item>
        <bioguideId>W000821</bioguideId>
        <fullName>Rep. Westerman, Bruce [R-AR-4]</fullName>
        <firstName>Bruce</firstName>
        <middleName />
        <lastName>Westerman</lastName>
        <party>R</party>
        <state>AR</state>
        <identifiers>
          <lisID>2224</lisID>
          <bioguideId>W000821</bioguideId>
          <gpoId />
        </identifiers>
        <district>4</district>
        <sponsorshipDate>2017-02-01</sponsorshipDate>
        <isOriginalCosponsor>True</isOriginalCosponsor>
        <sponsorshipWithdrawnDate />
      </item>
      <item>
        <bioguideId>L000564</bioguideId>
        <fullName>Rep. Lamborn, Doug [R-CO-5]</fullName>
        <firstName>Doug</firstName>
        <middleName />
        <lastName>Lamborn</lastName>
        <party>R</party>
        <state>CO</state>
        <identifiers>
          <lisID>1834</lisID>
          <bioguideId>L000564</bioguideId>
          <gpoId>7863</gpoId>
        </identifiers>
        <district>5</district>
        <sponsorshipDate>2017-02-01</sponsorshipDate>
        <isOriginalCosponsor>True</isOriginalCosponsor>
        <sponsorshipWithdrawnDate />
      </item>
      <item>
        <bioguideId>M001195</bioguideId>
        <fullName>Rep. Mooney, Alexander X. [R-WV-2]</fullName>
        <firstName>Alexander</firstName>
        <middleName>X.</middleName>
        <lastName>Mooney</lastName>
        <party>R</party>
        <state>WV</state>
        <identifiers>
          <lisID>2277</lisID>
          <bioguideId>M001195</bioguideId>
          <gpoId />
        </identifiers>
        <district>2</district>
        <sponsorshipDate>2017-03-22</sponsorshipDate>
        <isOriginalCosponsor>False</isOriginalCosponsor>
        <sponsorshipWithdrawnDate />
      </item>
    </cosponsors>
    <cboCostEstimates />
    <laws />
    <notes />
    <policyArea>
      <name>Energy</name>
    </policyArea>
    <subjects>
      <billSubjects>
        <legislativeSubjects>
          <item>
            <name>Administrative law and regulatory procedures</name>
          </item>
          <item>
            <name>Civil actions and liability</name>
          </item>
          <item>
            <name>Congressional oversight</name>
          </item>
          <item>
            <name>Department of the Interior</name>
          </item>
          <item>
            <name>Energy revenues and royalties</name>
          </item>
          <item>
            <name>Indian lands and resources rights</name>
          </item>
          <item>
            <name>Oil and gas</name>
          </item>
        </legislativeSubjects>
        <policyArea>
          <name>Energy</name>
        </policyArea>
      </billSubjects>
    </subjects>
    <summaries>
      <billSummaries>
        <item>
          <versionCode>00</versionCode>
          <actionDate>2017-02-01</actionDate>
          <actionDesc>Introduced in House</actionDesc>
          <lastSummaryUpdateDate>2017-06-28T15:42:57Z</lastSummaryUpdateDate>
          <text><![CDATA[<p>This joint resolution nullifies the rule submitted by the Bureau of Land Management titled "Onshore Oil and Gas Operations; Federal and Indian Oil and Gas Leases; Site Security."The rule published in the Federal Register on November 17, 2016, addresses site security for onshore oil and gas operations and production.</p>]]></text>
          <updateDate>2017-02-01T05:00:00Z</updateDate>
          <name>Introduced in House</name>
        </item>
      </billSummaries>
    </summaries>
    <title>Providing for congressional disapproval under chapter 8 of title 5, United States Code, of the final rule of the Bureau of Land Management relating to "Onshore Oil and Gas Operations; Federal and Indian Oil and Gas Leases; Site Security".</title>
    <titles>
      <item>
        <titleType>Official Title as Introduced</titleType>
        <parentTitleType />
        <title>Providing for congressional disapproval under chapter 8 of title 5, United States Code, of the final rule of the Bureau of Land Management relating to "Onshore Oil and Gas Operations; Federal and Indian Oil and Gas Leases; Site Security".</title>
        <chamberCode />
        <chamberName />
      </item>
      <item>
        <titleType>Display Title</titleType>
        <parentTitleType />
        <title>Providing for congressional disapproval under chapter 8 of title 5, United States Code, of the final rule of the Bureau of Land Management relating to "Onshore Oil and Gas Operations; Federal and Indian Oil and Gas Leases; Site Security".</title>
        <chamberCode />
        <chamberName />
      </item>
    </titles>
    <amendments />
    <textVersions>
      <item>
        <type>Introduced in House</type>
        <date>2017-02-01T05:00:00Z</date>
        <formats>
          <item>
            <url>https://www.govinfo.gov/content/pkg/BILLS-115hjres56ih/xml/BILLS-115hjres56ih.xml</url>
          </item>
        </formats>
      </item>
    </textVersions>
    <latestAction>
      <actionDate>2017-02-01</actionDate>
      <text>Referred to the House Committee on Natural Resources.</text>
      <links />
    </latestAction>
    <calendarNumbers />
    <version>1.0.0</version>
  </bill>
  <dublinCore xmlns:dc="http://purl.org/dc/elements/1.1/">
    <dc:format>text/xml</dc:format>
    <dc:language>EN</dc:language>
    <dc:rights>Pursuant to Title 17 Section 105 of the United States Code, this file is not subject to copyright protection and is in the public domain.</dc:rights>
    <dc:contributor>Congressional Research Service, Library of Congress</dc:contributor>
    <dc:description>This file contains bill summaries and statuses for federal legislation. A bill summary describes the most significant provisions of a piece of legislation and details the effects the legislative text may have on current law and federal programs. Bill summaries are authored by the Congressional Research Service (CRS) of the Library of Congress. As stated in Public Law 91-510 (2 USC 166 (d)(6)), one of the duties of CRS is "to prepare summaries and digests of bills and resolutions of a public general nature introduced in the Senate or House of Representatives". For more information, refer to the User Guide that accompanies this file.</dc:description>
  </dublinCore>
</billStatus>

