<?xml version="1.0" encoding="UTF-8"?>
<billStatus>
  <bill>
    <billNumber>3080</billNumber>
    <createDate>2019-12-19T05:57:16Z</createDate>
    <updateDate>2021-06-11T22:01:27Z</updateDate>
    <originChamber>Senate</originChamber>
    <billType>S</billType>
    <introducedDate>2019-12-18</introducedDate>
    <congress>116</congress>
    <recordedVotes />
    <committees>
      <billCommittees>
        <item>
          <systemCode>ssas00</systemCode>
          <name>Armed Services Committee</name>
          <chamber>Senate</chamber>
          <type>Standing</type>
          <subcommittees />
          <activities>
            <item>
              <name>Referred to</name>
              <date>2019-12-18T22:21:16Z</date>
            </item>
          </activities>
        </item>
      </billCommittees>
    </committees>
    <committeeReports />
    <relatedBills>
      <item>
        <latestTitle>National Defense Authorization Act for Fiscal Year 2020</latestTitle>
        <congress>116</congress>
        <number>1790</number>
        <type>S</type>
        <latestAction>
          <actionDate>2019-12-20</actionDate>
          <text>Became Public Law No: 116-92.</text>
        </latestAction>
        <relationshipDetails>
          <item>
            <type>Related bill</type>
            <identifiedBy>CRS</identifiedBy>
          </item>
        </relationshipDetails>
      </item>
    </relatedBills>
    <actions>
      <item>
        <actionDate>2019-12-18</actionDate>
        <committees>
          <item>
            <systemCode>ssas00</systemCode>
            <name>Armed Services Committee</name>
          </item>
        </committees>
        <links />
        <sourceSystem>
          <code>0</code>
          <name>Senate</name>
        </sourceSystem>
        <text>Read twice and referred to the Committee on Armed Services.</text>
        <type>IntroReferral</type>
      </item>
      <item>
        <actionDate>2019-12-18</actionDate>
        <links />
        <text>Introduced in Senate</text>
        <type>IntroReferral</type>
        <actionCode>10000</actionCode>
        <sourceSystem>
          <code>9</code>
          <name>Library of Congress</name>
        </sourceSystem>
        <committees />
      </item>
      <actionTypeCounts>
        <referredToCommittee>1</referredToCommittee>
        <introducedInSenate>1</introducedInSenate>
      </actionTypeCounts>
      <actionByCounts>
        <senate>2</senate>
      </actionByCounts>
    </actions>
    <sponsors>
      <item>
        <bioguideId>S001198</bioguideId>
        <fullName>Sen. Sullivan, Dan  [R-AK]</fullName>
        <firstName>Dan</firstName>
        <middleName />
        <lastName>Sullivan</lastName>
        <party>R</party>
        <state>AK</state>
        <identifiers>
          <lisID>2290</lisID>
          <bioguideId>S001198</bioguideId>
          <gpoId />
        </identifiers>
        <byRequestType />
      </item>
    </sponsors>
    <cosponsors>
      <item>
        <bioguideId>K000383</bioguideId>
        <fullName>Sen. King, Angus S., Jr. [I-ME]</fullName>
        <firstName>Angus</firstName>
        <middleName />
        <lastName>King</lastName>
        <party>I</party>
        <state>ME</state>
        <identifiers>
          <lisID>2185</lisID>
          <bioguideId>K000383</bioguideId>
          <gpoId />
        </identifiers>
        <sponsorshipDate>2019-12-18</sponsorshipDate>
        <isOriginalCosponsor>True</isOriginalCosponsor>
        <sponsorshipWithdrawnDate />
      </item>
      <item>
        <bioguideId>M001153</bioguideId>
        <fullName>Sen. Murkowski, Lisa [R-AK]</fullName>
        <firstName>Lisa</firstName>
        <middleName />
        <lastName>Murkowski</lastName>
        <party>R</party>
        <state>AK</state>
        <identifiers>
          <lisID>1694</lisID>
          <bioguideId>M001153</bioguideId>
          <gpoId>8234</gpoId>
        </identifiers>
        <sponsorshipDate>2019-12-18</sponsorshipDate>
        <isOriginalCosponsor>True</isOriginalCosponsor>
        <sponsorshipWithdrawnDate />
      </item>
      <item>
        <bioguideId>C001096</bioguideId>
        <fullName>Sen. Cramer, Kevin [R-ND]</fullName>
        <firstName>Kevin</firstName>
        <middleName />
        <lastName>Cramer</lastName>
        <party>R</party>
        <state>ND</state>
        <identifiers>
          <lisID>2144</lisID>
          <bioguideId>C001096</bioguideId>
          <gpoId />
        </identifiers>
        <sponsorshipDate>2020-01-21</sponsorshipDate>
        <isOriginalCosponsor>False</isOriginalCosponsor>
        <sponsorshipWithdrawnDate />
      </item>
    </cosponsors>
    <cboCostEstimates />
    <laws />
    <notes />
    <policyArea>
      <name>Armed Forces and National Security</name>
    </policyArea>
    <subjects>
      <billSubjects>
        <legislativeSubjects>
          <item>
            <name>Alaska</name>
          </item>
          <item>
            <name>Arctic and polar regions</name>
          </item>
          <item>
            <name>Coast guard</name>
          </item>
          <item>
            <name>Congressional oversight</name>
          </item>
          <item>
            <name>Department of Defense</name>
          </item>
          <item>
            <name>Executive agency funding and structure</name>
          </item>
          <item>
            <name>Federal officials</name>
          </item>
          <item>
            <name>Marine and coastal resources, fisheries</name>
          </item>
          <item>
            <name>Marine pollution</name>
          </item>
          <item>
            <name>Military command and structure</name>
          </item>
          <item>
            <name>Military education and training</name>
          </item>
          <item>
            <name>Military operations and strategy</name>
          </item>
          <item>
            <name>Military procurement, research, weapons development</name>
          </item>
          <item>
            <name>Navigation, waterways, harbors</name>
          </item>
        </legislativeSubjects>
        <policyArea>
          <name>Armed Forces and National Security</name>
        </policyArea>
      </billSubjects>
    </subjects>
    <summaries>
      <billSummaries>
        <item>
          <versionCode>00</versionCode>
          <actionDate>2019-12-18</actionDate>
          <actionDesc>Introduced in Senate</actionDesc>
          <lastSummaryUpdateDate>2020-08-04T20:22:28Z</lastSummaryUpdateDate>
          <text><![CDATA[<p><b>Strategic Arctic Naval Focus Act of 2019</b></p> <p>This bill articulates the policy of the United States with respect to the Arctic. Specifically, it&nbsp;shall be&nbsp;the policy of the United States to prioritize Navy and Coast Guard missions, infrastructure and capability development, training, and stationing of assets in the Arctic.</p> <p>The Department of Defense, in consultation with the Coast Guard, shall submit a report on the development and execution of a strategic plan that focuses on addressing U.S. Arctic policy. </p>]]></text>
          <updateDate>2019-12-18T05:00:00Z</updateDate>
          <name>Introduced in Senate</name>
        </item>
      </billSummaries>
    </summaries>
    <title>Strategic Arctic Naval Focus Act of 2019</title>
    <titles>
      <item>
        <titleType>Short Title(s) as Introduced</titleType>
        <parentTitleType>Short Title</parentTitleType>
        <title>Strategic Arctic Naval Focus Act of 2019</title>
        <chamberCode />
        <chamberName />
      </item>
      <item>
        <titleType>Display Title</titleType>
        <parentTitleType />
        <title>Strategic Arctic Naval Focus Act of 2019</title>
        <chamberCode />
        <chamberName />
      </item>
      <item>
        <titleType>Official Title as Introduced</titleType>
        <parentTitleType />
        <title>A bill to state the policy of the United States regarding the need for strategic placement of military assets in the Arctic, and for other purposes.</title>
        <chamberCode />
        <chamberName />
      </item>
    </titles>
    <amendments />
    <textVersions>
      <item>
        <type>Introduced in Senate</type>
        <date>2019-12-18T05:00:00Z</date>
        <formats>
          <item>
            <url>https://www.govinfo.gov/content/pkg/BILLS-116s3080is/xml/BILLS-116s3080is.xml</url>
          </item>
        </formats>
      </item>
    </textVersions>
    <latestAction>
      <actionDate>2019-12-18</actionDate>
      <text>Read twice and referred to the Committee on Armed Services.</text>
      <links />
    </latestAction>
    <calendarNumbers />
    <version>1.0.0</version>
  </bill>
  <dublinCore xmlns:dc="http://purl.org/dc/elements/1.1/">
    <dc:format>text/xml</dc:format>
    <dc:language>EN</dc:language>
    <dc:rights>Pursuant to Title 17 Section 105 of the United States Code, this file is not subject to copyright protection and is in the public domain.</dc:rights>
    <dc:contributor>Congressional Research Service, Library of Congress</dc:contributor>
    <dc:description>This file contains bill summaries and statuses for federal legislation. A bill summary describes the most significant provisions of a piece of legislation and details the effects the legislative text may have on current law and federal programs. Bill summaries are authored by the Congressional Research Service (CRS) of the Library of Congress. As stated in Public Law 91-510 (2 USC 166 (d)(6)), one of the duties of CRS is "to prepare summaries and digests of bills and resolutions of a public general nature introduced in the Senate or House of Representatives". For more information, refer to the User Guide that accompanies this file.</dc:description>
  </dublinCore>
</billStatus>

