<?xml version="1.0" encoding="UTF-8"?>
<billStatus>
  <bill>
    <billNumber>690</billNumber>
    <createDate>2019-03-07T05:42:07Z</createDate>
    <updateDate>2021-06-11T21:58:18Z</updateDate>
    <originChamber>Senate</originChamber>
    <billType>S</billType>
    <introducedDate>2019-03-06</introducedDate>
    <congress>116</congress>
    <recordedVotes />
    <committees>
      <billCommittees>
        <item>
          <systemCode>ssfi00</systemCode>
          <name>Finance Committee</name>
          <chamber>Senate</chamber>
          <type>Standing</type>
          <subcommittees />
          <activities>
            <item>
              <name>Referred to</name>
              <date>2019-03-06T23:05:06Z</date>
            </item>
          </activities>
        </item>
      </billCommittees>
    </committees>
    <committeeReports />
    <relatedBills>
      <item>
        <latestTitle>American Family Act of 2019</latestTitle>
        <congress>116</congress>
        <number>1560</number>
        <type>HR</type>
        <latestAction>
          <actionDate>2019-03-06</actionDate>
          <text>Referred to the House Committee on Ways and Means.</text>
        </latestAction>
        <relationshipDetails>
          <item>
            <type>Related bill</type>
            <identifiedBy>CRS</identifiedBy>
          </item>
        </relationshipDetails>
      </item>
    </relatedBills>
    <actions>
      <item>
        <actionDate>2019-03-06</actionDate>
        <committees>
          <item>
            <systemCode>ssfi00</systemCode>
            <name>Finance Committee</name>
          </item>
        </committees>
        <links />
        <sourceSystem>
          <code>0</code>
          <name>Senate</name>
        </sourceSystem>
        <text>Read twice and referred to the Committee on Finance.</text>
        <type>IntroReferral</type>
      </item>
      <item>
        <actionDate>2019-03-06</actionDate>
        <links />
        <text>Introduced in Senate</text>
        <type>IntroReferral</type>
        <actionCode>10000</actionCode>
        <sourceSystem>
          <code>9</code>
          <name>Library of Congress</name>
        </sourceSystem>
        <committees />
      </item>
      <actionTypeCounts>
        <referredToCommittee>1</referredToCommittee>
        <introducedInSenate>1</introducedInSenate>
      </actionTypeCounts>
      <actionByCounts>
        <senate>2</senate>
      </actionByCounts>
    </actions>
    <sponsors>
      <item>
        <bioguideId>B001267</bioguideId>
        <fullName>Sen. Bennet, Michael F. [D-CO]</fullName>
        <firstName>Michael</firstName>
        <middleName>F.</middleName>
        <lastName>Bennet</lastName>
        <party>D</party>
        <state>CO</state>
        <identifiers>
          <lisID>1965</lisID>
          <bioguideId>B001267</bioguideId>
          <gpoId>8302</gpoId>
        </identifiers>
        <byRequestType />
      </item>
    </sponsors>
    <cosponsors>
      <item>
        <bioguideId>B000944</bioguideId>
        <fullName>Sen. Brown, Sherrod [D-OH]</fullName>
        <firstName>Sherrod</firstName>
        <middleName />
        <lastName>Brown</lastName>
        <party>D</party>
        <state>OH</state>
        <identifiers>
          <lisID>136</lisID>
          <bioguideId>B000944</bioguideId>
          <gpoId>8309</gpoId>
        </identifiers>
        <sponsorshipDate>2019-03-06</sponsorshipDate>
        <isOriginalCosponsor>True</isOriginalCosponsor>
        <sponsorshipWithdrawnDate />
      </item>
      <item>
        <bioguideId>B001230</bioguideId>
        <fullName>Sen. Baldwin, Tammy [D-WI]</fullName>
        <firstName>Tammy</firstName>
        <middleName />
        <lastName>Baldwin</lastName>
        <party>D</party>
        <state>WI</state>
        <identifiers>
          <lisID>1558</lisID>
          <bioguideId>B001230</bioguideId>
          <gpoId>8215</gpoId>
        </identifiers>
        <sponsorshipDate>2019-03-06</sponsorshipDate>
        <isOriginalCosponsor>True</isOriginalCosponsor>
        <sponsorshipWithdrawnDate />
      </item>
      <item>
        <bioguideId>B001277</bioguideId>
        <fullName>Sen. Blumenthal, Richard [D-CT]</fullName>
        <firstName>Richard</firstName>
        <middleName />
        <lastName>Blumenthal</lastName>
        <party>D</party>
        <state>CT</state>
        <identifiers>
          <lisID>2076</lisID>
          <bioguideId>B001277</bioguideId>
          <gpoId>8332</gpoId>
        </identifiers>
        <sponsorshipDate>2019-03-06</sponsorshipDate>
        <isOriginalCosponsor>True</isOriginalCosponsor>
        <sponsorshipWithdrawnDate />
      </item>
      <item>
        <bioguideId>B001288</bioguideId>
        <fullName>Sen. Booker, Cory A. [D-NJ]</fullName>
        <firstName>Cory</firstName>
        <middleName>A.</middleName>
        <lastName>Booker</lastName>
        <party>D</party>
        <state>NJ</state>
        <identifiers>
          <lisID>2194</lisID>
          <bioguideId>B001288</bioguideId>
          <gpoId />
        </identifiers>
        <sponsorshipDate>2019-03-06</sponsorshipDate>
        <isOriginalCosponsor>True</isOriginalCosponsor>
        <sponsorshipWithdrawnDate />
      </item>
      <item>
        <bioguideId>C000141</bioguideId>
        <fullName>Sen. Cardin, Benjamin L. [D-MD]</fullName>
        <firstName>BENJAMIN</firstName>
        <middleName>L.</middleName>
        <lastName>CARDIN</lastName>
        <party>D</party>
        <state>MD</state>
        <identifiers>
          <lisID>174</lisID>
          <bioguideId>C000141</bioguideId>
          <gpoId>8287</gpoId>
        </identifiers>
        <sponsorshipDate>2019-03-06</sponsorshipDate>
        <isOriginalCosponsor>True</isOriginalCosponsor>
        <sponsorshipWithdrawnDate />
      </item>
      <item>
        <bioguideId>C001070</bioguideId>
        <fullName>Sen. Casey, Robert P., Jr. [D-PA]</fullName>
        <firstName>Bob</firstName>
        <middleName />
        <lastName>Casey</lastName>
        <party>D</party>
        <state>PA</state>
        <identifiers>
          <lisID>1828</lisID>
          <bioguideId>C001070</bioguideId>
          <gpoId>8282</gpoId>
        </identifiers>
        <sponsorshipDate>2019-03-06</sponsorshipDate>
        <isOriginalCosponsor>True</isOriginalCosponsor>
        <sponsorshipWithdrawnDate />
      </item>
      <item>
        <bioguideId>C001088</bioguideId>
        <fullName>Sen. Coons, Christopher A. [D-DE]</fullName>
        <firstName>Christopher</firstName>
        <middleName>A.</middleName>
        <lastName>Coons</lastName>
        <party>D</party>
        <state>DE</state>
        <identifiers>
          <lisID>1984</lisID>
          <bioguideId>C001088</bioguideId>
          <gpoId>8297</gpoId>
        </identifiers>
        <sponsorshipDate>2019-03-06</sponsorshipDate>
        <isOriginalCosponsor>True</isOriginalCosponsor>
        <sponsorshipWithdrawnDate />
      </item>
      <item>
        <bioguideId>C001113</bioguideId>
        <fullName>Sen. Cortez Masto, Catherine  [D-NV]</fullName>
        <firstName>Catherine</firstName>
        <middleName />
        <lastName>Cortez Masto</lastName>
        <party>D</party>
        <state>NV</state>
        <identifiers>
          <lisID>2299</lisID>
          <bioguideId>C001113</bioguideId>
          <gpoId />
        </identifiers>
        <sponsorshipDate>2019-03-06</sponsorshipDate>
        <isOriginalCosponsor>True</isOriginalCosponsor>
        <sponsorshipWithdrawnDate />
      </item>
      <item>
        <bioguideId>D000622</bioguideId>
        <fullName>Sen. Duckworth, Tammy [D-IL]</fullName>
        <firstName>Tammy</firstName>
        <middleName />
        <lastName>Duckworth</lastName>
        <party>D</party>
        <state>IL</state>
        <identifiers>
          <lisID>2123</lisID>
          <bioguideId>D000622</bioguideId>
          <gpoId />
        </identifiers>
        <sponsorshipDate>2019-03-06</sponsorshipDate>
        <isOriginalCosponsor>True</isOriginalCosponsor>
        <sponsorshipWithdrawnDate />
      </item>
      <item>
        <bioguideId>D000563</bioguideId>
        <fullName>Sen. Durbin, Richard J. [D-IL]</fullName>
        <firstName>RICHARD</firstName>
        <middleName>J.</middleName>
        <lastName>DURBIN</lastName>
        <party>D</party>
        <state>IL</state>
        <identifiers>
          <lisID>326</lisID>
          <bioguideId>D000563</bioguideId>
          <gpoId>8326</gpoId>
        </identifiers>
        <sponsorshipDate>2019-03-06</sponsorshipDate>
        <isOriginalCosponsor>True</isOriginalCosponsor>
        <sponsorshipWithdrawnDate />
      </item>
      <item>
        <bioguideId>G000555</bioguideId>
        <fullName>Sen. Gillibrand, Kirsten E. [D-NY]</fullName>
        <firstName>Kirsten</firstName>
        <middleName>E.</middleName>
        <lastName>Gillibrand</lastName>
        <party>D</party>
        <state>NY</state>
        <identifiers>
          <lisID>1866</lisID>
          <bioguideId>G000555</bioguideId>
          <gpoId>8336</gpoId>
        </identifiers>
        <sponsorshipDate>2019-03-06</sponsorshipDate>
        <isOriginalCosponsor>True</isOriginalCosponsor>
        <sponsorshipWithdrawnDate />
      </item>
      <item>
        <bioguideId>H001075</bioguideId>
        <fullName>Sen. Harris, Kamala D. [D-CA]</fullName>
        <firstName>Kamala</firstName>
        <middleName>D.</middleName>
        <lastName>Harris</lastName>
        <party>D</party>
        <state>CA</state>
        <identifiers>
          <lisID>2301</lisID>
          <bioguideId>H001075</bioguideId>
          <gpoId />
        </identifiers>
        <sponsorshipDate>2019-03-06</sponsorshipDate>
        <isOriginalCosponsor>True</isOriginalCosponsor>
        <sponsorshipWithdrawnDate />
      </item>
      <item>
        <bioguideId>H001076</bioguideId>
        <fullName>Sen. Hassan, Margaret Wood [D-NH]</fullName>
        <firstName>Margaret</firstName>
        <middleName>Wood</middleName>
        <lastName>Hassan</lastName>
        <party>D</party>
        <state>NH</state>
        <identifiers>
          <lisID>2302</lisID>
          <bioguideId>H001076</bioguideId>
          <gpoId />
        </identifiers>
        <sponsorshipDate>2019-03-06</sponsorshipDate>
        <isOriginalCosponsor>True</isOriginalCosponsor>
        <sponsorshipWithdrawnDate />
      </item>
      <item>
        <bioguideId>H001046</bioguideId>
        <fullName>Sen. Heinrich, Martin [D-NM]</fullName>
        <firstName>Martin</firstName>
        <middleName />
        <lastName>Heinrich</lastName>
        <party>D</party>
        <state>NM</state>
        <identifiers>
          <lisID>1937</lisID>
          <bioguideId>H001046</bioguideId>
          <gpoId>8056</gpoId>
        </identifiers>
        <sponsorshipDate>2019-03-06</sponsorshipDate>
        <isOriginalCosponsor>True</isOriginalCosponsor>
        <sponsorshipWithdrawnDate />
      </item>
      <item>
        <bioguideId>H001042</bioguideId>
        <fullName>Sen. Hirono, Mazie K. [D-HI]</fullName>
        <firstName>Mazie</firstName>
        <middleName>K.</middleName>
        <lastName>Hirono</lastName>
        <party>D</party>
        <state>HI</state>
        <identifiers>
          <lisID>1844</lisID>
          <bioguideId>H001042</bioguideId>
          <gpoId>7913</gpoId>
        </identifiers>
        <sponsorshipDate>2019-03-06</sponsorshipDate>
        <isOriginalCosponsor>True</isOriginalCosponsor>
        <sponsorshipWithdrawnDate />
      </item>
      <item>
        <bioguideId>J000300</bioguideId>
        <fullName>Sen. Jones, Doug [D-AL]</fullName>
        <firstName>Doug</firstName>
        <middleName />
        <lastName>Jones</lastName>
        <party>D</party>
        <state>AL</state>
        <identifiers>
          <lisID>2364</lisID>
          <bioguideId>J000300</bioguideId>
          <gpoId />
        </identifiers>
        <sponsorshipDate>2019-03-06</sponsorshipDate>
        <isOriginalCosponsor>True</isOriginalCosponsor>
        <sponsorshipWithdrawnDate />
      </item>
      <item>
        <bioguideId>K000367</bioguideId>
        <fullName>Sen. Klobuchar, Amy [D-MN]</fullName>
        <firstName>Amy</firstName>
        <middleName />
        <lastName>Klobuchar</lastName>
        <party>D</party>
        <state>MN</state>
        <identifiers>
          <lisID>1826</lisID>
          <bioguideId>K000367</bioguideId>
          <gpoId>8249</gpoId>
        </identifiers>
        <sponsorshipDate>2019-03-06</sponsorshipDate>
        <isOriginalCosponsor>True</isOriginalCosponsor>
        <sponsorshipWithdrawnDate />
      </item>
      <item>
        <bioguideId>L000174</bioguideId>
        <fullName>Sen. Leahy, Patrick J. [D-VT]</fullName>
        <firstName>PATRICK</firstName>
        <middleName>JOSEPH</middleName>
        <lastName>LEAHY</lastName>
        <party>D</party>
        <state>VT</state>
        <identifiers>
          <lisID>1383</lisID>
          <bioguideId>L000174</bioguideId>
          <gpoId>8244</gpoId>
        </identifiers>
        <sponsorshipDate>2019-03-06</sponsorshipDate>
        <isOriginalCosponsor>True</isOriginalCosponsor>
        <sponsorshipWithdrawnDate />
      </item>
      <item>
        <bioguideId>M000133</bioguideId>
        <fullName>Sen. Markey, Edward J. [D-MA]</fullName>
        <firstName>EDWARD</firstName>
        <middleName>J.</middleName>
        <lastName>MARKEY</lastName>
        <party>D</party>
        <state>MA</state>
        <identifiers>
          <lisID>735</lisID>
          <bioguideId>M000133</bioguideId>
          <gpoId>7972</gpoId>
        </identifiers>
        <sponsorshipDate>2019-03-06</sponsorshipDate>
        <isOriginalCosponsor>True</isOriginalCosponsor>
        <sponsorshipWithdrawnDate />
      </item>
      <item>
        <bioguideId>M000639</bioguideId>
        <fullName>Sen. Menendez, Robert [D-NJ]</fullName>
        <firstName>Robert</firstName>
        <middleName />
        <lastName>Menendez</lastName>
        <party>D</party>
        <state>NJ</state>
        <identifiers>
          <lisID>791</lisID>
          <bioguideId>M000639</bioguideId>
          <gpoId>8239</gpoId>
        </identifiers>
        <sponsorshipDate>2019-03-06</sponsorshipDate>
        <isOriginalCosponsor>True</isOriginalCosponsor>
        <sponsorshipWithdrawnDate />
      </item>
      <item>
        <bioguideId>M001176</bioguideId>
        <fullName>Sen. Merkley, Jeff [D-OR]</fullName>
        <firstName>Jeff</firstName>
        <middleName />
        <lastName>Merkley</lastName>
        <party>D</party>
        <state>OR</state>
        <identifiers>
          <lisID>1900</lisID>
          <bioguideId>M001176</bioguideId>
          <gpoId>8238</gpoId>
        </identifiers>
        <sponsorshipDate>2019-03-06</sponsorshipDate>
        <isOriginalCosponsor>True</isOriginalCosponsor>
        <sponsorshipWithdrawnDate />
      </item>
      <item>
        <bioguideId>M001169</bioguideId>
        <fullName>Sen. Murphy, Christopher [D-CT]</fullName>
        <firstName>Christopher</firstName>
        <middleName />
        <lastName>Murphy</lastName>
        <party>D</party>
        <state>CT</state>
        <identifiers>
          <lisID>1837</lisID>
          <bioguideId>M001169</bioguideId>
          <gpoId>7870</gpoId>
        </identifiers>
        <sponsorshipDate>2019-03-06</sponsorshipDate>
        <isOriginalCosponsor>True</isOriginalCosponsor>
        <sponsorshipWithdrawnDate />
      </item>
      <item>
        <bioguideId>M001111</bioguideId>
        <fullName>Sen. Murray, Patty [D-WA]</fullName>
        <firstName>PATTY</firstName>
        <middleName />
        <lastName>MURRAY</lastName>
        <party>D</party>
        <state>WA</state>
        <identifiers>
          <lisID>1409</lisID>
          <bioguideId>M001111</bioguideId>
          <gpoId>8237</gpoId>
        </identifiers>
        <sponsorshipDate>2019-03-06</sponsorshipDate>
        <isOriginalCosponsor>True</isOriginalCosponsor>
        <sponsorshipWithdrawnDate />
      </item>
      <item>
        <bioguideId>P000595</bioguideId>
        <fullName>Sen. Peters, Gary C. [D-MI]</fullName>
        <firstName>Gary</firstName>
        <middleName>C.</middleName>
        <lastName>Peters</lastName>
        <party>D</party>
        <state>MI</state>
        <identifiers>
          <lisID>1929</lisID>
          <bioguideId>P000595</bioguideId>
          <gpoId>7994</gpoId>
        </identifiers>
        <sponsorshipDate>2019-03-06</sponsorshipDate>
        <isOriginalCosponsor>True</isOriginalCosponsor>
        <sponsorshipWithdrawnDate />
      </item>
      <item>
        <bioguideId>R000122</bioguideId>
        <fullName>Sen. Reed, Jack [D-RI]</fullName>
        <firstName>JOHN</firstName>
        <middleName>F.</middleName>
        <lastName>REED</lastName>
        <party>D</party>
        <state>RI</state>
        <identifiers>
          <lisID>949</lisID>
          <bioguideId>R000122</bioguideId>
          <gpoId>8272</gpoId>
        </identifiers>
        <sponsorshipDate>2019-03-06</sponsorshipDate>
        <isOriginalCosponsor>True</isOriginalCosponsor>
        <sponsorshipWithdrawnDate />
      </item>
      <item>
        <bioguideId>S000033</bioguideId>
        <fullName>Sen. Sanders, Bernard [I-VT]</fullName>
        <firstName>Bernard</firstName>
        <middleName />
        <lastName>Sanders</lastName>
        <party>I</party>
        <state>VT</state>
        <identifiers>
          <lisID>1010</lisID>
          <bioguideId>S000033</bioguideId>
          <gpoId>8270</gpoId>
        </identifiers>
        <sponsorshipDate>2019-03-06</sponsorshipDate>
        <isOriginalCosponsor>True</isOriginalCosponsor>
        <sponsorshipWithdrawnDate />
      </item>
      <item>
        <bioguideId>S001194</bioguideId>
        <fullName>Sen. Schatz, Brian [D-HI]</fullName>
        <firstName>Brian</firstName>
        <middleName />
        <lastName>Schatz</lastName>
        <party>D</party>
        <state>HI</state>
        <identifiers>
          <lisID>2173</lisID>
          <bioguideId>S001194</bioguideId>
          <gpoId />
        </identifiers>
        <sponsorshipDate>2019-03-06</sponsorshipDate>
        <isOriginalCosponsor>True</isOriginalCosponsor>
        <sponsorshipWithdrawnDate />
      </item>
      <item>
        <bioguideId>S000148</bioguideId>
        <fullName>Sen. Schumer, Charles E. [D-NY]</fullName>
        <firstName>CHARLES</firstName>
        <middleName>E.</middleName>
        <lastName>SCHUMER</lastName>
        <party>D</party>
        <state>NY</state>
        <identifiers>
          <lisID>1036</lisID>
          <bioguideId>S000148</bioguideId>
          <gpoId>8279</gpoId>
        </identifiers>
        <sponsorshipDate>2019-03-06</sponsorshipDate>
        <isOriginalCosponsor>True</isOriginalCosponsor>
        <sponsorshipWithdrawnDate />
      </item>
      <item>
        <bioguideId>S001181</bioguideId>
        <fullName>Sen. Shaheen, Jeanne [D-NH]</fullName>
        <firstName>Jeanne</firstName>
        <middleName />
        <lastName>Shaheen</lastName>
        <party>D</party>
        <state>NH</state>
        <identifiers>
          <lisID>1901</lisID>
          <bioguideId>S001181</bioguideId>
          <gpoId>8276</gpoId>
        </identifiers>
        <sponsorshipDate>2019-03-06</sponsorshipDate>
        <isOriginalCosponsor>True</isOriginalCosponsor>
        <sponsorshipWithdrawnDate />
      </item>
      <item>
        <bioguideId>S001203</bioguideId>
        <fullName>Sen. Smith, Tina  [D-MN]</fullName>
        <firstName>Tina</firstName>
        <middleName />
        <lastName>Smith</lastName>
        <party>D</party>
        <state>MN</state>
        <identifiers>
          <lisID>2365</lisID>
          <bioguideId>S001203</bioguideId>
          <gpoId />
        </identifiers>
        <sponsorshipDate>2019-03-06</sponsorshipDate>
        <isOriginalCosponsor>True</isOriginalCosponsor>
        <sponsorshipWithdrawnDate />
      </item>
      <item>
        <bioguideId>S000770</bioguideId>
        <fullName>Sen. Stabenow, Debbie [D-MI]</fullName>
        <firstName>DEBORAH</firstName>
        <middleName>ANN</middleName>
        <lastName>STABENOW</lastName>
        <party>D</party>
        <state>MI</state>
        <identifiers>
          <lisID>1531</lisID>
          <bioguideId>S000770</bioguideId>
          <gpoId>8261</gpoId>
        </identifiers>
        <sponsorshipDate>2019-03-06</sponsorshipDate>
        <isOriginalCosponsor>True</isOriginalCosponsor>
        <sponsorshipWithdrawnDate />
      </item>
      <item>
        <bioguideId>T000464</bioguideId>
        <fullName>Sen. Tester, Jon [D-MT]</fullName>
        <firstName>Jon</firstName>
        <middleName />
        <lastName>Tester</lastName>
        <party>D</party>
        <state>MT</state>
        <identifiers>
          <lisID>1829</lisID>
          <bioguideId>T000464</bioguideId>
          <gpoId>8258</gpoId>
        </identifiers>
        <sponsorshipDate>2019-03-06</sponsorshipDate>
        <isOriginalCosponsor>True</isOriginalCosponsor>
        <sponsorshipWithdrawnDate />
      </item>
      <item>
        <bioguideId>V000128</bioguideId>
        <fullName>Sen. Van Hollen, Chris [D-MD]</fullName>
        <firstName>Chris</firstName>
        <middleName />
        <lastName>Van Hollen</lastName>
        <party>D</party>
        <state>MD</state>
        <identifiers>
          <lisID>1729</lisID>
          <bioguideId>V000128</bioguideId>
          <gpoId>7983</gpoId>
        </identifiers>
        <sponsorshipDate>2019-03-06</sponsorshipDate>
        <isOriginalCosponsor>True</isOriginalCosponsor>
        <sponsorshipWithdrawnDate />
      </item>
      <item>
        <bioguideId>W000817</bioguideId>
        <fullName>Sen. Warren, Elizabeth [D-MA]</fullName>
        <firstName>Elizabeth</firstName>
        <middleName>A.</middleName>
        <lastName>Warren</lastName>
        <party>D</party>
        <state>MA</state>
        <identifiers>
          <lisID>2182</lisID>
          <bioguideId>W000817</bioguideId>
          <gpoId />
        </identifiers>
        <sponsorshipDate>2019-03-06</sponsorshipDate>
        <isOriginalCosponsor>True</isOriginalCosponsor>
        <sponsorshipWithdrawnDate />
      </item>
      <item>
        <bioguideId>W000802</bioguideId>
        <fullName>Sen. Whitehouse, Sheldon [D-RI]</fullName>
        <firstName>Sheldon</firstName>
        <middleName />
        <lastName>Whitehouse</lastName>
        <party>D</party>
        <state>RI</state>
        <identifiers>
          <lisID>1823</lisID>
          <bioguideId>W000802</bioguideId>
          <gpoId>8264</gpoId>
        </identifiers>
        <sponsorshipDate>2019-03-06</sponsorshipDate>
        <isOriginalCosponsor>True</isOriginalCosponsor>
        <sponsorshipWithdrawnDate />
      </item>
      <item>
        <bioguideId>W000779</bioguideId>
        <fullName>Sen. Wyden, Ron [D-OR]</fullName>
        <firstName>RON</firstName>
        <middleName />
        <lastName>WYDEN</lastName>
        <party>D</party>
        <state>OR</state>
        <identifiers>
          <lisID>1247</lisID>
          <bioguideId>W000779</bioguideId>
          <gpoId>8265</gpoId>
        </identifiers>
        <sponsorshipDate>2019-03-06</sponsorshipDate>
        <isOriginalCosponsor>True</isOriginalCosponsor>
        <sponsorshipWithdrawnDate />
      </item>
      <item>
        <bioguideId>U000039</bioguideId>
        <fullName>Sen. Udall, Tom [D-NM]</fullName>
        <firstName>TOM</firstName>
        <middleName />
        <lastName>UDALL</lastName>
        <party>D</party>
        <state>NM</state>
        <identifiers>
          <lisID>1567</lisID>
          <bioguideId>U000039</bioguideId>
          <gpoId>8260</gpoId>
        </identifiers>
        <sponsorshipDate>2019-03-11</sponsorshipDate>
        <isOriginalCosponsor>False</isOriginalCosponsor>
        <sponsorshipWithdrawnDate />
      </item>
    </cosponsors>
    <cboCostEstimates />
    <laws />
    <notes />
    <policyArea>
      <name>Taxation</name>
    </policyArea>
    <subjects>
      <billSubjects>
        <legislativeSubjects>
          <item>
            <name>Caribbean area</name>
          </item>
          <item>
            <name>Immigration status and procedures</name>
          </item>
          <item>
            <name>Income tax credits</name>
          </item>
          <item>
            <name>Inflation and prices</name>
          </item>
          <item>
            <name>Northern Mariana Islands</name>
          </item>
          <item>
            <name>Puerto Rico</name>
          </item>
          <item>
            <name>Tax treatment of families</name>
          </item>
          <item>
            <name>U.S. territories and protectorates</name>
          </item>
        </legislativeSubjects>
        <policyArea>
          <name>Taxation</name>
        </policyArea>
      </billSubjects>
    </subjects>
    <summaries>
      <billSummaries>
        <item>
          <versionCode>00</versionCode>
          <actionDate>2019-03-06</actionDate>
          <actionDesc>Introduced in Senate</actionDesc>
          <lastSummaryUpdateDate>2019-12-02T15:31:52Z</lastSummaryUpdateDate>
          <text><![CDATA[<p><b>American Family Act of 2019 </b></p> <p>This bill modifies the child tax credit to (1) make the credit fully refundable, (2) increase the amount of the credit and allow an additional credit for children who are under six years of age, (3) require the amount of the credit to be adjusted annually for inflation, and (4) require the Department of the Treasury to establish a program for making advance payments of the credit on a monthly basis. </p>]]></text>
          <updateDate>2019-03-06T05:00:00Z</updateDate>
          <name>Introduced in Senate</name>
        </item>
      </billSummaries>
    </summaries>
    <title>American Family Act of 2019</title>
    <titles>
      <item>
        <titleType>Short Title(s) as Introduced</titleType>
        <parentTitleType>Short Title</parentTitleType>
        <title>American Family Act of 2019</title>
        <chamberCode />
        <chamberName />
      </item>
      <item>
        <titleType>Official Title as Introduced</titleType>
        <parentTitleType />
        <title>A bill to amend the Internal Revenue Code of 1986 to make the child tax credit fully refundable, establish an increased child tax credit for young children, and for other purposes.</title>
        <chamberCode />
        <chamberName />
      </item>
      <item>
        <titleType>Display Title</titleType>
        <parentTitleType />
        <title>American Family Act of 2019</title>
        <chamberCode />
        <chamberName />
      </item>
    </titles>
    <amendments />
    <textVersions>
      <item>
        <type>Introduced in Senate</type>
        <date>2019-03-06T05:00:00Z</date>
        <formats>
          <item>
            <url>https://www.govinfo.gov/content/pkg/BILLS-116s690is/xml/BILLS-116s690is.xml</url>
          </item>
        </formats>
      </item>
    </textVersions>
    <latestAction>
      <actionDate>2019-03-06</actionDate>
      <text>Read twice and referred to the Committee on Finance.</text>
      <links />
    </latestAction>
    <calendarNumbers />
    <version>1.0.0</version>
  </bill>
  <dublinCore xmlns:dc="http://purl.org/dc/elements/1.1/">
    <dc:format>text/xml</dc:format>
    <dc:language>EN</dc:language>
    <dc:rights>Pursuant to Title 17 Section 105 of the United States Code, this file is not subject to copyright protection and is in the public domain.</dc:rights>
    <dc:contributor>Congressional Research Service, Library of Congress</dc:contributor>
    <dc:description>This file contains bill summaries and statuses for federal legislation. A bill summary describes the most significant provisions of a piece of legislation and details the effects the legislative text may have on current law and federal programs. Bill summaries are authored by the Congressional Research Service (CRS) of the Library of Congress. As stated in Public Law 91-510 (2 USC 166 (d)(6)), one of the duties of CRS is "to prepare summaries and digests of bills and resolutions of a public general nature introduced in the Senate or House of Representatives". For more information, refer to the User Guide that accompanies this file.</dc:description>
  </dublinCore>
</billStatus>

