<?xml version="1.0" encoding="UTF-8"?>
<billStatus>
  <bill>
    <billNumber>582</billNumber>
    <createDate>2019-02-28T05:40:12Z</createDate>
    <updateDate>2021-07-10T20:19:26Z</updateDate>
    <originChamber>Senate</originChamber>
    <billType>S</billType>
    <introducedDate>2019-02-27</introducedDate>
    <congress>116</congress>
    <recordedVotes />
    <committees>
      <billCommittees>
        <item>
          <systemCode>ssbk00</systemCode>
          <name>Banking, Housing, and Urban Affairs Committee</name>
          <chamber>Senate</chamber>
          <type>Standing</type>
          <subcommittees />
          <activities>
            <item>
              <name>Referred to</name>
              <date>2019-02-27T16:56:48Z</date>
            </item>
          </activities>
        </item>
      </billCommittees>
    </committees>
    <committeeReports />
    <relatedBills>
      <item>
        <latestTitle>FinCEN Improvement Act of 2019</latestTitle>
        <congress>116</congress>
        <number>1414</number>
        <type>HR</type>
        <latestAction>
          <actionDate>2019-03-12</actionDate>
          <text>Received in the Senate and Read twice and referred to the Committee on Banking, Housing, and Urban Affairs.</text>
        </latestAction>
        <relationshipDetails>
          <item>
            <type>Related bill</type>
            <identifiedBy>CRS</identifiedBy>
          </item>
        </relationshipDetails>
      </item>
      <item>
        <latestTitle>ILLICIT CASH Act</latestTitle>
        <congress>116</congress>
        <number>2563</number>
        <type>S</type>
        <latestAction>
          <actionDate>2020-06-30</actionDate>
          <text>Committee on Banking, Housing, and Urban Affairs. Hearings held.</text>
        </latestAction>
        <relationshipDetails>
          <item>
            <type>Related bill</type>
            <identifiedBy>CRS</identifiedBy>
          </item>
        </relationshipDetails>
      </item>
    </relatedBills>
    <actions>
      <item>
        <actionDate>2019-02-27</actionDate>
        <committees>
          <item>
            <systemCode>ssbk00</systemCode>
            <name>Banking, Housing, and Urban Affairs Committee</name>
          </item>
        </committees>
        <links />
        <sourceSystem>
          <code>0</code>
          <name>Senate</name>
        </sourceSystem>
        <text>Read twice and referred to the Committee on Banking, Housing, and Urban Affairs.</text>
        <type>IntroReferral</type>
      </item>
      <item>
        <actionDate>2019-02-27</actionDate>
        <links />
        <text>Introduced in Senate</text>
        <type>IntroReferral</type>
        <actionCode>10000</actionCode>
        <sourceSystem>
          <code>9</code>
          <name>Library of Congress</name>
        </sourceSystem>
        <committees />
      </item>
      <actionTypeCounts>
        <referredToCommittee>1</referredToCommittee>
        <introducedInSenate>1</introducedInSenate>
      </actionTypeCounts>
      <actionByCounts>
        <senate>2</senate>
      </actionByCounts>
    </actions>
    <sponsors>
      <item>
        <bioguideId>C001113</bioguideId>
        <fullName>Sen. Cortez Masto, Catherine  [D-NV]</fullName>
        <firstName>Catherine</firstName>
        <middleName />
        <lastName>Cortez Masto</lastName>
        <party>D</party>
        <state>NV</state>
        <identifiers>
          <lisID>2299</lisID>
          <bioguideId>C001113</bioguideId>
          <gpoId />
        </identifiers>
        <byRequestType />
      </item>
    </sponsors>
    <cosponsors>
      <item>
        <bioguideId>C001075</bioguideId>
        <fullName>Sen. Cassidy, Bill [R-LA]</fullName>
        <firstName>Bill</firstName>
        <middleName />
        <lastName>Cassidy</lastName>
        <party>R</party>
        <state>LA</state>
        <identifiers>
          <lisID>1925</lisID>
          <bioguideId>C001075</bioguideId>
          <gpoId>7964</gpoId>
        </identifiers>
        <sponsorshipDate>2019-02-27</sponsorshipDate>
        <isOriginalCosponsor>True</isOriginalCosponsor>
        <sponsorshipWithdrawnDate />
      </item>
      <item>
        <bioguideId>S001191</bioguideId>
        <fullName>Sen. Sinema, Kyrsten [D-AZ]</fullName>
        <firstName>Kyrsten</firstName>
        <middleName />
        <lastName>Sinema</lastName>
        <party>D</party>
        <state>AZ</state>
        <identifiers>
          <lisID>2099</lisID>
          <bioguideId>S001191</bioguideId>
          <gpoId />
        </identifiers>
        <sponsorshipDate>2019-02-27</sponsorshipDate>
        <isOriginalCosponsor>True</isOriginalCosponsor>
        <sponsorshipWithdrawnDate />
      </item>
      <item>
        <bioguideId>M000934</bioguideId>
        <fullName>Sen. Moran, Jerry [R-KS]</fullName>
        <firstName>Jerry</firstName>
        <middleName />
        <lastName>Moran</lastName>
        <party>R</party>
        <state>KS</state>
        <identifiers>
          <lisID>1507</lisID>
          <bioguideId>M000934</bioguideId>
          <gpoId>8307</gpoId>
        </identifiers>
        <sponsorshipDate>2019-02-27</sponsorshipDate>
        <isOriginalCosponsor>True</isOriginalCosponsor>
        <sponsorshipWithdrawnDate />
      </item>
      <item>
        <bioguideId>W000817</bioguideId>
        <fullName>Sen. Warren, Elizabeth [D-MA]</fullName>
        <firstName>Elizabeth</firstName>
        <middleName>A.</middleName>
        <lastName>Warren</lastName>
        <party>D</party>
        <state>MA</state>
        <identifiers>
          <lisID>2182</lisID>
          <bioguideId>W000817</bioguideId>
          <gpoId />
        </identifiers>
        <sponsorshipDate>2019-03-25</sponsorshipDate>
        <isOriginalCosponsor>False</isOriginalCosponsor>
        <sponsorshipWithdrawnDate />
      </item>
    </cosponsors>
    <cboCostEstimates />
    <laws />
    <notes />
    <policyArea>
      <name>Finance and Financial Sector</name>
    </policyArea>
    <subjects>
      <billSubjects>
        <legislativeSubjects>
          <item>
            <name>Crime prevention</name>
          </item>
          <item>
            <name>Criminal investigation, prosecution, interrogation</name>
          </item>
          <item>
            <name>Currency</name>
          </item>
          <item>
            <name>Digital media</name>
          </item>
          <item>
            <name>Federal-Indian relations</name>
          </item>
          <item>
            <name>Fraud offenses and financial crimes</name>
          </item>
          <item>
            <name>Law enforcement administration and funding</name>
          </item>
          <item>
            <name>Terrorism</name>
          </item>
        </legislativeSubjects>
        <policyArea>
          <name>Finance and Financial Sector</name>
        </policyArea>
      </billSubjects>
    </subjects>
    <summaries>
      <billSummaries>
        <item>
          <versionCode>00</versionCode>
          <actionDate>2019-02-27</actionDate>
          <actionDesc>Introduced in Senate</actionDesc>
          <lastSummaryUpdateDate>2019-04-02T17:51:28Z</lastSummaryUpdateDate>
          <text><![CDATA[<p><b>FinCEN Improvement Act of 2019</b></p> <p>This bill amends the duties of the Financial Crimes Enforcement Network (FinCEN). FinCEN must work with tribal law enforcement agencies, protect against terrorism regardless of origin, and coordinate internationally on matters involving emerging technology and virtual currency.</p>]]></text>
          <updateDate>2019-02-27T05:00:00Z</updateDate>
          <name>Introduced in Senate</name>
        </item>
      </billSummaries>
    </summaries>
    <title>FinCEN Improvement Act of 2019</title>
    <titles>
      <item>
        <titleType>Short Title(s) as Introduced</titleType>
        <parentTitleType>Short Title</parentTitleType>
        <title>FinCEN Improvement Act of 2019</title>
        <chamberCode />
        <chamberName />
      </item>
      <item>
        <titleType>Official Title as Introduced</titleType>
        <parentTitleType />
        <title>A bill to ensure that the Financial Crimes Enforcement Network works with Tribal law enforcement agencies, protects against all forms of terrorism, and focuses on virtual currencies.</title>
        <chamberCode />
        <chamberName />
      </item>
      <item>
        <titleType>Display Title</titleType>
        <parentTitleType />
        <title>FinCEN Improvement Act of 2019</title>
        <chamberCode />
        <chamberName />
      </item>
    </titles>
    <amendments />
    <textVersions>
      <item>
        <type>Introduced in Senate</type>
        <date>2019-02-27T05:00:00Z</date>
        <formats>
          <item>
            <url>https://www.govinfo.gov/content/pkg/BILLS-116s582is/xml/BILLS-116s582is.xml</url>
          </item>
        </formats>
      </item>
    </textVersions>
    <latestAction>
      <actionDate>2019-02-27</actionDate>
      <text>Read twice and referred to the Committee on Banking, Housing, and Urban Affairs.</text>
      <links />
    </latestAction>
    <calendarNumbers />
    <version>1.0.0</version>
  </bill>
  <dublinCore xmlns:dc="http://purl.org/dc/elements/1.1/">
    <dc:format>text/xml</dc:format>
    <dc:language>EN</dc:language>
    <dc:rights>Pursuant to Title 17 Section 105 of the United States Code, this file is not subject to copyright protection and is in the public domain.</dc:rights>
    <dc:contributor>Congressional Research Service, Library of Congress</dc:contributor>
    <dc:description>This file contains bill summaries and statuses for federal legislation. A bill summary describes the most significant provisions of a piece of legislation and details the effects the legislative text may have on current law and federal programs. Bill summaries are authored by the Congressional Research Service (CRS) of the Library of Congress. As stated in Public Law 91-510 (2 USC 166 (d)(6)), one of the duties of CRS is "to prepare summaries and digests of bills and resolutions of a public general nature introduced in the Senate or House of Representatives". For more information, refer to the User Guide that accompanies this file.</dc:description>
  </dublinCore>
</billStatus>

