<?xml version="1.0" encoding="UTF-8"?>
<billStatus>
  <bill>
    <billNumber>220</billNumber>
    <createDate>2019-01-25T06:10:14Z</createDate>
    <updateDate>2021-06-11T22:00:18Z</updateDate>
    <originChamber>Senate</originChamber>
    <billType>S</billType>
    <introducedDate>2019-01-24</introducedDate>
    <congress>116</congress>
    <recordedVotes />
    <committees>
      <billCommittees>
        <item>
          <systemCode>ssfi00</systemCode>
          <name>Finance Committee</name>
          <chamber>Senate</chamber>
          <type>Standing</type>
          <subcommittees />
          <activities>
            <item>
              <name>Referred to</name>
              <date>2019-01-24T22:33:46Z</date>
            </item>
          </activities>
        </item>
      </billCommittees>
    </committees>
    <committeeReports />
    <relatedBills />
    <actions>
      <item>
        <actionDate>2019-01-24</actionDate>
        <committees>
          <item>
            <systemCode>ssfi00</systemCode>
            <name>Finance Committee</name>
          </item>
        </committees>
        <links />
        <sourceSystem>
          <code>0</code>
          <name>Senate</name>
        </sourceSystem>
        <text>Read twice and referred to the Committee on Finance.</text>
        <type>IntroReferral</type>
      </item>
      <item>
        <actionDate>2019-01-24</actionDate>
        <links />
        <text>Introduced in Senate</text>
        <type>IntroReferral</type>
        <actionCode>10000</actionCode>
        <sourceSystem>
          <code>9</code>
          <name>Library of Congress</name>
        </sourceSystem>
        <committees />
      </item>
      <actionTypeCounts>
        <referredToCommittee>1</referredToCommittee>
        <introducedInSenate>1</introducedInSenate>
      </actionTypeCounts>
      <actionByCounts>
        <senate>2</senate>
      </actionByCounts>
    </actions>
    <sponsors>
      <item>
        <bioguideId>G000562</bioguideId>
        <fullName>Sen. Gardner, Cory [R-CO]</fullName>
        <firstName>Cory</firstName>
        <middleName />
        <lastName>Gardner</lastName>
        <party>R</party>
        <state>CO</state>
        <identifiers>
          <lisID>1998</lisID>
          <bioguideId>G000562</bioguideId>
          <gpoId>7862</gpoId>
        </identifiers>
        <byRequestType />
      </item>
    </sponsors>
    <cosponsors />
    <cboCostEstimates />
    <laws />
    <notes />
    <policyArea>
      <name>Taxation</name>
    </policyArea>
    <subjects>
      <billSubjects>
        <legislativeSubjects>
          <item>
            <name>Bank accounts, deposits, capital</name>
          </item>
          <item>
            <name>Employee benefits and pensions</name>
          </item>
          <item>
            <name>Employment and training programs</name>
          </item>
          <item>
            <name>Income tax deferral</name>
          </item>
          <item>
            <name>Income tax exclusion</name>
          </item>
          <item>
            <name>Inflation and prices</name>
          </item>
          <item>
            <name>Preschool education</name>
          </item>
          <item>
            <name>Student aid and college costs</name>
          </item>
          <item>
            <name>Vocational and technical education</name>
          </item>
          <item>
            <name>Wages and earnings</name>
          </item>
        </legislativeSubjects>
        <policyArea>
          <name>Taxation</name>
        </policyArea>
      </billSubjects>
    </subjects>
    <summaries>
      <billSummaries>
        <item>
          <versionCode>00</versionCode>
          <actionDate>2019-01-24</actionDate>
          <actionDesc>Introduced in Senate</actionDesc>
          <lastSummaryUpdateDate>2019-04-08T16:24:23Z</lastSummaryUpdateDate>
          <text><![CDATA[<p><b>529 Expansion and Modernization Act of 2019</b></p> <p>This bill allows tax-exempt distributions from qualified tuition programs (known as 529 plans) to be used for</p> <ul> <li> apprenticeship programs, </li> <li> early education expenses for children under the age of 5, </li> <li> career and technical education programs, and </li> <li> industry intermediary education programs.</li> </ul> <p>The bill also allows employers to make contributions to an employee's 529 plan as a fringe benefit that is excluded from the gross income of the employee. The contributions per employee may not exceed $500 per year (adjusted for inflation after 2020) and must be made in connection with a payroll deduction contribution program.</p>]]></text>
          <updateDate>2019-01-24T05:00:00Z</updateDate>
          <name>Introduced in Senate</name>
        </item>
      </billSummaries>
    </summaries>
    <title>529 Expansion and Modernization Act of 2019</title>
    <titles>
      <item>
        <titleType>Short Title(s) as Introduced</titleType>
        <parentTitleType>Short Title</parentTitleType>
        <title>529 Expansion and Modernization Act of 2019</title>
        <chamberCode />
        <chamberName />
      </item>
      <item>
        <titleType>Official Title as Introduced</titleType>
        <parentTitleType />
        <title>A bill to amend the Internal Revenue Code of 1986 to provide for distributions from 529 programs to pay apprenticeship and qualified early education expenses, and for other purposes.</title>
        <chamberCode />
        <chamberName />
      </item>
      <item>
        <titleType>Display Title</titleType>
        <parentTitleType />
        <title>529 Expansion and Modernization Act of 2019</title>
        <chamberCode />
        <chamberName />
      </item>
    </titles>
    <amendments />
    <textVersions>
      <item>
        <type>Introduced in Senate</type>
        <date>2019-01-24T05:00:00Z</date>
        <formats>
          <item>
            <url>https://www.govinfo.gov/content/pkg/BILLS-116s220is/xml/BILLS-116s220is.xml</url>
          </item>
        </formats>
      </item>
    </textVersions>
    <latestAction>
      <actionDate>2019-01-24</actionDate>
      <text>Read twice and referred to the Committee on Finance.</text>
      <links />
    </latestAction>
    <calendarNumbers />
    <version>1.0.0</version>
  </bill>
  <dublinCore xmlns:dc="http://purl.org/dc/elements/1.1/">
    <dc:format>text/xml</dc:format>
    <dc:language>EN</dc:language>
    <dc:rights>Pursuant to Title 17 Section 105 of the United States Code, this file is not subject to copyright protection and is in the public domain.</dc:rights>
    <dc:contributor>Congressional Research Service, Library of Congress</dc:contributor>
    <dc:description>This file contains bill summaries and statuses for federal legislation. A bill summary describes the most significant provisions of a piece of legislation and details the effects the legislative text may have on current law and federal programs. Bill summaries are authored by the Congressional Research Service (CRS) of the Library of Congress. As stated in Public Law 91-510 (2 USC 166 (d)(6)), one of the duties of CRS is "to prepare summaries and digests of bills and resolutions of a public general nature introduced in the Senate or House of Representatives". For more information, refer to the User Guide that accompanies this file.</dc:description>
  </dublinCore>
</billStatus>

