<?xml version="1.0" encoding="UTF-8"?>
<billStatus>
  <bill>
    <billNumber>303</billNumber>
    <createDate>2019-02-01T05:40:16Z</createDate>
    <updateDate>2021-06-11T22:01:25Z</updateDate>
    <originChamber>Senate</originChamber>
    <billType>S</billType>
    <introducedDate>2019-01-31</introducedDate>
    <congress>116</congress>
    <recordedVotes />
    <committees>
      <billCommittees>
        <item>
          <systemCode>sshr00</systemCode>
          <name>Health, Education, Labor, and Pensions Committee</name>
          <chamber>Senate</chamber>
          <type>Standing</type>
          <subcommittees />
          <activities>
            <item>
              <name>Referred to</name>
              <date>2019-01-31T21:18:04Z</date>
            </item>
          </activities>
        </item>
      </billCommittees>
    </committees>
    <committeeReports />
    <relatedBills>
      <item>
        <latestTitle>GEAR UP for Success Act of 2019</latestTitle>
        <congress>116</congress>
        <number>954</number>
        <type>HR</type>
        <latestAction>
          <actionDate>2019-02-04</actionDate>
          <text>Referred to the House Committee on Education and Labor.</text>
        </latestAction>
        <relationshipDetails>
          <item>
            <type>Related bill</type>
            <identifiedBy>CRS</identifiedBy>
          </item>
        </relationshipDetails>
      </item>
      <item>
        <latestTitle>College Affordability Act</latestTitle>
        <congress>116</congress>
        <number>4674</number>
        <type>HR</type>
        <latestAction>
          <actionDate>2020-12-28</actionDate>
          <text>Placed on the Union Calendar, Calendar No. 583.</text>
        </latestAction>
        <relationshipDetails>
          <item>
            <type>Related bill</type>
            <identifiedBy>CRS</identifiedBy>
          </item>
        </relationshipDetails>
      </item>
    </relatedBills>
    <actions>
      <item>
        <actionDate>2019-01-31</actionDate>
        <committees>
          <item>
            <systemCode>sshr00</systemCode>
            <name>Health, Education, Labor, and Pensions Committee</name>
          </item>
        </committees>
        <links />
        <sourceSystem>
          <code>0</code>
          <name>Senate</name>
        </sourceSystem>
        <text>Read twice and referred to the Committee on Health, Education, Labor, and Pensions.</text>
        <type>IntroReferral</type>
      </item>
      <item>
        <actionDate>2019-01-31</actionDate>
        <links />
        <text>Introduced in Senate</text>
        <type>IntroReferral</type>
        <actionCode>10000</actionCode>
        <sourceSystem>
          <code>9</code>
          <name>Library of Congress</name>
        </sourceSystem>
        <committees />
      </item>
      <actionTypeCounts>
        <referredToCommittee>1</referredToCommittee>
        <introducedInSenate>1</introducedInSenate>
      </actionTypeCounts>
      <actionByCounts>
        <senate>2</senate>
      </actionByCounts>
    </actions>
    <sponsors>
      <item>
        <bioguideId>C001056</bioguideId>
        <fullName>Sen. Cornyn, John [R-TX]</fullName>
        <firstName>John</firstName>
        <middleName />
        <lastName>Cornyn</lastName>
        <party>R</party>
        <state>TX</state>
        <identifiers>
          <lisID>1692</lisID>
          <bioguideId>C001056</bioguideId>
          <gpoId>8295</gpoId>
        </identifiers>
        <byRequestType />
      </item>
    </sponsors>
    <cosponsors>
      <item>
        <bioguideId>M001183</bioguideId>
        <fullName>Sen. Manchin, Joe, III [D-WV]</fullName>
        <firstName>Joe</firstName>
        <middleName />
        <lastName>Manchin</lastName>
        <party>D</party>
        <state>WV</state>
        <identifiers>
          <lisID>1983</lisID>
          <bioguideId>M001183</bioguideId>
          <gpoId>8256</gpoId>
        </identifiers>
        <sponsorshipDate>2019-01-31</sponsorshipDate>
        <isOriginalCosponsor>True</isOriginalCosponsor>
        <sponsorshipWithdrawnDate />
      </item>
      <item>
        <bioguideId>T000476</bioguideId>
        <fullName>Sen. Tillis, Thom [R-NC]</fullName>
        <firstName>Thomas</firstName>
        <middleName>Roland</middleName>
        <lastName>Tillis</lastName>
        <party>R</party>
        <state>NC</state>
        <identifiers>
          <lisID>2291</lisID>
          <bioguideId>T000476</bioguideId>
          <gpoId />
        </identifiers>
        <sponsorshipDate>2019-01-31</sponsorshipDate>
        <isOriginalCosponsor>True</isOriginalCosponsor>
        <sponsorshipWithdrawnDate />
      </item>
      <item>
        <bioguideId>H001075</bioguideId>
        <fullName>Sen. Harris, Kamala D. [D-CA]</fullName>
        <firstName>Kamala</firstName>
        <middleName>D.</middleName>
        <lastName>Harris</lastName>
        <party>D</party>
        <state>CA</state>
        <identifiers>
          <lisID>2301</lisID>
          <bioguideId>H001075</bioguideId>
          <gpoId />
        </identifiers>
        <sponsorshipDate>2019-01-31</sponsorshipDate>
        <isOriginalCosponsor>True</isOriginalCosponsor>
        <sponsorshipWithdrawnDate />
      </item>
      <item>
        <bioguideId>C001035</bioguideId>
        <fullName>Sen. Collins, Susan M. [R-ME]</fullName>
        <firstName>SUSAN</firstName>
        <middleName>MARGARET</middleName>
        <lastName>COLLINS</lastName>
        <party>R</party>
        <state>ME</state>
        <identifiers>
          <lisID>1541</lisID>
          <bioguideId>C001035</bioguideId>
          <gpoId>8291</gpoId>
        </identifiers>
        <sponsorshipDate>2019-01-31</sponsorshipDate>
        <isOriginalCosponsor>True</isOriginalCosponsor>
        <sponsorshipWithdrawnDate />
      </item>
      <item>
        <bioguideId>R000608</bioguideId>
        <fullName>Sen. Rosen, Jacky [D-NV]</fullName>
        <firstName>Jacklyn</firstName>
        <middleName />
        <lastName>Rosen</lastName>
        <party>D</party>
        <state>NV</state>
        <identifiers>
          <lisID>2339</lisID>
          <bioguideId>R000608</bioguideId>
          <gpoId />
        </identifiers>
        <sponsorshipDate>2019-01-31</sponsorshipDate>
        <isOriginalCosponsor>True</isOriginalCosponsor>
        <sponsorshipWithdrawnDate />
      </item>
    </cosponsors>
    <cboCostEstimates />
    <laws />
    <notes />
    <policyArea>
      <name>Education</name>
    </policyArea>
    <subjects>
      <billSubjects>
        <legislativeSubjects>
          <item>
            <name>Education of the disadvantaged</name>
          </item>
          <item>
            <name>Education programs funding</name>
          </item>
          <item>
            <name>Elementary and secondary education</name>
          </item>
          <item>
            <name>Government lending and loan guarantees</name>
          </item>
          <item>
            <name>Government studies and investigations</name>
          </item>
          <item>
            <name>Higher education</name>
          </item>
          <item>
            <name>Student aid and college costs</name>
          </item>
        </legislativeSubjects>
        <policyArea>
          <name>Education</name>
        </policyArea>
      </billSubjects>
    </subjects>
    <summaries>
      <billSummaries>
        <item>
          <versionCode>00</versionCode>
          <actionDate>2019-01-31</actionDate>
          <actionDesc>Introduced in Senate</actionDesc>
          <lastSummaryUpdateDate>2020-08-11T14:28:10Z</lastSummaryUpdateDate>
          <text><![CDATA[<p><b>GEAR UP for Success Act of </b><b>2019</b></p> <p>This bill reauthorizes through FY2025 and revises the Gaining Early Awareness and Readiness for Undergraduate Programs (GEAR UP).</p> <p>The bill adds metrics for program evaluations and makes other revisions to GEAR UP, including with respect to authorized uses of funds. </p>]]></text>
          <updateDate>2019-01-31T05:00:00Z</updateDate>
          <name>Introduced in Senate</name>
        </item>
      </billSummaries>
    </summaries>
    <title>GEAR UP for Success Act of 2019</title>
    <titles>
      <item>
        <titleType>Short Title(s) as Introduced</titleType>
        <parentTitleType>Short Title</parentTitleType>
        <title>GEAR UP for Success Act of 2019</title>
        <chamberCode />
        <chamberName />
      </item>
      <item>
        <titleType>Official Title as Introduced</titleType>
        <parentTitleType />
        <title>A bill to reform the GEAR UP program.</title>
        <chamberCode />
        <chamberName />
      </item>
      <item>
        <titleType>Display Title</titleType>
        <parentTitleType />
        <title>GEAR UP for Success Act of 2019</title>
        <chamberCode />
        <chamberName />
      </item>
    </titles>
    <amendments />
    <textVersions>
      <item>
        <type>Introduced in Senate</type>
        <date>2019-01-31T05:00:00Z</date>
        <formats>
          <item>
            <url>https://www.govinfo.gov/content/pkg/BILLS-116s303is/xml/BILLS-116s303is.xml</url>
          </item>
        </formats>
      </item>
    </textVersions>
    <latestAction>
      <actionDate>2019-01-31</actionDate>
      <text>Read twice and referred to the Committee on Health, Education, Labor, and Pensions.</text>
      <links />
    </latestAction>
    <calendarNumbers />
    <version>1.0.0</version>
  </bill>
  <dublinCore xmlns:dc="http://purl.org/dc/elements/1.1/">
    <dc:format>text/xml</dc:format>
    <dc:language>EN</dc:language>
    <dc:rights>Pursuant to Title 17 Section 105 of the United States Code, this file is not subject to copyright protection and is in the public domain.</dc:rights>
    <dc:contributor>Congressional Research Service, Library of Congress</dc:contributor>
    <dc:description>This file contains bill summaries and statuses for federal legislation. A bill summary describes the most significant provisions of a piece of legislation and details the effects the legislative text may have on current law and federal programs. Bill summaries are authored by the Congressional Research Service (CRS) of the Library of Congress. As stated in Public Law 91-510 (2 USC 166 (d)(6)), one of the duties of CRS is "to prepare summaries and digests of bills and resolutions of a public general nature introduced in the Senate or House of Representatives". For more information, refer to the User Guide that accompanies this file.</dc:description>
  </dublinCore>
</billStatus>

