<?xml version="1.0" encoding="UTF-8"?>
<billStatus>
  <bill>
    <billNumber>40</billNumber>
    <createDate>2019-01-09T05:40:15Z</createDate>
    <updateDate>2021-06-11T22:02:51Z</updateDate>
    <originChamber>Senate</originChamber>
    <billType>S</billType>
    <introducedDate>2019-01-08</introducedDate>
    <congress>116</congress>
    <recordedVotes />
    <committees>
      <billCommittees>
        <item>
          <systemCode>sseg00</systemCode>
          <name>Energy and Natural Resources Committee</name>
          <chamber>Senate</chamber>
          <type>Standing</type>
          <subcommittees />
          <activities>
            <item>
              <name>Referred to</name>
              <date>2019-01-08T22:03:08Z</date>
            </item>
          </activities>
        </item>
      </billCommittees>
    </committees>
    <committeeReports />
    <relatedBills>
      <item>
        <latestTitle>John D. Dingell, Jr. Conservation, Management, and Recreation Act</latestTitle>
        <congress>116</congress>
        <number>47</number>
        <type>S</type>
        <latestAction>
          <actionDate>2019-03-12</actionDate>
          <text>Became Public Law No: 116-9.</text>
        </latestAction>
        <relationshipDetails>
          <item>
            <type>Related bill</type>
            <identifiedBy>CRS</identifiedBy>
          </item>
        </relationshipDetails>
      </item>
      <item>
        <latestTitle>Bureau of Reclamation Transparency Act</latestTitle>
        <congress>116</congress>
        <number>1268</number>
        <type>HR</type>
        <latestAction>
          <actionDate>2019-03-07</actionDate>
          <text>Referred to the Subcommittee on Water, Oceans, and Wildlife.</text>
        </latestAction>
        <relationshipDetails>
          <item>
            <type>Related bill</type>
            <identifiedBy>CRS</identifiedBy>
          </item>
        </relationshipDetails>
      </item>
    </relatedBills>
    <actions>
      <item>
        <actionDate>2019-01-08</actionDate>
        <committees>
          <item>
            <systemCode>sseg00</systemCode>
            <name>Energy and Natural Resources Committee</name>
          </item>
        </committees>
        <links />
        <sourceSystem>
          <code>0</code>
          <name>Senate</name>
        </sourceSystem>
        <text>Read twice and referred to the Committee on Energy and Natural Resources.</text>
        <type>IntroReferral</type>
      </item>
      <item>
        <actionDate>2019-01-08</actionDate>
        <links />
        <text>Introduced in Senate</text>
        <type>IntroReferral</type>
        <actionCode>10000</actionCode>
        <sourceSystem>
          <code>9</code>
          <name>Library of Congress</name>
        </sourceSystem>
        <committees />
      </item>
      <actionTypeCounts>
        <referredToCommittee>1</referredToCommittee>
        <introducedInSenate>1</introducedInSenate>
      </actionTypeCounts>
      <actionByCounts>
        <senate>2</senate>
      </actionByCounts>
    </actions>
    <sponsors>
      <item>
        <bioguideId>B001261</bioguideId>
        <fullName>Sen. Barrasso, John [R-WY]</fullName>
        <firstName>John</firstName>
        <middleName />
        <lastName>Barrasso</lastName>
        <party>R</party>
        <state>WY</state>
        <identifiers>
          <lisID>1881</lisID>
          <bioguideId>B001261</bioguideId>
          <gpoId>8300</gpoId>
        </identifiers>
        <byRequestType />
      </item>
    </sponsors>
    <cosponsors>
      <item>
        <bioguideId>S001194</bioguideId>
        <fullName>Sen. Schatz, Brian [D-HI]</fullName>
        <firstName>Brian</firstName>
        <middleName />
        <lastName>Schatz</lastName>
        <party>D</party>
        <state>HI</state>
        <identifiers>
          <lisID>2173</lisID>
          <bioguideId>S001194</bioguideId>
          <gpoId />
        </identifiers>
        <sponsorshipDate>2019-01-08</sponsorshipDate>
        <isOriginalCosponsor>True</isOriginalCosponsor>
        <sponsorshipWithdrawnDate />
      </item>
    </cosponsors>
    <cboCostEstimates />
    <laws />
    <notes />
    <policyArea>
      <name>Water Resources Development</name>
    </policyArea>
    <subjects>
      <billSubjects>
        <legislativeSubjects>
          <item>
            <name>Appropriations</name>
          </item>
          <item>
            <name>Congressional oversight</name>
          </item>
          <item>
            <name>Dams and canals</name>
          </item>
          <item>
            <name>Department of the Interior</name>
          </item>
          <item>
            <name>Government information and archives</name>
          </item>
          <item>
            <name>Infrastructure development</name>
          </item>
          <item>
            <name>Water resources funding</name>
          </item>
          <item>
            <name>Water use and supply</name>
          </item>
        </legislativeSubjects>
        <policyArea>
          <name>Water Resources Development</name>
        </policyArea>
      </billSubjects>
    </subjects>
    <summaries>
      <billSummaries>
        <item>
          <versionCode>00</versionCode>
          <actionDate>2019-01-08</actionDate>
          <actionDesc>Introduced in Senate</actionDesc>
          <lastSummaryUpdateDate>2019-02-14T21:07:06Z</lastSummaryUpdateDate>
          <text><![CDATA[<p><b>Bureau of Reclamation Transparency Act</b></p> <p>This bill directs the Department of the Interior to publish, and update every two years, an Asset Management Report. The report must describe the Bureau of Reclamation's efforts to (1) maintain in a reliable manner its reserved works (e.g., buildings, structures, facilities, or equipment); and (2) standardize and streamline data reporting and processes across regions and areas for the purpose of maintaining reserved works. The report must include (1) an assessment of major repair and rehabilitation needs for reserved works, and (2) an itemized and prioritized list of major repair and rehabilitation needs of individual facilities.</p> <p>Interior must coordinate with the nonfederal entities responsible for the operation and maintenance of Reclamation facilities, known as transferred works, in developing reporting requirements for their major repair and rehabilitation needs.</p>]]></text>
          <updateDate>2019-01-08T05:00:00Z</updateDate>
          <name>Introduced in Senate</name>
        </item>
      </billSummaries>
    </summaries>
    <title>Bureau of Reclamation Transparency Act</title>
    <titles>
      <item>
        <titleType>Short Title(s) as Introduced</titleType>
        <parentTitleType>Short Title</parentTitleType>
        <title>Bureau of Reclamation Transparency Act</title>
        <chamberCode />
        <chamberName />
      </item>
      <item>
        <titleType>Official Title as Introduced</titleType>
        <parentTitleType />
        <title>A bill to require the Secretary of the Interior to submit to Congress a report on the efforts of the Bureau of Reclamation to manage its infrastructure assets.</title>
        <chamberCode />
        <chamberName />
      </item>
      <item>
        <titleType>Display Title</titleType>
        <parentTitleType />
        <title>Bureau of Reclamation Transparency Act</title>
        <chamberCode />
        <chamberName />
      </item>
    </titles>
    <amendments />
    <textVersions>
      <item>
        <type>Introduced in Senate</type>
        <date>2019-01-08T05:00:00Z</date>
        <formats>
          <item>
            <url>https://www.govinfo.gov/content/pkg/BILLS-116s40is/xml/BILLS-116s40is.xml</url>
          </item>
        </formats>
      </item>
    </textVersions>
    <latestAction>
      <actionDate>2019-01-08</actionDate>
      <text>Read twice and referred to the Committee on Energy and Natural Resources.</text>
      <links />
    </latestAction>
    <calendarNumbers />
    <version>1.0.0</version>
  </bill>
  <dublinCore xmlns:dc="http://purl.org/dc/elements/1.1/">
    <dc:format>text/xml</dc:format>
    <dc:language>EN</dc:language>
    <dc:rights>Pursuant to Title 17 Section 105 of the United States Code, this file is not subject to copyright protection and is in the public domain.</dc:rights>
    <dc:contributor>Congressional Research Service, Library of Congress</dc:contributor>
    <dc:description>This file contains bill summaries and statuses for federal legislation. A bill summary describes the most significant provisions of a piece of legislation and details the effects the legislative text may have on current law and federal programs. Bill summaries are authored by the Congressional Research Service (CRS) of the Library of Congress. As stated in Public Law 91-510 (2 USC 166 (d)(6)), one of the duties of CRS is "to prepare summaries and digests of bills and resolutions of a public general nature introduced in the Senate or House of Representatives". For more information, refer to the User Guide that accompanies this file.</dc:description>
  </dublinCore>
</billStatus>

