<?xml version="1.0" encoding="UTF-8"?>
<billStatus>
  <bill>
    <billNumber>274</billNumber>
    <createDate>2019-01-31T05:40:16Z</createDate>
    <updateDate>2021-06-11T22:01:02Z</updateDate>
    <originChamber>Senate</originChamber>
    <billType>S</billType>
    <introducedDate>2019-01-30</introducedDate>
    <congress>116</congress>
    <recordedVotes />
    <committees>
      <billCommittees>
        <item>
          <systemCode>ssfi00</systemCode>
          <name>Finance Committee</name>
          <chamber>Senate</chamber>
          <type>Standing</type>
          <subcommittees />
          <activities>
            <item>
              <name>Referred to</name>
              <date>2019-01-30T17:35:46Z</date>
            </item>
          </activities>
        </item>
      </billCommittees>
    </committees>
    <committeeReports />
    <relatedBills>
      <item>
        <latestTitle>Child Welfare Provider Inclusion Act of 2019</latestTitle>
        <congress>116</congress>
        <number>897</number>
        <type>HR</type>
        <latestAction>
          <actionDate>2019-01-30</actionDate>
          <text>Referred to the Subcommittee on Worker and Family Support.</text>
        </latestAction>
        <relationshipDetails>
          <item>
            <type>Related bill</type>
            <identifiedBy>CRS</identifiedBy>
          </item>
        </relationshipDetails>
      </item>
    </relatedBills>
    <actions>
      <item>
        <actionDate>2019-01-30</actionDate>
        <committees>
          <item>
            <systemCode>ssfi00</systemCode>
            <name>Finance Committee</name>
          </item>
        </committees>
        <links />
        <sourceSystem>
          <code>0</code>
          <name>Senate</name>
        </sourceSystem>
        <text>Read twice and referred to the Committee on Finance.</text>
        <type>IntroReferral</type>
      </item>
      <item>
        <actionDate>2019-01-30</actionDate>
        <links />
        <text>Introduced in Senate</text>
        <type>IntroReferral</type>
        <actionCode>10000</actionCode>
        <sourceSystem>
          <code>9</code>
          <name>Library of Congress</name>
        </sourceSystem>
        <committees />
      </item>
      <actionTypeCounts>
        <referredToCommittee>1</referredToCommittee>
        <introducedInSenate>1</introducedInSenate>
      </actionTypeCounts>
      <actionByCounts>
        <senate>2</senate>
      </actionByCounts>
    </actions>
    <sponsors>
      <item>
        <bioguideId>E000285</bioguideId>
        <fullName>Sen. Enzi, Michael B. [R-WY]</fullName>
        <firstName>MICHAEL</firstName>
        <middleName>B.</middleName>
        <lastName>ENZI</lastName>
        <party>R</party>
        <state>WY</state>
        <identifiers>
          <lisID>1542</lisID>
          <bioguideId>E000285</bioguideId>
          <gpoId>8328</gpoId>
        </identifiers>
        <byRequestType />
      </item>
    </sponsors>
    <cosponsors>
      <item>
        <bioguideId>B000575</bioguideId>
        <fullName>Sen. Blunt, Roy [R-MO]</fullName>
        <firstName>Roy</firstName>
        <middleName />
        <lastName>Blunt</lastName>
        <party>R</party>
        <state>MO</state>
        <identifiers>
          <lisID>1464</lisID>
          <bioguideId>B000575</bioguideId>
          <gpoId>8313</gpoId>
        </identifiers>
        <sponsorshipDate>2019-01-30</sponsorshipDate>
        <isOriginalCosponsor>True</isOriginalCosponsor>
        <sponsorshipWithdrawnDate />
      </item>
      <item>
        <bioguideId>C001056</bioguideId>
        <fullName>Sen. Cornyn, John [R-TX]</fullName>
        <firstName>John</firstName>
        <middleName />
        <lastName>Cornyn</lastName>
        <party>R</party>
        <state>TX</state>
        <identifiers>
          <lisID>1692</lisID>
          <bioguideId>C001056</bioguideId>
          <gpoId>8295</gpoId>
        </identifiers>
        <sponsorshipDate>2019-01-30</sponsorshipDate>
        <isOriginalCosponsor>True</isOriginalCosponsor>
        <sponsorshipWithdrawnDate />
      </item>
      <item>
        <bioguideId>C001095</bioguideId>
        <fullName>Sen. Cotton, Tom [R-AR]</fullName>
        <firstName>Tom</firstName>
        <middleName />
        <lastName>Cotton</lastName>
        <party>R</party>
        <state>AR</state>
        <identifiers>
          <lisID>2098</lisID>
          <bioguideId>C001095</bioguideId>
          <gpoId />
        </identifiers>
        <sponsorshipDate>2019-01-30</sponsorshipDate>
        <isOriginalCosponsor>True</isOriginalCosponsor>
        <sponsorshipWithdrawnDate />
      </item>
      <item>
        <bioguideId>D000618</bioguideId>
        <fullName>Sen. Daines, Steve [R-MT]</fullName>
        <firstName>Steve</firstName>
        <middleName />
        <lastName>Daines</lastName>
        <party>R</party>
        <state>MT</state>
        <identifiers>
          <lisID>2138</lisID>
          <bioguideId>D000618</bioguideId>
          <gpoId />
        </identifiers>
        <sponsorshipDate>2019-01-30</sponsorshipDate>
        <isOriginalCosponsor>True</isOriginalCosponsor>
        <sponsorshipWithdrawnDate />
      </item>
      <item>
        <bioguideId>E000295</bioguideId>
        <fullName>Sen. Ernst, Joni  [R-IA]</fullName>
        <firstName>Joni</firstName>
        <middleName />
        <lastName>Ernst</lastName>
        <party>R</party>
        <state>IA</state>
        <identifiers>
          <lisID>2283</lisID>
          <bioguideId>E000295</bioguideId>
          <gpoId />
        </identifiers>
        <sponsorshipDate>2019-01-30</sponsorshipDate>
        <isOriginalCosponsor>True</isOriginalCosponsor>
        <sponsorshipWithdrawnDate />
      </item>
      <item>
        <bioguideId>I000024</bioguideId>
        <fullName>Sen. Inhofe, James M. [R-OK]</fullName>
        <firstName>JIM</firstName>
        <middleName />
        <lastName>INHOFE</lastName>
        <party>R</party>
        <state>OK</state>
        <identifiers>
          <lisID>583</lisID>
          <bioguideId>I000024</bioguideId>
          <gpoId>8322</gpoId>
        </identifiers>
        <sponsorshipDate>2019-01-30</sponsorshipDate>
        <isOriginalCosponsor>True</isOriginalCosponsor>
        <sponsorshipWithdrawnDate />
      </item>
      <item>
        <bioguideId>L000575</bioguideId>
        <fullName>Sen. Lankford, James [R-OK]</fullName>
        <firstName>James</firstName>
        <middleName />
        <lastName>Lankford</lastName>
        <party>R</party>
        <state>OK</state>
        <identifiers>
          <lisID>2050</lisID>
          <bioguideId>L000575</bioguideId>
          <gpoId>8113</gpoId>
        </identifiers>
        <sponsorshipDate>2019-01-30</sponsorshipDate>
        <isOriginalCosponsor>True</isOriginalCosponsor>
        <sponsorshipWithdrawnDate />
      </item>
      <item>
        <bioguideId>L000577</bioguideId>
        <fullName>Sen. Lee, Mike [R-UT]</fullName>
        <firstName>Mike</firstName>
        <middleName />
        <lastName>Lee</lastName>
        <party>R</party>
        <state>UT</state>
        <identifiers>
          <lisID>2080</lisID>
          <bioguideId>L000577</bioguideId>
          <gpoId>8303</gpoId>
        </identifiers>
        <sponsorshipDate>2019-01-30</sponsorshipDate>
        <isOriginalCosponsor>True</isOriginalCosponsor>
        <sponsorshipWithdrawnDate />
      </item>
      <item>
        <bioguideId>R000584</bioguideId>
        <fullName>Sen. Risch, James E. [R-ID]</fullName>
        <firstName>James</firstName>
        <middleName>E.</middleName>
        <lastName>Risch</lastName>
        <party>R</party>
        <state>ID</state>
        <identifiers>
          <lisID>1896</lisID>
          <bioguideId>R000584</bioguideId>
          <gpoId>8274</gpoId>
        </identifiers>
        <sponsorshipDate>2019-01-30</sponsorshipDate>
        <isOriginalCosponsor>True</isOriginalCosponsor>
        <sponsorshipWithdrawnDate />
      </item>
      <item>
        <bioguideId>S001197</bioguideId>
        <fullName>Sen. Sasse, Ben  [R-NE]</fullName>
        <firstName>Ben</firstName>
        <middleName />
        <lastName>Sasse</lastName>
        <party>R</party>
        <state>NE</state>
        <identifiers>
          <lisID>2289</lisID>
          <bioguideId>S001197</bioguideId>
          <gpoId />
        </identifiers>
        <sponsorshipDate>2019-01-30</sponsorshipDate>
        <isOriginalCosponsor>True</isOriginalCosponsor>
        <sponsorshipWithdrawnDate />
      </item>
      <item>
        <bioguideId>S001184</bioguideId>
        <fullName>Sen. Scott, Tim [R-SC]</fullName>
        <firstName>Tim</firstName>
        <middleName />
        <lastName>Scott</lastName>
        <party>R</party>
        <state>SC</state>
        <identifiers>
          <lisID>2056</lisID>
          <bioguideId>S001184</bioguideId>
          <gpoId>8141</gpoId>
        </identifiers>
        <sponsorshipDate>2019-01-30</sponsorshipDate>
        <isOriginalCosponsor>True</isOriginalCosponsor>
        <sponsorshipWithdrawnDate />
      </item>
      <item>
        <bioguideId>C001075</bioguideId>
        <fullName>Sen. Cassidy, Bill [R-LA]</fullName>
        <firstName>Bill</firstName>
        <middleName />
        <lastName>Cassidy</lastName>
        <party>R</party>
        <state>LA</state>
        <identifiers>
          <lisID>1925</lisID>
          <bioguideId>C001075</bioguideId>
          <gpoId>7964</gpoId>
        </identifiers>
        <sponsorshipDate>2019-01-30</sponsorshipDate>
        <isOriginalCosponsor>True</isOriginalCosponsor>
        <sponsorshipWithdrawnDate />
      </item>
      <item>
        <bioguideId>K000393</bioguideId>
        <fullName>Sen. Kennedy, John [R-LA]</fullName>
        <firstName>John</firstName>
        <middleName>Neely</middleName>
        <lastName>Kennedy</lastName>
        <party>R</party>
        <state>LA</state>
        <identifiers>
          <lisID>2303</lisID>
          <bioguideId>K000393</bioguideId>
          <gpoId />
        </identifiers>
        <sponsorshipDate>2019-01-30</sponsorshipDate>
        <isOriginalCosponsor>True</isOriginalCosponsor>
        <sponsorshipWithdrawnDate />
      </item>
      <item>
        <bioguideId>B001243</bioguideId>
        <fullName>Sen. Blackburn, Marsha [R-TN]</fullName>
        <firstName>Marsha</firstName>
        <middleName />
        <lastName>Blackburn</lastName>
        <party>R</party>
        <state>TN</state>
        <identifiers>
          <lisID>1748</lisID>
          <bioguideId>B001243</bioguideId>
          <gpoId>8154</gpoId>
        </identifiers>
        <sponsorshipDate>2019-01-30</sponsorshipDate>
        <isOriginalCosponsor>True</isOriginalCosponsor>
        <sponsorshipWithdrawnDate />
      </item>
      <item>
        <bioguideId>H001089</bioguideId>
        <fullName>Sen. Hawley, Josh  [R-MO]</fullName>
        <firstName>Josh</firstName>
        <middleName />
        <lastName>Hawley</lastName>
        <party>R</party>
        <state>MO</state>
        <identifiers>
          <lisID>2464</lisID>
          <bioguideId>H001089</bioguideId>
          <gpoId />
        </identifiers>
        <sponsorshipDate>2019-01-30</sponsorshipDate>
        <isOriginalCosponsor>True</isOriginalCosponsor>
        <sponsorshipWithdrawnDate />
      </item>
      <item>
        <bioguideId>C001098</bioguideId>
        <fullName>Sen. Cruz, Ted [R-TX]</fullName>
        <firstName>Ted</firstName>
        <middleName />
        <lastName>Cruz</lastName>
        <party>R</party>
        <state>TX</state>
        <identifiers>
          <lisID>2175</lisID>
          <bioguideId>C001098</bioguideId>
          <gpoId />
        </identifiers>
        <sponsorshipDate>2019-01-30</sponsorshipDate>
        <isOriginalCosponsor>True</isOriginalCosponsor>
        <sponsorshipWithdrawnDate />
      </item>
      <item>
        <bioguideId>W000437</bioguideId>
        <fullName>Sen. Wicker, Roger F. [R-MS]</fullName>
        <firstName>ROGER</firstName>
        <middleName>F.</middleName>
        <lastName>WICKER</lastName>
        <party>R</party>
        <state>MS</state>
        <identifiers>
          <lisID>1226</lisID>
          <bioguideId>W000437</bioguideId>
          <gpoId>8263</gpoId>
        </identifiers>
        <sponsorshipDate>2019-01-31</sponsorshipDate>
        <isOriginalCosponsor>False</isOriginalCosponsor>
        <sponsorshipWithdrawnDate />
      </item>
      <item>
        <bioguideId>B001310</bioguideId>
        <fullName>Sen. Braun, Mike  [R-IN]</fullName>
        <firstName>Mike</firstName>
        <middleName />
        <lastName>Braun</lastName>
        <party>R</party>
        <state>IN</state>
        <identifiers>
          <lisID>2462</lisID>
          <bioguideId>B001310</bioguideId>
          <gpoId />
        </identifiers>
        <sponsorshipDate>2019-02-11</sponsorshipDate>
        <isOriginalCosponsor>False</isOriginalCosponsor>
        <sponsorshipWithdrawnDate />
      </item>
      <item>
        <bioguideId>L000594</bioguideId>
        <fullName>Sen. Loeffler, Kelly [R-GA]</fullName>
        <firstName>Kelly</firstName>
        <middleName />
        <lastName>Loeffler</lastName>
        <party>R</party>
        <state>GA</state>
        <identifiers>
          <lisID>2474</lisID>
          <bioguideId>L000594</bioguideId>
          <gpoId />
        </identifiers>
        <sponsorshipDate>2020-09-09</sponsorshipDate>
        <isOriginalCosponsor>False</isOriginalCosponsor>
        <sponsorshipWithdrawnDate />
      </item>
    </cosponsors>
    <cboCostEstimates />
    <laws />
    <notes />
    <policyArea>
      <name>Social Welfare</name>
    </policyArea>
    <subjects>
      <billSubjects>
        <legislativeSubjects>
          <item>
            <name>Administrative remedies</name>
          </item>
          <item>
            <name>Adoption and foster care</name>
          </item>
          <item>
            <name>Child safety and welfare</name>
          </item>
          <item>
            <name>Civil actions and liability</name>
          </item>
          <item>
            <name>Poverty and welfare assistance</name>
          </item>
          <item>
            <name>Religion</name>
          </item>
        </legislativeSubjects>
        <policyArea>
          <name>Social Welfare</name>
        </policyArea>
      </billSubjects>
    </subjects>
    <summaries>
      <billSummaries>
        <item>
          <versionCode>00</versionCode>
          <actionDate>2019-01-30</actionDate>
          <actionDesc>Introduced in Senate</actionDesc>
          <lastSummaryUpdateDate>2019-10-29T17:57:04Z</lastSummaryUpdateDate>
          <text><![CDATA[<p><b>Child Welfare Provider Inclusion Act of 2019</b></p> <p>This bill prohibits discrimination or adverse action against a child welfare provider that declines to provide services due to the provider's sincerely held religious beliefs or moral convictions. The prohibition applies to the federal government and&nbsp;any state, tribal, or local government that receives federal funding for child and family services or foster care and adoption assistance. However, government entities may still take adverse action against a provider that denies adoption or foster care placement based on the prospective&nbsp;parent or child's race, color, or national origin.</p> <p>If a state, tribal, or local entity engages in such prohibited actions, the Department of Health and Human Services shall withhold 15% of the federal funds the entity would have received to provide child and family services or foster care and adoption. The bill also provides a private right of action for child welfare providers to sue the government entity for such discrimination, and a prevailing provider shall be entitled to recover reasonable attorney's fees and costs.</p> <p>A government entity that accepts federal funding for child and family services or foster care and adoption assistance shall have waived sovereign entity as a defense to such discrimination allegations.<br /></p>]]></text>
          <updateDate>2019-01-30T05:00:00Z</updateDate>
          <name>Introduced in Senate</name>
        </item>
      </billSummaries>
    </summaries>
    <title>Child Welfare Provider Inclusion Act of 2019</title>
    <titles>
      <item>
        <titleType>Short Title(s) as Introduced</titleType>
        <parentTitleType>Short Title</parentTitleType>
        <title>Child Welfare Provider Inclusion Act of 2019</title>
        <chamberCode />
        <chamberName />
      </item>
      <item>
        <titleType>Official Title as Introduced</titleType>
        <parentTitleType />
        <title>A bill to ensure that organizations with religious or moral convictions are allowed to continue to provide services for children.</title>
        <chamberCode />
        <chamberName />
      </item>
      <item>
        <titleType>Display Title</titleType>
        <parentTitleType />
        <title>Child Welfare Provider Inclusion Act of 2019</title>
        <chamberCode />
        <chamberName />
      </item>
    </titles>
    <amendments />
    <textVersions>
      <item>
        <type>Introduced in Senate</type>
        <date>2019-01-30T05:00:00Z</date>
        <formats>
          <item>
            <url>https://www.govinfo.gov/content/pkg/BILLS-116s274is/xml/BILLS-116s274is.xml</url>
          </item>
        </formats>
      </item>
    </textVersions>
    <latestAction>
      <actionDate>2019-01-30</actionDate>
      <text>Read twice and referred to the Committee on Finance.</text>
      <links />
    </latestAction>
    <calendarNumbers />
    <version>1.0.0</version>
  </bill>
  <dublinCore xmlns:dc="http://purl.org/dc/elements/1.1/">
    <dc:format>text/xml</dc:format>
    <dc:language>EN</dc:language>
    <dc:rights>Pursuant to Title 17 Section 105 of the United States Code, this file is not subject to copyright protection and is in the public domain.</dc:rights>
    <dc:contributor>Congressional Research Service, Library of Congress</dc:contributor>
    <dc:description>This file contains bill summaries and statuses for federal legislation. A bill summary describes the most significant provisions of a piece of legislation and details the effects the legislative text may have on current law and federal programs. Bill summaries are authored by the Congressional Research Service (CRS) of the Library of Congress. As stated in Public Law 91-510 (2 USC 166 (d)(6)), one of the duties of CRS is "to prepare summaries and digests of bills and resolutions of a public general nature introduced in the Senate or House of Representatives". For more information, refer to the User Guide that accompanies this file.</dc:description>
  </dublinCore>
</billStatus>

