<?xml version="1.0" encoding="UTF-8"?>
<billStatus>
  <bill>
    <billNumber>273</billNumber>
    <createDate>2019-01-31T05:40:16Z</createDate>
    <updateDate>2021-06-11T22:01:02Z</updateDate>
    <originChamber>Senate</originChamber>
    <billType>S</billType>
    <introducedDate>2019-01-30</introducedDate>
    <congress>116</congress>
    <recordedVotes />
    <committees>
      <billCommittees>
        <item>
          <systemCode>sscm00</systemCode>
          <name>Commerce, Science, and Transportation Committee</name>
          <chamber>Senate</chamber>
          <type>Standing</type>
          <subcommittees />
          <activities>
            <item>
              <name>Referred to</name>
              <date>2019-01-30T17:33:59Z</date>
            </item>
          </activities>
        </item>
      </billCommittees>
    </committees>
    <committeeReports />
    <relatedBills>
      <item>
        <latestTitle>Kelsey Smith Act</latestTitle>
        <congress>116</congress>
        <number>1818</number>
        <type>HR</type>
        <latestAction>
          <actionDate>2019-03-19</actionDate>
          <text>Referred to the Subcommittee on Communications and Technology.</text>
        </latestAction>
        <relationshipDetails>
          <item>
            <type>Related bill</type>
            <identifiedBy>CRS</identifiedBy>
          </item>
        </relationshipDetails>
      </item>
    </relatedBills>
    <actions>
      <item>
        <actionDate>2019-01-30</actionDate>
        <committees>
          <item>
            <systemCode>sscm00</systemCode>
            <name>Commerce, Science, and Transportation Committee</name>
          </item>
        </committees>
        <links />
        <sourceSystem>
          <code>0</code>
          <name>Senate</name>
        </sourceSystem>
        <text>Read twice and referred to the Committee on Commerce, Science, and Transportation. (Sponsor introductory remarks on measure: CR S770-771)</text>
        <type>IntroReferral</type>
      </item>
      <item>
        <actionDate>2019-01-30</actionDate>
        <links />
        <text>Introduced in Senate</text>
        <type>IntroReferral</type>
        <actionCode>10000</actionCode>
        <sourceSystem>
          <code>9</code>
          <name>Library of Congress</name>
        </sourceSystem>
        <committees />
      </item>
      <actionTypeCounts>
        <referredToCommittee>1</referredToCommittee>
        <introducedInSenate>1</introducedInSenate>
      </actionTypeCounts>
      <actionByCounts>
        <senate>2</senate>
      </actionByCounts>
    </actions>
    <sponsors>
      <item>
        <bioguideId>R000307</bioguideId>
        <fullName>Sen. Roberts, Pat [R-KS]</fullName>
        <firstName>PAT</firstName>
        <middleName />
        <lastName>ROBERTS</lastName>
        <party>R</party>
        <state>KS</state>
        <identifiers>
          <lisID>968</lisID>
          <bioguideId>R000307</bioguideId>
          <gpoId>8275</gpoId>
        </identifiers>
        <byRequestType />
      </item>
    </sponsors>
    <cosponsors>
      <item>
        <bioguideId>M000934</bioguideId>
        <fullName>Sen. Moran, Jerry [R-KS]</fullName>
        <firstName>Jerry</firstName>
        <middleName />
        <lastName>Moran</lastName>
        <party>R</party>
        <state>KS</state>
        <identifiers>
          <lisID>1507</lisID>
          <bioguideId>M000934</bioguideId>
          <gpoId>8307</gpoId>
        </identifiers>
        <sponsorshipDate>2019-01-30</sponsorshipDate>
        <isOriginalCosponsor>True</isOriginalCosponsor>
        <sponsorshipWithdrawnDate />
      </item>
      <item>
        <bioguideId>B000575</bioguideId>
        <fullName>Sen. Blunt, Roy [R-MO]</fullName>
        <firstName>Roy</firstName>
        <middleName />
        <lastName>Blunt</lastName>
        <party>R</party>
        <state>MO</state>
        <identifiers>
          <lisID>1464</lisID>
          <bioguideId>B000575</bioguideId>
          <gpoId>8313</gpoId>
        </identifiers>
        <sponsorshipDate>2019-01-30</sponsorshipDate>
        <isOriginalCosponsor>True</isOriginalCosponsor>
        <sponsorshipWithdrawnDate />
      </item>
      <item>
        <bioguideId>F000463</bioguideId>
        <fullName>Sen. Fischer, Deb [R-NE]</fullName>
        <firstName>Deb</firstName>
        <middleName />
        <lastName>Fischer</lastName>
        <party>R</party>
        <state>NE</state>
        <identifiers>
          <lisID>2179</lisID>
          <bioguideId>F000463</bioguideId>
          <gpoId />
        </identifiers>
        <sponsorshipDate>2019-01-30</sponsorshipDate>
        <isOriginalCosponsor>True</isOriginalCosponsor>
        <sponsorshipWithdrawnDate />
      </item>
    </cosponsors>
    <cboCostEstimates />
    <laws />
    <notes />
    <policyArea>
      <name>Science, Technology, Communications</name>
    </policyArea>
    <subjects>
      <billSubjects>
        <legislativeSubjects>
          <item>
            <name>Civil actions and liability</name>
          </item>
          <item>
            <name>Criminal investigation, prosecution, interrogation</name>
          </item>
          <item>
            <name>Criminal justice information and records</name>
          </item>
          <item>
            <name>Emergency communications systems</name>
          </item>
          <item>
            <name>Internet and video services</name>
          </item>
          <item>
            <name>Law enforcement administration and funding</name>
          </item>
          <item>
            <name>Law enforcement officers</name>
          </item>
          <item>
            <name>Telephone and wireless communication</name>
          </item>
        </legislativeSubjects>
        <policyArea>
          <name>Science, Technology, Communications</name>
        </policyArea>
      </billSubjects>
    </subjects>
    <summaries>
      <billSummaries>
        <item>
          <versionCode>00</versionCode>
          <actionDate>2019-01-30</actionDate>
          <actionDesc>Introduced in Senate</actionDesc>
          <lastSummaryUpdateDate>2021-04-01T11:37:27Z</lastSummaryUpdateDate>
          <text><![CDATA[<p><b>Kelsey Smith Act</b></p> <p>This bill requires a mobile or internet voice service provider to disclose, at the request of an investigative or law enforcement officer (or public safety employee or agent on behalf of such officer), the location information of a device if the officer asserts (1) that the device was used to place a 911 call, or (2) reasonable suspicion that the device is in the possession of an individual who is in an emergency situation.</p> <p>The bill prohibits a civil action or administrative proceeding against a telecommunications carrier that discloses call location information in accordance with this bill.</p>]]></text>
          <updateDate>2019-01-30T05:00:00Z</updateDate>
          <name>Introduced in Senate</name>
        </item>
      </billSummaries>
    </summaries>
    <title>Kelsey Smith Act</title>
    <titles>
      <item>
        <titleType>Short Title(s) as Introduced</titleType>
        <parentTitleType>Short Title</parentTitleType>
        <title>Kelsey Smith Act</title>
        <chamberCode />
        <chamberName />
      </item>
      <item>
        <titleType>Official Title as Introduced</titleType>
        <parentTitleType />
        <title>A bill to amend the Communications Act of 1934 to require providers of a covered service to provide location information concerning the telecommunications device of a user of such service to an investigative or law enforcement officer or an employee or other agent of a public safety answering point in an emergency situation involving risk of death or serious physical harm or in order to respond to the user's call for emergency services.</title>
        <chamberCode />
        <chamberName />
      </item>
      <item>
        <titleType>Display Title</titleType>
        <parentTitleType />
        <title>Kelsey Smith Act</title>
        <chamberCode />
        <chamberName />
      </item>
    </titles>
    <amendments />
    <textVersions>
      <item>
        <type>Introduced in Senate</type>
        <date>2019-01-30T05:00:00Z</date>
        <formats>
          <item>
            <url>https://www.govinfo.gov/content/pkg/BILLS-116s273is/xml/BILLS-116s273is.xml</url>
          </item>
        </formats>
      </item>
    </textVersions>
    <latestAction>
      <actionDate>2019-01-30</actionDate>
      <text>Read twice and referred to the Committee on Commerce, Science, and Transportation. (Sponsor introductory remarks on measure: CR S770-771)</text>
      <links />
    </latestAction>
    <calendarNumbers />
    <version>1.0.0</version>
  </bill>
  <dublinCore xmlns:dc="http://purl.org/dc/elements/1.1/">
    <dc:format>text/xml</dc:format>
    <dc:language>EN</dc:language>
    <dc:rights>Pursuant to Title 17 Section 105 of the United States Code, this file is not subject to copyright protection and is in the public domain.</dc:rights>
    <dc:contributor>Congressional Research Service, Library of Congress</dc:contributor>
    <dc:description>This file contains bill summaries and statuses for federal legislation. A bill summary describes the most significant provisions of a piece of legislation and details the effects the legislative text may have on current law and federal programs. Bill summaries are authored by the Congressional Research Service (CRS) of the Library of Congress. As stated in Public Law 91-510 (2 USC 166 (d)(6)), one of the duties of CRS is "to prepare summaries and digests of bills and resolutions of a public general nature introduced in the Senate or House of Representatives". For more information, refer to the User Guide that accompanies this file.</dc:description>
  </dublinCore>
</billStatus>

