<?xml version="1.0" encoding="UTF-8"?>
<billStatus>
  <bill>
    <billNumber>1079</billNumber>
    <createDate>2019-04-10T04:42:11Z</createDate>
    <updateDate>2021-06-11T21:58:54Z</updateDate>
    <originChamber>Senate</originChamber>
    <billType>S</billType>
    <introducedDate>2019-04-09</introducedDate>
    <congress>116</congress>
    <recordedVotes />
    <committees>
      <billCommittees>
        <item>
          <systemCode>sseg00</systemCode>
          <name>Energy and Natural Resources Committee</name>
          <chamber>Senate</chamber>
          <type>Standing</type>
          <subcommittees>
            <item>
              <systemCode>sseg03</systemCode>
              <name>Public Lands, Forests, and Mining Subcommittee</name>
              <activities>
                <item>
                  <name>Hearings by</name>
                  <date>2019-05-14T18:30:34Z</date>
                </item>
              </activities>
            </item>
          </subcommittees>
          <activities>
            <item>
              <name>Referred to</name>
              <date>2019-04-09T19:38:40Z</date>
            </item>
          </activities>
        </item>
      </billCommittees>
    </committees>
    <committeeReports />
    <relatedBills>
      <item>
        <latestTitle>Chaco Cultural Heritage Area Protection Act of 2019</latestTitle>
        <congress>116</congress>
        <number>2181</number>
        <type>HR</type>
        <latestAction>
          <actionDate>2019-10-31</actionDate>
          <text>Received in the Senate and Read twice and referred to the Committee on Energy and Natural Resources.</text>
        </latestAction>
        <relationshipDetails>
          <item>
            <type>Identical bill</type>
            <identifiedBy>CRS</identifiedBy>
          </item>
        </relationshipDetails>
      </item>
    </relatedBills>
    <actions>
      <item>
        <actionDate>2019-05-14</actionDate>
        <committees>
          <item>
            <systemCode>sseg03</systemCode>
            <name>Public Lands, Forests, and Mining Subcommittee</name>
          </item>
        </committees>
        <links />
        <sourceSystem>
          <code>0</code>
          <name>Senate</name>
        </sourceSystem>
        <text>Committee on Energy and Natural Resources Subcommittee on Public Lands, Forests, and Mining. Hearings held. With printed Hearing: S.Hrg. 116-323.</text>
        <type>Committee</type>
      </item>
      <item>
        <actionDate>2019-04-09</actionDate>
        <committees>
          <item>
            <systemCode>sseg00</systemCode>
            <name>Energy and Natural Resources Committee</name>
          </item>
        </committees>
        <links />
        <sourceSystem>
          <code>0</code>
          <name>Senate</name>
        </sourceSystem>
        <text>Read twice and referred to the Committee on Energy and Natural Resources.</text>
        <type>IntroReferral</type>
      </item>
      <item>
        <actionDate>2019-04-09</actionDate>
        <links />
        <text>Introduced in Senate</text>
        <type>IntroReferral</type>
        <actionCode>10000</actionCode>
        <sourceSystem>
          <code>9</code>
          <name>Library of Congress</name>
        </sourceSystem>
        <committees />
      </item>
      <actionTypeCounts>
        <hearingsHeld>1</hearingsHeld>
        <referredToCommittee>1</referredToCommittee>
        <introducedInSenate>1</introducedInSenate>
      </actionTypeCounts>
      <actionByCounts>
        <senate>3</senate>
      </actionByCounts>
    </actions>
    <sponsors>
      <item>
        <bioguideId>U000039</bioguideId>
        <fullName>Sen. Udall, Tom [D-NM]</fullName>
        <firstName>TOM</firstName>
        <middleName />
        <lastName>UDALL</lastName>
        <party>D</party>
        <state>NM</state>
        <identifiers>
          <lisID>1567</lisID>
          <bioguideId>U000039</bioguideId>
          <gpoId>8260</gpoId>
        </identifiers>
        <byRequestType />
      </item>
    </sponsors>
    <cosponsors>
      <item>
        <bioguideId>H001046</bioguideId>
        <fullName>Sen. Heinrich, Martin [D-NM]</fullName>
        <firstName>Martin</firstName>
        <middleName />
        <lastName>Heinrich</lastName>
        <party>D</party>
        <state>NM</state>
        <identifiers>
          <lisID>1937</lisID>
          <bioguideId>H001046</bioguideId>
          <gpoId>8056</gpoId>
        </identifiers>
        <sponsorshipDate>2019-04-09</sponsorshipDate>
        <isOriginalCosponsor>True</isOriginalCosponsor>
        <sponsorshipWithdrawnDate />
      </item>
    </cosponsors>
    <cboCostEstimates />
    <laws />
    <notes />
    <policyArea>
      <name>Public Lands and Natural Resources</name>
    </policyArea>
    <subjects>
      <billSubjects>
        <legislativeSubjects>
          <item>
            <name>Historic sites and heritage areas</name>
          </item>
          <item>
            <name>Historical and cultural resources</name>
          </item>
          <item>
            <name>Indian lands and resources rights</name>
          </item>
          <item>
            <name>Land transfers</name>
          </item>
          <item>
            <name>Land use and conservation</name>
          </item>
          <item>
            <name>New Mexico</name>
          </item>
          <item>
            <name>Oil and gas</name>
          </item>
        </legislativeSubjects>
        <policyArea>
          <name>Public Lands and Natural Resources</name>
        </policyArea>
      </billSubjects>
    </subjects>
    <summaries>
      <billSummaries>
        <item>
          <versionCode>00</versionCode>
          <actionDate>2019-04-09</actionDate>
          <actionDesc>Introduced in Senate</actionDesc>
          <lastSummaryUpdateDate>2019-11-01T19:18:32Z</lastSummaryUpdateDate>
          <text><![CDATA[<p><b>Chaco Cultural Heritage Area Protection Act of 2019</b></p> <p>This bill withdraws any federal lands and interests that are within the boundaries of the Chaco Cultural Heritage Withdrawal Area and any land or interest located in such area which is acquired by the United States after enactment of this bill from </p> <ul> <li>entry, appropriation, and disposal under the public land laws; </li> <li>location, entry, and patent under the mining laws; and </li> <li>operation of the mineral leasing, mineral materials, and geothermal leasing laws. </li> </ul> <p>The Department of the Interior may convey the federal lands to, or exchange such lands with, an Indian tribe in accordance with an approved resource management plan.</p> <p>Certain oil and gas leases for federal lands on which drilling options have not started before the end of the primary term of the applicable lease and that are not producing oil or gas in paying quantities</p> <ul> <li>must terminate by operation of law pursuant to the Mineral Leasing Act and federal regulations, and</li> <li>may not be extended by Interior. </li> </ul> <p>Any portion of federal land subject to such a lease that has been terminated, relinquished, or acquired by the United States shall also be withdrawn as described above. </p>]]></text>
          <updateDate>2019-04-09T04:00:00Z</updateDate>
          <name>Introduced in Senate</name>
        </item>
      </billSummaries>
    </summaries>
    <title>Chaco Cultural Heritage Area Protection Act of 2019</title>
    <titles>
      <item>
        <titleType>Short Title(s) as Introduced</titleType>
        <parentTitleType>Short Title</parentTitleType>
        <title>Chaco Cultural Heritage Area Protection Act of 2019</title>
        <chamberCode />
        <chamberName />
      </item>
      <item>
        <titleType>Official Title as Introduced</titleType>
        <parentTitleType />
        <title>A bill to provide for the withdrawal and protection of certain Federal land in the State of New Mexico.</title>
        <chamberCode />
        <chamberName />
      </item>
      <item>
        <titleType>Display Title</titleType>
        <parentTitleType />
        <title>Chaco Cultural Heritage Area Protection Act of 2019</title>
        <chamberCode />
        <chamberName />
      </item>
    </titles>
    <amendments />
    <textVersions>
      <item>
        <type>Introduced in Senate</type>
        <date>2019-04-09T04:00:00Z</date>
        <formats>
          <item>
            <url>https://www.govinfo.gov/content/pkg/BILLS-116s1079is/xml/BILLS-116s1079is.xml</url>
          </item>
        </formats>
      </item>
    </textVersions>
    <latestAction>
      <actionDate>2019-05-14</actionDate>
      <text>Committee on Energy and Natural Resources Subcommittee on Public Lands, Forests, and Mining. Hearings held. With printed Hearing: S.Hrg. 116-323.</text>
      <links />
    </latestAction>
    <calendarNumbers />
    <version>1.0.0</version>
  </bill>
  <dublinCore xmlns:dc="http://purl.org/dc/elements/1.1/">
    <dc:format>text/xml</dc:format>
    <dc:language>EN</dc:language>
    <dc:rights>Pursuant to Title 17 Section 105 of the United States Code, this file is not subject to copyright protection and is in the public domain.</dc:rights>
    <dc:contributor>Congressional Research Service, Library of Congress</dc:contributor>
    <dc:description>This file contains bill summaries and statuses for federal legislation. A bill summary describes the most significant provisions of a piece of legislation and details the effects the legislative text may have on current law and federal programs. Bill summaries are authored by the Congressional Research Service (CRS) of the Library of Congress. As stated in Public Law 91-510 (2 USC 166 (d)(6)), one of the duties of CRS is "to prepare summaries and digests of bills and resolutions of a public general nature introduced in the Senate or House of Representatives". For more information, refer to the User Guide that accompanies this file.</dc:description>
  </dublinCore>
</billStatus>

