<?xml version="1.0" encoding="UTF-8"?>
<billStatus>
  <bill>
    <billNumber>192</billNumber>
    <createDate>2019-01-19T06:25:11Z</createDate>
    <updateDate>2021-06-11T21:59:58Z</updateDate>
    <originChamber>Senate</originChamber>
    <billType>S</billType>
    <introducedDate>2019-01-18</introducedDate>
    <congress>116</congress>
    <recordedVotes />
    <committees>
      <billCommittees>
        <item>
          <systemCode>sshr00</systemCode>
          <name>Health, Education, Labor, and Pensions Committee</name>
          <chamber>Senate</chamber>
          <type>Standing</type>
          <subcommittees />
          <activities>
            <item>
              <name>Referred to</name>
              <date>2019-01-18T15:45:53Z</date>
            </item>
          </activities>
        </item>
      </billCommittees>
    </committees>
    <committeeReports />
    <relatedBills>
      <item>
        <latestTitle>Further Continuing Appropriations Act, 2020, and Further Health Extenders Act of 2019</latestTitle>
        <congress>116</congress>
        <number>3055</number>
        <type>HR</type>
        <latestAction>
          <actionDate>2019-11-21</actionDate>
          <text>Became Public Law No: 116-69.</text>
        </latestAction>
        <relationshipDetails>
          <item>
            <type>Related bill</type>
            <identifiedBy>CRS</identifiedBy>
          </item>
        </relationshipDetails>
      </item>
      <item>
        <latestTitle>Lower Health Care Costs Act</latestTitle>
        <congress>116</congress>
        <number>1895</number>
        <type>S</type>
        <latestAction>
          <actionDate>2019-07-08</actionDate>
          <text>Placed on Senate Legislative Calendar under General Orders. Calendar No. 133.</text>
        </latestAction>
        <relationshipDetails>
          <item>
            <type>Related bill</type>
            <identifiedBy>CRS</identifiedBy>
          </item>
        </relationshipDetails>
      </item>
      <item>
        <latestTitle>Community Health Center and Primary Care Workforce Expansion Act of 2019</latestTitle>
        <congress>116</congress>
        <number>1943</number>
        <type>HR</type>
        <latestAction>
          <actionDate>2019-06-04</actionDate>
          <text>Subcommittee Hearings Held.</text>
        </latestAction>
        <relationshipDetails>
          <item>
            <type>Related bill</type>
            <identifiedBy>CRS</identifiedBy>
          </item>
        </relationshipDetails>
      </item>
      <item>
        <latestTitle>Special Diabetes Program Reauthorization Act of 2019</latestTitle>
        <congress>116</congress>
        <number>2668</number>
        <type>HR</type>
        <latestAction>
          <actionDate>2019-06-04</actionDate>
          <text>Subcommittee Hearings Held.</text>
        </latestAction>
        <relationshipDetails>
          <item>
            <type>Related bill</type>
            <identifiedBy>CRS</identifiedBy>
          </item>
        </relationshipDetails>
      </item>
      <item>
        <latestTitle>Special Diabetes Programs for Indians Reauthorization Act of 2019</latestTitle>
        <congress>116</congress>
        <number>2680</number>
        <type>HR</type>
        <latestAction>
          <actionDate>2019-06-04</actionDate>
          <text>Subcommittee Hearings Held.</text>
        </latestAction>
        <relationshipDetails>
          <item>
            <type>Related bill</type>
            <identifiedBy>CRS</identifiedBy>
          </item>
        </relationshipDetails>
      </item>
      <item>
        <latestTitle>Lowering Prescription Drug Costs and Extending Community Health Centers and Other Public Health Priorities Act</latestTitle>
        <congress>116</congress>
        <number>2700</number>
        <type>HR</type>
        <latestAction>
          <actionDate>2019-06-26</actionDate>
          <text>Referred to the Subcommittee on Antitrust, Commercial, and Administrative Law.</text>
        </latestAction>
        <relationshipDetails>
          <item>
            <type>Related bill</type>
            <identifiedBy>CRS</identifiedBy>
          </item>
        </relationshipDetails>
      </item>
      <item>
        <latestTitle>Continuing Appropriations Act, 2020, and Health Extenders Act of 2019</latestTitle>
        <congress>116</congress>
        <number>4378</number>
        <type>HR</type>
        <latestAction>
          <actionDate>2019-09-27</actionDate>
          <text>Became Public Law No: 116-59.</text>
        </latestAction>
        <relationshipDetails>
          <item>
            <type>Related bill</type>
            <identifiedBy>CRS</identifiedBy>
          </item>
        </relationshipDetails>
      </item>
    </relatedBills>
    <actions>
      <item>
        <actionDate>2019-01-18</actionDate>
        <committees>
          <item>
            <systemCode>sshr00</systemCode>
            <name>Health, Education, Labor, and Pensions Committee</name>
          </item>
        </committees>
        <links />
        <sourceSystem>
          <code>0</code>
          <name>Senate</name>
        </sourceSystem>
        <text>Read twice and referred to the Committee on Health, Education, Labor, and Pensions.</text>
        <type>IntroReferral</type>
      </item>
      <item>
        <actionDate>2019-01-18</actionDate>
        <links />
        <text>Introduced in Senate</text>
        <type>IntroReferral</type>
        <actionCode>10000</actionCode>
        <sourceSystem>
          <code>9</code>
          <name>Library of Congress</name>
        </sourceSystem>
        <committees />
      </item>
      <actionTypeCounts>
        <referredToCommittee>1</referredToCommittee>
        <introducedInSenate>1</introducedInSenate>
      </actionTypeCounts>
      <actionByCounts>
        <senate>2</senate>
      </actionByCounts>
    </actions>
    <sponsors>
      <item>
        <bioguideId>A000360</bioguideId>
        <fullName>Sen. Alexander, Lamar [R-TN]</fullName>
        <firstName>Lamar</firstName>
        <middleName />
        <lastName>Alexander</lastName>
        <party>R</party>
        <state>TN</state>
        <identifiers>
          <lisID>1695</lisID>
          <bioguideId>A000360</bioguideId>
          <gpoId>8304</gpoId>
        </identifiers>
        <byRequestType />
      </item>
    </sponsors>
    <cosponsors>
      <item>
        <bioguideId>M001111</bioguideId>
        <fullName>Sen. Murray, Patty [D-WA]</fullName>
        <firstName>PATTY</firstName>
        <middleName />
        <lastName>MURRAY</lastName>
        <party>D</party>
        <state>WA</state>
        <identifiers>
          <lisID>1409</lisID>
          <bioguideId>M001111</bioguideId>
          <gpoId>8237</gpoId>
        </identifiers>
        <sponsorshipDate>2019-01-18</sponsorshipDate>
        <isOriginalCosponsor>True</isOriginalCosponsor>
        <sponsorshipWithdrawnDate />
      </item>
      <item>
        <bioguideId>C001070</bioguideId>
        <fullName>Sen. Casey, Robert P., Jr. [D-PA]</fullName>
        <firstName>Bob</firstName>
        <middleName />
        <lastName>Casey</lastName>
        <party>D</party>
        <state>PA</state>
        <identifiers>
          <lisID>1828</lisID>
          <bioguideId>C001070</bioguideId>
          <gpoId>8282</gpoId>
        </identifiers>
        <sponsorshipDate>2019-04-03</sponsorshipDate>
        <isOriginalCosponsor>False</isOriginalCosponsor>
        <sponsorshipWithdrawnDate />
      </item>
      <item>
        <bioguideId>M001153</bioguideId>
        <fullName>Sen. Murkowski, Lisa [R-AK]</fullName>
        <firstName>Lisa</firstName>
        <middleName />
        <lastName>Murkowski</lastName>
        <party>R</party>
        <state>AK</state>
        <identifiers>
          <lisID>1694</lisID>
          <bioguideId>M001153</bioguideId>
          <gpoId>8234</gpoId>
        </identifiers>
        <sponsorshipDate>2019-04-03</sponsorshipDate>
        <isOriginalCosponsor>False</isOriginalCosponsor>
        <sponsorshipWithdrawnDate />
      </item>
      <item>
        <bioguideId>C001096</bioguideId>
        <fullName>Sen. Cramer, Kevin [R-ND]</fullName>
        <firstName>Kevin</firstName>
        <middleName />
        <lastName>Cramer</lastName>
        <party>R</party>
        <state>ND</state>
        <identifiers>
          <lisID>2144</lisID>
          <bioguideId>C001096</bioguideId>
          <gpoId />
        </identifiers>
        <sponsorshipDate>2019-06-04</sponsorshipDate>
        <isOriginalCosponsor>False</isOriginalCosponsor>
        <sponsorshipWithdrawnDate />
      </item>
      <item>
        <bioguideId>K000367</bioguideId>
        <fullName>Sen. Klobuchar, Amy [D-MN]</fullName>
        <firstName>Amy</firstName>
        <middleName />
        <lastName>Klobuchar</lastName>
        <party>D</party>
        <state>MN</state>
        <identifiers>
          <lisID>1826</lisID>
          <bioguideId>K000367</bioguideId>
          <gpoId>8249</gpoId>
        </identifiers>
        <sponsorshipDate>2019-06-04</sponsorshipDate>
        <isOriginalCosponsor>False</isOriginalCosponsor>
        <sponsorshipWithdrawnDate />
      </item>
      <item>
        <bioguideId>S001217</bioguideId>
        <fullName>Sen. Scott, Rick  [R-FL]</fullName>
        <firstName>Rick</firstName>
        <middleName />
        <lastName>Scott</lastName>
        <party>R</party>
        <state>FL</state>
        <identifiers>
          <lisID>2470</lisID>
          <bioguideId>S001217</bioguideId>
          <gpoId />
        </identifiers>
        <sponsorshipDate>2019-07-11</sponsorshipDate>
        <isOriginalCosponsor>False</isOriginalCosponsor>
        <sponsorshipWithdrawnDate />
      </item>
    </cosponsors>
    <cboCostEstimates />
    <laws />
    <notes />
    <policyArea>
      <name>Health</name>
    </policyArea>
    <subjects>
      <billSubjects>
        <legislativeSubjects>
          <item>
            <name>Appropriations</name>
          </item>
          <item>
            <name>Digestive and metabolic diseases</name>
          </item>
          <item>
            <name>Education programs funding</name>
          </item>
          <item>
            <name>Health facilities and institutions</name>
          </item>
          <item>
            <name>Health personnel</name>
          </item>
          <item>
            <name>Health programs administration and funding</name>
          </item>
          <item>
            <name>Health promotion and preventive care</name>
          </item>
          <item>
            <name>Indian social and development programs</name>
          </item>
          <item>
            <name>Medical education</name>
          </item>
          <item>
            <name>Minority health</name>
          </item>
        </legislativeSubjects>
        <policyArea>
          <name>Health</name>
        </policyArea>
      </billSubjects>
    </subjects>
    <summaries>
      <billSummaries>
        <item>
          <versionCode>00</versionCode>
          <actionDate>2019-01-18</actionDate>
          <actionDesc>Introduced in Senate</actionDesc>
          <lastSummaryUpdateDate>2020-01-25T19:05:02Z</lastSummaryUpdateDate>
          <text><![CDATA[<p><b>Community and Public Health Programs Extension Act</b></p> <p>This bill reauthorizes several health care, research, and workforce programs through FY2024. </p> <p>Specifically, the bill reauthorizes </p> <ul> <li>the Community Health Center Fund, which provides enhanced funding for community health centers and the National Health Service Corps; </li> <li>payments to teaching health centers that operate graduate medical-education programs; </li> <li>the Special Diabetes Program, which is administered by the National Institutes of Health; and </li> <li>the Special Diabetes Program for Indians, which is administered by the Indian Health Service. </li></ul>]]></text>
          <updateDate>2019-01-18T05:00:00Z</updateDate>
          <name>Introduced in Senate</name>
        </item>
      </billSummaries>
    </summaries>
    <title>Community and Public Health Programs Extension Act</title>
    <titles>
      <item>
        <titleType>Short Title(s) as Introduced</titleType>
        <parentTitleType>Short Title</parentTitleType>
        <title>Community and Public Health Programs Extension Act</title>
        <chamberCode />
        <chamberName />
      </item>
      <item>
        <titleType>Official Title as Introduced</titleType>
        <parentTitleType />
        <title>A bill to provide extensions for community health centers, the National Health Service Corps, teaching health centers that operate GME programs, and the special diabetes programs.</title>
        <chamberCode />
        <chamberName />
      </item>
      <item>
        <titleType>Display Title</titleType>
        <parentTitleType />
        <title>Community and Public Health Programs Extension Act</title>
        <chamberCode />
        <chamberName />
      </item>
    </titles>
    <amendments />
    <textVersions>
      <item>
        <type>Introduced in Senate</type>
        <date>2019-01-18T05:00:00Z</date>
        <formats>
          <item>
            <url>https://www.govinfo.gov/content/pkg/BILLS-116s192is/xml/BILLS-116s192is.xml</url>
          </item>
        </formats>
      </item>
    </textVersions>
    <latestAction>
      <actionDate>2019-01-18</actionDate>
      <text>Read twice and referred to the Committee on Health, Education, Labor, and Pensions.</text>
      <links />
    </latestAction>
    <calendarNumbers />
    <version>1.0.0</version>
  </bill>
  <dublinCore xmlns:dc="http://purl.org/dc/elements/1.1/">
    <dc:format>text/xml</dc:format>
    <dc:language>EN</dc:language>
    <dc:rights>Pursuant to Title 17 Section 105 of the United States Code, this file is not subject to copyright protection and is in the public domain.</dc:rights>
    <dc:contributor>Congressional Research Service, Library of Congress</dc:contributor>
    <dc:description>This file contains bill summaries and statuses for federal legislation. A bill summary describes the most significant provisions of a piece of legislation and details the effects the legislative text may have on current law and federal programs. Bill summaries are authored by the Congressional Research Service (CRS) of the Library of Congress. As stated in Public Law 91-510 (2 USC 166 (d)(6)), one of the duties of CRS is "to prepare summaries and digests of bills and resolutions of a public general nature introduced in the Senate or House of Representatives". For more information, refer to the User Guide that accompanies this file.</dc:description>
  </dublinCore>
</billStatus>

