<?xml version="1.0" encoding="UTF-8"?>
<billStatus>
  <bill>
    <billNumber>776</billNumber>
    <createDate>2019-03-14T04:42:08Z</createDate>
    <updateDate>2021-06-11T21:58:24Z</updateDate>
    <originChamber>Senate</originChamber>
    <billType>S</billType>
    <introducedDate>2019-03-13</introducedDate>
    <congress>116</congress>
    <recordedVotes />
    <committees>
      <billCommittees>
        <item>
          <systemCode>ssju00</systemCode>
          <name>Judiciary Committee</name>
          <chamber>Senate</chamber>
          <type>Standing</type>
          <subcommittees />
          <activities>
            <item>
              <name>Referred to</name>
              <date>2019-03-13T18:54:28Z</date>
            </item>
          </activities>
        </item>
      </billCommittees>
    </committees>
    <committeeReports />
    <relatedBills>
      <item>
        <latestTitle>Downwinders Compensation Act of 2019</latestTitle>
        <congress>116</congress>
        <number>757</number>
        <type>HR</type>
        <latestAction>
          <actionDate>2019-03-05</actionDate>
          <text>Referred to the Subcommittee on the Constitution, Civil Rights, and Civil Liberties.</text>
        </latestAction>
        <relationshipDetails>
          <item>
            <type>Identical bill</type>
            <identifiedBy>CRS</identifiedBy>
          </item>
        </relationshipDetails>
      </item>
      <item>
        <latestTitle>Downwinders Parity Act of 2020</latestTitle>
        <congress>116</congress>
        <number>5992</number>
        <type>HR</type>
        <latestAction>
          <actionDate>2020-03-10</actionDate>
          <text>Referred to the Subcommittee on the Constitution, Civil Rights, and Civil Liberties.</text>
        </latestAction>
        <relationshipDetails>
          <item>
            <type>Related bill</type>
            <identifiedBy>CRS</identifiedBy>
          </item>
        </relationshipDetails>
      </item>
    </relatedBills>
    <actions>
      <item>
        <actionDate>2019-03-13</actionDate>
        <committees>
          <item>
            <systemCode>ssju00</systemCode>
            <name>Judiciary Committee</name>
          </item>
        </committees>
        <links />
        <sourceSystem>
          <code>0</code>
          <name>Senate</name>
        </sourceSystem>
        <text>Read twice and referred to the Committee on the Judiciary.</text>
        <type>IntroReferral</type>
      </item>
      <item>
        <actionDate>2019-03-13</actionDate>
        <links />
        <text>Introduced in Senate</text>
        <type>IntroReferral</type>
        <actionCode>10000</actionCode>
        <sourceSystem>
          <code>9</code>
          <name>Library of Congress</name>
        </sourceSystem>
        <committees />
      </item>
      <actionTypeCounts>
        <referredToCommittee>1</referredToCommittee>
        <introducedInSenate>1</introducedInSenate>
      </actionTypeCounts>
      <actionByCounts>
        <senate>2</senate>
      </actionByCounts>
    </actions>
    <sponsors>
      <item>
        <bioguideId>M001197</bioguideId>
        <fullName>Sen. McSally, Martha [R-AZ]</fullName>
        <firstName>Martha</firstName>
        <middleName />
        <lastName>McSally</lastName>
        <party>R</party>
        <state>AZ</state>
        <identifiers>
          <lisID>2225</lisID>
          <bioguideId>M001197</bioguideId>
          <gpoId />
        </identifiers>
        <byRequestType />
      </item>
    </sponsors>
    <cosponsors>
      <item>
        <bioguideId>S001191</bioguideId>
        <fullName>Sen. Sinema, Kyrsten [D-AZ]</fullName>
        <firstName>Kyrsten</firstName>
        <middleName />
        <lastName>Sinema</lastName>
        <party>D</party>
        <state>AZ</state>
        <identifiers>
          <lisID>2099</lisID>
          <bioguideId>S001191</bioguideId>
          <gpoId />
        </identifiers>
        <sponsorshipDate>2019-03-13</sponsorshipDate>
        <isOriginalCosponsor>True</isOriginalCosponsor>
        <sponsorshipWithdrawnDate />
      </item>
      <item>
        <bioguideId>R000608</bioguideId>
        <fullName>Sen. Rosen, Jacky [D-NV]</fullName>
        <firstName>Jacklyn</firstName>
        <middleName />
        <lastName>Rosen</lastName>
        <party>D</party>
        <state>NV</state>
        <identifiers>
          <lisID>2339</lisID>
          <bioguideId>R000608</bioguideId>
          <gpoId />
        </identifiers>
        <sponsorshipDate>2019-03-13</sponsorshipDate>
        <isOriginalCosponsor>True</isOriginalCosponsor>
        <sponsorshipWithdrawnDate />
      </item>
      <item>
        <bioguideId>K000377</bioguideId>
        <fullName>Sen. Kelly, Mark [D-AZ]</fullName>
        <firstName>Mark</firstName>
        <middleName />
        <lastName>Kelly</lastName>
        <party>D</party>
        <state>AZ</state>
        <identifiers>
          <lisID>2482</lisID>
          <bioguideId>K000377</bioguideId>
          <gpoId />
        </identifiers>
        <sponsorshipDate>2020-12-17</sponsorshipDate>
        <isOriginalCosponsor>False</isOriginalCosponsor>
        <sponsorshipWithdrawnDate />
      </item>
    </cosponsors>
    <cboCostEstimates />
    <laws />
    <notes />
    <policyArea>
      <name>Law</name>
    </policyArea>
    <subjects>
      <billSubjects>
        <legislativeSubjects>
          <item>
            <name>Arizona</name>
          </item>
          <item>
            <name>Cancer</name>
          </item>
          <item>
            <name>Cardiovascular and respiratory health</name>
          </item>
          <item>
            <name>Civil actions and liability</name>
          </item>
          <item>
            <name>Digestive and metabolic diseases</name>
          </item>
          <item>
            <name>Government liability</name>
          </item>
          <item>
            <name>Nevada</name>
          </item>
          <item>
            <name>Nuclear weapons</name>
          </item>
          <item>
            <name>Radiation</name>
          </item>
        </legislativeSubjects>
        <policyArea>
          <name>Law</name>
        </policyArea>
      </billSubjects>
    </subjects>
    <summaries>
      <billSummaries>
        <item>
          <versionCode>00</versionCode>
          <actionDate>2019-03-13</actionDate>
          <actionDesc>Introduced in Senate</actionDesc>
          <lastSummaryUpdateDate>2019-04-09T16:44:16Z</lastSummaryUpdateDate>
          <text><![CDATA[<p><b>Downwinders Compensation Act of 2019</b></p> <p>This bill expands eligibility for restitution that is provided to certain individuals who were exposed to atmospheric nuclear testing and developed specified cancers. Specifically, the bill expands eligibility to include qualified individuals who were exposed in any part of Clark County, Nevada, or Mohave County, Arizona. </p>]]></text>
          <updateDate>2019-03-13T04:00:00Z</updateDate>
          <name>Introduced in Senate</name>
        </item>
      </billSummaries>
    </summaries>
    <title>Downwinders Compensation Act of 2019</title>
    <titles>
      <item>
        <titleType>Short Title(s) as Introduced</titleType>
        <parentTitleType>Short Title</parentTitleType>
        <title>Downwinders Compensation Act of 2019</title>
        <chamberCode />
        <chamberName />
      </item>
      <item>
        <titleType>Official Title as Introduced</titleType>
        <parentTitleType />
        <title>A bill to amend the Radiation Exposure Compensation Act for purposes of making claims under such Act based on exposure to atmospheric nuclear testing, and for other purposes.</title>
        <chamberCode />
        <chamberName />
      </item>
      <item>
        <titleType>Display Title</titleType>
        <parentTitleType />
        <title>Downwinders Compensation Act of 2019</title>
        <chamberCode />
        <chamberName />
      </item>
    </titles>
    <amendments />
    <textVersions>
      <item>
        <type>Introduced in Senate</type>
        <date>2019-03-13T04:00:00Z</date>
        <formats>
          <item>
            <url>https://www.govinfo.gov/content/pkg/BILLS-116s776is/xml/BILLS-116s776is.xml</url>
          </item>
        </formats>
      </item>
    </textVersions>
    <latestAction>
      <actionDate>2019-03-13</actionDate>
      <text>Read twice and referred to the Committee on the Judiciary.</text>
      <links />
    </latestAction>
    <calendarNumbers />
    <version>1.0.0</version>
  </bill>
  <dublinCore xmlns:dc="http://purl.org/dc/elements/1.1/">
    <dc:format>text/xml</dc:format>
    <dc:language>EN</dc:language>
    <dc:rights>Pursuant to Title 17 Section 105 of the United States Code, this file is not subject to copyright protection and is in the public domain.</dc:rights>
    <dc:contributor>Congressional Research Service, Library of Congress</dc:contributor>
    <dc:description>This file contains bill summaries and statuses for federal legislation. A bill summary describes the most significant provisions of a piece of legislation and details the effects the legislative text may have on current law and federal programs. Bill summaries are authored by the Congressional Research Service (CRS) of the Library of Congress. As stated in Public Law 91-510 (2 USC 166 (d)(6)), one of the duties of CRS is "to prepare summaries and digests of bills and resolutions of a public general nature introduced in the Senate or House of Representatives". For more information, refer to the User Guide that accompanies this file.</dc:description>
  </dublinCore>
</billStatus>

