<?xml version="1.0" encoding="UTF-8"?>
<billStatus>
  <bill>
    <billNumber>2757</billNumber>
    <createDate>2019-11-01T04:57:39Z</createDate>
    <updateDate>2021-07-10T20:19:14Z</updateDate>
    <originChamber>Senate</originChamber>
    <billType>S</billType>
    <introducedDate>2019-10-31</introducedDate>
    <congress>116</congress>
    <recordedVotes />
    <committees>
      <billCommittees>
        <item>
          <systemCode>ssga00</systemCode>
          <name>Homeland Security and Governmental Affairs Committee</name>
          <chamber>Senate</chamber>
          <type>Standing</type>
          <subcommittees />
          <activities>
            <item>
              <name>Reported by</name>
              <date>2020-12-15T23:52:00Z</date>
            </item>
            <item>
              <name>Markup by</name>
              <date>2020-03-11T18:30:12Z</date>
            </item>
            <item>
              <name>Referred to</name>
              <date>2019-10-31T15:57:15Z</date>
            </item>
          </activities>
        </item>
      </billCommittees>
    </committees>
    <committeeReports>
      <committeeReport>
        <citation>S. Rept. 116-326</citation>
      </committeeReport>
    </committeeReports>
    <relatedBills />
    <actions>
      <item>
        <actionDate>2020-12-15</actionDate>
        <committees />
        <links />
        <sourceSystem>
          <code>0</code>
          <name>Senate</name>
        </sourceSystem>
        <text>Placed on Senate Legislative Calendar under General Orders. Calendar No. 628.</text>
        <type>Calendars</type>
      </item>
      <item>
        <actionDate>2020-12-15</actionDate>
        <committees>
          <item>
            <systemCode>ssga00</systemCode>
            <name>Homeland Security and Governmental Affairs Committee</name>
          </item>
        </committees>
        <links />
        <sourceSystem>
          <code>0</code>
          <name>Senate</name>
        </sourceSystem>
        <text>Committee on Homeland Security and Governmental Affairs. Reported by Senator Johnson with an amendment in the nature of a substitute. With written report No. 116-326.</text>
        <type>Committee</type>
      </item>
      <item>
        <actionDate>2020-12-15</actionDate>
        <links />
        <text>Committee on Homeland Security and Governmental Affairs. Reported by Senator Johnson with an amendment in the nature of a substitute. With written report No. 116-326.</text>
        <type>Committee</type>
        <actionCode>14000</actionCode>
        <sourceSystem>
          <code>9</code>
          <name>Library of Congress</name>
        </sourceSystem>
        <committees>
          <item>
            <systemCode>ssga00</systemCode>
            <name>Homeland Security and Governmental Affairs Committee</name>
          </item>
        </committees>
      </item>
      <item>
        <actionDate>2020-03-11</actionDate>
        <committees>
          <item>
            <systemCode>ssga00</systemCode>
            <name>Homeland Security and Governmental Affairs Committee</name>
          </item>
        </committees>
        <links />
        <sourceSystem>
          <code>0</code>
          <name>Senate</name>
        </sourceSystem>
        <text>Committee on Homeland Security and Governmental Affairs. Ordered to be reported with an amendment in the nature of a substitute favorably.</text>
        <type>Committee</type>
      </item>
      <item>
        <actionDate>2019-10-31</actionDate>
        <committees>
          <item>
            <systemCode>ssga00</systemCode>
            <name>Homeland Security and Governmental Affairs Committee</name>
          </item>
        </committees>
        <links />
        <sourceSystem>
          <code>0</code>
          <name>Senate</name>
        </sourceSystem>
        <text>Read twice and referred to the Committee on Homeland Security and Governmental Affairs.</text>
        <type>IntroReferral</type>
      </item>
      <item>
        <actionDate>2019-10-31</actionDate>
        <links />
        <text>Introduced in Senate</text>
        <type>IntroReferral</type>
        <actionCode>10000</actionCode>
        <sourceSystem>
          <code>9</code>
          <name>Library of Congress</name>
        </sourceSystem>
        <committees />
      </item>
      <actionTypeCounts>
        <placedOnCalendarGeneralOrders>1</placedOnCalendarGeneralOrders>
        <reportedToSenate>2</reportedToSenate>
        <orderedReported>1</orderedReported>
        <referredToCommittee>1</referredToCommittee>
        <introducedInSenate>1</introducedInSenate>
      </actionTypeCounts>
      <actionByCounts>
        <senate>6</senate>
      </actionByCounts>
    </actions>
    <sponsors>
      <item>
        <bioguideId>L000575</bioguideId>
        <fullName>Sen. Lankford, James [R-OK]</fullName>
        <firstName>James</firstName>
        <middleName />
        <lastName>Lankford</lastName>
        <party>R</party>
        <state>OK</state>
        <identifiers>
          <lisID>2050</lisID>
          <bioguideId>L000575</bioguideId>
          <gpoId>8113</gpoId>
        </identifiers>
        <byRequestType />
      </item>
    </sponsors>
    <cosponsors>
      <item>
        <bioguideId>H001076</bioguideId>
        <fullName>Sen. Hassan, Margaret Wood [D-NH]</fullName>
        <firstName>Margaret</firstName>
        <middleName>Wood</middleName>
        <lastName>Hassan</lastName>
        <party>D</party>
        <state>NH</state>
        <identifiers>
          <lisID>2302</lisID>
          <bioguideId>H001076</bioguideId>
          <gpoId />
        </identifiers>
        <sponsorshipDate>2019-10-31</sponsorshipDate>
        <isOriginalCosponsor>True</isOriginalCosponsor>
        <sponsorshipWithdrawnDate />
      </item>
      <item>
        <bioguideId>R000595</bioguideId>
        <fullName>Sen. Rubio, Marco [R-FL]</fullName>
        <firstName>Marco</firstName>
        <middleName />
        <lastName>Rubio</lastName>
        <party>R</party>
        <state>FL</state>
        <identifiers>
          <lisID>2084</lisID>
          <bioguideId>R000595</bioguideId>
          <gpoId>8242</gpoId>
        </identifiers>
        <sponsorshipDate>2019-10-31</sponsorshipDate>
        <isOriginalCosponsor>True</isOriginalCosponsor>
        <sponsorshipWithdrawnDate />
      </item>
      <item>
        <bioguideId>I000024</bioguideId>
        <fullName>Sen. Inhofe, James M. [R-OK]</fullName>
        <firstName>JIM</firstName>
        <middleName />
        <lastName>INHOFE</lastName>
        <party>R</party>
        <state>OK</state>
        <identifiers>
          <lisID>583</lisID>
          <bioguideId>I000024</bioguideId>
          <gpoId>8322</gpoId>
        </identifiers>
        <sponsorshipDate>2019-10-31</sponsorshipDate>
        <isOriginalCosponsor>True</isOriginalCosponsor>
        <sponsorshipWithdrawnDate />
      </item>
    </cosponsors>
    <cboCostEstimates>
      <item>
        <pubDate>2020-12-09T21:00:00Z</pubDate>
        <title>S. 2757, HELP for Small Business Act</title>
        <url>https://www.cbo.gov/publication/56903</url>
      </item>
    </cboCostEstimates>
    <laws />
    <notes />
    <policyArea>
      <name>Commerce</name>
    </policyArea>
    <subjects>
      <billSubjects>
        <legislativeSubjects>
          <item>
            <name>Administrative law and regulatory procedures</name>
          </item>
          <item>
            <name>Civil actions and liability</name>
          </item>
          <item>
            <name>Congressional oversight</name>
          </item>
          <item>
            <name>Government information and archives</name>
          </item>
          <item>
            <name>Office of Management and Budget (OMB)</name>
          </item>
          <item>
            <name>Small business</name>
          </item>
        </legislativeSubjects>
        <policyArea>
          <name>Commerce</name>
        </policyArea>
      </billSubjects>
    </subjects>
    <summaries>
      <billSummaries>
        <item>
          <versionCode>00</versionCode>
          <actionDate>2019-10-31</actionDate>
          <actionDesc>Introduced in Senate</actionDesc>
          <lastSummaryUpdateDate>2019-12-12T19:26:26Z</lastSummaryUpdateDate>
          <text><![CDATA[<p><b>Harmless Error Lesser Penalty for Small Businesses Act or the HELP for Small Businesses Act</b></p> <p>This bill prohibits an agency from imposing a civil fine on a small business for a first-time paperwork violation, with the exceptions that the agency may levy a fine for a violation that (1) interferes with the detection of criminal activity; (2) contravenes an internal revenue law; or (3) endangers public health, safety or interest. </p>]]></text>
          <updateDate>2019-10-31T04:00:00Z</updateDate>
          <name>Introduced in Senate</name>
        </item>
        <item>
          <versionCode>25</versionCode>
          <actionDate>2020-12-15</actionDate>
          <actionDesc>Reported to Senate</actionDesc>
          <lastSummaryUpdateDate>2020-12-21T22:46:12Z</lastSummaryUpdateDate>
          <text><![CDATA[<p><b>Harmless Error Lesser Penalty for Small Businesses Act or the HELP for Small Businesses Act</b></p> <p>This bill prohibits an agency from imposing a civil fine on a small business for a first-time paperwork violation, with the exceptions that the agency may levy a fine for a violation that (1) interferes with the detection of criminal activity; (2) contravenes an internal revenue law; or (3) endangers public health, safety, or the environment. However, an agency must track each first-time violation and report each waiver or reduction of a civil penalty for the violation. </p>]]></text>
          <updateDate>2020-12-15T16:51:53Z</updateDate>
          <name>Reported to Senate</name>
        </item>
      </billSummaries>
    </summaries>
    <title>HELP for Small Businesses Act</title>
    <titles>
      <item>
        <titleType>Short Title(s) as Introduced</titleType>
        <parentTitleType>Short Title</parentTitleType>
        <title>HELP for Small Businesses Act</title>
        <chamberCode />
        <chamberName />
      </item>
      <item>
        <titleType>Short Title(s) as Introduced</titleType>
        <parentTitleType>Short Title</parentTitleType>
        <title>Harmless Error Lesser Penalty for Small Businesses Act</title>
        <chamberCode />
        <chamberName />
      </item>
      <item>
        <titleType>Short Title(s) as Reported to Senate</titleType>
        <parentTitleType>Short Title</parentTitleType>
        <title>HELP for Small Businesses Act</title>
        <chamberCode>S</chamberCode>
        <chamberName>Senate</chamberName>
      </item>
      <item>
        <titleType>Short Title(s) as Reported to Senate</titleType>
        <parentTitleType>Short Title</parentTitleType>
        <title>Harmless Error Lesser Penalty for Small Businesses Act</title>
        <chamberCode>S</chamberCode>
        <chamberName>Senate</chamberName>
      </item>
      <item>
        <titleType>Display Title</titleType>
        <parentTitleType />
        <title>HELP for Small Businesses Act</title>
        <chamberCode />
        <chamberName />
      </item>
      <item>
        <titleType>Official Title as Introduced</titleType>
        <parentTitleType />
        <title>A bill to waive the imposition of a civil fine for certain first-time paperwork violations by small business concerns.</title>
        <chamberCode />
        <chamberName />
      </item>
    </titles>
    <amendments />
    <textVersions>
      <item>
        <type>Reported to Senate</type>
        <date>2020-12-15T05:00:00Z</date>
        <formats>
          <item>
            <url>https://www.govinfo.gov/content/pkg/BILLS-116s2757rs/xml/BILLS-116s2757rs.xml</url>
          </item>
        </formats>
      </item>
      <item>
        <type>Introduced in Senate</type>
        <date>2019-10-31T04:00:00Z</date>
        <formats>
          <item>
            <url>https://www.govinfo.gov/content/pkg/BILLS-116s2757is/xml/BILLS-116s2757is.xml</url>
          </item>
        </formats>
      </item>
    </textVersions>
    <latestAction>
      <actionDate>2020-12-15</actionDate>
      <text>Placed on Senate Legislative Calendar under General Orders. Calendar No. 628.</text>
      <links />
    </latestAction>
    <calendarNumbers>
      <item>
        <calendar>Senate Calendar of Business</calendar>
        <number>0628</number>
      </item>
    </calendarNumbers>
    <version>1.0.0</version>
  </bill>
  <dublinCore xmlns:dc="http://purl.org/dc/elements/1.1/">
    <dc:format>text/xml</dc:format>
    <dc:language>EN</dc:language>
    <dc:rights>Pursuant to Title 17 Section 105 of the United States Code, this file is not subject to copyright protection and is in the public domain.</dc:rights>
    <dc:contributor>Congressional Research Service, Library of Congress</dc:contributor>
    <dc:description>This file contains bill summaries and statuses for federal legislation. A bill summary describes the most significant provisions of a piece of legislation and details the effects the legislative text may have on current law and federal programs. Bill summaries are authored by the Congressional Research Service (CRS) of the Library of Congress. As stated in Public Law 91-510 (2 USC 166 (d)(6)), one of the duties of CRS is "to prepare summaries and digests of bills and resolutions of a public general nature introduced in the Senate or House of Representatives". For more information, refer to the User Guide that accompanies this file.</dc:description>
  </dublinCore>
</billStatus>

