<?xml version="1.0" encoding="UTF-8"?>
<billStatus>
  <bill>
    <billNumber>4054</billNumber>
    <createDate>2020-06-25T04:42:10Z</createDate>
    <updateDate>2021-10-15T23:30:57Z</updateDate>
    <originChamber>Senate</originChamber>
    <billType>S</billType>
    <introducedDate>2020-06-24</introducedDate>
    <congress>116</congress>
    <recordedVotes />
    <committees>
      <billCommittees>
        <item>
          <systemCode>ssaf00</systemCode>
          <name>Agriculture, Nutrition, and Forestry Committee</name>
          <chamber>Senate</chamber>
          <type>Standing</type>
          <subcommittees />
          <activities>
            <item>
              <name>Reported original measure</name>
              <date>2020-06-24T18:06:25Z</date>
            </item>
          </activities>
        </item>
      </billCommittees>
    </committees>
    <committeeReports>
      <committeeReport>
        <citation>S. Rept. 116-334</citation>
      </committeeReport>
    </committeeReports>
    <relatedBills />
    <actions>
      <item>
        <actionDate>2020-12-16</actionDate>
        <committees>
          <item>
            <systemCode>ssaf00</systemCode>
            <name>Agriculture, Nutrition, and Forestry Committee</name>
          </item>
        </committees>
        <links />
        <sourceSystem>
          <code>0</code>
          <name>Senate</name>
        </sourceSystem>
        <text>By Senator Roberts from Committee on Agriculture, Nutrition, and Forestry filed written report. Report No. 116-334.</text>
        <type>Floor</type>
      </item>
      <item>
        <actionDate>2020-12-16</actionDate>
        <links />
        <text>By Senator Roberts from Committee on Agriculture, Nutrition, and Forestry filed written report. Report No. 116-334.</text>
        <type>Committee</type>
        <actionCode>14900</actionCode>
        <sourceSystem>
          <code>9</code>
          <name>Library of Congress</name>
        </sourceSystem>
        <committees>
          <item>
            <systemCode>ssaf00</systemCode>
            <name>Agriculture, Nutrition, and Forestry Committee</name>
          </item>
        </committees>
      </item>
      <item>
        <actionDate>2020-12-11</actionDate>
        <links />
        <text>Became Public Law No: 116-216.</text>
        <type>President</type>
        <actionCode>E40000</actionCode>
        <sourceSystem>
          <code>9</code>
          <name>Library of Congress</name>
        </sourceSystem>
        <committees />
      </item>
      <item>
        <actionDate>2020-12-11</actionDate>
        <links />
        <text>Became Public Law No: 116-216.</text>
        <type>BecameLaw</type>
        <actionCode>36000</actionCode>
        <sourceSystem>
          <code>9</code>
          <name>Library of Congress</name>
        </sourceSystem>
        <committees />
      </item>
      <item>
        <actionDate>2020-12-11</actionDate>
        <links />
        <text>Signed by President.</text>
        <type>President</type>
        <actionCode>E30000</actionCode>
        <sourceSystem>
          <code>9</code>
          <name>Library of Congress</name>
        </sourceSystem>
        <committees />
      </item>
      <item>
        <actionDate>2020-12-11</actionDate>
        <links />
        <text>Signed by President.</text>
        <type>BecameLaw</type>
        <actionCode>36000</actionCode>
        <sourceSystem>
          <code>9</code>
          <name>Library of Congress</name>
        </sourceSystem>
        <committees />
      </item>
      <item>
        <actionDate>2020-12-08</actionDate>
        <links />
        <text>Presented to President.</text>
        <type>Floor</type>
        <actionCode>E20000</actionCode>
        <sourceSystem>
          <code>2</code>
          <name>House floor actions</name>
        </sourceSystem>
        <committees />
      </item>
      <item>
        <actionDate>2020-12-08</actionDate>
        <links />
        <text>Presented to President.</text>
        <type>President</type>
        <actionCode>28000</actionCode>
        <sourceSystem>
          <code>9</code>
          <name>Library of Congress</name>
        </sourceSystem>
        <committees />
      </item>
      <item>
        <actionDate>2020-12-02</actionDate>
        <actionTime>16:20:57</actionTime>
        <links />
        <text>Motion to reconsider laid on the table Agreed to without objection.</text>
        <type>Floor</type>
        <actionCode>H38310</actionCode>
        <sourceSystem>
          <code>2</code>
          <name>House floor actions</name>
        </sourceSystem>
        <committees />
      </item>
      <item>
        <actionDate>2020-12-02</actionDate>
        <actionTime>16:20:53</actionTime>
        <links />
        <text>On motion to suspend the rules and pass the bill Agreed to by voice vote. (text: CR H6028-6029)</text>
        <type>Floor</type>
        <actionCode>H37300</actionCode>
        <sourceSystem>
          <code>2</code>
          <name>House floor actions</name>
        </sourceSystem>
        <committees />
      </item>
      <item>
        <actionDate>2020-12-02</actionDate>
        <actionTime>16:20:53</actionTime>
        <links />
        <text>Passed/agreed to in House: On motion to suspend the rules and pass the bill Agreed to by voice vote.(text: CR H6028-6029)</text>
        <type>Floor</type>
        <actionCode>8000</actionCode>
        <sourceSystem>
          <code>9</code>
          <name>Library of Congress</name>
        </sourceSystem>
        <committees />
      </item>
      <item>
        <actionDate>2020-12-02</actionDate>
        <actionTime>16:01:23</actionTime>
        <links />
        <text>DEBATE - The House proceeded with forty minutes of debate on S. 4054.</text>
        <type>Floor</type>
        <actionCode>H8D000</actionCode>
        <sourceSystem>
          <code>2</code>
          <name>House floor actions</name>
        </sourceSystem>
        <committees />
      </item>
      <item>
        <actionDate>2020-12-02</actionDate>
        <actionTime>16:01:20</actionTime>
        <links />
        <text>Considered under suspension of the rules. (consideration: CR H6028-6031)</text>
        <type>Floor</type>
        <actionCode>H30000</actionCode>
        <sourceSystem>
          <code>2</code>
          <name>House floor actions</name>
        </sourceSystem>
        <committees />
      </item>
      <item>
        <actionDate>2020-12-02</actionDate>
        <actionTime>16:00:49</actionTime>
        <links />
        <text>Mr. Peterson moved to suspend the rules and pass the bill.</text>
        <type>Floor</type>
        <actionCode>H30300</actionCode>
        <sourceSystem>
          <code>2</code>
          <name>House floor actions</name>
        </sourceSystem>
        <committees />
      </item>
      <item>
        <actionDate>2020-11-17</actionDate>
        <actionTime>18:07:13</actionTime>
        <links />
        <text>Held at the desk.</text>
        <type>Floor</type>
        <actionCode>H15000</actionCode>
        <sourceSystem>
          <code>2</code>
          <name>House floor actions</name>
        </sourceSystem>
        <committees />
      </item>
      <item>
        <actionDate>2020-11-17</actionDate>
        <committees />
        <links />
        <sourceSystem>
          <code>0</code>
          <name>Senate</name>
        </sourceSystem>
        <text>Message on Senate action sent to the House.</text>
        <type>Floor</type>
      </item>
      <item>
        <actionDate>2020-11-17</actionDate>
        <actionTime>17:50:44</actionTime>
        <links />
        <text>Received in the House.</text>
        <type>Floor</type>
        <actionCode>H14000</actionCode>
        <sourceSystem>
          <code>2</code>
          <name>House floor actions</name>
        </sourceSystem>
        <committees />
      </item>
      <item>
        <actionDate>2020-11-16</actionDate>
        <committees />
        <links />
        <sourceSystem>
          <code>0</code>
          <name>Senate</name>
        </sourceSystem>
        <text>Passed Senate with an amendment by Voice Vote. (text: CR S6715-6716)</text>
        <type>Floor</type>
      </item>
      <item>
        <actionDate>2020-11-16</actionDate>
        <links />
        <text>Passed/agreed to in Senate: Passed Senate with an amendment by Voice Vote.(text: CR S6715-6716)</text>
        <type>Floor</type>
        <actionCode>17000</actionCode>
        <sourceSystem>
          <code>9</code>
          <name>Library of Congress</name>
        </sourceSystem>
        <committees />
      </item>
      <item>
        <actionDate>2020-11-16</actionDate>
        <committees />
        <links />
        <sourceSystem>
          <code>0</code>
          <name>Senate</name>
        </sourceSystem>
        <text>Measure laid before Senate by unanimous consent. (consideration: CR S6715-6716)</text>
        <type>Floor</type>
      </item>
      <item>
        <actionDate>2020-06-24</actionDate>
        <committees />
        <links />
        <sourceSystem>
          <code>0</code>
          <name>Senate</name>
        </sourceSystem>
        <text>Placed on Senate Legislative Calendar under General Orders. Calendar No. 484.</text>
        <type>Calendars</type>
      </item>
      <item>
        <actionDate>2020-06-24</actionDate>
        <committees>
          <item>
            <systemCode>ssaf00</systemCode>
            <name>Agriculture, Nutrition, and Forestry Committee</name>
          </item>
        </committees>
        <links />
        <sourceSystem>
          <code>0</code>
          <name>Senate</name>
        </sourceSystem>
        <text>Committee on Agriculture, Nutrition, and Forestry. Original measure reported to Senate by Senator Roberts. Without written report.</text>
        <type>Committee</type>
      </item>
      <item>
        <actionDate>2020-06-24</actionDate>
        <links />
        <text>Committee on Agriculture, Nutrition, and Forestry. Original measure reported to Senate by Senator Roberts. Without written report.</text>
        <type>Committee</type>
        <actionCode>14000</actionCode>
        <sourceSystem>
          <code>9</code>
          <name>Library of Congress</name>
        </sourceSystem>
        <committees>
          <item>
            <systemCode>ssaf00</systemCode>
            <name>Agriculture, Nutrition, and Forestry Committee</name>
          </item>
        </committees>
      </item>
      <item>
        <actionDate>2020-06-24</actionDate>
        <links />
        <text>Introduced in Senate</text>
        <type>IntroReferral</type>
        <actionCode>10000</actionCode>
        <sourceSystem>
          <code>9</code>
          <name>Library of Congress</name>
        </sourceSystem>
        <committees />
      </item>
      <actionTypeCounts>
        <committeeFiledReportToAccompany>1</committeeFiledReportToAccompany>
        <senateCommitteeReportFiledAfterReporting>1</senateCommitteeReportFiledAfterReporting>
        <publicLawOrPrivateLaw>1</publicLawOrPrivateLaw>
        <becamePublicLaw>2</becamePublicLaw>
        <signedByPresidentOrSentToArchivistOfTheUnitedStatesUnsignedOrVetoedByPresidentOrPocketVetoedByPresident>1</signedByPresidentOrSentToArchivistOfTheUnitedStatesUnsignedOrVetoedByPresidentOrPocketVetoedByPresident>
        <presentedToPresident>2</presentedToPresident>
        <motionToReconsiderResults>1</motionToReconsiderResults>
        <finalPassageUnderSuspensionOfTheRulesResults>1</finalPassageUnderSuspensionOfTheRulesResults>
        <passedAgreedToInHouse>1</passedAgreedToInHouse>
        <generalDebate>1</generalDebate>
        <considerationByHouse>1</considerationByHouse>
        <motionMadeToSuspendTheRules>1</motionMadeToSuspendTheRules>
        <heldAtTheDesk>1</heldAtTheDesk>
        <sentToHouse>1</sentToHouse>
        <receivedInTheHouse>1</receivedInTheHouse>
        <passedSenate>1</passedSenate>
        <passedAgreedToInSenate>1</passedAgreedToInSenate>
        <measureLaidBeforeSenate>1</measureLaidBeforeSenate>
        <placedOnCalendarGeneralOrders>1</placedOnCalendarGeneralOrders>
        <originalBillReported>1</originalBillReported>
        <reportedToSenate>1</reportedToSenate>
        <introducedInSenate>1</introducedInSenate>
      </actionTypeCounts>
      <actionByCounts>
        <senate>10</senate>
        <houseOfRepresentatives>8</houseOfRepresentatives>
      </actionByCounts>
    </actions>
    <sponsors>
      <item>
        <bioguideId>R000307</bioguideId>
        <fullName>Sen. Roberts, Pat [R-KS]</fullName>
        <firstName>PAT</firstName>
        <middleName />
        <lastName>ROBERTS</lastName>
        <party>R</party>
        <state>KS</state>
        <identifiers>
          <lisID>968</lisID>
          <bioguideId>R000307</bioguideId>
          <gpoId>8275</gpoId>
        </identifiers>
        <byRequestType />
      </item>
    </sponsors>
    <cosponsors />
    <cboCostEstimates />
    <laws>
      <item>
        <type>Public Law</type>
        <number>116-216</number>
      </item>
    </laws>
    <notes />
    <policyArea>
      <name>Agriculture and Food</name>
    </policyArea>
    <subjects>
      <billSubjects>
        <legislativeSubjects>
          <item>
            <name>Advisory bodies</name>
          </item>
          <item>
            <name>Agricultural marketing and promotion</name>
          </item>
          <item>
            <name>Congressional oversight</name>
          </item>
          <item>
            <name>Food supply, safety, and labeling</name>
          </item>
          <item>
            <name>Government information and archives</name>
          </item>
          <item>
            <name>Grain</name>
          </item>
          <item>
            <name>State and local government operations</name>
          </item>
          <item>
            <name>User charges and fees</name>
          </item>
        </legislativeSubjects>
        <policyArea>
          <name>Agriculture and Food</name>
        </policyArea>
      </billSubjects>
    </subjects>
    <summaries>
      <billSummaries>
        <item>
          <versionCode>00</versionCode>
          <actionDate>2020-06-24</actionDate>
          <actionDesc>Introduced in Senate</actionDesc>
          <lastSummaryUpdateDate>2020-12-03T17:15:03Z</lastSummaryUpdateDate>
          <text><![CDATA[<p><b>United States Grain Standards Reauthorization Act of 2020</b></p> <p>This bill reauthorizes through FY2025 the United States Grain Standards Act, which authorizes the Department of Agriculture (USDA) to establish official marketing standards for grains, and to provide procedures for grain inspection and weighing.</p> <p>Additionally, the bill</p> <ul> <li>requires a state agency to notify customers or applicants for weighing or inspection services if it intends to temporarily discontinue the services; </li> <li>extends the authority of USDA to collect fees to fund official inspections and provide official weighing services through FY2025;</li> <li>extends the cap on the administrative and supervisory costs through FY2025;</li> <li> requires USDA to publish quarterly reports describing data from the tests and inspections for intrinsic quality factors (including protein, oil, and starch) and food safety factors;</li> <li>requires USDA to publish quarterly reports including the number of certain waivers and exceptions that were requested and granted; </li> <li>prohibits the use of user fees for activities related to the development or maintenance of grain standards, or for any activity that is not directly related to the performance of an official inspection or weighing service;</li> <li>provides that members of the advisory committee with respect to the act may serve up to two consecutive terms and extends the authorization of the committee through FY2025; and</li> <li>requires USDA to conduct a comprehensive nationwide review of the official agency geographical areas.</li> </ul>]]></text>
          <updateDate>2020-06-24T04:00:00Z</updateDate>
          <name>Introduced in Senate</name>
        </item>
        <item>
          <versionCode>25</versionCode>
          <actionDate>2020-06-24</actionDate>
          <actionDesc>Reported to Senate</actionDesc>
          <lastSummaryUpdateDate>2020-12-11T17:29:04Z</lastSummaryUpdateDate>
          <text><![CDATA[<p><b>United States Grain Standards Reauthorization Act of 2020</b></p> <p>This bill reauthorizes through FY2025 the United States Grain Standards Act, which authorizes the Department of Agriculture (USDA) to establish official marketing standards for grains, and to provide procedures for grain inspection and weighing.</p> <p>Additionally, the bill</p> <ul> <li>requires a state agency to notify customers or applicants for weighing or inspection services if it intends to temporarily discontinue the services; </li> <li>extends the authority of USDA to collect fees to fund official inspections and provide official weighing services through FY2025;</li> <li>extends the cap on the administrative and supervisory costs through FY2025;</li> <li> requires USDA to publish quarterly reports describing data from the tests and inspections for intrinsic quality factors (including protein, oil, and starch) and food safety factors;</li> <li>requires USDA to publish quarterly reports including the number of certain waivers and exceptions that were requested and granted; </li> <li>prohibits the use of user fees for activities related to the development or maintenance of grain standards, or for any activity that is not directly related to the performance of an official inspection or weighing service;</li> <li>provides that members of the advisory committee with respect to the act may serve up to two consecutive terms and extends the authorization of the committee through FY2025; and</li> <li>requires USDA to conduct a comprehensive nationwide review of the official agency geographical areas.</li> </ul>]]></text>
          <updateDate>2020-06-24T15:16:59Z</updateDate>
          <name>Reported to Senate</name>
        </item>
        <item>
          <versionCode>55</versionCode>
          <actionDate>2020-11-16</actionDate>
          <actionDesc>Passed Senate</actionDesc>
          <lastSummaryUpdateDate>2020-12-15T15:38:39Z</lastSummaryUpdateDate>
          <text><![CDATA[<p><b>United States Grain Standards Reauthorization Act of 2020</b></p> <p>This bill reauthorizes through FY2025 the United States Grain Standards Act, which authorizes the Department of Agriculture (USDA) to establish official marketing standards for grains, and to provide procedures for grain inspection and weighing.</p> <p>Additionally, the bill</p> <ul> <li>requires a state agency to notify customers or applicants for weighing or inspection services if it intends to temporarily discontinue the services; </li> <li>extends the authority of USDA to collect fees to fund official inspections and provide official weighing services through FY2025;</li> <li>extends the cap on the administrative and supervisory costs through FY2025;</li> <li> requires USDA to publish quarterly reports describing data from the tests and inspections for intrinsic quality factors (including protein, oil, and starch) and food safety factors;</li> <li>requires USDA to publish quarterly reports including the number of certain waivers and exceptions that were requested and granted; </li> <li>prohibits the use of user fees for activities related to the development or maintenance of grain standards, or for any activity that is not directly related to the performance of an official inspection or weighing service;</li> <li>provides that members of the advisory committee with respect to the act may serve up to two consecutive terms and extends the authorization of the committee through FY2025; and</li> <li>requires USDA to conduct a comprehensive nationwide review of the official agency geographical areas.</li> </ul>]]></text>
          <updateDate>2020-11-16T14:36:34Z</updateDate>
          <name>Passed Senate</name>
        </item>
        <item>
          <versionCode>53</versionCode>
          <actionDate>2020-12-02</actionDate>
          <actionDesc>Passed House</actionDesc>
          <lastSummaryUpdateDate>2020-12-15T16:39:42Z</lastSummaryUpdateDate>
          <text><![CDATA[<p><b>United States Grain Standards Reauthorization Act of 2020</b></p> <p>This bill reauthorizes through FY2025 the United States Grain Standards Act, which authorizes the Department of Agriculture (USDA) to establish official marketing standards for grains, and to provide procedures for grain inspection and weighing.</p> <p>Additionally, the bill</p> <ul> <li>requires a state agency to notify customers or applicants for weighing or inspection services if it intends to temporarily discontinue the services; </li> <li>extends the authority of USDA to collect fees to fund official inspections and provide official weighing services through FY2025;</li> <li>extends the cap on the administrative and supervisory costs through FY2025;</li> <li> requires USDA to publish quarterly reports describing data from the tests and inspections for intrinsic quality factors (including protein, oil, and starch) and food safety factors;</li> <li>requires USDA to publish quarterly reports including the number of certain waivers and exceptions that were requested and granted; </li> <li>prohibits the use of user fees for activities related to the development or maintenance of grain standards, or for any activity that is not directly related to the performance of an official inspection or weighing service;</li> <li>provides that members of the advisory committee with respect to the act may serve up to two consecutive terms and extends the authorization of the committee through FY2025; and</li> <li>requires USDA to conduct a comprehensive nationwide review of the official agency geographical areas.</li> </ul>]]></text>
          <updateDate>2020-12-02T15:24:24Z</updateDate>
          <name>Passed House</name>
        </item>
        <item>
          <versionCode>49</versionCode>
          <actionDate>2020-12-11</actionDate>
          <actionDesc>Public Law</actionDesc>
          <lastSummaryUpdateDate>2021-01-04T18:07:43Z</lastSummaryUpdateDate>
          <text><![CDATA[<p><b>United States Grain Standards Reauthorization Act of 2020</b></p> <p>This bill reauthorizes through FY2025 the United States Grain Standards Act, which authorizes the Department of Agriculture (USDA) to establish official marketing standards for grains, and to provide procedures for grain inspection and weighing.</p> <p>Additionally, the bill</p> <ul> <li>requires a state agency to notify customers or applicants for weighing or inspection services if it intends to temporarily discontinue the services; </li> <li>extends the authority of USDA to collect fees to fund official inspections and provide official weighing services through FY2025;</li> <li>extends the cap on the administrative and supervisory costs through FY2025;</li> <li> requires USDA to publish quarterly reports describing data from the tests and inspections for intrinsic quality factors (including protein, oil, and starch) and food safety factors;</li> <li>requires USDA to publish quarterly reports including the number of certain waivers and exceptions that were requested and granted; </li> <li>prohibits the use of user fees for activities related to the development or maintenance of grain standards, or for any activity that is not directly related to the performance of an official inspection or weighing service;</li> <li>provides that members of the advisory committee with respect to the act may serve up to two consecutive terms and extends the authorization of the committee through FY2025; and</li> <li>requires USDA to conduct a comprehensive nationwide review of the official agency geographical areas.</li> </ul>]]></text>
          <updateDate>2020-12-12T04:59:58Z</updateDate>
          <name>Public Law</name>
        </item>
      </billSummaries>
    </summaries>
    <title>United States Grain Standards Reauthorization Act of 2020</title>
    <titles>
      <item>
        <titleType>Short Title(s) as Reported to Senate</titleType>
        <parentTitleType>Short Title</parentTitleType>
        <title>United States Grain Standards Reauthorization Act of 2020</title>
        <chamberCode>S</chamberCode>
        <chamberName>Senate</chamberName>
      </item>
      <item>
        <titleType>Short Titles as Enacted</titleType>
        <parentTitleType>Short Title</parentTitleType>
        <title>United States Grain Standards Reauthorization Act of 2020</title>
        <chamberCode />
        <chamberName />
      </item>
      <item>
        <titleType>Short Title(s) as Introduced</titleType>
        <parentTitleType>Short Title</parentTitleType>
        <title>United States Grain Standards Reauthorization Act of 2020</title>
        <chamberCode />
        <chamberName />
      </item>
      <item>
        <titleType>Short Titles as Passed House</titleType>
        <parentTitleType>Short Titles House of Representatives</parentTitleType>
        <title>United States Grain Standards Reauthorization Act of 2020</title>
        <chamberCode>H</chamberCode>
        <chamberName>House</chamberName>
      </item>
      <item>
        <titleType>Short Titles as Passed Senate</titleType>
        <parentTitleType>Short Titles Senate</parentTitleType>
        <title>United States Grain Standards Reauthorization Act of 2020</title>
        <chamberCode>S</chamberCode>
        <chamberName>Senate</chamberName>
      </item>
      <item>
        <titleType>Display Title</titleType>
        <parentTitleType />
        <title>United States Grain Standards Reauthorization Act of 2020</title>
        <chamberCode />
        <chamberName />
      </item>
      <item>
        <titleType>Official Title as Introduced</titleType>
        <parentTitleType />
        <title>An original bill to reauthorize the United States Grain Standards Act, and for other purposes.</title>
        <chamberCode />
        <chamberName />
      </item>
    </titles>
    <amendments>
      <amendment>
        <number>2686</number>
        <description />
        <purpose>To modify an authorization of appropriations.</purpose>
        <congress>116</congress>
        <type>SAMDT</type>
        <latestAction>
          <actionDate>2020-11-16</actionDate>
          <text>Amendment SA 2686 agreed to in Senate by Unanimous Consent.</text>
        </latestAction>
        <number>2686</number>
        <description />
        <purpose>To modify an authorization of appropriations.</purpose>
        <congress>116</congress>
        <type>SAMDT</type>
        <createDate>2020-11-17T05:31:13Z</createDate>
        <updateDate>2020-12-19T12:17:33Z</updateDate>
        <sponsors>
          <item>
            <bioguideId>R000307</bioguideId>
            <fullName>Sen. Roberts, Pat [R-KS]</fullName>
            <firstName>PAT</firstName>
            <middleName />
            <lastName>ROBERTS</lastName>
            <party>R</party>
            <state>KS</state>
            <identifiers>
              <lisID>968</lisID>
              <bioguideId>R000307</bioguideId>
              <gpoId>8275</gpoId>
            </identifiers>
          </item>
        </sponsors>
        <cosponsors>
          <totalCount>0</totalCount>
          <currentCount>0</currentCount>
        </cosponsors>
        <titles />
        <proposedDate>2020-11-16T05:00:00Z</proposedDate>
        <submittedDate>2020-11-16T05:00:00Z</submittedDate>
        <chamber>Senate</chamber>
        <amendedBill>
          <congress>116</congress>
          <type>S</type>
          <originChamber>Senate</originChamber>
          <originChamberCode>S</originChamberCode>
          <number>4054</number>
          <title>United States Grain Standards Reauthorization Act of 2020</title>
        </amendedBill>
        <amendedAmendment />
        <amendments>
          <count>0</count>
        </amendments>
        <links />
        <notes />
        <actions>
          <count>6</count>
          <actions>
            <item>
              <actionDate>2020-11-16</actionDate>
              <links />
              <sourceSystem>
                <code>0</code>
                <name>Senate</name>
              </sourceSystem>
              <text>Amendment SA 2686 agreed to in Senate by Unanimous Consent.</text>
              <type>Floor</type>
            </item>
            <item>
              <actionDate>2020-11-16</actionDate>
              <links />
              <sourceSystem>
                <code>0</code>
                <name>Senate</name>
              </sourceSystem>
              <text>Amendment SA 2686 proposed by Senator Cornyn for Senator Roberts. (consideration: CR S6715; text: CR S6715) To modify an authorization of appropriations.</text>
              <type>Floor</type>
            </item>
            <item>
              <actionDate>2020-11-16</actionDate>
              <links />
              <text />
            </item>
            <item>
              <actionDate>2020-11-16</actionDate>
              <links />
              <text>Senate amendment proposed (on the floor): Amendment SA 2686 proposed by Senator Cornyn for Senator Roberts.(consideration: CR S6715; text: CR S6715)</text>
              <type>Floor</type>
              <actionCode>93000</actionCode>
              <sourceSystem>
                <code>9</code>
                <name>Library of Congress</name>
              </sourceSystem>
              <committee />
            </item>
            <item>
              <actionDate>2020-11-16</actionDate>
              <links />
              <text>Senate amendment submitted</text>
              <type>Floor</type>
              <actionCode>91000</actionCode>
              <sourceSystem>
                <code>9</code>
                <name>Library of Congress</name>
              </sourceSystem>
              <committee />
            </item>
            <item>
              <actionDate>2020-11-16</actionDate>
              <links />
              <text>Senate amendment agreed to: Amendment SA 2686 agreed to in Senate by Unanimous Consent.</text>
              <type>Floor</type>
              <actionCode>94000</actionCode>
              <sourceSystem>
                <code>9</code>
                <name>Library of Congress</name>
              </sourceSystem>
              <committee />
            </item>
          </actions>
          <actionTypeCounts>
            <amendmentAgreedTo>1</amendmentAgreedTo>
            <amendmentProposed>1</amendmentProposed>
            <senateAmendmentProposedOnTheFloor>1</senateAmendmentProposedOnTheFloor>
            <senateAmendmentSubmitted>1</senateAmendmentSubmitted>
            <senateAmendmentAgreedTo>1</senateAmendmentAgreedTo>
          </actionTypeCounts>
          <actionByCounts>
            <senate>5</senate>
          </actionByCounts>
        </actions>
        <version>1.0.0</version>
      </amendment>
    </amendments>
    <textVersions>
      <item>
        <type>Enrolled Bill</type>
        <date />
        <formats>
          <item>
            <url>https://www.govinfo.gov/content/pkg/BILLS-116s4054enr/xml/BILLS-116s4054enr.xml</url>
          </item>
        </formats>
      </item>
      <item>
        <type>Engrossed in Senate</type>
        <date>2020-11-16T05:00:00Z</date>
        <formats>
          <item>
            <url>https://www.govinfo.gov/content/pkg/BILLS-116s4054es/xml/BILLS-116s4054es.xml</url>
          </item>
        </formats>
      </item>
      <item>
        <type>Reported to Senate</type>
        <date>2020-06-24T04:00:00Z</date>
        <formats>
          <item>
            <url>https://www.govinfo.gov/content/pkg/BILLS-116s4054rs/xml/BILLS-116s4054rs.xml</url>
          </item>
        </formats>
      </item>
    </textVersions>
    <latestAction>
      <actionDate>2020-12-16</actionDate>
      <text>By Senator Roberts from Committee on Agriculture, Nutrition, and Forestry filed written report. Report No. 116-334.</text>
      <links />
    </latestAction>
    <calendarNumbers>
      <item>
        <calendar>Senate Calendar of Business</calendar>
        <number>0484</number>
      </item>
    </calendarNumbers>
    <version>1.0.0</version>
  </bill>
  <dublinCore xmlns:dc="http://purl.org/dc/elements/1.1/">
    <dc:format>text/xml</dc:format>
    <dc:language>EN</dc:language>
    <dc:rights>Pursuant to Title 17 Section 105 of the United States Code, this file is not subject to copyright protection and is in the public domain.</dc:rights>
    <dc:contributor>Congressional Research Service, Library of Congress</dc:contributor>
    <dc:description>This file contains bill summaries and statuses for federal legislation. A bill summary describes the most significant provisions of a piece of legislation and details the effects the legislative text may have on current law and federal programs. Bill summaries are authored by the Congressional Research Service (CRS) of the Library of Congress. As stated in Public Law 91-510 (2 USC 166 (d)(6)), one of the duties of CRS is "to prepare summaries and digests of bills and resolutions of a public general nature introduced in the Senate or House of Representatives". For more information, refer to the User Guide that accompanies this file.</dc:description>
  </dublinCore>
</billStatus>

