<?xml version="1.0" encoding="UTF-8"?>
<billStatus>
  <bill>
    <billNumber>331</billNumber>
    <createDate>2019-02-06T06:10:16Z</createDate>
    <updateDate>2021-07-10T20:19:37Z</updateDate>
    <originChamber>Senate</originChamber>
    <billType>S</billType>
    <introducedDate>2019-02-05</introducedDate>
    <congress>116</congress>
    <recordedVotes />
    <committees>
      <billCommittees>
        <item>
          <systemCode>ssbk00</systemCode>
          <name>Banking, Housing, and Urban Affairs Committee</name>
          <chamber>Senate</chamber>
          <type>Standing</type>
          <subcommittees />
          <activities>
            <item>
              <name>Referred to</name>
              <date>2019-02-05T16:38:03Z</date>
            </item>
          </activities>
        </item>
      </billCommittees>
    </committees>
    <committeeReports />
    <relatedBills>
      <item>
        <latestTitle>Consumers First Act</latestTitle>
        <congress>116</congress>
        <number>1500</number>
        <type>HR</type>
        <latestAction>
          <actionDate>2019-05-23</actionDate>
          <text>Received in the Senate and Read twice and referred to the Committee on Banking, Housing, and Urban Affairs.</text>
        </latestAction>
        <relationshipDetails>
          <item>
            <type>Related bill</type>
            <identifiedBy>CRS</identifiedBy>
          </item>
        </relationshipDetails>
      </item>
      <item>
        <latestTitle>Home Loan Quality Transparency Act of 2019</latestTitle>
        <congress>116</congress>
        <number>963</number>
        <type>HR</type>
        <latestAction>
          <actionDate>2019-02-05</actionDate>
          <text>Referred to the House Committee on Financial Services.</text>
        </latestAction>
        <relationshipDetails>
          <item>
            <type>Identical bill</type>
            <identifiedBy>CRS</identifiedBy>
          </item>
        </relationshipDetails>
      </item>
    </relatedBills>
    <actions>
      <item>
        <actionDate>2019-02-05</actionDate>
        <committees>
          <item>
            <systemCode>ssbk00</systemCode>
            <name>Banking, Housing, and Urban Affairs Committee</name>
          </item>
        </committees>
        <links />
        <sourceSystem>
          <code>0</code>
          <name>Senate</name>
        </sourceSystem>
        <text>Read twice and referred to the Committee on Banking, Housing, and Urban Affairs.</text>
        <type>IntroReferral</type>
      </item>
      <item>
        <actionDate>2019-02-05</actionDate>
        <links />
        <text>Introduced in Senate</text>
        <type>IntroReferral</type>
        <actionCode>10000</actionCode>
        <sourceSystem>
          <code>9</code>
          <name>Library of Congress</name>
        </sourceSystem>
        <committees />
      </item>
      <actionTypeCounts>
        <referredToCommittee>1</referredToCommittee>
        <introducedInSenate>1</introducedInSenate>
      </actionTypeCounts>
      <actionByCounts>
        <senate>2</senate>
      </actionByCounts>
    </actions>
    <sponsors>
      <item>
        <bioguideId>C001113</bioguideId>
        <fullName>Sen. Cortez Masto, Catherine  [D-NV]</fullName>
        <firstName>Catherine</firstName>
        <middleName />
        <lastName>Cortez Masto</lastName>
        <party>D</party>
        <state>NV</state>
        <identifiers>
          <lisID>2299</lisID>
          <bioguideId>C001113</bioguideId>
          <gpoId />
        </identifiers>
        <byRequestType />
      </item>
    </sponsors>
    <cosponsors>
      <item>
        <bioguideId>M000639</bioguideId>
        <fullName>Sen. Menendez, Robert [D-NJ]</fullName>
        <firstName>Robert</firstName>
        <middleName />
        <lastName>Menendez</lastName>
        <party>D</party>
        <state>NJ</state>
        <identifiers>
          <lisID>791</lisID>
          <bioguideId>M000639</bioguideId>
          <gpoId>8239</gpoId>
        </identifiers>
        <sponsorshipDate>2019-02-05</sponsorshipDate>
        <isOriginalCosponsor>True</isOriginalCosponsor>
        <sponsorshipWithdrawnDate />
      </item>
      <item>
        <bioguideId>D000563</bioguideId>
        <fullName>Sen. Durbin, Richard J. [D-IL]</fullName>
        <firstName>RICHARD</firstName>
        <middleName>J.</middleName>
        <lastName>DURBIN</lastName>
        <party>D</party>
        <state>IL</state>
        <identifiers>
          <lisID>326</lisID>
          <bioguideId>D000563</bioguideId>
          <gpoId>8326</gpoId>
        </identifiers>
        <sponsorshipDate>2019-02-05</sponsorshipDate>
        <isOriginalCosponsor>True</isOriginalCosponsor>
        <sponsorshipWithdrawnDate />
      </item>
      <item>
        <bioguideId>D000622</bioguideId>
        <fullName>Sen. Duckworth, Tammy [D-IL]</fullName>
        <firstName>Tammy</firstName>
        <middleName />
        <lastName>Duckworth</lastName>
        <party>D</party>
        <state>IL</state>
        <identifiers>
          <lisID>2123</lisID>
          <bioguideId>D000622</bioguideId>
          <gpoId />
        </identifiers>
        <sponsorshipDate>2019-02-05</sponsorshipDate>
        <isOriginalCosponsor>True</isOriginalCosponsor>
        <sponsorshipWithdrawnDate />
      </item>
      <item>
        <bioguideId>B001288</bioguideId>
        <fullName>Sen. Booker, Cory A. [D-NJ]</fullName>
        <firstName>Cory</firstName>
        <middleName>A.</middleName>
        <lastName>Booker</lastName>
        <party>D</party>
        <state>NJ</state>
        <identifiers>
          <lisID>2194</lisID>
          <bioguideId>B001288</bioguideId>
          <gpoId />
        </identifiers>
        <sponsorshipDate>2019-02-05</sponsorshipDate>
        <isOriginalCosponsor>True</isOriginalCosponsor>
        <sponsorshipWithdrawnDate />
      </item>
      <item>
        <bioguideId>C000127</bioguideId>
        <fullName>Sen. Cantwell, Maria [D-WA]</fullName>
        <firstName>MARIA</firstName>
        <middleName />
        <lastName>CANTWELL</lastName>
        <party>D</party>
        <state>WA</state>
        <identifiers>
          <lisID>172</lisID>
          <bioguideId>C000127</bioguideId>
          <gpoId>8288</gpoId>
        </identifiers>
        <sponsorshipDate>2019-02-05</sponsorshipDate>
        <isOriginalCosponsor>True</isOriginalCosponsor>
        <sponsorshipWithdrawnDate />
      </item>
      <item>
        <bioguideId>F000062</bioguideId>
        <fullName>Sen. Feinstein, Dianne [D-CA]</fullName>
        <firstName>DIANNE</firstName>
        <middleName />
        <lastName>FEINSTEIN</lastName>
        <party>D</party>
        <state>CA</state>
        <identifiers>
          <lisID>1332</lisID>
          <bioguideId>F000062</bioguideId>
          <gpoId>8338</gpoId>
        </identifiers>
        <sponsorshipDate>2019-02-05</sponsorshipDate>
        <isOriginalCosponsor>True</isOriginalCosponsor>
        <sponsorshipWithdrawnDate />
      </item>
      <item>
        <bioguideId>G000555</bioguideId>
        <fullName>Sen. Gillibrand, Kirsten E. [D-NY]</fullName>
        <firstName>Kirsten</firstName>
        <middleName>E.</middleName>
        <lastName>Gillibrand</lastName>
        <party>D</party>
        <state>NY</state>
        <identifiers>
          <lisID>1866</lisID>
          <bioguideId>G000555</bioguideId>
          <gpoId>8336</gpoId>
        </identifiers>
        <sponsorshipDate>2019-02-05</sponsorshipDate>
        <isOriginalCosponsor>True</isOriginalCosponsor>
        <sponsorshipWithdrawnDate />
      </item>
      <item>
        <bioguideId>H001075</bioguideId>
        <fullName>Sen. Harris, Kamala D. [D-CA]</fullName>
        <firstName>Kamala</firstName>
        <middleName>D.</middleName>
        <lastName>Harris</lastName>
        <party>D</party>
        <state>CA</state>
        <identifiers>
          <lisID>2301</lisID>
          <bioguideId>H001075</bioguideId>
          <gpoId />
        </identifiers>
        <sponsorshipDate>2019-02-05</sponsorshipDate>
        <isOriginalCosponsor>True</isOriginalCosponsor>
        <sponsorshipWithdrawnDate />
      </item>
      <item>
        <bioguideId>W000817</bioguideId>
        <fullName>Sen. Warren, Elizabeth [D-MA]</fullName>
        <firstName>Elizabeth</firstName>
        <middleName>A.</middleName>
        <lastName>Warren</lastName>
        <party>D</party>
        <state>MA</state>
        <identifiers>
          <lisID>2182</lisID>
          <bioguideId>W000817</bioguideId>
          <gpoId />
        </identifiers>
        <sponsorshipDate>2019-02-05</sponsorshipDate>
        <isOriginalCosponsor>True</isOriginalCosponsor>
        <sponsorshipWithdrawnDate />
      </item>
      <item>
        <bioguideId>W000779</bioguideId>
        <fullName>Sen. Wyden, Ron [D-OR]</fullName>
        <firstName>RON</firstName>
        <middleName />
        <lastName>WYDEN</lastName>
        <party>D</party>
        <state>OR</state>
        <identifiers>
          <lisID>1247</lisID>
          <bioguideId>W000779</bioguideId>
          <gpoId>8265</gpoId>
        </identifiers>
        <sponsorshipDate>2019-02-05</sponsorshipDate>
        <isOriginalCosponsor>True</isOriginalCosponsor>
        <sponsorshipWithdrawnDate />
      </item>
      <item>
        <bioguideId>S001203</bioguideId>
        <fullName>Sen. Smith, Tina  [D-MN]</fullName>
        <firstName>Tina</firstName>
        <middleName />
        <lastName>Smith</lastName>
        <party>D</party>
        <state>MN</state>
        <identifiers>
          <lisID>2365</lisID>
          <bioguideId>S001203</bioguideId>
          <gpoId />
        </identifiers>
        <sponsorshipDate>2019-02-05</sponsorshipDate>
        <isOriginalCosponsor>True</isOriginalCosponsor>
        <sponsorshipWithdrawnDate />
      </item>
      <item>
        <bioguideId>V000128</bioguideId>
        <fullName>Sen. Van Hollen, Chris [D-MD]</fullName>
        <firstName>Chris</firstName>
        <middleName />
        <lastName>Van Hollen</lastName>
        <party>D</party>
        <state>MD</state>
        <identifiers>
          <lisID>1729</lisID>
          <bioguideId>V000128</bioguideId>
          <gpoId>7983</gpoId>
        </identifiers>
        <sponsorshipDate>2019-02-05</sponsorshipDate>
        <isOriginalCosponsor>True</isOriginalCosponsor>
        <sponsorshipWithdrawnDate />
      </item>
      <item>
        <bioguideId>B001277</bioguideId>
        <fullName>Sen. Blumenthal, Richard [D-CT]</fullName>
        <firstName>Richard</firstName>
        <middleName />
        <lastName>Blumenthal</lastName>
        <party>D</party>
        <state>CT</state>
        <identifiers>
          <lisID>2076</lisID>
          <bioguideId>B001277</bioguideId>
          <gpoId>8332</gpoId>
        </identifiers>
        <sponsorshipDate>2019-02-07</sponsorshipDate>
        <isOriginalCosponsor>False</isOriginalCosponsor>
        <sponsorshipWithdrawnDate />
      </item>
      <item>
        <bioguideId>B000944</bioguideId>
        <fullName>Sen. Brown, Sherrod [D-OH]</fullName>
        <firstName>Sherrod</firstName>
        <middleName />
        <lastName>Brown</lastName>
        <party>D</party>
        <state>OH</state>
        <identifiers>
          <lisID>136</lisID>
          <bioguideId>B000944</bioguideId>
          <gpoId>8309</gpoId>
        </identifiers>
        <sponsorshipDate>2019-04-30</sponsorshipDate>
        <isOriginalCosponsor>False</isOriginalCosponsor>
        <sponsorshipWithdrawnDate />
      </item>
      <item>
        <bioguideId>K000367</bioguideId>
        <fullName>Sen. Klobuchar, Amy [D-MN]</fullName>
        <firstName>Amy</firstName>
        <middleName />
        <lastName>Klobuchar</lastName>
        <party>D</party>
        <state>MN</state>
        <identifiers>
          <lisID>1826</lisID>
          <bioguideId>K000367</bioguideId>
          <gpoId>8249</gpoId>
        </identifiers>
        <sponsorshipDate>2019-07-23</sponsorshipDate>
        <isOriginalCosponsor>False</isOriginalCosponsor>
        <sponsorshipWithdrawnDate />
      </item>
    </cosponsors>
    <cboCostEstimates />
    <laws />
    <notes />
    <policyArea>
      <name>Finance and Financial Sector</name>
    </policyArea>
    <subjects>
      <billSubjects>
        <legislativeSubjects>
          <item>
            <name>Banking and financial institutions regulation</name>
          </item>
          <item>
            <name>Business records</name>
          </item>
          <item>
            <name>Government information and archives</name>
          </item>
          <item>
            <name>Housing finance and home ownership</name>
          </item>
        </legislativeSubjects>
        <policyArea>
          <name>Finance and Financial Sector</name>
        </policyArea>
      </billSubjects>
    </subjects>
    <summaries>
      <billSummaries>
        <item>
          <versionCode>00</versionCode>
          <actionDate>2019-02-05</actionDate>
          <actionDesc>Introduced in Senate</actionDesc>
          <lastSummaryUpdateDate>2020-06-04T15:08:04Z</lastSummaryUpdateDate>
          <text><![CDATA[<p><b>Home Loan Quality Transparency Act of 2019 </b></p> <p>This&nbsp;bill expands requirements for public disclosures by depository institutions&nbsp;and credit unions regarding mortgages and home equity lines of credit. Specifically, institutions originating fewer than 500 mortgage loans or open-end lines of credit annually are no longer exempt from certain financial reporting. </p>]]></text>
          <updateDate>2019-02-05T05:00:00Z</updateDate>
          <name>Introduced in Senate</name>
        </item>
      </billSummaries>
    </summaries>
    <title>Home Loan Quality Transparency Act of 2019</title>
    <titles>
      <item>
        <titleType>Short Title(s) as Introduced</titleType>
        <parentTitleType>Short Title</parentTitleType>
        <title>Home Loan Quality Transparency Act of 2019</title>
        <chamberCode />
        <chamberName />
      </item>
      <item>
        <titleType>Official Title as Introduced</titleType>
        <parentTitleType />
        <title>A bill to amend the Home Mortgage Disclosure Act of 1975 to modify the exemptions from certain disclosure requirements.</title>
        <chamberCode />
        <chamberName />
      </item>
      <item>
        <titleType>Display Title</titleType>
        <parentTitleType />
        <title>Home Loan Quality Transparency Act of 2019</title>
        <chamberCode />
        <chamberName />
      </item>
    </titles>
    <amendments />
    <textVersions>
      <item>
        <type>Introduced in Senate</type>
        <date>2019-02-05T05:00:00Z</date>
        <formats>
          <item>
            <url>https://www.govinfo.gov/content/pkg/BILLS-116s331is/xml/BILLS-116s331is.xml</url>
          </item>
        </formats>
      </item>
    </textVersions>
    <latestAction>
      <actionDate>2019-02-05</actionDate>
      <text>Read twice and referred to the Committee on Banking, Housing, and Urban Affairs.</text>
      <links />
    </latestAction>
    <calendarNumbers />
    <version>1.0.0</version>
  </bill>
  <dublinCore xmlns:dc="http://purl.org/dc/elements/1.1/">
    <dc:format>text/xml</dc:format>
    <dc:language>EN</dc:language>
    <dc:rights>Pursuant to Title 17 Section 105 of the United States Code, this file is not subject to copyright protection and is in the public domain.</dc:rights>
    <dc:contributor>Congressional Research Service, Library of Congress</dc:contributor>
    <dc:description>This file contains bill summaries and statuses for federal legislation. A bill summary describes the most significant provisions of a piece of legislation and details the effects the legislative text may have on current law and federal programs. Bill summaries are authored by the Congressional Research Service (CRS) of the Library of Congress. As stated in Public Law 91-510 (2 USC 166 (d)(6)), one of the duties of CRS is "to prepare summaries and digests of bills and resolutions of a public general nature introduced in the Senate or House of Representatives". For more information, refer to the User Guide that accompanies this file.</dc:description>
  </dublinCore>
</billStatus>

