<?xml version="1.0" encoding="UTF-8"?>
<billStatus>
  <bill>
    <billNumber>1690</billNumber>
    <createDate>2019-05-24T05:27:15Z</createDate>
    <updateDate>2021-06-11T21:59:34Z</updateDate>
    <originChamber>Senate</originChamber>
    <billType>S</billType>
    <introducedDate>2019-05-23</introducedDate>
    <congress>116</congress>
    <recordedVotes />
    <committees>
      <billCommittees>
        <item>
          <systemCode>ssas00</systemCode>
          <name>Armed Services Committee</name>
          <chamber>Senate</chamber>
          <type>Standing</type>
          <subcommittees />
          <activities>
            <item>
              <name>Referred to</name>
              <date>2019-05-23T21:05:06Z</date>
            </item>
          </activities>
        </item>
      </billCommittees>
    </committees>
    <committeeReports />
    <relatedBills>
      <item>
        <latestTitle>National Defense Authorization Act for Fiscal Year 2020</latestTitle>
        <congress>116</congress>
        <number>1790</number>
        <type>S</type>
        <latestAction>
          <actionDate>2019-12-20</actionDate>
          <text>Became Public Law No: 116-92.</text>
        </latestAction>
        <relationshipDetails>
          <item>
            <type>Related bill</type>
            <identifiedBy>CRS</identifiedBy>
          </item>
        </relationshipDetails>
      </item>
    </relatedBills>
    <actions>
      <item>
        <actionDate>2019-05-23</actionDate>
        <committees>
          <item>
            <systemCode>ssas00</systemCode>
            <name>Armed Services Committee</name>
          </item>
        </committees>
        <links />
        <sourceSystem>
          <code>0</code>
          <name>Senate</name>
        </sourceSystem>
        <text>Read twice and referred to the Committee on Armed Services.</text>
        <type>IntroReferral</type>
      </item>
      <item>
        <actionDate>2019-05-23</actionDate>
        <links />
        <text>Introduced in Senate</text>
        <type>IntroReferral</type>
        <actionCode>10000</actionCode>
        <sourceSystem>
          <code>9</code>
          <name>Library of Congress</name>
        </sourceSystem>
        <committees />
      </item>
      <actionTypeCounts>
        <referredToCommittee>1</referredToCommittee>
        <introducedInSenate>1</introducedInSenate>
      </actionTypeCounts>
      <actionByCounts>
        <senate>2</senate>
      </actionByCounts>
    </actions>
    <sponsors>
      <item>
        <bioguideId>S001198</bioguideId>
        <fullName>Sen. Sullivan, Dan  [R-AK]</fullName>
        <firstName>Dan</firstName>
        <middleName />
        <lastName>Sullivan</lastName>
        <party>R</party>
        <state>AK</state>
        <identifiers>
          <lisID>2290</lisID>
          <bioguideId>S001198</bioguideId>
          <gpoId />
        </identifiers>
        <byRequestType />
      </item>
    </sponsors>
    <cosponsors>
      <item>
        <bioguideId>M001183</bioguideId>
        <fullName>Sen. Manchin, Joe, III [D-WV]</fullName>
        <firstName>Joe</firstName>
        <middleName />
        <lastName>Manchin</lastName>
        <party>D</party>
        <state>WV</state>
        <identifiers>
          <lisID>1983</lisID>
          <bioguideId>M001183</bioguideId>
          <gpoId>8256</gpoId>
        </identifiers>
        <sponsorshipDate>2019-05-23</sponsorshipDate>
        <isOriginalCosponsor>True</isOriginalCosponsor>
        <sponsorshipWithdrawnDate />
      </item>
    </cosponsors>
    <cboCostEstimates />
    <laws />
    <notes />
    <policyArea>
      <name>Armed Forces and National Security</name>
    </policyArea>
    <subjects>
      <billSubjects>
        <legislativeSubjects>
          <item>
            <name>Alaska</name>
          </item>
          <item>
            <name>Arms control and nonproliferation</name>
          </item>
          <item>
            <name>Asia</name>
          </item>
          <item>
            <name>China</name>
          </item>
          <item>
            <name>Congressional oversight</name>
          </item>
          <item>
            <name>Defense spending</name>
          </item>
          <item>
            <name>Department of Defense</name>
          </item>
          <item>
            <name>Environmental assessment, monitoring, research</name>
          </item>
          <item>
            <name>Military facilities and property</name>
          </item>
          <item>
            <name>Military operations and strategy</name>
          </item>
          <item>
            <name>Military procurement, research, weapons development</name>
          </item>
          <item>
            <name>Nuclear weapons</name>
          </item>
          <item>
            <name>Public contracts and procurement</name>
          </item>
          <item>
            <name>Russia</name>
          </item>
          <item>
            <name>Spacecraft and satellites</name>
          </item>
        </legislativeSubjects>
        <policyArea>
          <name>Armed Forces and National Security</name>
        </policyArea>
      </billSubjects>
    </subjects>
    <summaries>
      <billSummaries>
        <item>
          <versionCode>00</versionCode>
          <actionDate>2019-05-23</actionDate>
          <actionDesc>Introduced in Senate</actionDesc>
          <lastSummaryUpdateDate>2021-02-26T20:26:23Z</lastSummaryUpdateDate>
          <text><![CDATA[<p class="MsoNormal"><b style="">Modernizing America's Missile Defense Act of 2019</b></p> <p>This bill directs the Department of Defense to generally incorporate non-ballistic systems (e.g., hypersonic and cruise missiles) into its missile defense strategies and to test and report on specified space-based and ground-based missile defense technology.</p>]]></text>
          <updateDate>2019-05-23T04:00:00Z</updateDate>
          <name>Introduced in Senate</name>
        </item>
      </billSummaries>
    </summaries>
    <title>Modernizing America’s Missile Defense Act of 2019</title>
    <titles>
      <item>
        <titleType>Short Title(s) as Introduced</titleType>
        <parentTitleType>Short Title</parentTitleType>
        <title>Modernizing America’s Missile Defense Act of 2019</title>
        <chamberCode />
        <chamberName />
      </item>
      <item>
        <titleType>Display Title</titleType>
        <parentTitleType />
        <title>Modernizing America’s Missile Defense Act of 2019</title>
        <chamberCode />
        <chamberName />
      </item>
      <item>
        <titleType>Official Title as Introduced</titleType>
        <parentTitleType />
        <title>A bill to improve United States missile defense, and for other purposes.</title>
        <chamberCode />
        <chamberName />
      </item>
    </titles>
    <amendments />
    <textVersions>
      <item>
        <type>Introduced in Senate</type>
        <date>2019-05-23T04:00:00Z</date>
        <formats>
          <item>
            <url>https://www.govinfo.gov/content/pkg/BILLS-116s1690is/xml/BILLS-116s1690is.xml</url>
          </item>
        </formats>
      </item>
    </textVersions>
    <latestAction>
      <actionDate>2019-05-23</actionDate>
      <text>Read twice and referred to the Committee on Armed Services.</text>
      <links />
    </latestAction>
    <calendarNumbers />
    <version>1.0.0</version>
  </bill>
  <dublinCore xmlns:dc="http://purl.org/dc/elements/1.1/">
    <dc:format>text/xml</dc:format>
    <dc:language>EN</dc:language>
    <dc:rights>Pursuant to Title 17 Section 105 of the United States Code, this file is not subject to copyright protection and is in the public domain.</dc:rights>
    <dc:contributor>Congressional Research Service, Library of Congress</dc:contributor>
    <dc:description>This file contains bill summaries and statuses for federal legislation. A bill summary describes the most significant provisions of a piece of legislation and details the effects the legislative text may have on current law and federal programs. Bill summaries are authored by the Congressional Research Service (CRS) of the Library of Congress. As stated in Public Law 91-510 (2 USC 166 (d)(6)), one of the duties of CRS is "to prepare summaries and digests of bills and resolutions of a public general nature introduced in the Senate or House of Representatives". For more information, refer to the User Guide that accompanies this file.</dc:description>
  </dublinCore>
</billStatus>

