<?xml version="1.0" encoding="UTF-8"?>
<billStatus>
  <bill>
    <billNumber>33</billNumber>
    <createDate>2019-01-09T05:40:15Z</createDate>
    <updateDate>2020-02-19T19:30:54Z</updateDate>
    <originChamber>Senate</originChamber>
    <billType>S</billType>
    <introducedDate>2019-01-08</introducedDate>
    <congress>116</congress>
    <recordedVotes />
    <committees>
      <billCommittees>
        <item>
          <systemCode>sseg00</systemCode>
          <name>Energy and Natural Resources Committee</name>
          <chamber>Senate</chamber>
          <type>Standing</type>
          <subcommittees />
          <activities>
            <item>
              <name>Referred to</name>
              <date>2019-01-08T21:22:38Z</date>
            </item>
          </activities>
        </item>
      </billCommittees>
    </committees>
    <committeeReports />
    <relatedBills>
      <item>
        <latestTitle>John D. Dingell, Jr. Conservation, Management, and Recreation Act</latestTitle>
        <congress>116</congress>
        <number>47</number>
        <type>S</type>
        <latestAction>
          <actionDate>2019-03-12</actionDate>
          <text>Became Public Law No: 116-9.</text>
        </latestAction>
        <relationshipDetails>
          <item>
            <type>Related bill</type>
            <identifiedBy>CRS</identifiedBy>
          </item>
        </relationshipDetails>
      </item>
      <item>
        <latestTitle>To update the map of, and modify the maximum acreage available for inclusion in, the Florissant Fossil Beds National Monument.</latestTitle>
        <congress>116</congress>
        <number>386</number>
        <type>HR</type>
        <latestAction>
          <actionDate>2019-02-05</actionDate>
          <text>Referred to the Subcommittee on National Parks, Forests, and Public Lands.</text>
        </latestAction>
        <relationshipDetails>
          <item>
            <type>Identical bill</type>
            <identifiedBy>CRS</identifiedBy>
          </item>
        </relationshipDetails>
      </item>
    </relatedBills>
    <actions>
      <item>
        <actionDate>2019-01-08</actionDate>
        <committees>
          <item>
            <systemCode>sseg00</systemCode>
            <name>Energy and Natural Resources Committee</name>
          </item>
        </committees>
        <links />
        <sourceSystem>
          <code>0</code>
          <name>Senate</name>
        </sourceSystem>
        <text>Read twice and referred to the Committee on Energy and Natural Resources.</text>
        <type>IntroReferral</type>
      </item>
      <item>
        <actionDate>2019-01-08</actionDate>
        <links />
        <text>Introduced in Senate</text>
        <type>IntroReferral</type>
        <actionCode>10000</actionCode>
        <sourceSystem>
          <code>9</code>
          <name>Library of Congress</name>
        </sourceSystem>
        <committees />
      </item>
      <actionTypeCounts>
        <referredToCommittee>1</referredToCommittee>
        <introducedInSenate>1</introducedInSenate>
      </actionTypeCounts>
      <actionByCounts>
        <senate>2</senate>
      </actionByCounts>
    </actions>
    <sponsors>
      <item>
        <bioguideId>G000562</bioguideId>
        <fullName>Sen. Gardner, Cory [R-CO]</fullName>
        <firstName>Cory</firstName>
        <middleName />
        <lastName>Gardner</lastName>
        <party>R</party>
        <state>CO</state>
        <identifiers>
          <lisID>1998</lisID>
          <bioguideId>G000562</bioguideId>
          <gpoId>7862</gpoId>
        </identifiers>
        <byRequestType />
      </item>
    </sponsors>
    <cosponsors>
      <item>
        <bioguideId>B001267</bioguideId>
        <fullName>Sen. Bennet, Michael F. [D-CO]</fullName>
        <firstName>Michael</firstName>
        <middleName>F.</middleName>
        <lastName>Bennet</lastName>
        <party>D</party>
        <state>CO</state>
        <identifiers>
          <lisID>1965</lisID>
          <bioguideId>B001267</bioguideId>
          <gpoId>8302</gpoId>
        </identifiers>
        <sponsorshipDate>2019-01-08</sponsorshipDate>
        <isOriginalCosponsor>True</isOriginalCosponsor>
        <sponsorshipWithdrawnDate />
      </item>
    </cosponsors>
    <cboCostEstimates />
    <laws />
    <notes />
    <policyArea>
      <name>Public Lands and Natural Resources</name>
    </policyArea>
    <subjects>
      <billSubjects>
        <legislativeSubjects>
          <item>
            <name>Colorado</name>
          </item>
          <item>
            <name>Earth sciences</name>
          </item>
          <item>
            <name>Land transfers</name>
          </item>
          <item>
            <name>Monuments and memorials</name>
          </item>
          <item>
            <name>Parks, recreation areas, trails</name>
          </item>
          <item>
            <name>Wilderness and natural areas, wildlife refuges, wild rivers, habitats</name>
          </item>
        </legislativeSubjects>
        <policyArea>
          <name>Public Lands and Natural Resources</name>
        </policyArea>
      </billSubjects>
    </subjects>
    <summaries>
      <billSummaries>
        <item>
          <versionCode>00</versionCode>
          <actionDate>2019-01-08</actionDate>
          <actionDesc>Introduced in Senate</actionDesc>
          <lastSummaryUpdateDate>2019-04-10T17:40:36Z</lastSummaryUpdateDate>
          <text><![CDATA[<p>This bill revises the title, number, and date of the map depicting the Florissant Fossil Beds National Monument in Colorado and increases from 6,000 to 6,300 the maximum number of acres that may be made available for inclusion in the monument. </p>]]></text>
          <updateDate>2019-01-08T05:00:00Z</updateDate>
          <name>Introduced in Senate</name>
        </item>
      </billSummaries>
    </summaries>
    <title>A bill to update the map of, and modify the maximum acreage available for inclusion in, the Florissant Fossil Beds National Monument.</title>
    <titles>
      <item>
        <titleType>Official Title as Introduced</titleType>
        <parentTitleType />
        <title>A bill to update the map of, and modify the maximum acreage available for inclusion in, the Florissant Fossil Beds National Monument.</title>
        <chamberCode />
        <chamberName />
      </item>
      <item>
        <titleType>Display Title</titleType>
        <parentTitleType />
        <title>A bill to update the map of, and modify the maximum acreage available for inclusion in, the Florissant Fossil Beds National Monument.</title>
        <chamberCode />
        <chamberName />
      </item>
    </titles>
    <amendments />
    <textVersions>
      <item>
        <type>Introduced in Senate</type>
        <date>2019-01-08T05:00:00Z</date>
        <formats>
          <item>
            <url>https://www.govinfo.gov/content/pkg/BILLS-116s33is/xml/BILLS-116s33is.xml</url>
          </item>
        </formats>
      </item>
    </textVersions>
    <latestAction>
      <actionDate>2019-01-08</actionDate>
      <text>Read twice and referred to the Committee on Energy and Natural Resources.</text>
      <links />
    </latestAction>
    <calendarNumbers />
    <version>1.0.0</version>
  </bill>
  <dublinCore xmlns:dc="http://purl.org/dc/elements/1.1/">
    <dc:format>text/xml</dc:format>
    <dc:language>EN</dc:language>
    <dc:rights>Pursuant to Title 17 Section 105 of the United States Code, this file is not subject to copyright protection and is in the public domain.</dc:rights>
    <dc:contributor>Congressional Research Service, Library of Congress</dc:contributor>
    <dc:description>This file contains bill summaries and statuses for federal legislation. A bill summary describes the most significant provisions of a piece of legislation and details the effects the legislative text may have on current law and federal programs. Bill summaries are authored by the Congressional Research Service (CRS) of the Library of Congress. As stated in Public Law 91-510 (2 USC 166 (d)(6)), one of the duties of CRS is "to prepare summaries and digests of bills and resolutions of a public general nature introduced in the Senate or House of Representatives". For more information, refer to the User Guide that accompanies this file.</dc:description>
  </dublinCore>
</billStatus>

