<?xml version="1.0" encoding="UTF-8"?>
<billStatus>
  <bill>
    <billNumber>298</billNumber>
    <createDate>2019-02-01T05:40:16Z</createDate>
    <updateDate>2021-07-10T20:21:44Z</updateDate>
    <originChamber>Senate</originChamber>
    <billType>S</billType>
    <introducedDate>2019-01-31</introducedDate>
    <congress>116</congress>
    <recordedVotes />
    <committees>
      <billCommittees>
        <item>
          <systemCode>sseg00</systemCode>
          <name>Energy and Natural Resources Committee</name>
          <chamber>Senate</chamber>
          <type>Standing</type>
          <subcommittees>
            <item>
              <systemCode>sseg04</systemCode>
              <name>National Parks Subcommittee</name>
              <activities>
                <item>
                  <name>Hearings by</name>
                  <date>2019-06-19T14:00:08Z</date>
                </item>
              </activities>
            </item>
          </subcommittees>
          <activities>
            <item>
              <name>Reported by</name>
              <date>2019-12-17T19:56:22Z</date>
            </item>
            <item>
              <name>Markup by</name>
              <date>2019-12-12T15:30:38Z</date>
            </item>
            <item>
              <name>Referred to</name>
              <date>2019-01-31T19:20:20Z</date>
            </item>
          </activities>
        </item>
      </billCommittees>
    </committees>
    <committeeReports />
    <relatedBills>
      <item>
        <latestTitle>Springfield Race Riot Study Act</latestTitle>
        <congress>116</congress>
        <number>139</number>
        <type>HR</type>
        <latestAction>
          <actionDate>2020-09-22</actionDate>
          <text>Received in the Senate. Read twice. Placed on Senate Legislative Calendar under General Orders. Calendar No. 550.</text>
        </latestAction>
        <relationshipDetails>
          <item>
            <type>Related bill</type>
            <identifiedBy>CRS</identifiedBy>
          </item>
        </relationshipDetails>
      </item>
    </relatedBills>
    <actions>
      <item>
        <actionDate>2019-12-17</actionDate>
        <committees />
        <links />
        <sourceSystem>
          <code>0</code>
          <name>Senate</name>
        </sourceSystem>
        <text>Placed on Senate Legislative Calendar under General Orders. Calendar No. 347.</text>
        <type>Calendars</type>
      </item>
      <item>
        <actionDate>2019-12-17</actionDate>
        <committees>
          <item>
            <systemCode>sseg00</systemCode>
            <name>Energy and Natural Resources Committee</name>
          </item>
        </committees>
        <links />
        <sourceSystem>
          <code>0</code>
          <name>Senate</name>
        </sourceSystem>
        <text>Committee on Energy and Natural Resources. Reported by Senator Murkowski with an amendment in the nature of a substitute and an amendment to the title. Without written report.</text>
        <type>Committee</type>
      </item>
      <item>
        <actionDate>2019-12-17</actionDate>
        <links />
        <text>Committee on Energy and Natural Resources. Reported by Senator Murkowski with an amendment in the nature of a substitute and an amendment to the title. Without written report.</text>
        <type>Committee</type>
        <actionCode>14000</actionCode>
        <sourceSystem>
          <code>9</code>
          <name>Library of Congress</name>
        </sourceSystem>
        <committees>
          <item>
            <systemCode>sseg00</systemCode>
            <name>Energy and Natural Resources Committee</name>
          </item>
        </committees>
      </item>
      <item>
        <actionDate>2019-12-12</actionDate>
        <committees>
          <item>
            <systemCode>sseg00</systemCode>
            <name>Energy and Natural Resources Committee</name>
          </item>
        </committees>
        <links />
        <sourceSystem>
          <code>0</code>
          <name>Senate</name>
        </sourceSystem>
        <text>Committee on Energy and Natural Resources. Ordered to be reported with an amendment in the nature of a substitute favorably.</text>
        <type>Committee</type>
      </item>
      <item>
        <actionDate>2019-06-19</actionDate>
        <committees>
          <item>
            <systemCode>sseg04</systemCode>
            <name>National Parks Subcommittee</name>
          </item>
        </committees>
        <links />
        <sourceSystem>
          <code>0</code>
          <name>Senate</name>
        </sourceSystem>
        <text>Committee on Energy and Natural Resources Subcommittee on National Parks. Hearings held. With printed Hearing: S.Hrg. 116-308.</text>
        <type>Committee</type>
      </item>
      <item>
        <actionDate>2019-01-31</actionDate>
        <committees>
          <item>
            <systemCode>sseg00</systemCode>
            <name>Energy and Natural Resources Committee</name>
          </item>
        </committees>
        <links />
        <sourceSystem>
          <code>0</code>
          <name>Senate</name>
        </sourceSystem>
        <text>Read twice and referred to the Committee on Energy and Natural Resources.</text>
        <type>IntroReferral</type>
      </item>
      <item>
        <actionDate>2019-01-31</actionDate>
        <links />
        <text>Introduced in Senate</text>
        <type>IntroReferral</type>
        <actionCode>10000</actionCode>
        <sourceSystem>
          <code>9</code>
          <name>Library of Congress</name>
        </sourceSystem>
        <committees />
      </item>
      <actionTypeCounts>
        <placedOnCalendarGeneralOrders>1</placedOnCalendarGeneralOrders>
        <reportedToSenate>2</reportedToSenate>
        <orderedReported>1</orderedReported>
        <hearingsHeld>1</hearingsHeld>
        <referredToCommittee>1</referredToCommittee>
        <introducedInSenate>1</introducedInSenate>
      </actionTypeCounts>
      <actionByCounts>
        <senate>7</senate>
      </actionByCounts>
    </actions>
    <sponsors>
      <item>
        <bioguideId>D000622</bioguideId>
        <fullName>Sen. Duckworth, Tammy [D-IL]</fullName>
        <firstName>Tammy</firstName>
        <middleName />
        <lastName>Duckworth</lastName>
        <party>D</party>
        <state>IL</state>
        <identifiers>
          <lisID>2123</lisID>
          <bioguideId>D000622</bioguideId>
          <gpoId />
        </identifiers>
        <byRequestType />
      </item>
    </sponsors>
    <cosponsors>
      <item>
        <bioguideId>D000563</bioguideId>
        <fullName>Sen. Durbin, Richard J. [D-IL]</fullName>
        <firstName>RICHARD</firstName>
        <middleName>J.</middleName>
        <lastName>DURBIN</lastName>
        <party>D</party>
        <state>IL</state>
        <identifiers>
          <lisID>326</lisID>
          <bioguideId>D000563</bioguideId>
          <gpoId>8326</gpoId>
        </identifiers>
        <sponsorshipDate>2019-01-31</sponsorshipDate>
        <isOriginalCosponsor>True</isOriginalCosponsor>
        <sponsorshipWithdrawnDate />
      </item>
    </cosponsors>
    <cboCostEstimates>
      <item>
        <pubDate>2020-02-13T16:02:00Z</pubDate>
        <title>S. 298, a bill to require the Secretary of the Interior to conduct a special resource study of the Springfield Race Riot site in the State of Illinois, and for other purposes</title>
        <url>https://www.cbo.gov/publication/56128</url>
      </item>
    </cboCostEstimates>
    <laws />
    <notes />
    <policyArea>
      <name>Public Lands and Natural Resources</name>
    </policyArea>
    <subjects>
      <billSubjects>
        <legislativeSubjects>
          <item>
            <name>Assault and harassment offenses</name>
          </item>
          <item>
            <name>Civil disturbances</name>
          </item>
          <item>
            <name>Historic sites and heritage areas</name>
          </item>
          <item>
            <name>Illinois</name>
          </item>
          <item>
            <name>Monuments and memorials</name>
          </item>
          <item>
            <name>Racial and ethnic relations</name>
          </item>
          <item>
            <name>U.S. history</name>
          </item>
          <item>
            <name>Violent crime</name>
          </item>
        </legislativeSubjects>
        <policyArea>
          <name>Public Lands and Natural Resources</name>
        </policyArea>
      </billSubjects>
    </subjects>
    <summaries>
      <billSummaries>
        <item>
          <versionCode>00</versionCode>
          <actionDate>2019-01-31</actionDate>
          <actionDesc>Introduced in Senate</actionDesc>
          <lastSummaryUpdateDate>2019-10-28T15:23:57Z</lastSummaryUpdateDate>
          <text><![CDATA[<p><b>Springfield Race Riot National Historic Monument Act</b></p> <p>This bill establishes the Springfield Race Riot National Historic Monument in Illinois as a unit of the National Park System to preserve, protect, and interpret the resources associated with the Springfield Race Riot of 1908 and its role in the forming of the National Association for the Advancement of Colored People. </p>]]></text>
          <updateDate>2019-01-31T05:00:00Z</updateDate>
          <name>Introduced in Senate</name>
        </item>
        <item>
          <versionCode>25</versionCode>
          <actionDate>2019-12-17</actionDate>
          <actionDesc>Reported to Senate</actionDesc>
          <lastSummaryUpdateDate>2021-03-12T20:37:45Z</lastSummaryUpdateDate>
          <text><![CDATA[<p><b>Springfield Race Riot National Historic Monument Act</b></p> <p>This bill requires the Department of the Interior to conduct a special resource study of the site of the Springfield Race Riot of 1908 in Springfield, Illinois, and adjacent property. </p> <p>In conducting the study, Interior must evaluate the national significance of such area and determine the suitability and feasibility of designating it as a unit of the National Park System.</p>]]></text>
          <updateDate>2019-12-17T14:03:29Z</updateDate>
          <name>Reported to Senate</name>
        </item>
      </billSummaries>
    </summaries>
    <title>Springfield Race Riot National Historic Monument Act</title>
    <titles>
      <item>
        <titleType>Short Title(s) as Introduced</titleType>
        <parentTitleType>Short Title</parentTitleType>
        <title>Springfield Race Riot National Historic Monument Act</title>
        <chamberCode />
        <chamberName />
      </item>
      <item>
        <titleType>Official Title as Introduced</titleType>
        <parentTitleType />
        <title>A bill to establish the Springfield Race Riot National Historic Monument in the State of Illinois, and for other purposes.</title>
        <chamberCode />
        <chamberName />
      </item>
      <item>
        <titleType>Display Title</titleType>
        <parentTitleType />
        <title>Springfield Race Riot National Historic Monument Act</title>
        <chamberCode />
        <chamberName />
      </item>
    </titles>
    <amendments />
    <textVersions>
      <item>
        <type>Reported to Senate</type>
        <date>2019-12-17T05:00:00Z</date>
        <formats>
          <item>
            <url>https://www.govinfo.gov/content/pkg/BILLS-116s298rs/xml/BILLS-116s298rs.xml</url>
          </item>
        </formats>
      </item>
      <item>
        <type>Introduced in Senate</type>
        <date>2019-01-31T05:00:00Z</date>
        <formats>
          <item>
            <url>https://www.govinfo.gov/content/pkg/BILLS-116s298is/xml/BILLS-116s298is.xml</url>
          </item>
        </formats>
      </item>
    </textVersions>
    <latestAction>
      <actionDate>2019-12-17</actionDate>
      <text>Placed on Senate Legislative Calendar under General Orders. Calendar No. 347.</text>
      <links />
    </latestAction>
    <calendarNumbers>
      <item>
        <calendar>Senate Calendar of Business</calendar>
        <number>0347</number>
      </item>
    </calendarNumbers>
    <version>1.0.0</version>
  </bill>
  <dublinCore xmlns:dc="http://purl.org/dc/elements/1.1/">
    <dc:format>text/xml</dc:format>
    <dc:language>EN</dc:language>
    <dc:rights>Pursuant to Title 17 Section 105 of the United States Code, this file is not subject to copyright protection and is in the public domain.</dc:rights>
    <dc:contributor>Congressional Research Service, Library of Congress</dc:contributor>
    <dc:description>This file contains bill summaries and statuses for federal legislation. A bill summary describes the most significant provisions of a piece of legislation and details the effects the legislative text may have on current law and federal programs. Bill summaries are authored by the Congressional Research Service (CRS) of the Library of Congress. As stated in Public Law 91-510 (2 USC 166 (d)(6)), one of the duties of CRS is "to prepare summaries and digests of bills and resolutions of a public general nature introduced in the Senate or House of Representatives". For more information, refer to the User Guide that accompanies this file.</dc:description>
  </dublinCore>
</billStatus>

