<?xml version="1.0" encoding="UTF-8"?>
<billStatus>
  <bill>
    <billNumber>278</billNumber>
    <createDate>2019-01-31T05:40:16Z</createDate>
    <updateDate>2021-07-10T20:19:26Z</updateDate>
    <originChamber>Senate</originChamber>
    <billType>S</billType>
    <introducedDate>2019-01-30</introducedDate>
    <congress>116</congress>
    <recordedVotes />
    <committees>
      <billCommittees>
        <item>
          <systemCode>ssbu00</systemCode>
          <name>Budget Committee</name>
          <chamber>Senate</chamber>
          <type>Standing</type>
          <subcommittees />
          <activities>
            <item>
              <name>Referred to</name>
              <date>2019-01-30T18:38:15Z</date>
            </item>
          </activities>
        </item>
      </billCommittees>
    </committees>
    <committeeReports />
    <relatedBills>
      <item>
        <latestTitle>CBO Show Your Work Act</latestTitle>
        <congress>116</congress>
        <number>1077</number>
        <type>HR</type>
        <latestAction>
          <actionDate>2019-02-07</actionDate>
          <text>Referred to the House Committee on the Budget.</text>
        </latestAction>
        <relationshipDetails>
          <item>
            <type>Identical bill</type>
            <identifiedBy>CRS</identifiedBy>
          </item>
        </relationshipDetails>
      </item>
    </relatedBills>
    <actions>
      <item>
        <actionDate>2019-01-30</actionDate>
        <committees>
          <item>
            <systemCode>ssbu00</systemCode>
            <name>Budget Committee</name>
          </item>
        </committees>
        <links />
        <sourceSystem>
          <code>0</code>
          <name>Senate</name>
        </sourceSystem>
        <text>Read twice and referred to the Committee on the Budget.</text>
        <type>IntroReferral</type>
      </item>
      <item>
        <actionDate>2019-01-30</actionDate>
        <links />
        <text>Introduced in Senate</text>
        <type>IntroReferral</type>
        <actionCode>10000</actionCode>
        <sourceSystem>
          <code>9</code>
          <name>Library of Congress</name>
        </sourceSystem>
        <committees />
      </item>
      <actionTypeCounts>
        <referredToCommittee>1</referredToCommittee>
        <introducedInSenate>1</introducedInSenate>
      </actionTypeCounts>
      <actionByCounts>
        <senate>2</senate>
      </actionByCounts>
    </actions>
    <sponsors>
      <item>
        <bioguideId>L000577</bioguideId>
        <fullName>Sen. Lee, Mike [R-UT]</fullName>
        <firstName>Mike</firstName>
        <middleName />
        <lastName>Lee</lastName>
        <party>R</party>
        <state>UT</state>
        <identifiers>
          <lisID>2080</lisID>
          <bioguideId>L000577</bioguideId>
          <gpoId>8303</gpoId>
        </identifiers>
        <byRequestType />
      </item>
    </sponsors>
    <cosponsors>
      <item>
        <bioguideId>C001075</bioguideId>
        <fullName>Sen. Cassidy, Bill [R-LA]</fullName>
        <firstName>Bill</firstName>
        <middleName />
        <lastName>Cassidy</lastName>
        <party>R</party>
        <state>LA</state>
        <identifiers>
          <lisID>1925</lisID>
          <bioguideId>C001075</bioguideId>
          <gpoId>7964</gpoId>
        </identifiers>
        <sponsorshipDate>2019-01-30</sponsorshipDate>
        <isOriginalCosponsor>True</isOriginalCosponsor>
        <sponsorshipWithdrawnDate />
      </item>
      <item>
        <bioguideId>R000595</bioguideId>
        <fullName>Sen. Rubio, Marco [R-FL]</fullName>
        <firstName>Marco</firstName>
        <middleName />
        <lastName>Rubio</lastName>
        <party>R</party>
        <state>FL</state>
        <identifiers>
          <lisID>2084</lisID>
          <bioguideId>R000595</bioguideId>
          <gpoId>8242</gpoId>
        </identifiers>
        <sponsorshipDate>2019-01-30</sponsorshipDate>
        <isOriginalCosponsor>True</isOriginalCosponsor>
        <sponsorshipWithdrawnDate />
      </item>
      <item>
        <bioguideId>Y000064</bioguideId>
        <fullName>Sen. Young, Todd C. [R-IN]</fullName>
        <firstName>Todd</firstName>
        <middleName>C.</middleName>
        <lastName>Young</lastName>
        <party>R</party>
        <state>IN</state>
        <identifiers>
          <lisID>2019</lisID>
          <bioguideId>Y000064</bioguideId>
          <gpoId>7948</gpoId>
        </identifiers>
        <sponsorshipDate>2019-01-30</sponsorshipDate>
        <isOriginalCosponsor>True</isOriginalCosponsor>
        <sponsorshipWithdrawnDate />
      </item>
      <item>
        <bioguideId>R000584</bioguideId>
        <fullName>Sen. Risch, James E. [R-ID]</fullName>
        <firstName>James</firstName>
        <middleName>E.</middleName>
        <lastName>Risch</lastName>
        <party>R</party>
        <state>ID</state>
        <identifiers>
          <lisID>1896</lisID>
          <bioguideId>R000584</bioguideId>
          <gpoId>8274</gpoId>
        </identifiers>
        <sponsorshipDate>2019-01-30</sponsorshipDate>
        <isOriginalCosponsor>True</isOriginalCosponsor>
        <sponsorshipWithdrawnDate />
      </item>
      <item>
        <bioguideId>T000476</bioguideId>
        <fullName>Sen. Tillis, Thom [R-NC]</fullName>
        <firstName>Thomas</firstName>
        <middleName>Roland</middleName>
        <lastName>Tillis</lastName>
        <party>R</party>
        <state>NC</state>
        <identifiers>
          <lisID>2291</lisID>
          <bioguideId>T000476</bioguideId>
          <gpoId />
        </identifiers>
        <sponsorshipDate>2019-01-30</sponsorshipDate>
        <isOriginalCosponsor>True</isOriginalCosponsor>
        <sponsorshipWithdrawnDate />
      </item>
      <item>
        <bioguideId>B001135</bioguideId>
        <fullName>Sen. Burr, Richard [R-NC]</fullName>
        <firstName>RICHARD</firstName>
        <middleName />
        <lastName>BURR</lastName>
        <party>R</party>
        <state>NC</state>
        <identifiers>
          <lisID>153</lisID>
          <bioguideId>B001135</bioguideId>
          <gpoId>8286</gpoId>
        </identifiers>
        <sponsorshipDate>2019-01-30</sponsorshipDate>
        <isOriginalCosponsor>True</isOriginalCosponsor>
        <sponsorshipWithdrawnDate />
      </item>
      <item>
        <bioguideId>P000612</bioguideId>
        <fullName>Sen. Perdue, David [R-GA]</fullName>
        <firstName>David</firstName>
        <middleName>Alfred</middleName>
        <lastName>Perdue</lastName>
        <party>R</party>
        <state>GA</state>
        <identifiers>
          <lisID>2286</lisID>
          <bioguideId>P000612</bioguideId>
          <gpoId />
        </identifiers>
        <sponsorshipDate>2019-01-30</sponsorshipDate>
        <isOriginalCosponsor>True</isOriginalCosponsor>
        <sponsorshipWithdrawnDate />
      </item>
      <item>
        <bioguideId>R000307</bioguideId>
        <fullName>Sen. Roberts, Pat [R-KS]</fullName>
        <firstName>PAT</firstName>
        <middleName />
        <lastName>ROBERTS</lastName>
        <party>R</party>
        <state>KS</state>
        <identifiers>
          <lisID>968</lisID>
          <bioguideId>R000307</bioguideId>
          <gpoId>8275</gpoId>
        </identifiers>
        <sponsorshipDate>2019-01-30</sponsorshipDate>
        <isOriginalCosponsor>True</isOriginalCosponsor>
        <sponsorshipWithdrawnDate />
      </item>
      <item>
        <bioguideId>C001098</bioguideId>
        <fullName>Sen. Cruz, Ted [R-TX]</fullName>
        <firstName>Ted</firstName>
        <middleName />
        <lastName>Cruz</lastName>
        <party>R</party>
        <state>TX</state>
        <identifiers>
          <lisID>2175</lisID>
          <bioguideId>C001098</bioguideId>
          <gpoId />
        </identifiers>
        <sponsorshipDate>2019-01-30</sponsorshipDate>
        <isOriginalCosponsor>True</isOriginalCosponsor>
        <sponsorshipWithdrawnDate />
      </item>
      <item>
        <bioguideId>R000605</bioguideId>
        <fullName>Sen. Rounds, Mike  [R-SD]</fullName>
        <firstName>Mike</firstName>
        <middleName />
        <lastName>Rounds</lastName>
        <party>R</party>
        <state>SD</state>
        <identifiers>
          <lisID>2288</lisID>
          <bioguideId>R000605</bioguideId>
          <gpoId />
        </identifiers>
        <sponsorshipDate>2019-01-30</sponsorshipDate>
        <isOriginalCosponsor>True</isOriginalCosponsor>
        <sponsorshipWithdrawnDate />
      </item>
      <item>
        <bioguideId>I000024</bioguideId>
        <fullName>Sen. Inhofe, James M. [R-OK]</fullName>
        <firstName>JIM</firstName>
        <middleName />
        <lastName>INHOFE</lastName>
        <party>R</party>
        <state>OK</state>
        <identifiers>
          <lisID>583</lisID>
          <bioguideId>I000024</bioguideId>
          <gpoId>8322</gpoId>
        </identifiers>
        <sponsorshipDate>2019-01-30</sponsorshipDate>
        <isOriginalCosponsor>True</isOriginalCosponsor>
        <sponsorshipWithdrawnDate />
      </item>
      <item>
        <bioguideId>C000880</bioguideId>
        <fullName>Sen. Crapo, Mike [R-ID]</fullName>
        <firstName>MICHAEL</firstName>
        <middleName>D.</middleName>
        <lastName>CRAPO</lastName>
        <party>R</party>
        <state>ID</state>
        <identifiers>
          <lisID>250</lisID>
          <bioguideId>C000880</bioguideId>
          <gpoId>8289</gpoId>
        </identifiers>
        <sponsorshipDate>2019-01-30</sponsorshipDate>
        <isOriginalCosponsor>True</isOriginalCosponsor>
        <sponsorshipWithdrawnDate />
      </item>
      <item>
        <bioguideId>E000295</bioguideId>
        <fullName>Sen. Ernst, Joni  [R-IA]</fullName>
        <firstName>Joni</firstName>
        <middleName />
        <lastName>Ernst</lastName>
        <party>R</party>
        <state>IA</state>
        <identifiers>
          <lisID>2283</lisID>
          <bioguideId>E000295</bioguideId>
          <gpoId />
        </identifiers>
        <sponsorshipDate>2019-01-30</sponsorshipDate>
        <isOriginalCosponsor>True</isOriginalCosponsor>
        <sponsorshipWithdrawnDate />
      </item>
      <item>
        <bioguideId>G000562</bioguideId>
        <fullName>Sen. Gardner, Cory [R-CO]</fullName>
        <firstName>Cory</firstName>
        <middleName />
        <lastName>Gardner</lastName>
        <party>R</party>
        <state>CO</state>
        <identifiers>
          <lisID>1998</lisID>
          <bioguideId>G000562</bioguideId>
          <gpoId>7862</gpoId>
        </identifiers>
        <sponsorshipDate>2019-01-30</sponsorshipDate>
        <isOriginalCosponsor>True</isOriginalCosponsor>
        <sponsorshipWithdrawnDate />
      </item>
      <item>
        <bioguideId>S001217</bioguideId>
        <fullName>Sen. Scott, Rick  [R-FL]</fullName>
        <firstName>Rick</firstName>
        <middleName />
        <lastName>Scott</lastName>
        <party>R</party>
        <state>FL</state>
        <identifiers>
          <lisID>2470</lisID>
          <bioguideId>S001217</bioguideId>
          <gpoId />
        </identifiers>
        <sponsorshipDate>2019-01-30</sponsorshipDate>
        <isOriginalCosponsor>True</isOriginalCosponsor>
        <sponsorshipWithdrawnDate />
      </item>
      <item>
        <bioguideId>H001089</bioguideId>
        <fullName>Sen. Hawley, Josh  [R-MO]</fullName>
        <firstName>Josh</firstName>
        <middleName />
        <lastName>Hawley</lastName>
        <party>R</party>
        <state>MO</state>
        <identifiers>
          <lisID>2464</lisID>
          <bioguideId>H001089</bioguideId>
          <gpoId />
        </identifiers>
        <sponsorshipDate>2019-01-30</sponsorshipDate>
        <isOriginalCosponsor>True</isOriginalCosponsor>
        <sponsorshipWithdrawnDate />
      </item>
      <item>
        <bioguideId>B001243</bioguideId>
        <fullName>Sen. Blackburn, Marsha [R-TN]</fullName>
        <firstName>Marsha</firstName>
        <middleName />
        <lastName>Blackburn</lastName>
        <party>R</party>
        <state>TN</state>
        <identifiers>
          <lisID>1748</lisID>
          <bioguideId>B001243</bioguideId>
          <gpoId>8154</gpoId>
        </identifiers>
        <sponsorshipDate>2019-01-30</sponsorshipDate>
        <isOriginalCosponsor>True</isOriginalCosponsor>
        <sponsorshipWithdrawnDate />
      </item>
      <item>
        <bioguideId>D000618</bioguideId>
        <fullName>Sen. Daines, Steve [R-MT]</fullName>
        <firstName>Steve</firstName>
        <middleName />
        <lastName>Daines</lastName>
        <party>R</party>
        <state>MT</state>
        <identifiers>
          <lisID>2138</lisID>
          <bioguideId>D000618</bioguideId>
          <gpoId />
        </identifiers>
        <sponsorshipDate>2019-01-30</sponsorshipDate>
        <isOriginalCosponsor>True</isOriginalCosponsor>
        <sponsorshipWithdrawnDate />
      </item>
      <item>
        <bioguideId>A000360</bioguideId>
        <fullName>Sen. Alexander, Lamar [R-TN]</fullName>
        <firstName>Lamar</firstName>
        <middleName />
        <lastName>Alexander</lastName>
        <party>R</party>
        <state>TN</state>
        <identifiers>
          <lisID>1695</lisID>
          <bioguideId>A000360</bioguideId>
          <gpoId>8304</gpoId>
        </identifiers>
        <sponsorshipDate>2019-02-12</sponsorshipDate>
        <isOriginalCosponsor>False</isOriginalCosponsor>
        <sponsorshipWithdrawnDate />
      </item>
      <item>
        <bioguideId>B001310</bioguideId>
        <fullName>Sen. Braun, Mike  [R-IN]</fullName>
        <firstName>Mike</firstName>
        <middleName />
        <lastName>Braun</lastName>
        <party>R</party>
        <state>IN</state>
        <identifiers>
          <lisID>2462</lisID>
          <bioguideId>B001310</bioguideId>
          <gpoId />
        </identifiers>
        <sponsorshipDate>2019-07-16</sponsorshipDate>
        <isOriginalCosponsor>False</isOriginalCosponsor>
        <sponsorshipWithdrawnDate />
      </item>
    </cosponsors>
    <cboCostEstimates />
    <laws />
    <notes />
    <policyArea>
      <name>Economics and Public Finance</name>
    </policyArea>
    <subjects>
      <billSubjects>
        <legislativeSubjects>
          <item>
            <name>Budget process</name>
          </item>
          <item>
            <name>Congressional Budget Office (CBO)</name>
          </item>
          <item>
            <name>Congressional agencies</name>
          </item>
          <item>
            <name>Congressional oversight</name>
          </item>
          <item>
            <name>Economic performance and conditions</name>
          </item>
          <item>
            <name>Government information and archives</name>
          </item>
          <item>
            <name>Legislative rules and procedure</name>
          </item>
        </legislativeSubjects>
        <policyArea>
          <name>Economics and Public Finance</name>
        </policyArea>
      </billSubjects>
    </subjects>
    <summaries>
      <billSummaries>
        <item>
          <versionCode>00</versionCode>
          <actionDate>2019-01-30</actionDate>
          <actionDesc>Introduced in Senate</actionDesc>
          <lastSummaryUpdateDate>2019-07-19T20:46:48Z</lastSummaryUpdateDate>
          <text><![CDATA[<p><b>CBO Show Your Work Act </b></p> <p>This bill requires the Congressional Budget Office (CBO) to make available to Congress and the public each fiscal model, policy model, and data preparation routine that the CBO uses to estimate the costs and other fiscal, social, or economic effects of legislation. </p> <p>For each estimate of the costs and other fiscal effects of legislation, the CBO must also disclose, in a manner sufficient to permit replication by individuals not employed by the CBO, the data, programs, models, assumptions, and other details of the computations used to prepare the estimate. </p> <p>For data that may not be disclosed, the CBO must make available to Congress and the public</p> <ul> <li> a complete list of all data variables for the data; </li> <li> descriptive statistics for all data variables for the data, to the extent that the descriptive statistics do not violate the rule against disclosure; </li> <li> a reference to the statute requiring that the data not be disclosed; and </li> <li> contact information for the individual or entity who has unrestricted access to the data. </li> </ul>]]></text>
          <updateDate>2019-01-30T05:00:00Z</updateDate>
          <name>Introduced in Senate</name>
        </item>
      </billSummaries>
    </summaries>
    <title>CBO Show Your Work Act</title>
    <titles>
      <item>
        <titleType>Short Title(s) as Introduced</titleType>
        <parentTitleType>Short Title</parentTitleType>
        <title>CBO Show Your Work Act</title>
        <chamberCode />
        <chamberName />
      </item>
      <item>
        <titleType>Official Title as Introduced</titleType>
        <parentTitleType />
        <title>A bill to require the Congressional Budget Office to make publicly available the fiscal and mathematical models, data, and other details of computations used in cost analysis and scoring.</title>
        <chamberCode />
        <chamberName />
      </item>
      <item>
        <titleType>Display Title</titleType>
        <parentTitleType />
        <title>CBO Show Your Work Act</title>
        <chamberCode />
        <chamberName />
      </item>
    </titles>
    <amendments />
    <textVersions>
      <item>
        <type>Introduced in Senate</type>
        <date>2019-01-30T05:00:00Z</date>
        <formats>
          <item>
            <url>https://www.govinfo.gov/content/pkg/BILLS-116s278is/xml/BILLS-116s278is.xml</url>
          </item>
        </formats>
      </item>
    </textVersions>
    <latestAction>
      <actionDate>2019-01-30</actionDate>
      <text>Read twice and referred to the Committee on the Budget.</text>
      <links />
    </latestAction>
    <calendarNumbers />
    <version>1.0.0</version>
  </bill>
  <dublinCore xmlns:dc="http://purl.org/dc/elements/1.1/">
    <dc:format>text/xml</dc:format>
    <dc:language>EN</dc:language>
    <dc:rights>Pursuant to Title 17 Section 105 of the United States Code, this file is not subject to copyright protection and is in the public domain.</dc:rights>
    <dc:contributor>Congressional Research Service, Library of Congress</dc:contributor>
    <dc:description>This file contains bill summaries and statuses for federal legislation. A bill summary describes the most significant provisions of a piece of legislation and details the effects the legislative text may have on current law and federal programs. Bill summaries are authored by the Congressional Research Service (CRS) of the Library of Congress. As stated in Public Law 91-510 (2 USC 166 (d)(6)), one of the duties of CRS is "to prepare summaries and digests of bills and resolutions of a public general nature introduced in the Senate or House of Representatives". For more information, refer to the User Guide that accompanies this file.</dc:description>
  </dublinCore>
</billStatus>

