<?xml version="1.0" encoding="UTF-8"?>
<billStatus>
  <bill>
    <billNumber>4899</billNumber>
    <createDate>2020-11-17T05:42:11Z</createDate>
    <updateDate>2021-06-11T21:57:54Z</updateDate>
    <originChamber>Senate</originChamber>
    <billType>S</billType>
    <introducedDate>2020-11-16</introducedDate>
    <congress>116</congress>
    <recordedVotes />
    <committees>
      <billCommittees>
        <item>
          <systemCode>ssfr00</systemCode>
          <name>Foreign Relations Committee</name>
          <chamber>Senate</chamber>
          <type>Standing</type>
          <subcommittees />
          <activities>
            <item>
              <name>Referred to</name>
              <date>2020-11-16T23:35:45Z</date>
            </item>
          </activities>
        </item>
      </billCommittees>
    </committees>
    <committeeReports />
    <relatedBills />
    <actions>
      <item>
        <actionDate>2020-11-16</actionDate>
        <committees>
          <item>
            <systemCode>ssfr00</systemCode>
            <name>Foreign Relations Committee</name>
          </item>
        </committees>
        <links />
        <sourceSystem>
          <code>0</code>
          <name>Senate</name>
        </sourceSystem>
        <text>Read twice and referred to the Committee on Foreign Relations.</text>
        <type>IntroReferral</type>
      </item>
      <item>
        <actionDate>2020-11-16</actionDate>
        <links />
        <text>Introduced in Senate</text>
        <type>IntroReferral</type>
        <actionCode>10000</actionCode>
        <sourceSystem>
          <code>9</code>
          <name>Library of Congress</name>
        </sourceSystem>
        <committees />
      </item>
      <actionTypeCounts>
        <referredToCommittee>1</referredToCommittee>
        <introducedInSenate>1</introducedInSenate>
      </actionTypeCounts>
      <actionByCounts>
        <senate>2</senate>
      </actionByCounts>
    </actions>
    <sponsors>
      <item>
        <bioguideId>B001243</bioguideId>
        <fullName>Sen. Blackburn, Marsha [R-TN]</fullName>
        <firstName>Marsha</firstName>
        <middleName />
        <lastName>Blackburn</lastName>
        <party>R</party>
        <state>TN</state>
        <identifiers>
          <lisID>1748</lisID>
          <bioguideId>B001243</bioguideId>
          <gpoId>8154</gpoId>
        </identifiers>
        <byRequestType />
      </item>
    </sponsors>
    <cosponsors>
      <item>
        <bioguideId>H001089</bioguideId>
        <fullName>Sen. Hawley, Josh  [R-MO]</fullName>
        <firstName>Josh</firstName>
        <middleName />
        <lastName>Hawley</lastName>
        <party>R</party>
        <state>MO</state>
        <identifiers>
          <lisID>2464</lisID>
          <bioguideId>H001089</bioguideId>
          <gpoId />
        </identifiers>
        <sponsorshipDate>2020-11-16</sponsorshipDate>
        <isOriginalCosponsor>True</isOriginalCosponsor>
        <sponsorshipWithdrawnDate />
      </item>
      <item>
        <bioguideId>C001096</bioguideId>
        <fullName>Sen. Cramer, Kevin [R-ND]</fullName>
        <firstName>Kevin</firstName>
        <middleName />
        <lastName>Cramer</lastName>
        <party>R</party>
        <state>ND</state>
        <identifiers>
          <lisID>2144</lisID>
          <bioguideId>C001096</bioguideId>
          <gpoId />
        </identifiers>
        <sponsorshipDate>2020-11-16</sponsorshipDate>
        <isOriginalCosponsor>True</isOriginalCosponsor>
        <sponsorshipWithdrawnDate />
      </item>
      <item>
        <bioguideId>R000595</bioguideId>
        <fullName>Sen. Rubio, Marco [R-FL]</fullName>
        <firstName>Marco</firstName>
        <middleName />
        <lastName>Rubio</lastName>
        <party>R</party>
        <state>FL</state>
        <identifiers>
          <lisID>2084</lisID>
          <bioguideId>R000595</bioguideId>
          <gpoId>8242</gpoId>
        </identifiers>
        <sponsorshipDate>2020-11-16</sponsorshipDate>
        <isOriginalCosponsor>True</isOriginalCosponsor>
        <sponsorshipWithdrawnDate />
      </item>
    </cosponsors>
    <cboCostEstimates />
    <laws />
    <notes />
    <policyArea>
      <name>International Affairs</name>
    </policyArea>
    <subjects>
      <billSubjects>
        <legislativeSubjects>
          <item>
            <name>Congressional oversight</name>
          </item>
          <item>
            <name>Cultural exchanges and relations</name>
          </item>
          <item>
            <name>Economic performance and conditions</name>
          </item>
          <item>
            <name>Espionage and treason</name>
          </item>
          <item>
            <name>Government ethics and transparency, public corruption</name>
          </item>
          <item>
            <name>Government studies and investigations</name>
          </item>
          <item>
            <name>Rule of law and government transparency</name>
          </item>
          <item>
            <name>Sovereignty, recognition, national governance and status</name>
          </item>
          <item>
            <name>Subversive activities</name>
          </item>
          <item>
            <name>Trade secrets and economic espionage</name>
          </item>
          <item>
            <name>Urban and suburban affairs and development</name>
          </item>
          <item>
            <name>Visas and passports</name>
          </item>
        </legislativeSubjects>
        <policyArea>
          <name>International Affairs</name>
        </policyArea>
      </billSubjects>
    </subjects>
    <summaries>
      <billSummaries>
        <item>
          <versionCode>00</versionCode>
          <actionDate>2020-11-16</actionDate>
          <actionDesc>Introduced in Senate</actionDesc>
          <lastSummaryUpdateDate>2021-01-19T17:40:12Z</lastSummaryUpdateDate>
          <text><![CDATA[<p><b>Sister City Transparency Act</b></p> <p>This bill requires the Government Accountability Office to study the activities of sister city partnerships involving foreign communities in countries that received a score of 45 or less on Transparency International's 2019 Corruption Perceptions Index. A sister city partnership is a formal agreement between a U.S. community and a foreign community that is recognized by Sister Cities International and that is operating within the United States.</p> <p>Among other elements, the required study must (1) identify oversight practices that U.S communities implement to mitigate the risks of foreign espionage and economic coercion within sister city partnerships, (2) assess the extent to which U.S. communities ensure transparency regarding sister city partnership contracts and activities, and (3) review the range of activities conducted within sister city partnerships. </p>]]></text>
          <updateDate>2020-11-16T05:00:00Z</updateDate>
          <name>Introduced in Senate</name>
        </item>
      </billSummaries>
    </summaries>
    <title>Sister City Transparency Act</title>
    <titles>
      <item>
        <titleType>Short Title(s) as Introduced</titleType>
        <parentTitleType>Short Title</parentTitleType>
        <title>Sister City Transparency Act</title>
        <chamberCode />
        <chamberName />
      </item>
      <item>
        <titleType>Display Title</titleType>
        <parentTitleType />
        <title>Sister City Transparency Act</title>
        <chamberCode />
        <chamberName />
      </item>
      <item>
        <titleType>Official Title as Introduced</titleType>
        <parentTitleType />
        <title>A bill to direct the Comptroller General of the United States to conduct a study to evaluate the activities of sister city partnerships operating within the United States, and for other purposes.</title>
        <chamberCode />
        <chamberName />
      </item>
    </titles>
    <amendments />
    <textVersions>
      <item>
        <type>Introduced in Senate</type>
        <date>2020-11-16T05:00:00Z</date>
        <formats>
          <item>
            <url>https://www.govinfo.gov/content/pkg/BILLS-116s4899is/xml/BILLS-116s4899is.xml</url>
          </item>
        </formats>
      </item>
    </textVersions>
    <latestAction>
      <actionDate>2020-11-16</actionDate>
      <text>Read twice and referred to the Committee on Foreign Relations.</text>
      <links />
    </latestAction>
    <calendarNumbers />
    <version>1.0.0</version>
  </bill>
  <dublinCore xmlns:dc="http://purl.org/dc/elements/1.1/">
    <dc:format>text/xml</dc:format>
    <dc:language>EN</dc:language>
    <dc:rights>Pursuant to Title 17 Section 105 of the United States Code, this file is not subject to copyright protection and is in the public domain.</dc:rights>
    <dc:contributor>Congressional Research Service, Library of Congress</dc:contributor>
    <dc:description>This file contains bill summaries and statuses for federal legislation. A bill summary describes the most significant provisions of a piece of legislation and details the effects the legislative text may have on current law and federal programs. Bill summaries are authored by the Congressional Research Service (CRS) of the Library of Congress. As stated in Public Law 91-510 (2 USC 166 (d)(6)), one of the duties of CRS is "to prepare summaries and digests of bills and resolutions of a public general nature introduced in the Senate or House of Representatives". For more information, refer to the User Guide that accompanies this file.</dc:description>
  </dublinCore>
</billStatus>

