<?xml version="1.0" encoding="UTF-8"?>
<billStatus>
  <bill>
    <billNumber>4004</billNumber>
    <createDate>2020-06-19T04:42:09Z</createDate>
    <updateDate>2021-06-11T22:02:31Z</updateDate>
    <originChamber>Senate</originChamber>
    <billType>S</billType>
    <introducedDate>2020-06-18</introducedDate>
    <congress>116</congress>
    <recordedVotes />
    <committees>
      <billCommittees>
        <item>
          <systemCode>sscm00</systemCode>
          <name>Commerce, Science, and Transportation Committee</name>
          <chamber>Senate</chamber>
          <type>Standing</type>
          <subcommittees />
          <activities>
            <item>
              <name>Referred to</name>
              <date>2020-06-18T19:38:12Z</date>
            </item>
          </activities>
        </item>
      </billCommittees>
    </committees>
    <committeeReports />
    <relatedBills />
    <actions>
      <item>
        <actionDate>2020-06-18</actionDate>
        <committees>
          <item>
            <systemCode>sscm00</systemCode>
            <name>Commerce, Science, and Transportation Committee</name>
          </item>
        </committees>
        <links />
        <sourceSystem>
          <code>0</code>
          <name>Senate</name>
        </sourceSystem>
        <text>Read twice and referred to the Committee on Commerce, Science, and Transportation.</text>
        <type>IntroReferral</type>
      </item>
      <item>
        <actionDate>2020-06-18</actionDate>
        <links />
        <text>Introduced in Senate</text>
        <type>IntroReferral</type>
        <actionCode>10000</actionCode>
        <sourceSystem>
          <code>9</code>
          <name>Library of Congress</name>
        </sourceSystem>
        <committees />
      </item>
      <actionTypeCounts>
        <referredToCommittee>1</referredToCommittee>
        <introducedInSenate>1</introducedInSenate>
      </actionTypeCounts>
      <actionByCounts>
        <senate>2</senate>
      </actionByCounts>
    </actions>
    <sponsors>
      <item>
        <bioguideId>R000595</bioguideId>
        <fullName>Sen. Rubio, Marco [R-FL]</fullName>
        <firstName>Marco</firstName>
        <middleName />
        <lastName>Rubio</lastName>
        <party>R</party>
        <state>FL</state>
        <identifiers>
          <lisID>2084</lisID>
          <bioguideId>R000595</bioguideId>
          <gpoId>8242</gpoId>
        </identifiers>
        <byRequestType />
      </item>
    </sponsors>
    <cosponsors />
    <cboCostEstimates />
    <laws />
    <notes />
    <policyArea>
      <name>Sports and Recreation</name>
    </policyArea>
    <subjects>
      <billSubjects>
        <legislativeSubjects>
          <item>
            <name>Athletes</name>
          </item>
          <item>
            <name>Commerce</name>
          </item>
          <item>
            <name>Federal preemption</name>
          </item>
          <item>
            <name>Higher education</name>
          </item>
          <item>
            <name>Marketing and advertising</name>
          </item>
          <item>
            <name>School athletics</name>
          </item>
          <item>
            <name>State and local government operations</name>
          </item>
          <item>
            <name>Wages and earnings</name>
          </item>
        </legislativeSubjects>
        <policyArea>
          <name>Sports and Recreation</name>
        </policyArea>
      </billSubjects>
    </subjects>
    <summaries>
      <billSummaries>
        <item>
          <versionCode>00</versionCode>
          <actionDate>2020-06-18</actionDate>
          <actionDesc>Introduced in Senate</actionDesc>
          <lastSummaryUpdateDate>2020-11-12T15:41:38Z</lastSummaryUpdateDate>
          <text><![CDATA[<p><b>Fairness in Collegiate Athletics Act</b></p> <p>This bill requires an intercollegiate athletic association to establish a policy that permits a student athlete to earn compensation from a third party for the use of the name, image, or likeness of the athlete and to obtain professional representation with respect to such compensation.</p> <p>An association must establish rules and programs to administer such policy, including reporting requirements for such compensation and necessary measures to preserve the amateur status of student athletes. </p>]]></text>
          <updateDate>2020-06-18T04:00:00Z</updateDate>
          <name>Introduced in Senate</name>
        </item>
      </billSummaries>
    </summaries>
    <title>Fairness in Collegiate Athletics Act</title>
    <titles>
      <item>
        <titleType>Short Title(s) as Introduced</titleType>
        <parentTitleType>Short Title</parentTitleType>
        <title>Fairness in Collegiate Athletics Act</title>
        <chamberCode />
        <chamberName />
      </item>
      <item>
        <titleType>Display Title</titleType>
        <parentTitleType />
        <title>Fairness in Collegiate Athletics Act</title>
        <chamberCode />
        <chamberName />
      </item>
      <item>
        <titleType>Official Title as Introduced</titleType>
        <parentTitleType />
        <title>A bill to ensure that college athletes, and not institutions of higher education, are able to profit from their name, image, and likeness, and for other purposes.</title>
        <chamberCode />
        <chamberName />
      </item>
    </titles>
    <amendments />
    <textVersions>
      <item>
        <type>Introduced in Senate</type>
        <date>2020-06-18T04:00:00Z</date>
        <formats>
          <item>
            <url>https://www.govinfo.gov/content/pkg/BILLS-116s4004is/xml/BILLS-116s4004is.xml</url>
          </item>
        </formats>
      </item>
    </textVersions>
    <latestAction>
      <actionDate>2020-06-18</actionDate>
      <text>Read twice and referred to the Committee on Commerce, Science, and Transportation.</text>
      <links />
    </latestAction>
    <calendarNumbers />
    <version>1.0.0</version>
  </bill>
  <dublinCore xmlns:dc="http://purl.org/dc/elements/1.1/">
    <dc:format>text/xml</dc:format>
    <dc:language>EN</dc:language>
    <dc:rights>Pursuant to Title 17 Section 105 of the United States Code, this file is not subject to copyright protection and is in the public domain.</dc:rights>
    <dc:contributor>Congressional Research Service, Library of Congress</dc:contributor>
    <dc:description>This file contains bill summaries and statuses for federal legislation. A bill summary describes the most significant provisions of a piece of legislation and details the effects the legislative text may have on current law and federal programs. Bill summaries are authored by the Congressional Research Service (CRS) of the Library of Congress. As stated in Public Law 91-510 (2 USC 166 (d)(6)), one of the duties of CRS is "to prepare summaries and digests of bills and resolutions of a public general nature introduced in the Senate or House of Representatives". For more information, refer to the User Guide that accompanies this file.</dc:description>
  </dublinCore>
</billStatus>

