<?xml version="1.0" encoding="UTF-8"?>
<billStatus>
  <bill>
    <billNumber>671</billNumber>
    <createDate>2019-03-07T05:42:07Z</createDate>
    <updateDate>2021-06-11T21:58:15Z</updateDate>
    <originChamber>Senate</originChamber>
    <billType>S</billType>
    <introducedDate>2019-03-06</introducedDate>
    <congress>116</congress>
    <recordedVotes />
    <committees>
      <billCommittees>
        <item>
          <systemCode>ssfi00</systemCode>
          <name>Finance Committee</name>
          <chamber>Senate</chamber>
          <type>Standing</type>
          <subcommittees />
          <activities>
            <item>
              <name>Referred to</name>
              <date>2019-03-06T16:09:44Z</date>
            </item>
          </activities>
        </item>
      </billCommittees>
    </committees>
    <committeeReports />
    <relatedBills>
      <item>
        <latestTitle>Miners Pension Protection Act</latestTitle>
        <congress>116</congress>
        <number>935</number>
        <type>HR</type>
        <latestAction>
          <actionDate>2019-10-23</actionDate>
          <text>Ordered to be Reported (Amended) by Voice Vote.</text>
        </latestAction>
        <relationshipDetails>
          <item>
            <type>Related bill</type>
            <identifiedBy>CRS</identifiedBy>
          </item>
        </relationshipDetails>
      </item>
      <item>
        <latestTitle>American Miners Act of 2019</latestTitle>
        <congress>116</congress>
        <number>27</number>
        <type>S</type>
        <latestAction>
          <actionDate>2019-01-03</actionDate>
          <text>Read twice and referred to the Committee on Finance.</text>
        </latestAction>
        <relationshipDetails>
          <item>
            <type>Related bill</type>
            <identifiedBy>CRS</identifiedBy>
          </item>
        </relationshipDetails>
      </item>
      <item>
        <latestTitle>Further Consolidated Appropriations Act, 2020</latestTitle>
        <congress>116</congress>
        <number>1865</number>
        <type>HR</type>
        <latestAction>
          <actionDate>2019-12-20</actionDate>
          <text>Became Public Law No: 116-94.</text>
        </latestAction>
        <relationshipDetails>
          <item>
            <type>Related bill</type>
            <identifiedBy>CRS</identifiedBy>
          </item>
        </relationshipDetails>
      </item>
      <item>
        <latestTitle>Bipartisan American Miners Act of 2019</latestTitle>
        <congress>116</congress>
        <number>2788</number>
        <type>S</type>
        <latestAction>
          <actionDate>2019-11-06</actionDate>
          <text>Read twice and referred to the Committee on Finance.</text>
        </latestAction>
        <relationshipDetails>
          <item>
            <type>Related bill</type>
            <identifiedBy>CRS</identifiedBy>
          </item>
        </relationshipDetails>
      </item>
    </relatedBills>
    <actions>
      <item>
        <actionDate>2019-03-06</actionDate>
        <committees>
          <item>
            <systemCode>ssfi00</systemCode>
            <name>Finance Committee</name>
          </item>
        </committees>
        <links />
        <sourceSystem>
          <code>0</code>
          <name>Senate</name>
        </sourceSystem>
        <text>Read twice and referred to the Committee on Finance.</text>
        <type>IntroReferral</type>
      </item>
      <item>
        <actionDate>2019-03-06</actionDate>
        <links />
        <text>Introduced in Senate</text>
        <type>IntroReferral</type>
        <actionCode>10000</actionCode>
        <sourceSystem>
          <code>9</code>
          <name>Library of Congress</name>
        </sourceSystem>
        <committees />
      </item>
      <actionTypeCounts>
        <referredToCommittee>1</referredToCommittee>
        <introducedInSenate>1</introducedInSenate>
      </actionTypeCounts>
      <actionByCounts>
        <senate>2</senate>
      </actionByCounts>
    </actions>
    <sponsors>
      <item>
        <bioguideId>C001047</bioguideId>
        <fullName>Sen. Capito, Shelley Moore [R-WV]</fullName>
        <firstName>SHELLEY</firstName>
        <middleName>MOORE</middleName>
        <lastName>CAPITO</lastName>
        <party>R</party>
        <state>WV</state>
        <identifiers>
          <lisID>1676</lisID>
          <bioguideId>C001047</bioguideId>
          <gpoId>8223</gpoId>
        </identifiers>
        <byRequestType />
      </item>
    </sponsors>
    <cosponsors>
      <item>
        <bioguideId>P000449</bioguideId>
        <fullName>Sen. Portman, Rob [R-OH]</fullName>
        <firstName>ROB</firstName>
        <middleName />
        <lastName>PORTMAN</lastName>
        <party>R</party>
        <state>OH</state>
        <identifiers>
          <lisID>924</lisID>
          <bioguideId>P000449</bioguideId>
          <gpoId>8266</gpoId>
        </identifiers>
        <sponsorshipDate>2019-03-06</sponsorshipDate>
        <isOriginalCosponsor>True</isOriginalCosponsor>
        <sponsorshipWithdrawnDate />
      </item>
    </cosponsors>
    <cboCostEstimates />
    <laws />
    <notes />
    <policyArea>
      <name>Labor and Employment</name>
    </policyArea>
    <subjects>
      <billSubjects>
        <legislativeSubjects>
          <item>
            <name>Coal</name>
          </item>
          <item>
            <name>Employee benefits and pensions</name>
          </item>
          <item>
            <name>Government information and archives</name>
          </item>
          <item>
            <name>Mining</name>
          </item>
        </legislativeSubjects>
        <policyArea>
          <name>Labor and Employment</name>
        </policyArea>
      </billSubjects>
    </subjects>
    <summaries>
      <billSummaries>
        <item>
          <versionCode>00</versionCode>
          <actionDate>2019-03-06</actionDate>
          <actionDesc>Introduced in Senate</actionDesc>
          <lastSummaryUpdateDate>2019-06-28T18:33:22Z</lastSummaryUpdateDate>
          <text><![CDATA[<p><b> Miners Pension Protection Act </b></p> <p>This bill transfers certain funds to provide pension benefits for retired coal miners who have been affected by issues such as coal company bankruptcies. </p> <p>The Department of the Treasury must transfer additional funds to the 1974 United Mine Workers of America (UMWA) Pension Plan to pay pension benefits required under that plan if the annual limit on transfers under the Surface Mining Control and Reclamation Act of 1977 exceeds the amount required to be transferred for existing obligations of the Abandoned Mine Reclamation Fund. The bill also increases the annual limit on transfers from $490 million to $750 million. </p> <p>The bill also allows in-service distributions under a pension plan or governmental section 457(b) plan at age 59-1/2 (currently age 62). </p>]]></text>
          <updateDate>2019-03-06T05:00:00Z</updateDate>
          <name>Introduced in Senate</name>
        </item>
      </billSummaries>
    </summaries>
    <title>Miners Pension Protection Act</title>
    <titles>
      <item>
        <titleType>Short Title(s) as Introduced</titleType>
        <parentTitleType>Short Title</parentTitleType>
        <title>Miners Pension Protection Act</title>
        <chamberCode />
        <chamberName />
      </item>
      <item>
        <titleType>Official Title as Introduced</titleType>
        <parentTitleType />
        <title>A bill to amend the Surface Mining Control and Reclamation Act of 1977 to transfer certain funds to the 1974 United Mine Workers of America Pension Plan, and for other purposes.</title>
        <chamberCode />
        <chamberName />
      </item>
      <item>
        <titleType>Display Title</titleType>
        <parentTitleType />
        <title>Miners Pension Protection Act</title>
        <chamberCode />
        <chamberName />
      </item>
    </titles>
    <amendments />
    <textVersions>
      <item>
        <type>Introduced in Senate</type>
        <date>2019-03-06T05:00:00Z</date>
        <formats>
          <item>
            <url>https://www.govinfo.gov/content/pkg/BILLS-116s671is/xml/BILLS-116s671is.xml</url>
          </item>
        </formats>
      </item>
    </textVersions>
    <latestAction>
      <actionDate>2019-03-06</actionDate>
      <text>Read twice and referred to the Committee on Finance.</text>
      <links />
    </latestAction>
    <calendarNumbers />
    <version>1.0.0</version>
  </bill>
  <dublinCore xmlns:dc="http://purl.org/dc/elements/1.1/">
    <dc:format>text/xml</dc:format>
    <dc:language>EN</dc:language>
    <dc:rights>Pursuant to Title 17 Section 105 of the United States Code, this file is not subject to copyright protection and is in the public domain.</dc:rights>
    <dc:contributor>Congressional Research Service, Library of Congress</dc:contributor>
    <dc:description>This file contains bill summaries and statuses for federal legislation. A bill summary describes the most significant provisions of a piece of legislation and details the effects the legislative text may have on current law and federal programs. Bill summaries are authored by the Congressional Research Service (CRS) of the Library of Congress. As stated in Public Law 91-510 (2 USC 166 (d)(6)), one of the duties of CRS is "to prepare summaries and digests of bills and resolutions of a public general nature introduced in the Senate or House of Representatives". For more information, refer to the User Guide that accompanies this file.</dc:description>
  </dublinCore>
</billStatus>

