<?xml version="1.0" encoding="UTF-8"?>
<billStatus>
  <bill>
    <billNumber>18</billNumber>
    <createDate>2019-01-04T13:32:59Z</createDate>
    <updateDate>2021-08-25T16:26:25Z</updateDate>
    <originChamber>Senate</originChamber>
    <billType>S</billType>
    <introducedDate>2019-01-03</introducedDate>
    <congress>116</congress>
    <recordedVotes />
    <committees>
      <billCommittees>
        <item>
          <systemCode>ssfi00</systemCode>
          <name>Finance Committee</name>
          <chamber>Senate</chamber>
          <type>Standing</type>
          <subcommittees />
          <activities>
            <item>
              <name>Referred to</name>
              <date>2019-01-03T19:43:40Z</date>
            </item>
          </activities>
        </item>
      </billCommittees>
    </committees>
    <committeeReports />
    <relatedBills>
      <item>
        <latestTitle>SAFE Hospitals Act of 2019</latestTitle>
        <congress>116</congress>
        <number>3613</number>
        <type>HR</type>
        <latestAction>
          <actionDate>2019-07-03</actionDate>
          <text>Referred to the Subcommittee on Health.</text>
        </latestAction>
        <relationshipDetails>
          <item>
            <type>Identical bill</type>
            <identifiedBy>CRS</identifiedBy>
          </item>
        </relationshipDetails>
      </item>
    </relatedBills>
    <actions>
      <item>
        <actionDate>2019-01-03</actionDate>
        <committees>
          <item>
            <systemCode>ssfi00</systemCode>
            <name>Finance Committee</name>
          </item>
        </committees>
        <links />
        <sourceSystem>
          <code>0</code>
          <name>Senate</name>
        </sourceSystem>
        <text>Read twice and referred to the Committee on Finance.</text>
        <type>IntroReferral</type>
      </item>
      <item>
        <actionDate>2019-01-03</actionDate>
        <links />
        <text>Introduced in Senate</text>
        <type>IntroReferral</type>
        <actionCode>10000</actionCode>
        <sourceSystem>
          <code>9</code>
          <name>Library of Congress</name>
        </sourceSystem>
        <committees />
      </item>
      <actionTypeCounts>
        <referredToCommittee>1</referredToCommittee>
        <introducedInSenate>1</introducedInSenate>
      </actionTypeCounts>
      <actionByCounts>
        <senate>2</senate>
      </actionByCounts>
    </actions>
    <sponsors>
      <item>
        <bioguideId>R000595</bioguideId>
        <fullName>Sen. Rubio, Marco [R-FL]</fullName>
        <firstName>Marco</firstName>
        <middleName />
        <lastName>Rubio</lastName>
        <party>R</party>
        <state>FL</state>
        <identifiers>
          <lisID>2084</lisID>
          <bioguideId>R000595</bioguideId>
          <gpoId>8242</gpoId>
        </identifiers>
        <byRequestType />
      </item>
    </sponsors>
    <cosponsors />
    <cboCostEstimates />
    <laws />
    <notes />
    <policyArea>
      <name>Health</name>
    </policyArea>
    <subjects>
      <billSubjects>
        <legislativeSubjects>
          <item>
            <name>Health care coverage and access</name>
          </item>
          <item>
            <name>Hospital care</name>
          </item>
          <item>
            <name>Medicaid</name>
          </item>
        </legislativeSubjects>
        <policyArea>
          <name>Health</name>
        </policyArea>
      </billSubjects>
    </subjects>
    <summaries>
      <billSummaries>
        <item>
          <versionCode>00</versionCode>
          <actionDate>2019-01-03</actionDate>
          <actionDesc>Introduced in Senate</actionDesc>
          <lastSummaryUpdateDate>2019-08-06T15:00:41Z</lastSummaryUpdateDate>
          <text><![CDATA[<p><b>State Accountability, Flexibility, and Equity for Hospitals Act of 2019 or the SAFE Hospitals Act of 2019</b></p> <p>This bill alters Medicaid requirements relating to payment for inpatient hospital services that are provided by disproportionate share hospitals (DSHs). (DSHs are hospitals that receive additional payment under Medicaid for treating a large share of low-income patients.)</p> <p>Among other changes, the bill requires state Medicaid programs to adopt a payment methodology that meets certain criteria, including by prioritizing payments based on the DSH tier for which the hospital qualifies; tiers are determined based on factors such as the hospital's Medicaid inpatient utilization rate. </p> <p>The bill also incorporates state poverty ratios (i.e., the number of qualifying low-income individuals in a state compared to all states) into the formula for determining state DSH allotments under Medicaid. The bill phases in application of the revised formula over the course of 10 to 15 years. </p>]]></text>
          <updateDate>2019-01-03T05:00:00Z</updateDate>
          <name>Introduced in Senate</name>
        </item>
      </billSummaries>
    </summaries>
    <title>SAFE Hospitals Act of 2019</title>
    <titles>
      <item>
        <titleType>Short Title(s) as Introduced</titleType>
        <parentTitleType>Short Title</parentTitleType>
        <title>SAFE Hospitals Act of 2019</title>
        <chamberCode />
        <chamberName />
      </item>
      <item>
        <titleType>Short Title(s) as Introduced</titleType>
        <parentTitleType>Short Title</parentTitleType>
        <title>State Accountability, Flexibility, and Equity for Hospitals Act of 2019</title>
        <chamberCode />
        <chamberName />
      </item>
      <item>
        <titleType>Official Title as Introduced</titleType>
        <parentTitleType />
        <title>A bill to amend title XIX of the Social Security Act to establish a methodology for determining State allotments for Medicaid disproportionate share hospital payments that is based on State poverty levels, to require States to prioritize disproportionate share hospital payments on the basis of Medicaid inpatient utilization and low-income utilization rates, and for other purposes.</title>
        <chamberCode />
        <chamberName />
      </item>
      <item>
        <titleType>Display Title</titleType>
        <parentTitleType />
        <title>SAFE Hospitals Act of 2019</title>
        <chamberCode />
        <chamberName />
      </item>
    </titles>
    <amendments />
    <textVersions>
      <item>
        <type>Introduced in Senate</type>
        <date>2019-01-03T05:00:00Z</date>
        <formats>
          <item>
            <url>https://www.govinfo.gov/content/pkg/BILLS-116s18is/xml/BILLS-116s18is.xml</url>
          </item>
        </formats>
      </item>
    </textVersions>
    <latestAction>
      <actionDate>2019-01-03</actionDate>
      <text>Read twice and referred to the Committee on Finance.</text>
      <links />
    </latestAction>
    <calendarNumbers />
    <version>1.0.0</version>
  </bill>
  <dublinCore xmlns:dc="http://purl.org/dc/elements/1.1/">
    <dc:format>text/xml</dc:format>
    <dc:language>EN</dc:language>
    <dc:rights>Pursuant to Title 17 Section 105 of the United States Code, this file is not subject to copyright protection and is in the public domain.</dc:rights>
    <dc:contributor>Congressional Research Service, Library of Congress</dc:contributor>
    <dc:description>This file contains bill summaries and statuses for federal legislation. A bill summary describes the most significant provisions of a piece of legislation and details the effects the legislative text may have on current law and federal programs. Bill summaries are authored by the Congressional Research Service (CRS) of the Library of Congress. As stated in Public Law 91-510 (2 USC 166 (d)(6)), one of the duties of CRS is "to prepare summaries and digests of bills and resolutions of a public general nature introduced in the Senate or House of Representatives". For more information, refer to the User Guide that accompanies this file.</dc:description>
  </dublinCore>
</billStatus>

