<?xml version="1.0" encoding="UTF-8"?>
<billStatus>
  <bill>
    <billNumber>367</billNumber>
    <createDate>2019-02-08T05:55:24Z</createDate>
    <updateDate>2021-06-11T22:02:02Z</updateDate>
    <originChamber>Senate</originChamber>
    <billType>S</billType>
    <introducedDate>2019-02-07</introducedDate>
    <congress>116</congress>
    <recordedVotes />
    <committees>
      <billCommittees>
        <item>
          <systemCode>sseg00</systemCode>
          <name>Energy and Natural Resources Committee</name>
          <chamber>Senate</chamber>
          <type>Standing</type>
          <subcommittees />
          <activities>
            <item>
              <name>Referred to</name>
              <date>2019-02-07T18:23:27Z</date>
            </item>
          </activities>
        </item>
      </billCommittees>
    </committees>
    <committeeReports />
    <relatedBills>
      <item>
        <latestTitle>ANTIQUITIES Act</latestTitle>
        <congress>116</congress>
        <number>1050</number>
        <type>HR</type>
        <latestAction>
          <actionDate>2019-02-25</actionDate>
          <text>Referred to the Subcommittee on National Parks, Forests, and Public Lands.</text>
        </latestAction>
        <relationshipDetails>
          <item>
            <type>Identical bill</type>
            <identifiedBy>CRS</identifiedBy>
          </item>
        </relationshipDetails>
      </item>
    </relatedBills>
    <actions>
      <item>
        <actionDate>2019-02-07</actionDate>
        <committees>
          <item>
            <systemCode>sseg00</systemCode>
            <name>Energy and Natural Resources Committee</name>
          </item>
        </committees>
        <links />
        <sourceSystem>
          <code>0</code>
          <name>Senate</name>
        </sourceSystem>
        <text>Read twice and referred to the Committee on Energy and Natural Resources.</text>
        <type>IntroReferral</type>
      </item>
      <item>
        <actionDate>2019-02-07</actionDate>
        <links />
        <text>Introduced in Senate</text>
        <type>IntroReferral</type>
        <actionCode>10000</actionCode>
        <sourceSystem>
          <code>9</code>
          <name>Library of Congress</name>
        </sourceSystem>
        <committees />
      </item>
      <actionTypeCounts>
        <referredToCommittee>1</referredToCommittee>
        <introducedInSenate>1</introducedInSenate>
      </actionTypeCounts>
      <actionByCounts>
        <senate>2</senate>
      </actionByCounts>
    </actions>
    <sponsors>
      <item>
        <bioguideId>U000039</bioguideId>
        <fullName>Sen. Udall, Tom [D-NM]</fullName>
        <firstName>TOM</firstName>
        <middleName />
        <lastName>UDALL</lastName>
        <party>D</party>
        <state>NM</state>
        <identifiers>
          <lisID>1567</lisID>
          <bioguideId>U000039</bioguideId>
          <gpoId>8260</gpoId>
        </identifiers>
        <byRequestType />
      </item>
    </sponsors>
    <cosponsors>
      <item>
        <bioguideId>B001277</bioguideId>
        <fullName>Sen. Blumenthal, Richard [D-CT]</fullName>
        <firstName>Richard</firstName>
        <middleName />
        <lastName>Blumenthal</lastName>
        <party>D</party>
        <state>CT</state>
        <identifiers>
          <lisID>2076</lisID>
          <bioguideId>B001277</bioguideId>
          <gpoId>8332</gpoId>
        </identifiers>
        <sponsorshipDate>2019-02-07</sponsorshipDate>
        <isOriginalCosponsor>True</isOriginalCosponsor>
        <sponsorshipWithdrawnDate />
      </item>
      <item>
        <bioguideId>V000128</bioguideId>
        <fullName>Sen. Van Hollen, Chris [D-MD]</fullName>
        <firstName>Chris</firstName>
        <middleName />
        <lastName>Van Hollen</lastName>
        <party>D</party>
        <state>MD</state>
        <identifiers>
          <lisID>1729</lisID>
          <bioguideId>V000128</bioguideId>
          <gpoId>7983</gpoId>
        </identifiers>
        <sponsorshipDate>2019-02-07</sponsorshipDate>
        <isOriginalCosponsor>True</isOriginalCosponsor>
        <sponsorshipWithdrawnDate />
      </item>
      <item>
        <bioguideId>B001288</bioguideId>
        <fullName>Sen. Booker, Cory A. [D-NJ]</fullName>
        <firstName>Cory</firstName>
        <middleName>A.</middleName>
        <lastName>Booker</lastName>
        <party>D</party>
        <state>NJ</state>
        <identifiers>
          <lisID>2194</lisID>
          <bioguideId>B001288</bioguideId>
          <gpoId />
        </identifiers>
        <sponsorshipDate>2019-02-07</sponsorshipDate>
        <isOriginalCosponsor>True</isOriginalCosponsor>
        <sponsorshipWithdrawnDate />
      </item>
      <item>
        <bioguideId>W000779</bioguideId>
        <fullName>Sen. Wyden, Ron [D-OR]</fullName>
        <firstName>RON</firstName>
        <middleName />
        <lastName>WYDEN</lastName>
        <party>D</party>
        <state>OR</state>
        <identifiers>
          <lisID>1247</lisID>
          <bioguideId>W000779</bioguideId>
          <gpoId>8265</gpoId>
        </identifiers>
        <sponsorshipDate>2019-02-07</sponsorshipDate>
        <isOriginalCosponsor>True</isOriginalCosponsor>
        <sponsorshipWithdrawnDate />
      </item>
      <item>
        <bioguideId>H001042</bioguideId>
        <fullName>Sen. Hirono, Mazie K. [D-HI]</fullName>
        <firstName>Mazie</firstName>
        <middleName>K.</middleName>
        <lastName>Hirono</lastName>
        <party>D</party>
        <state>HI</state>
        <identifiers>
          <lisID>1844</lisID>
          <bioguideId>H001042</bioguideId>
          <gpoId>7913</gpoId>
        </identifiers>
        <sponsorshipDate>2019-02-07</sponsorshipDate>
        <isOriginalCosponsor>True</isOriginalCosponsor>
        <sponsorshipWithdrawnDate />
      </item>
      <item>
        <bioguideId>D000622</bioguideId>
        <fullName>Sen. Duckworth, Tammy [D-IL]</fullName>
        <firstName>Tammy</firstName>
        <middleName />
        <lastName>Duckworth</lastName>
        <party>D</party>
        <state>IL</state>
        <identifiers>
          <lisID>2123</lisID>
          <bioguideId>D000622</bioguideId>
          <gpoId />
        </identifiers>
        <sponsorshipDate>2019-02-07</sponsorshipDate>
        <isOriginalCosponsor>True</isOriginalCosponsor>
        <sponsorshipWithdrawnDate />
      </item>
      <item>
        <bioguideId>H001075</bioguideId>
        <fullName>Sen. Harris, Kamala D. [D-CA]</fullName>
        <firstName>Kamala</firstName>
        <middleName>D.</middleName>
        <lastName>Harris</lastName>
        <party>D</party>
        <state>CA</state>
        <identifiers>
          <lisID>2301</lisID>
          <bioguideId>H001075</bioguideId>
          <gpoId />
        </identifiers>
        <sponsorshipDate>2019-02-07</sponsorshipDate>
        <isOriginalCosponsor>True</isOriginalCosponsor>
        <sponsorshipWithdrawnDate />
      </item>
      <item>
        <bioguideId>C001113</bioguideId>
        <fullName>Sen. Cortez Masto, Catherine  [D-NV]</fullName>
        <firstName>Catherine</firstName>
        <middleName />
        <lastName>Cortez Masto</lastName>
        <party>D</party>
        <state>NV</state>
        <identifiers>
          <lisID>2299</lisID>
          <bioguideId>C001113</bioguideId>
          <gpoId />
        </identifiers>
        <sponsorshipDate>2019-02-07</sponsorshipDate>
        <isOriginalCosponsor>True</isOriginalCosponsor>
        <sponsorshipWithdrawnDate />
      </item>
      <item>
        <bioguideId>L000174</bioguideId>
        <fullName>Sen. Leahy, Patrick J. [D-VT]</fullName>
        <firstName>PATRICK</firstName>
        <middleName>JOSEPH</middleName>
        <lastName>LEAHY</lastName>
        <party>D</party>
        <state>VT</state>
        <identifiers>
          <lisID>1383</lisID>
          <bioguideId>L000174</bioguideId>
          <gpoId>8244</gpoId>
        </identifiers>
        <sponsorshipDate>2019-02-07</sponsorshipDate>
        <isOriginalCosponsor>True</isOriginalCosponsor>
        <sponsorshipWithdrawnDate />
      </item>
      <item>
        <bioguideId>S001203</bioguideId>
        <fullName>Sen. Smith, Tina  [D-MN]</fullName>
        <firstName>Tina</firstName>
        <middleName />
        <lastName>Smith</lastName>
        <party>D</party>
        <state>MN</state>
        <identifiers>
          <lisID>2365</lisID>
          <bioguideId>S001203</bioguideId>
          <gpoId />
        </identifiers>
        <sponsorshipDate>2019-02-07</sponsorshipDate>
        <isOriginalCosponsor>True</isOriginalCosponsor>
        <sponsorshipWithdrawnDate />
      </item>
      <item>
        <bioguideId>F000062</bioguideId>
        <fullName>Sen. Feinstein, Dianne [D-CA]</fullName>
        <firstName>DIANNE</firstName>
        <middleName />
        <lastName>FEINSTEIN</lastName>
        <party>D</party>
        <state>CA</state>
        <identifiers>
          <lisID>1332</lisID>
          <bioguideId>F000062</bioguideId>
          <gpoId>8338</gpoId>
        </identifiers>
        <sponsorshipDate>2019-02-07</sponsorshipDate>
        <isOriginalCosponsor>True</isOriginalCosponsor>
        <sponsorshipWithdrawnDate />
      </item>
      <item>
        <bioguideId>H001046</bioguideId>
        <fullName>Sen. Heinrich, Martin [D-NM]</fullName>
        <firstName>Martin</firstName>
        <middleName />
        <lastName>Heinrich</lastName>
        <party>D</party>
        <state>NM</state>
        <identifiers>
          <lisID>1937</lisID>
          <bioguideId>H001046</bioguideId>
          <gpoId>8056</gpoId>
        </identifiers>
        <sponsorshipDate>2019-02-07</sponsorshipDate>
        <isOriginalCosponsor>True</isOriginalCosponsor>
        <sponsorshipWithdrawnDate />
      </item>
      <item>
        <bioguideId>G000555</bioguideId>
        <fullName>Sen. Gillibrand, Kirsten E. [D-NY]</fullName>
        <firstName>Kirsten</firstName>
        <middleName>E.</middleName>
        <lastName>Gillibrand</lastName>
        <party>D</party>
        <state>NY</state>
        <identifiers>
          <lisID>1866</lisID>
          <bioguideId>G000555</bioguideId>
          <gpoId>8336</gpoId>
        </identifiers>
        <sponsorshipDate>2019-02-07</sponsorshipDate>
        <isOriginalCosponsor>True</isOriginalCosponsor>
        <sponsorshipWithdrawnDate />
      </item>
      <item>
        <bioguideId>M001176</bioguideId>
        <fullName>Sen. Merkley, Jeff [D-OR]</fullName>
        <firstName>Jeff</firstName>
        <middleName />
        <lastName>Merkley</lastName>
        <party>D</party>
        <state>OR</state>
        <identifiers>
          <lisID>1900</lisID>
          <bioguideId>M001176</bioguideId>
          <gpoId>8238</gpoId>
        </identifiers>
        <sponsorshipDate>2019-02-07</sponsorshipDate>
        <isOriginalCosponsor>True</isOriginalCosponsor>
        <sponsorshipWithdrawnDate />
      </item>
      <item>
        <bioguideId>M001111</bioguideId>
        <fullName>Sen. Murray, Patty [D-WA]</fullName>
        <firstName>PATTY</firstName>
        <middleName />
        <lastName>MURRAY</lastName>
        <party>D</party>
        <state>WA</state>
        <identifiers>
          <lisID>1409</lisID>
          <bioguideId>M001111</bioguideId>
          <gpoId>8237</gpoId>
        </identifiers>
        <sponsorshipDate>2019-02-07</sponsorshipDate>
        <isOriginalCosponsor>True</isOriginalCosponsor>
        <sponsorshipWithdrawnDate />
      </item>
      <item>
        <bioguideId>B001230</bioguideId>
        <fullName>Sen. Baldwin, Tammy [D-WI]</fullName>
        <firstName>Tammy</firstName>
        <middleName />
        <lastName>Baldwin</lastName>
        <party>D</party>
        <state>WI</state>
        <identifiers>
          <lisID>1558</lisID>
          <bioguideId>B001230</bioguideId>
          <gpoId>8215</gpoId>
        </identifiers>
        <sponsorshipDate>2019-02-07</sponsorshipDate>
        <isOriginalCosponsor>True</isOriginalCosponsor>
        <sponsorshipWithdrawnDate />
      </item>
      <item>
        <bioguideId>S001194</bioguideId>
        <fullName>Sen. Schatz, Brian [D-HI]</fullName>
        <firstName>Brian</firstName>
        <middleName />
        <lastName>Schatz</lastName>
        <party>D</party>
        <state>HI</state>
        <identifiers>
          <lisID>2173</lisID>
          <bioguideId>S001194</bioguideId>
          <gpoId />
        </identifiers>
        <sponsorshipDate>2019-02-07</sponsorshipDate>
        <isOriginalCosponsor>True</isOriginalCosponsor>
        <sponsorshipWithdrawnDate />
      </item>
      <item>
        <bioguideId>D000563</bioguideId>
        <fullName>Sen. Durbin, Richard J. [D-IL]</fullName>
        <firstName>RICHARD</firstName>
        <middleName>J.</middleName>
        <lastName>DURBIN</lastName>
        <party>D</party>
        <state>IL</state>
        <identifiers>
          <lisID>326</lisID>
          <bioguideId>D000563</bioguideId>
          <gpoId>8326</gpoId>
        </identifiers>
        <sponsorshipDate>2019-02-07</sponsorshipDate>
        <isOriginalCosponsor>True</isOriginalCosponsor>
        <sponsorshipWithdrawnDate />
      </item>
      <item>
        <bioguideId>C000141</bioguideId>
        <fullName>Sen. Cardin, Benjamin L. [D-MD]</fullName>
        <firstName>BENJAMIN</firstName>
        <middleName>L.</middleName>
        <lastName>CARDIN</lastName>
        <party>D</party>
        <state>MD</state>
        <identifiers>
          <lisID>174</lisID>
          <bioguideId>C000141</bioguideId>
          <gpoId>8287</gpoId>
        </identifiers>
        <sponsorshipDate>2019-02-07</sponsorshipDate>
        <isOriginalCosponsor>True</isOriginalCosponsor>
        <sponsorshipWithdrawnDate />
      </item>
      <item>
        <bioguideId>K000367</bioguideId>
        <fullName>Sen. Klobuchar, Amy [D-MN]</fullName>
        <firstName>Amy</firstName>
        <middleName />
        <lastName>Klobuchar</lastName>
        <party>D</party>
        <state>MN</state>
        <identifiers>
          <lisID>1826</lisID>
          <bioguideId>K000367</bioguideId>
          <gpoId>8249</gpoId>
        </identifiers>
        <sponsorshipDate>2019-02-07</sponsorshipDate>
        <isOriginalCosponsor>True</isOriginalCosponsor>
        <sponsorshipWithdrawnDate />
      </item>
      <item>
        <bioguideId>R000608</bioguideId>
        <fullName>Sen. Rosen, Jacky [D-NV]</fullName>
        <firstName>Jacklyn</firstName>
        <middleName />
        <lastName>Rosen</lastName>
        <party>D</party>
        <state>NV</state>
        <identifiers>
          <lisID>2339</lisID>
          <bioguideId>R000608</bioguideId>
          <gpoId />
        </identifiers>
        <sponsorshipDate>2019-02-07</sponsorshipDate>
        <isOriginalCosponsor>True</isOriginalCosponsor>
        <sponsorshipWithdrawnDate />
      </item>
      <item>
        <bioguideId>M001169</bioguideId>
        <fullName>Sen. Murphy, Christopher [D-CT]</fullName>
        <firstName>Christopher</firstName>
        <middleName />
        <lastName>Murphy</lastName>
        <party>D</party>
        <state>CT</state>
        <identifiers>
          <lisID>1837</lisID>
          <bioguideId>M001169</bioguideId>
          <gpoId>7870</gpoId>
        </identifiers>
        <sponsorshipDate>2019-02-07</sponsorshipDate>
        <isOriginalCosponsor>True</isOriginalCosponsor>
        <sponsorshipWithdrawnDate />
      </item>
      <item>
        <bioguideId>B001267</bioguideId>
        <fullName>Sen. Bennet, Michael F. [D-CO]</fullName>
        <firstName>Michael</firstName>
        <middleName>F.</middleName>
        <lastName>Bennet</lastName>
        <party>D</party>
        <state>CO</state>
        <identifiers>
          <lisID>1965</lisID>
          <bioguideId>B001267</bioguideId>
          <gpoId>8302</gpoId>
        </identifiers>
        <sponsorshipDate>2019-02-07</sponsorshipDate>
        <isOriginalCosponsor>True</isOriginalCosponsor>
        <sponsorshipWithdrawnDate />
      </item>
      <item>
        <bioguideId>B000944</bioguideId>
        <fullName>Sen. Brown, Sherrod [D-OH]</fullName>
        <firstName>Sherrod</firstName>
        <middleName />
        <lastName>Brown</lastName>
        <party>D</party>
        <state>OH</state>
        <identifiers>
          <lisID>136</lisID>
          <bioguideId>B000944</bioguideId>
          <gpoId>8309</gpoId>
        </identifiers>
        <sponsorshipDate>2019-02-11</sponsorshipDate>
        <isOriginalCosponsor>False</isOriginalCosponsor>
        <sponsorshipWithdrawnDate />
      </item>
      <item>
        <bioguideId>C001088</bioguideId>
        <fullName>Sen. Coons, Christopher A. [D-DE]</fullName>
        <firstName>Christopher</firstName>
        <middleName>A.</middleName>
        <lastName>Coons</lastName>
        <party>D</party>
        <state>DE</state>
        <identifiers>
          <lisID>1984</lisID>
          <bioguideId>C001088</bioguideId>
          <gpoId>8297</gpoId>
        </identifiers>
        <sponsorshipDate>2019-06-27</sponsorshipDate>
        <isOriginalCosponsor>False</isOriginalCosponsor>
        <sponsorshipWithdrawnDate />
      </item>
    </cosponsors>
    <cboCostEstimates />
    <laws />
    <notes />
    <policyArea>
      <name>Public Lands and Natural Resources</name>
    </policyArea>
    <subjects>
      <billSubjects>
        <legislativeSubjects>
          <item>
            <name>Alabama</name>
          </item>
          <item>
            <name>Alaska</name>
          </item>
          <item>
            <name>American Samoa</name>
          </item>
          <item>
            <name>Arizona</name>
          </item>
          <item>
            <name>Atlantic Ocean</name>
          </item>
          <item>
            <name>California</name>
          </item>
          <item>
            <name>Colorado</name>
          </item>
          <item>
            <name>District of Columbia</name>
          </item>
          <item>
            <name>Forests, forestry, trees</name>
          </item>
          <item>
            <name>Government trust funds</name>
          </item>
          <item>
            <name>Hawaii</name>
          </item>
          <item>
            <name>Historical and cultural resources</name>
          </item>
          <item>
            <name>Illinois</name>
          </item>
          <item>
            <name>Kentucky</name>
          </item>
          <item>
            <name>Land transfers</name>
          </item>
          <item>
            <name>Land use and conservation</name>
          </item>
          <item>
            <name>Maine</name>
          </item>
          <item>
            <name>Military history</name>
          </item>
          <item>
            <name>Montana</name>
          </item>
          <item>
            <name>Monuments and memorials</name>
          </item>
          <item>
            <name>Nevada</name>
          </item>
          <item>
            <name>New Mexico</name>
          </item>
          <item>
            <name>New York City</name>
          </item>
          <item>
            <name>Northern Mariana Islands</name>
          </item>
          <item>
            <name>Ohio</name>
          </item>
          <item>
            <name>Oregon</name>
          </item>
          <item>
            <name>Pacific Ocean</name>
          </item>
          <item>
            <name>Parks, recreation areas, trails</name>
          </item>
          <item>
            <name>South Carolina</name>
          </item>
          <item>
            <name>Texas</name>
          </item>
          <item>
            <name>Utah</name>
          </item>
          <item>
            <name>Virgin Islands</name>
          </item>
          <item>
            <name>Virginia</name>
          </item>
          <item>
            <name>Washington State</name>
          </item>
          <item>
            <name>Wilderness and natural areas, wildlife refuges, wild rivers, habitats</name>
          </item>
          <item>
            <name>Wildlife conservation and habitat protection</name>
          </item>
        </legislativeSubjects>
        <policyArea>
          <name>Public Lands and Natural Resources</name>
        </policyArea>
      </billSubjects>
    </subjects>
    <summaries>
      <billSummaries>
        <item>
          <versionCode>00</versionCode>
          <actionDate>2019-02-07</actionDate>
          <actionDesc>Introduced in Senate</actionDesc>
          <lastSummaryUpdateDate>2020-01-30T20:03:38Z</lastSummaryUpdateDate>
          <text><![CDATA[<p><b>America's Natural Treasures of Immeasurable Quality Unite, Inspire, and Together Improve the Economies of States Act or the ANTIQUITIES Act</b> </p><p>This bill provides for the administration of certain National Monuments and the designation of certain lands in New Mexico and Nevada as wilderness. </p> <p>This bill directs the National Park Service, Bureau of Land Management (BLM), U.S. Fish and Wildlife Service, Forest Service, and National Oceanic and Atmospheric Administration to administer each specified national monument in accordance with (1) the one or more presidential proclamations that apply to the monument, (2) any Act of Congress enacted before December 4, 2017, that provides for an adjustment to the boundary or administration of such monument, and (3) this bill.</p> <p>The bill establishes the National Monument Enhancement Fund to furnish funding (1) to such federal agencies to develop management plans for their national monuments that were designated under current federal law, (2) for federal acquisition and development of certain land and other areas, and (3) to develop and enhance recreational infrastructure on such designated lands. </p> <p>The bill designates specified BLM lands within the Organ Mountains-Desert Peaks and Rio Grande del Norte National Monuments in New Mexico and in the Gold Butte National Conservation Area in Nevada as wilderness and as components of the National Wilderness Preservation System. </p> <p>The Department of the Interior shall manage approximately 100 acres of BLM land in New Mexico identified as Lookout Peak Communication Site in a manner that preserves the character of the land for future inclusion in the National Wilderness Preservation System. </p>]]></text>
          <updateDate>2019-02-07T05:00:00Z</updateDate>
          <name>Introduced in Senate</name>
        </item>
      </billSummaries>
    </summaries>
    <title>America’s Natural Treasures of Immeasurable Quality Unite, Inspire, and Together Improve the Economies of States Act</title>
    <titles>
      <item>
        <titleType>Short Title(s) as Introduced</titleType>
        <parentTitleType>Short Title</parentTitleType>
        <title>America’s Natural Treasures of Immeasurable Quality Unite, Inspire, and Together Improve the Economies of States Act</title>
        <chamberCode />
        <chamberName />
      </item>
      <item>
        <titleType>Short Title(s) as Introduced</titleType>
        <parentTitleType>Short Title</parentTitleType>
        <title>ANTIQUITIES Act</title>
        <chamberCode />
        <chamberName />
      </item>
      <item>
        <titleType>Display Title</titleType>
        <parentTitleType />
        <title>America’s Natural Treasures of Immeasurable Quality Unite, Inspire, and Together Improve the Economies of States Act</title>
        <chamberCode />
        <chamberName />
      </item>
      <item>
        <titleType>Official Title as Introduced</titleType>
        <parentTitleType />
        <title>A bill to provide for the administration of certain national monuments, to establish a National Monument Enhancement Fund, and to establish certain wilderness areas in the States of New Mexico and Nevada.</title>
        <chamberCode />
        <chamberName />
      </item>
    </titles>
    <amendments />
    <textVersions>
      <item>
        <type>Introduced in Senate</type>
        <date>2019-02-07T05:00:00Z</date>
        <formats>
          <item>
            <url>https://www.govinfo.gov/content/pkg/BILLS-116s367is/xml/BILLS-116s367is.xml</url>
          </item>
        </formats>
      </item>
    </textVersions>
    <latestAction>
      <actionDate>2019-02-07</actionDate>
      <text>Read twice and referred to the Committee on Energy and Natural Resources.</text>
      <links />
    </latestAction>
    <calendarNumbers />
    <version>1.0.0</version>
  </bill>
  <dublinCore xmlns:dc="http://purl.org/dc/elements/1.1/">
    <dc:format>text/xml</dc:format>
    <dc:language>EN</dc:language>
    <dc:rights>Pursuant to Title 17 Section 105 of the United States Code, this file is not subject to copyright protection and is in the public domain.</dc:rights>
    <dc:contributor>Congressional Research Service, Library of Congress</dc:contributor>
    <dc:description>This file contains bill summaries and statuses for federal legislation. A bill summary describes the most significant provisions of a piece of legislation and details the effects the legislative text may have on current law and federal programs. Bill summaries are authored by the Congressional Research Service (CRS) of the Library of Congress. As stated in Public Law 91-510 (2 USC 166 (d)(6)), one of the duties of CRS is "to prepare summaries and digests of bills and resolutions of a public general nature introduced in the Senate or House of Representatives". For more information, refer to the User Guide that accompanies this file.</dc:description>
  </dublinCore>
</billStatus>

