<?xml version="1.0" encoding="UTF-8"?>
<billStatus>
  <bill>
    <billNumber>789</billNumber>
    <createDate>2019-03-14T04:42:08Z</createDate>
    <updateDate>2021-06-11T21:58:25Z</updateDate>
    <originChamber>Senate</originChamber>
    <billType>S</billType>
    <introducedDate>2019-03-13</introducedDate>
    <congress>116</congress>
    <recordedVotes />
    <committees>
      <billCommittees>
        <item>
          <systemCode>sshr00</systemCode>
          <name>Health, Education, Labor, and Pensions Committee</name>
          <chamber>Senate</chamber>
          <type>Standing</type>
          <subcommittees />
          <activities>
            <item>
              <name>Referred to</name>
              <date>2019-03-13T22:41:19Z</date>
            </item>
          </activities>
        </item>
      </billCommittees>
    </committees>
    <committeeReports />
    <relatedBills>
      <item>
        <latestTitle>Removing Barriers to Foster Youth Success in College Act</latestTitle>
        <congress>116</congress>
        <number>2270</number>
        <type>HR</type>
        <latestAction>
          <actionDate>2019-04-10</actionDate>
          <text>Referred to the House Committee on Education and Labor.</text>
        </latestAction>
        <relationshipDetails>
          <item>
            <type>Related bill</type>
            <identifiedBy>CRS</identifiedBy>
          </item>
        </relationshipDetails>
      </item>
      <item>
        <latestTitle>Higher Education Access and Success for Homeless and Foster Youth Act</latestTitle>
        <congress>116</congress>
        <number>1724</number>
        <type>HR</type>
        <latestAction>
          <actionDate>2019-03-13</actionDate>
          <text>Referred to the House Committee on Education and Labor.</text>
        </latestAction>
        <relationshipDetails>
          <item>
            <type>Identical bill</type>
            <identifiedBy>CRS</identifiedBy>
          </item>
        </relationshipDetails>
      </item>
      <item>
        <latestTitle>College Affordability Act</latestTitle>
        <congress>116</congress>
        <number>4674</number>
        <type>HR</type>
        <latestAction>
          <actionDate>2020-12-28</actionDate>
          <text>Placed on the Union Calendar, Calendar No. 583.</text>
        </latestAction>
        <relationshipDetails>
          <item>
            <type>Related bill</type>
            <identifiedBy>CRS</identifiedBy>
          </item>
        </relationshipDetails>
      </item>
    </relatedBills>
    <actions>
      <item>
        <actionDate>2019-03-13</actionDate>
        <committees>
          <item>
            <systemCode>sshr00</systemCode>
            <name>Health, Education, Labor, and Pensions Committee</name>
          </item>
        </committees>
        <links />
        <sourceSystem>
          <code>0</code>
          <name>Senate</name>
        </sourceSystem>
        <text>Read twice and referred to the Committee on Health, Education, Labor, and Pensions.</text>
        <type>IntroReferral</type>
      </item>
      <item>
        <actionDate>2019-03-13</actionDate>
        <links />
        <text>Introduced in Senate</text>
        <type>IntroReferral</type>
        <actionCode>10000</actionCode>
        <sourceSystem>
          <code>9</code>
          <name>Library of Congress</name>
        </sourceSystem>
        <committees />
      </item>
      <actionTypeCounts>
        <referredToCommittee>1</referredToCommittee>
        <introducedInSenate>1</introducedInSenate>
      </actionTypeCounts>
      <actionByCounts>
        <senate>2</senate>
      </actionByCounts>
    </actions>
    <sponsors>
      <item>
        <bioguideId>M001111</bioguideId>
        <fullName>Sen. Murray, Patty [D-WA]</fullName>
        <firstName>PATTY</firstName>
        <middleName />
        <lastName>MURRAY</lastName>
        <party>D</party>
        <state>WA</state>
        <identifiers>
          <lisID>1409</lisID>
          <bioguideId>M001111</bioguideId>
          <gpoId>8237</gpoId>
        </identifiers>
        <byRequestType />
      </item>
    </sponsors>
    <cosponsors>
      <item>
        <bioguideId>P000449</bioguideId>
        <fullName>Sen. Portman, Rob [R-OH]</fullName>
        <firstName>ROB</firstName>
        <middleName />
        <lastName>PORTMAN</lastName>
        <party>R</party>
        <state>OH</state>
        <identifiers>
          <lisID>924</lisID>
          <bioguideId>P000449</bioguideId>
          <gpoId>8266</gpoId>
        </identifiers>
        <sponsorshipDate>2019-03-13</sponsorshipDate>
        <isOriginalCosponsor>True</isOriginalCosponsor>
        <sponsorshipWithdrawnDate />
      </item>
      <item>
        <bioguideId>B001310</bioguideId>
        <fullName>Sen. Braun, Mike  [R-IN]</fullName>
        <firstName>Mike</firstName>
        <middleName />
        <lastName>Braun</lastName>
        <party>R</party>
        <state>IN</state>
        <identifiers>
          <lisID>2462</lisID>
          <bioguideId>B001310</bioguideId>
          <gpoId />
        </identifiers>
        <sponsorshipDate>2019-09-17</sponsorshipDate>
        <isOriginalCosponsor>False</isOriginalCosponsor>
        <sponsorshipWithdrawnDate />
      </item>
      <item>
        <bioguideId>K000384</bioguideId>
        <fullName>Sen. Kaine, Tim [D-VA]</fullName>
        <firstName>Timothy</firstName>
        <middleName />
        <lastName>Kaine</lastName>
        <party>D</party>
        <state>VA</state>
        <identifiers>
          <lisID>2176</lisID>
          <bioguideId>K000384</bioguideId>
          <gpoId />
        </identifiers>
        <sponsorshipDate>2019-10-15</sponsorshipDate>
        <isOriginalCosponsor>False</isOriginalCosponsor>
        <sponsorshipWithdrawnDate />
      </item>
    </cosponsors>
    <cboCostEstimates />
    <laws />
    <notes />
    <policyArea>
      <name>Education</name>
    </policyArea>
    <subjects>
      <billSubjects>
        <legislativeSubjects>
          <item>
            <name>Administrative law and regulatory procedures</name>
          </item>
          <item>
            <name>Adoption and foster care</name>
          </item>
          <item>
            <name>Census and government statistics</name>
          </item>
          <item>
            <name>Child safety and welfare</name>
          </item>
          <item>
            <name>Congressional oversight</name>
          </item>
          <item>
            <name>Department of Education</name>
          </item>
          <item>
            <name>Education programs funding</name>
          </item>
          <item>
            <name>Elementary and secondary education</name>
          </item>
          <item>
            <name>Employment and training programs</name>
          </item>
          <item>
            <name>Government information and archives</name>
          </item>
          <item>
            <name>Government studies and investigations</name>
          </item>
          <item>
            <name>Higher education</name>
          </item>
          <item>
            <name>Homelessness and emergency shelter</name>
          </item>
          <item>
            <name>Student aid and college costs</name>
          </item>
          <item>
            <name>Temporary and part-time employment</name>
          </item>
        </legislativeSubjects>
        <policyArea>
          <name>Education</name>
        </policyArea>
      </billSubjects>
    </subjects>
    <summaries>
      <billSummaries>
        <item>
          <versionCode>00</versionCode>
          <actionDate>2019-03-13</actionDate>
          <actionDesc>Introduced in Senate</actionDesc>
          <lastSummaryUpdateDate>2021-01-27T16:02:09Z</lastSummaryUpdateDate>
          <text><![CDATA[<p><strong>Higher Education Access and Success for Homeless and Foster Youth Act</strong></p> <p>This bill revises provisions related to financial aid and higher education programs for children and youths who are homeless or in foster care.</p> <p>It requires institutions of higher education (IHEs) participating in financial aid programs to, among other things, simplify the financial aid determinations process for these students. It also requires IHEs to designate a staff liaison to assist these students with support services, programs, and community resources in a variety of areas, including financial aid and housing.</p> <p>The bill also requires these students to receive in-state tuition rates at public IHEs. Under current law, some states offer these students in-state tuition or provide them with tuition waivers.</p>]]></text>
          <updateDate>2019-03-13T04:00:00Z</updateDate>
          <name>Introduced in Senate</name>
        </item>
      </billSummaries>
    </summaries>
    <title>Higher Education Access and Success for Homeless and Foster Youth Act</title>
    <titles>
      <item>
        <titleType>Short Title(s) as Introduced</titleType>
        <parentTitleType>Short Title</parentTitleType>
        <title>Higher Education Access and Success for Homeless and Foster Youth Act</title>
        <chamberCode />
        <chamberName />
      </item>
      <item>
        <titleType>Official Title as Introduced</titleType>
        <parentTitleType />
        <title>A bill to amend the Higher Education Act of 1965 to improve the financial aid process for homeless and foster care youth.</title>
        <chamberCode />
        <chamberName />
      </item>
      <item>
        <titleType>Display Title</titleType>
        <parentTitleType />
        <title>Higher Education Access and Success for Homeless and Foster Youth Act</title>
        <chamberCode />
        <chamberName />
      </item>
    </titles>
    <amendments />
    <textVersions>
      <item>
        <type>Introduced in Senate</type>
        <date>2019-03-13T04:00:00Z</date>
        <formats>
          <item>
            <url>https://www.govinfo.gov/content/pkg/BILLS-116s789is/xml/BILLS-116s789is.xml</url>
          </item>
        </formats>
      </item>
    </textVersions>
    <latestAction>
      <actionDate>2019-03-13</actionDate>
      <text>Read twice and referred to the Committee on Health, Education, Labor, and Pensions.</text>
      <links />
    </latestAction>
    <calendarNumbers />
    <version>1.0.0</version>
  </bill>
  <dublinCore xmlns:dc="http://purl.org/dc/elements/1.1/">
    <dc:format>text/xml</dc:format>
    <dc:language>EN</dc:language>
    <dc:rights>Pursuant to Title 17 Section 105 of the United States Code, this file is not subject to copyright protection and is in the public domain.</dc:rights>
    <dc:contributor>Congressional Research Service, Library of Congress</dc:contributor>
    <dc:description>This file contains bill summaries and statuses for federal legislation. A bill summary describes the most significant provisions of a piece of legislation and details the effects the legislative text may have on current law and federal programs. Bill summaries are authored by the Congressional Research Service (CRS) of the Library of Congress. As stated in Public Law 91-510 (2 USC 166 (d)(6)), one of the duties of CRS is "to prepare summaries and digests of bills and resolutions of a public general nature introduced in the Senate or House of Representatives". For more information, refer to the User Guide that accompanies this file.</dc:description>
  </dublinCore>
</billStatus>

