<?xml version="1.0" encoding="UTF-8"?>
<billStatus>
  <bill>
    <billNumber>6</billNumber>
    <createDate>2019-01-04T13:32:58Z</createDate>
    <updateDate>2021-06-11T21:58:19Z</updateDate>
    <originChamber>Senate</originChamber>
    <billType>S</billType>
    <introducedDate>2019-01-03</introducedDate>
    <congress>116</congress>
    <recordedVotes />
    <committees>
      <billCommittees>
        <item>
          <systemCode>ssfi00</systemCode>
          <name>Finance Committee</name>
          <chamber>Senate</chamber>
          <type>Standing</type>
          <subcommittees />
          <activities>
            <item>
              <name>Referred to</name>
              <date>2019-01-03T19:40:43Z</date>
            </item>
          </activities>
        </item>
      </billCommittees>
    </committees>
    <committeeReports />
    <relatedBills />
    <actions>
      <item>
        <actionDate>2019-01-03</actionDate>
        <committees>
          <item>
            <systemCode>ssfi00</systemCode>
            <name>Finance Committee</name>
          </item>
        </committees>
        <links />
        <sourceSystem>
          <code>0</code>
          <name>Senate</name>
        </sourceSystem>
        <text>Read twice and referred to the Committee on Finance.</text>
        <type>IntroReferral</type>
      </item>
      <item>
        <actionDate>2019-01-03</actionDate>
        <links />
        <text>Introduced in Senate</text>
        <type>IntroReferral</type>
        <actionCode>10000</actionCode>
        <sourceSystem>
          <code>9</code>
          <name>Library of Congress</name>
        </sourceSystem>
        <committees />
      </item>
      <actionTypeCounts>
        <referredToCommittee>1</referredToCommittee>
        <introducedInSenate>1</introducedInSenate>
      </actionTypeCounts>
      <actionByCounts>
        <senate>2</senate>
      </actionByCounts>
    </actions>
    <sponsors>
      <item>
        <bioguideId>R000595</bioguideId>
        <fullName>Sen. Rubio, Marco [R-FL]</fullName>
        <firstName>Marco</firstName>
        <middleName />
        <lastName>Rubio</lastName>
        <party>R</party>
        <state>FL</state>
        <identifiers>
          <lisID>2084</lisID>
          <bioguideId>R000595</bioguideId>
          <gpoId>8242</gpoId>
        </identifiers>
        <byRequestType />
      </item>
    </sponsors>
    <cosponsors />
    <cboCostEstimates />
    <laws />
    <notes />
    <policyArea>
      <name>Labor and Employment</name>
    </policyArea>
    <subjects>
      <billSubjects>
        <legislativeSubjects>
          <item>
            <name>Caribbean area</name>
          </item>
          <item>
            <name>Employment taxes</name>
          </item>
          <item>
            <name>Labor standards</name>
          </item>
          <item>
            <name>Puerto Rico</name>
          </item>
          <item>
            <name>Tax administration and collection, taxpayers</name>
          </item>
          <item>
            <name>U.S. territories and protectorates</name>
          </item>
          <item>
            <name>Wages and earnings</name>
          </item>
        </legislativeSubjects>
        <policyArea>
          <name>Labor and Employment</name>
        </policyArea>
      </billSubjects>
    </subjects>
    <summaries>
      <billSummaries>
        <item>
          <versionCode>00</versionCode>
          <actionDate>2019-01-03</actionDate>
          <actionDesc>Introduced in Senate</actionDesc>
          <lastSummaryUpdateDate>2019-11-14T16:08:35Z</lastSummaryUpdateDate>
          <text><![CDATA[<p><b>Economic Mobility for Productive Livelihoods and Expanding Opportunity Act of 2019 or the EMPLEO Act</b></p>This bill amends the Fair Labor Standards Act of 1938 to require employers of Puerto Rican employees who receive a qualified wage subsidy payment to pay such employees a minimum wage of $5 without regard to such subsidy payment.&nbsp; <p>The bill amends the Internal Revenue Code to treat employers who make qualified wage subsidy payments to eligible Puerto Rico employees as having paid payroll taxes in an amount equal to the wage subsidy payment.</p> <p>An "eligible Puerto Rico employee" is any individual who (1) is a U.S. citizen, (2) has a Social Security number, and (3) certifies to the employer that he or she is a resident of Puerto Rico and intends to remain a resident for at least the next six months. </p> <p>A "qualified wage subsidy payment" is a payment equal to 50% of the excess (if any) of: (1) the median hourly wage for Puerto Rico ($10 for 2020 and 2021), over (2) the hourly wage paid to the eligible Puerto Rico employee. </p>]]></text>
          <updateDate>2019-01-03T05:00:00Z</updateDate>
          <name>Introduced in Senate</name>
        </item>
      </billSummaries>
    </summaries>
    <title>EMPLEO Act</title>
    <titles>
      <item>
        <titleType>Short Title(s) as Introduced</titleType>
        <parentTitleType>Short Title</parentTitleType>
        <title>EMPLEO Act</title>
        <chamberCode />
        <chamberName />
      </item>
      <item>
        <titleType>Short Title(s) as Introduced</titleType>
        <parentTitleType>Short Title</parentTitleType>
        <title>Economic Mobility for Productive Livelihoods and Expanding Opportunity Act of 2019</title>
        <chamberCode />
        <chamberName />
      </item>
      <item>
        <titleType>Official Title as Introduced</titleType>
        <parentTitleType />
        <title>A bill to decrease the cost of hiring, and increase the take-home pay of, Puerto Rican workers.</title>
        <chamberCode />
        <chamberName />
      </item>
      <item>
        <titleType>Display Title</titleType>
        <parentTitleType />
        <title>EMPLEO Act</title>
        <chamberCode />
        <chamberName />
      </item>
    </titles>
    <amendments />
    <textVersions>
      <item>
        <type>Introduced in Senate</type>
        <date>2019-01-03T05:00:00Z</date>
        <formats>
          <item>
            <url>https://www.govinfo.gov/content/pkg/BILLS-116s6is/xml/BILLS-116s6is.xml</url>
          </item>
        </formats>
      </item>
    </textVersions>
    <latestAction>
      <actionDate>2019-01-03</actionDate>
      <text>Read twice and referred to the Committee on Finance.</text>
      <links />
    </latestAction>
    <calendarNumbers />
    <version>1.0.0</version>
  </bill>
  <dublinCore xmlns:dc="http://purl.org/dc/elements/1.1/">
    <dc:format>text/xml</dc:format>
    <dc:language>EN</dc:language>
    <dc:rights>Pursuant to Title 17 Section 105 of the United States Code, this file is not subject to copyright protection and is in the public domain.</dc:rights>
    <dc:contributor>Congressional Research Service, Library of Congress</dc:contributor>
    <dc:description>This file contains bill summaries and statuses for federal legislation. A bill summary describes the most significant provisions of a piece of legislation and details the effects the legislative text may have on current law and federal programs. Bill summaries are authored by the Congressional Research Service (CRS) of the Library of Congress. As stated in Public Law 91-510 (2 USC 166 (d)(6)), one of the duties of CRS is "to prepare summaries and digests of bills and resolutions of a public general nature introduced in the Senate or House of Representatives". For more information, refer to the User Guide that accompanies this file.</dc:description>
  </dublinCore>
</billStatus>

