<?xml version="1.0" encoding="UTF-8"?>
<billStatus>
  <bill>
    <billNumber>657</billNumber>
    <createDate>2019-03-06T05:42:07Z</createDate>
    <updateDate>2020-11-09T15:00:31Z</updateDate>
    <originChamber>Senate</originChamber>
    <billType>S</billType>
    <introducedDate>2019-03-05</introducedDate>
    <congress>116</congress>
    <recordedVotes />
    <committees>
      <billCommittees>
        <item>
          <systemCode>sshr00</systemCode>
          <name>Health, Education, Labor, and Pensions Committee</name>
          <chamber>Senate</chamber>
          <type>Standing</type>
          <subcommittees />
          <activities>
            <item>
              <name>Referred to</name>
              <date>2019-03-05T22:21:46Z</date>
            </item>
          </activities>
        </item>
      </billCommittees>
    </committees>
    <committeeReports />
    <relatedBills>
      <item>
        <latestTitle>Fair Care Act of 2020</latestTitle>
        <congress>116</congress>
        <number>4796</number>
        <type>S</type>
        <latestAction>
          <actionDate>2020-10-05</actionDate>
          <text>Read twice and referred to the Committee on Finance.</text>
        </latestAction>
        <relationshipDetails>
          <item>
            <type>Related bill</type>
            <identifiedBy>CRS</identifiedBy>
          </item>
        </relationshipDetails>
      </item>
      <item>
        <latestTitle>Fair Care Act of 2020</latestTitle>
        <congress>116</congress>
        <number>8527</number>
        <type>HR</type>
        <latestAction>
          <actionDate>2020-10-02</actionDate>
          <text>Referred to the Committee on Energy and Commerce, and in addition to the Committees on Ways and Means, Education and Labor, the Judiciary, Oversight and Reform, House Administration, Rules, the Budget, and Armed Services, for a period to be subsequently determined by the Speaker, in each case for consideration of such provisions as fall within the jurisdiction of the committee concerned.</text>
        </latestAction>
        <relationshipDetails>
          <item>
            <type>Related bill</type>
            <identifiedBy>CRS</identifiedBy>
          </item>
        </relationshipDetails>
      </item>
    </relatedBills>
    <actions>
      <item>
        <actionDate>2019-03-05</actionDate>
        <committees>
          <item>
            <systemCode>sshr00</systemCode>
            <name>Health, Education, Labor, and Pensions Committee</name>
          </item>
        </committees>
        <links />
        <sourceSystem>
          <code>0</code>
          <name>Senate</name>
        </sourceSystem>
        <text>Read twice and referred to the Committee on Health, Education, Labor, and Pensions.</text>
        <type>IntroReferral</type>
      </item>
      <item>
        <actionDate>2019-03-05</actionDate>
        <links />
        <text>Introduced in Senate</text>
        <type>IntroReferral</type>
        <actionCode>10000</actionCode>
        <sourceSystem>
          <code>9</code>
          <name>Library of Congress</name>
        </sourceSystem>
        <committees />
      </item>
      <actionTypeCounts>
        <referredToCommittee>1</referredToCommittee>
        <introducedInSenate>1</introducedInSenate>
      </actionTypeCounts>
      <actionByCounts>
        <senate>2</senate>
      </actionByCounts>
    </actions>
    <sponsors>
      <item>
        <bioguideId>B001310</bioguideId>
        <fullName>Sen. Braun, Mike  [R-IN]</fullName>
        <firstName>Mike</firstName>
        <middleName />
        <lastName>Braun</lastName>
        <party>R</party>
        <state>IN</state>
        <identifiers>
          <lisID>2462</lisID>
          <bioguideId>B001310</bioguideId>
          <gpoId />
        </identifiers>
        <byRequestType />
      </item>
    </sponsors>
    <cosponsors>
      <item>
        <bioguideId>B001243</bioguideId>
        <fullName>Sen. Blackburn, Marsha [R-TN]</fullName>
        <firstName>Marsha</firstName>
        <middleName />
        <lastName>Blackburn</lastName>
        <party>R</party>
        <state>TN</state>
        <identifiers>
          <lisID>1748</lisID>
          <bioguideId>B001243</bioguideId>
          <gpoId>8154</gpoId>
        </identifiers>
        <sponsorshipDate>2019-03-13</sponsorshipDate>
        <isOriginalCosponsor>False</isOriginalCosponsor>
        <sponsorshipWithdrawnDate />
      </item>
    </cosponsors>
    <cboCostEstimates />
    <laws />
    <notes />
    <policyArea>
      <name>Health</name>
    </policyArea>
    <subjects>
      <billSubjects>
        <legislativeSubjects>
          <item>
            <name>Health care costs and insurance</name>
          </item>
          <item>
            <name>Inflation and prices</name>
          </item>
          <item>
            <name>Prescription drugs</name>
          </item>
        </legislativeSubjects>
        <policyArea>
          <name>Health</name>
        </policyArea>
      </billSubjects>
    </subjects>
    <summaries>
      <billSummaries>
        <item>
          <versionCode>00</versionCode>
          <actionDate>2019-03-05</actionDate>
          <actionDesc>Introduced in Senate</actionDesc>
          <lastSummaryUpdateDate>2020-01-25T19:28:24Z</lastSummaryUpdateDate>
          <text><![CDATA[<p>This bill prohibits health insurers and contracted entities that provide pharmacy benefits management services from receiving a price reduction or other remuneration from prescription drug manufacturers. The prohibition does not apply if (1) the price reduction is reflected at the point-of-sale; and (2) the other remuneration is a transparent, flat service fee that the manufacturer pays in relation to pharmacy benefits management services. </p>]]></text>
          <updateDate>2019-03-05T05:00:00Z</updateDate>
          <name>Introduced in Senate</name>
        </item>
      </billSummaries>
    </summaries>
    <title>A bill to amend title XXVII of the Public Health Service Act to establish requirements with respect to prescription drug benefits.</title>
    <titles>
      <item>
        <titleType>Official Title as Introduced</titleType>
        <parentTitleType />
        <title>A bill to amend title XXVII of the Public Health Service Act to establish requirements with respect to prescription drug benefits.</title>
        <chamberCode />
        <chamberName />
      </item>
      <item>
        <titleType>Display Title</titleType>
        <parentTitleType />
        <title>A bill to amend title XXVII of the Public Health Service Act to establish requirements with respect to prescription drug benefits.</title>
        <chamberCode />
        <chamberName />
      </item>
    </titles>
    <amendments />
    <textVersions>
      <item>
        <type>Introduced in Senate</type>
        <date>2019-03-05T05:00:00Z</date>
        <formats>
          <item>
            <url>https://www.govinfo.gov/content/pkg/BILLS-116s657is/xml/BILLS-116s657is.xml</url>
          </item>
        </formats>
      </item>
    </textVersions>
    <latestAction>
      <actionDate>2019-03-05</actionDate>
      <text>Read twice and referred to the Committee on Health, Education, Labor, and Pensions.</text>
      <links />
    </latestAction>
    <calendarNumbers />
    <version>1.0.0</version>
  </bill>
  <dublinCore xmlns:dc="http://purl.org/dc/elements/1.1/">
    <dc:format>text/xml</dc:format>
    <dc:language>EN</dc:language>
    <dc:rights>Pursuant to Title 17 Section 105 of the United States Code, this file is not subject to copyright protection and is in the public domain.</dc:rights>
    <dc:contributor>Congressional Research Service, Library of Congress</dc:contributor>
    <dc:description>This file contains bill summaries and statuses for federal legislation. A bill summary describes the most significant provisions of a piece of legislation and details the effects the legislative text may have on current law and federal programs. Bill summaries are authored by the Congressional Research Service (CRS) of the Library of Congress. As stated in Public Law 91-510 (2 USC 166 (d)(6)), one of the duties of CRS is "to prepare summaries and digests of bills and resolutions of a public general nature introduced in the Senate or House of Representatives". For more information, refer to the User Guide that accompanies this file.</dc:description>
  </dublinCore>
</billStatus>

