<?xml version="1.0" encoding="UTF-8"?>
<billStatus>
  <bill>
    <billNumber>5064</billNumber>
    <createDate>2020-12-19T05:27:11Z</createDate>
    <updateDate>2021-10-15T05:57:07Z</updateDate>
    <originChamber>Senate</originChamber>
    <billType>S</billType>
    <introducedDate>2020-12-18</introducedDate>
    <congress>116</congress>
    <recordedVotes />
    <committees>
      <billCommittees>
        <item>
          <systemCode>ssfi00</systemCode>
          <name>Finance Committee</name>
          <chamber>Senate</chamber>
          <type>Standing</type>
          <subcommittees />
          <activities>
            <item>
              <name>Referred to</name>
              <date>2020-12-18T19:28:12Z</date>
            </item>
          </activities>
        </item>
      </billCommittees>
    </committees>
    <committeeReports />
    <relatedBills>
      <item>
        <latestTitle>Securing a Strong Retirement Act of 2020</latestTitle>
        <congress>116</congress>
        <number>8696</number>
        <type>HR</type>
        <latestAction>
          <actionDate>2020-10-27</actionDate>
          <text>Referred to the Committee on Ways and Means, and in addition to the Committees on Financial Services, and Education and Labor, for a period to be subsequently determined by the Speaker, in each case for consideration of such provisions as fall within the jurisdiction of the committee concerned.</text>
        </latestAction>
        <relationshipDetails>
          <item>
            <type>Related bill</type>
            <identifiedBy>CRS</identifiedBy>
          </item>
        </relationshipDetails>
      </item>
    </relatedBills>
    <actions>
      <item>
        <actionDate>2020-12-18</actionDate>
        <committees>
          <item>
            <systemCode>ssfi00</systemCode>
            <name>Finance Committee</name>
          </item>
        </committees>
        <links />
        <sourceSystem>
          <code>0</code>
          <name>Senate</name>
        </sourceSystem>
        <text>Read twice and referred to the Committee on Finance.</text>
        <type>IntroReferral</type>
      </item>
      <item>
        <actionDate>2020-12-18</actionDate>
        <links />
        <text>Introduced in Senate</text>
        <type>IntroReferral</type>
        <actionCode>10000</actionCode>
        <sourceSystem>
          <code>9</code>
          <name>Library of Congress</name>
        </sourceSystem>
        <committees />
      </item>
      <actionTypeCounts>
        <referredToCommittee>1</referredToCommittee>
        <introducedInSenate>1</introducedInSenate>
      </actionTypeCounts>
      <actionByCounts>
        <senate>2</senate>
      </actionByCounts>
    </actions>
    <sponsors>
      <item>
        <bioguideId>G000386</bioguideId>
        <fullName>Sen. Grassley, Chuck [R-IA]</fullName>
        <firstName>CHARLES</firstName>
        <middleName>ERNEST</middleName>
        <lastName>GRASSLEY</lastName>
        <party>R</party>
        <state>IA</state>
        <identifiers>
          <lisID>457</lisID>
          <bioguideId>G000386</bioguideId>
          <gpoId>8316</gpoId>
        </identifiers>
        <byRequestType />
      </item>
    </sponsors>
    <cosponsors>
      <item>
        <bioguideId>H001076</bioguideId>
        <fullName>Sen. Hassan, Margaret Wood [D-NH]</fullName>
        <firstName>Margaret</firstName>
        <middleName>Wood</middleName>
        <lastName>Hassan</lastName>
        <party>D</party>
        <state>NH</state>
        <identifiers>
          <lisID>2302</lisID>
          <bioguideId>H001076</bioguideId>
          <gpoId />
        </identifiers>
        <sponsorshipDate>2020-12-18</sponsorshipDate>
        <isOriginalCosponsor>True</isOriginalCosponsor>
        <sponsorshipWithdrawnDate />
      </item>
      <item>
        <bioguideId>L000575</bioguideId>
        <fullName>Sen. Lankford, James [R-OK]</fullName>
        <firstName>James</firstName>
        <middleName />
        <lastName>Lankford</lastName>
        <party>R</party>
        <state>OK</state>
        <identifiers>
          <lisID>2050</lisID>
          <bioguideId>L000575</bioguideId>
          <gpoId>8113</gpoId>
        </identifiers>
        <sponsorshipDate>2020-12-18</sponsorshipDate>
        <isOriginalCosponsor>True</isOriginalCosponsor>
        <sponsorshipWithdrawnDate />
      </item>
    </cosponsors>
    <cboCostEstimates />
    <laws />
    <notes />
    <policyArea>
      <name>Taxation</name>
    </policyArea>
    <subjects>
      <billSubjects>
        <legislativeSubjects>
          <item>
            <name>Administrative law and regulatory procedures</name>
          </item>
          <item>
            <name>Department of the Treasury</name>
          </item>
          <item>
            <name>Employee benefits and pensions</name>
          </item>
          <item>
            <name>Income tax credits</name>
          </item>
          <item>
            <name>Licensing and registrations</name>
          </item>
          <item>
            <name>Small business</name>
          </item>
        </legislativeSubjects>
        <policyArea>
          <name>Taxation</name>
        </policyArea>
      </billSubjects>
    </subjects>
    <summaries>
      <billSummaries>
        <item>
          <versionCode>00</versionCode>
          <actionDate>2020-12-18</actionDate>
          <actionDesc>Introduced in Senate</actionDesc>
          <lastSummaryUpdateDate>2021-07-26T15:15:51Z</lastSummaryUpdateDate>
          <text><![CDATA[<p><b>Improving Access to Retirement Savings Act </b></p> <p>This bill allows employers who establish a tax-exempt 403(b) pension plan to participate in a multiple employer plan (MEP) and to take the small employer pension plan start-up tax credit for their first three years of participation in a MEP. </p> <p>The bill also establishes a safe harbor to allow certain pension plans to correct errors in administering automatic enrollment and escalation features for plans enrolling in a MEP, if such errors are corrected within a specified time period in a manner favorable to plan participants.</p>]]></text>
          <updateDate>2020-12-18T05:00:00Z</updateDate>
          <name>Introduced in Senate</name>
        </item>
      </billSummaries>
    </summaries>
    <title>Improving Access to Retirement Savings Act</title>
    <titles>
      <item>
        <titleType>Short Title(s) as Introduced</titleType>
        <parentTitleType>Short Title</parentTitleType>
        <title>Improving Access to Retirement Savings Act</title>
        <chamberCode />
        <chamberName />
      </item>
      <item>
        <titleType>Display Title</titleType>
        <parentTitleType />
        <title>Improving Access to Retirement Savings Act</title>
        <chamberCode />
        <chamberName />
      </item>
      <item>
        <titleType>Official Title as Introduced</titleType>
        <parentTitleType />
        <title>A bill to amend the Internal Revenue Code of 1986 to increase retirement savings, to improve retirement plan administration, and for other purposes.</title>
        <chamberCode />
        <chamberName />
      </item>
    </titles>
    <amendments />
    <textVersions>
      <item>
        <type>Introduced in Senate</type>
        <date>2020-12-18T05:00:00Z</date>
        <formats>
          <item>
            <url>https://www.govinfo.gov/content/pkg/BILLS-116s5064is/xml/BILLS-116s5064is.xml</url>
          </item>
        </formats>
      </item>
    </textVersions>
    <latestAction>
      <actionDate>2020-12-18</actionDate>
      <text>Read twice and referred to the Committee on Finance.</text>
      <links />
    </latestAction>
    <calendarNumbers />
    <version>1.0.0</version>
  </bill>
  <dublinCore xmlns:dc="http://purl.org/dc/elements/1.1/">
    <dc:format>text/xml</dc:format>
    <dc:language>EN</dc:language>
    <dc:rights>Pursuant to Title 17 Section 105 of the United States Code, this file is not subject to copyright protection and is in the public domain.</dc:rights>
    <dc:contributor>Congressional Research Service, Library of Congress</dc:contributor>
    <dc:description>This file contains bill summaries and statuses for federal legislation. A bill summary describes the most significant provisions of a piece of legislation and details the effects the legislative text may have on current law and federal programs. Bill summaries are authored by the Congressional Research Service (CRS) of the Library of Congress. As stated in Public Law 91-510 (2 USC 166 (d)(6)), one of the duties of CRS is "to prepare summaries and digests of bills and resolutions of a public general nature introduced in the Senate or House of Representatives". For more information, refer to the User Guide that accompanies this file.</dc:description>
  </dublinCore>
</billStatus>

