<?xml version="1.0" encoding="UTF-8"?>
<billStatus>
  <bill>
    <billNumber>43</billNumber>
    <createDate>2019-01-09T05:40:15Z</createDate>
    <updateDate>2021-06-11T22:03:09Z</updateDate>
    <originChamber>Senate</originChamber>
    <billType>S</billType>
    <introducedDate>2019-01-08</introducedDate>
    <congress>116</congress>
    <recordedVotes />
    <committees>
      <billCommittees>
        <item>
          <systemCode>ssaf00</systemCode>
          <name>Agriculture, Nutrition, and Forestry Committee</name>
          <chamber>Senate</chamber>
          <type>Standing</type>
          <subcommittees />
          <activities>
            <item>
              <name>Referred to</name>
              <date>2019-01-08T22:52:40Z</date>
            </item>
          </activities>
        </item>
      </billCommittees>
    </committees>
    <committeeReports />
    <relatedBills>
      <item>
        <latestTitle>John D. Dingell, Jr. Conservation, Management, and Recreation Act</latestTitle>
        <congress>116</congress>
        <number>47</number>
        <type>S</type>
        <latestAction>
          <actionDate>2019-03-12</actionDate>
          <text>Became Public Law No: 116-9.</text>
        </latestAction>
        <relationshipDetails>
          <item>
            <type>Related bill</type>
            <identifiedBy>CRS</identifiedBy>
          </item>
        </relationshipDetails>
      </item>
      <item>
        <latestTitle>Lake Fannin Conveyance Act</latestTitle>
        <congress>116</congress>
        <number>343</number>
        <type>HR</type>
        <latestAction>
          <actionDate>2019-02-07</actionDate>
          <text>Referred to the Subcommittee on Conservation and Forestry.</text>
        </latestAction>
        <relationshipDetails>
          <item>
            <type>Related bill</type>
            <identifiedBy>CRS</identifiedBy>
          </item>
        </relationshipDetails>
      </item>
    </relatedBills>
    <actions>
      <item>
        <actionDate>2019-01-08</actionDate>
        <committees>
          <item>
            <systemCode>ssaf00</systemCode>
            <name>Agriculture, Nutrition, and Forestry Committee</name>
          </item>
        </committees>
        <links />
        <sourceSystem>
          <code>0</code>
          <name>Senate</name>
        </sourceSystem>
        <text>Read twice and referred to the Committee on Agriculture, Nutrition, and Forestry.</text>
        <type>IntroReferral</type>
      </item>
      <item>
        <actionDate>2019-01-08</actionDate>
        <links />
        <text>Introduced in Senate</text>
        <type>IntroReferral</type>
        <actionCode>10000</actionCode>
        <sourceSystem>
          <code>9</code>
          <name>Library of Congress</name>
        </sourceSystem>
        <committees />
      </item>
      <actionTypeCounts>
        <referredToCommittee>1</referredToCommittee>
        <introducedInSenate>1</introducedInSenate>
      </actionTypeCounts>
      <actionByCounts>
        <senate>2</senate>
      </actionByCounts>
    </actions>
    <sponsors>
      <item>
        <bioguideId>C001056</bioguideId>
        <fullName>Sen. Cornyn, John [R-TX]</fullName>
        <firstName>John</firstName>
        <middleName />
        <lastName>Cornyn</lastName>
        <party>R</party>
        <state>TX</state>
        <identifiers>
          <lisID>1692</lisID>
          <bioguideId>C001056</bioguideId>
          <gpoId>8295</gpoId>
        </identifiers>
        <byRequestType />
      </item>
    </sponsors>
    <cosponsors>
      <item>
        <bioguideId>C001098</bioguideId>
        <fullName>Sen. Cruz, Ted [R-TX]</fullName>
        <firstName>Ted</firstName>
        <middleName />
        <lastName>Cruz</lastName>
        <party>R</party>
        <state>TX</state>
        <identifiers>
          <lisID>2175</lisID>
          <bioguideId>C001098</bioguideId>
          <gpoId />
        </identifiers>
        <sponsorshipDate>2019-01-08</sponsorshipDate>
        <isOriginalCosponsor>True</isOriginalCosponsor>
        <sponsorshipWithdrawnDate />
      </item>
    </cosponsors>
    <cboCostEstimates />
    <laws />
    <notes />
    <policyArea>
      <name>Public Lands and Natural Resources</name>
    </policyArea>
    <subjects>
      <billSubjects>
        <legislativeSubjects>
          <item>
            <name>Forests, forestry, trees</name>
          </item>
          <item>
            <name>Land transfers</name>
          </item>
          <item>
            <name>Land use and conservation</name>
          </item>
          <item>
            <name>Texas</name>
          </item>
        </legislativeSubjects>
        <policyArea>
          <name>Public Lands and Natural Resources</name>
        </policyArea>
      </billSubjects>
    </subjects>
    <summaries>
      <billSummaries>
        <item>
          <versionCode>00</versionCode>
          <actionDate>2019-01-08</actionDate>
          <actionDesc>Introduced in Senate</actionDesc>
          <lastSummaryUpdateDate>2019-10-28T19:23:24Z</lastSummaryUpdateDate>
          <text><![CDATA[<p><b>Lake Fannin Recreation Area Conveyance Act</b></p> <p>This bill directs the Forest Service, upon request by Fannin County in Texas,&nbsp;to convey&nbsp;approximately 2,025 acres of National Forest System land to the county.</p>]]></text>
          <updateDate>2019-01-08T05:00:00Z</updateDate>
          <name>Introduced in Senate</name>
        </item>
      </billSummaries>
    </summaries>
    <title>Lake Fannin Recreation Area Conveyance Act</title>
    <titles>
      <item>
        <titleType>Short Title(s) as Introduced</titleType>
        <parentTitleType>Short Title</parentTitleType>
        <title>Lake Fannin Recreation Area Conveyance Act</title>
        <chamberCode />
        <chamberName />
      </item>
      <item>
        <titleType>Official Title as Introduced</titleType>
        <parentTitleType />
        <title>A bill to require the Secretary of Agriculture to transfer certain National Forest System land in the States of Texas.</title>
        <chamberCode />
        <chamberName />
      </item>
      <item>
        <titleType>Display Title</titleType>
        <parentTitleType />
        <title>Lake Fannin Recreation Area Conveyance Act</title>
        <chamberCode />
        <chamberName />
      </item>
    </titles>
    <amendments />
    <textVersions>
      <item>
        <type>Introduced in Senate</type>
        <date>2019-01-08T05:00:00Z</date>
        <formats>
          <item>
            <url>https://www.govinfo.gov/content/pkg/BILLS-116s43is/xml/BILLS-116s43is.xml</url>
          </item>
        </formats>
      </item>
    </textVersions>
    <latestAction>
      <actionDate>2019-01-08</actionDate>
      <text>Read twice and referred to the Committee on Agriculture, Nutrition, and Forestry.</text>
      <links />
    </latestAction>
    <calendarNumbers />
    <version>1.0.0</version>
  </bill>
  <dublinCore xmlns:dc="http://purl.org/dc/elements/1.1/">
    <dc:format>text/xml</dc:format>
    <dc:language>EN</dc:language>
    <dc:rights>Pursuant to Title 17 Section 105 of the United States Code, this file is not subject to copyright protection and is in the public domain.</dc:rights>
    <dc:contributor>Congressional Research Service, Library of Congress</dc:contributor>
    <dc:description>This file contains bill summaries and statuses for federal legislation. A bill summary describes the most significant provisions of a piece of legislation and details the effects the legislative text may have on current law and federal programs. Bill summaries are authored by the Congressional Research Service (CRS) of the Library of Congress. As stated in Public Law 91-510 (2 USC 166 (d)(6)), one of the duties of CRS is "to prepare summaries and digests of bills and resolutions of a public general nature introduced in the Senate or House of Representatives". For more information, refer to the User Guide that accompanies this file.</dc:description>
  </dublinCore>
</billStatus>

