<?xml version="1.0" encoding="UTF-8"?>
<billStatus>
  <bill>
    <billNumber>232</billNumber>
    <createDate>2019-01-29T05:25:15Z</createDate>
    <updateDate>2021-06-11T22:00:29Z</updateDate>
    <originChamber>Senate</originChamber>
    <billType>S</billType>
    <introducedDate>2019-01-28</introducedDate>
    <congress>116</congress>
    <recordedVotes />
    <committees>
      <billCommittees>
        <item>
          <systemCode>ssga00</systemCode>
          <name>Homeland Security and Governmental Affairs Committee</name>
          <chamber>Senate</chamber>
          <type>Standing</type>
          <subcommittees />
          <activities>
            <item>
              <name>Referred to</name>
              <date>2019-01-28T21:01:50Z</date>
            </item>
          </activities>
        </item>
      </billCommittees>
    </committees>
    <committeeReports />
    <relatedBills>
      <item>
        <latestTitle>For the People Act of 2019</latestTitle>
        <congress>116</congress>
        <number>1</number>
        <type>HR</type>
        <latestAction>
          <actionDate>2019-03-14</actionDate>
          <text>Read the second time. Placed on Senate Legislative Calendar under General Orders. Calendar No. 39.</text>
        </latestAction>
        <relationshipDetails>
          <item>
            <type>Related bill</type>
            <identifiedBy>CRS</identifiedBy>
          </item>
        </relationshipDetails>
      </item>
      <item>
        <latestTitle>For the People Act of 2019</latestTitle>
        <congress>116</congress>
        <number>949</number>
        <type>S</type>
        <latestAction>
          <actionDate>2019-03-28</actionDate>
          <text>Read twice and referred to the Committee on Finance.</text>
        </latestAction>
        <relationshipDetails>
          <item>
            <type>Related bill</type>
            <identifiedBy>CRS</identifiedBy>
          </item>
        </relationshipDetails>
      </item>
      <item>
        <latestTitle>Conflicts from Political Fundraising Act of 2019</latestTitle>
        <congress>116</congress>
        <number>812</number>
        <type>HR</type>
        <latestAction>
          <actionDate>2019-01-28</actionDate>
          <text>Referred to the House Committee on Oversight and Reform.</text>
        </latestAction>
        <relationshipDetails>
          <item>
            <type>Identical bill</type>
            <identifiedBy>CRS</identifiedBy>
          </item>
        </relationshipDetails>
      </item>
    </relatedBills>
    <actions>
      <item>
        <actionDate>2019-01-28</actionDate>
        <committees>
          <item>
            <systemCode>ssga00</systemCode>
            <name>Homeland Security and Governmental Affairs Committee</name>
          </item>
        </committees>
        <links />
        <sourceSystem>
          <code>0</code>
          <name>Senate</name>
        </sourceSystem>
        <text>Read twice and referred to the Committee on Homeland Security and Governmental Affairs.</text>
        <type>IntroReferral</type>
      </item>
      <item>
        <actionDate>2019-01-28</actionDate>
        <links />
        <text>Introduced in Senate</text>
        <type>IntroReferral</type>
        <actionCode>10000</actionCode>
        <sourceSystem>
          <code>9</code>
          <name>Library of Congress</name>
        </sourceSystem>
        <committees />
      </item>
      <actionTypeCounts>
        <referredToCommittee>1</referredToCommittee>
        <introducedInSenate>1</introducedInSenate>
      </actionTypeCounts>
      <actionByCounts>
        <senate>2</senate>
      </actionByCounts>
    </actions>
    <sponsors>
      <item>
        <bioguideId>W000802</bioguideId>
        <fullName>Sen. Whitehouse, Sheldon [D-RI]</fullName>
        <firstName>Sheldon</firstName>
        <middleName />
        <lastName>Whitehouse</lastName>
        <party>D</party>
        <state>RI</state>
        <identifiers>
          <lisID>1823</lisID>
          <bioguideId>W000802</bioguideId>
          <gpoId>8264</gpoId>
        </identifiers>
        <byRequestType />
      </item>
    </sponsors>
    <cosponsors>
      <item>
        <bioguideId>C000174</bioguideId>
        <fullName>Sen. Carper, Thomas R. [D-DE]</fullName>
        <firstName>THOMAS</firstName>
        <middleName>R.</middleName>
        <lastName>CARPER</lastName>
        <party>D</party>
        <state>DE</state>
        <identifiers>
          <lisID>179</lisID>
          <bioguideId>C000174</bioguideId>
          <gpoId>8283</gpoId>
        </identifiers>
        <sponsorshipDate>2019-01-28</sponsorshipDate>
        <isOriginalCosponsor>True</isOriginalCosponsor>
        <sponsorshipWithdrawnDate />
      </item>
      <item>
        <bioguideId>U000039</bioguideId>
        <fullName>Sen. Udall, Tom [D-NM]</fullName>
        <firstName>TOM</firstName>
        <middleName />
        <lastName>UDALL</lastName>
        <party>D</party>
        <state>NM</state>
        <identifiers>
          <lisID>1567</lisID>
          <bioguideId>U000039</bioguideId>
          <gpoId>8260</gpoId>
        </identifiers>
        <sponsorshipDate>2019-01-28</sponsorshipDate>
        <isOriginalCosponsor>True</isOriginalCosponsor>
        <sponsorshipWithdrawnDate />
      </item>
      <item>
        <bioguideId>V000128</bioguideId>
        <fullName>Sen. Van Hollen, Chris [D-MD]</fullName>
        <firstName>Chris</firstName>
        <middleName />
        <lastName>Van Hollen</lastName>
        <party>D</party>
        <state>MD</state>
        <identifiers>
          <lisID>1729</lisID>
          <bioguideId>V000128</bioguideId>
          <gpoId>7983</gpoId>
        </identifiers>
        <sponsorshipDate>2019-01-28</sponsorshipDate>
        <isOriginalCosponsor>True</isOriginalCosponsor>
        <sponsorshipWithdrawnDate />
      </item>
    </cosponsors>
    <cboCostEstimates />
    <laws />
    <notes />
    <policyArea>
      <name>Government Operations and Politics</name>
    </policyArea>
    <subjects>
      <billSubjects>
        <legislativeSubjects>
          <item>
            <name>Administrative law and regulatory procedures</name>
          </item>
          <item>
            <name>Congressional oversight</name>
          </item>
          <item>
            <name>Elections, voting, political campaign regulation</name>
          </item>
          <item>
            <name>Federal officials</name>
          </item>
          <item>
            <name>Government ethics and transparency, public corruption</name>
          </item>
          <item>
            <name>Office of Government Ethics</name>
          </item>
          <item>
            <name>Public participation and lobbying</name>
          </item>
        </legislativeSubjects>
        <policyArea>
          <name>Government Operations and Politics</name>
        </policyArea>
      </billSubjects>
    </subjects>
    <summaries>
      <billSummaries>
        <item>
          <versionCode>00</versionCode>
          <actionDate>2019-01-28</actionDate>
          <actionDesc>Introduced in Senate</actionDesc>
          <lastSummaryUpdateDate>2020-04-06T17:51:48Z</lastSummaryUpdateDate>
          <text><![CDATA[<p><b>Conflicts from Political Fundraising Act of 2019</b></p> <p>This bill requires presidentially appointed executive branch officials to disclose whether they have solicited donations for or contributed funds to political action committees, political non-profits, or industry trade associations. </p>]]></text>
          <updateDate>2019-01-28T05:00:00Z</updateDate>
          <name>Introduced in Senate</name>
        </item>
      </billSummaries>
    </summaries>
    <title>Conflicts from Political Fundraising Act of 2019</title>
    <titles>
      <item>
        <titleType>Short Title(s) as Introduced</titleType>
        <parentTitleType>Short Title</parentTitleType>
        <title>Conflicts from Political Fundraising Act of 2019</title>
        <chamberCode />
        <chamberName />
      </item>
      <item>
        <titleType>Official Title as Introduced</titleType>
        <parentTitleType />
        <title>A bill to amend the Ethics in Government Act of 1978 to require individuals nominated or appointed to Senate-confirmed positions or to positions of a confidential or policymaking character to disclose certain types of contributions made or solicited by, or at the request of, the individuals.</title>
        <chamberCode />
        <chamberName />
      </item>
      <item>
        <titleType>Display Title</titleType>
        <parentTitleType />
        <title>Conflicts from Political Fundraising Act of 2019</title>
        <chamberCode />
        <chamberName />
      </item>
    </titles>
    <amendments />
    <textVersions>
      <item>
        <type>Introduced in Senate</type>
        <date>2019-01-28T05:00:00Z</date>
        <formats>
          <item>
            <url>https://www.govinfo.gov/content/pkg/BILLS-116s232is/xml/BILLS-116s232is.xml</url>
          </item>
        </formats>
      </item>
    </textVersions>
    <latestAction>
      <actionDate>2019-01-28</actionDate>
      <text>Read twice and referred to the Committee on Homeland Security and Governmental Affairs.</text>
      <links />
    </latestAction>
    <calendarNumbers />
    <version>1.0.0</version>
  </bill>
  <dublinCore xmlns:dc="http://purl.org/dc/elements/1.1/">
    <dc:format>text/xml</dc:format>
    <dc:language>EN</dc:language>
    <dc:rights>Pursuant to Title 17 Section 105 of the United States Code, this file is not subject to copyright protection and is in the public domain.</dc:rights>
    <dc:contributor>Congressional Research Service, Library of Congress</dc:contributor>
    <dc:description>This file contains bill summaries and statuses for federal legislation. A bill summary describes the most significant provisions of a piece of legislation and details the effects the legislative text may have on current law and federal programs. Bill summaries are authored by the Congressional Research Service (CRS) of the Library of Congress. As stated in Public Law 91-510 (2 USC 166 (d)(6)), one of the duties of CRS is "to prepare summaries and digests of bills and resolutions of a public general nature introduced in the Senate or House of Representatives". For more information, refer to the User Guide that accompanies this file.</dc:description>
  </dublinCore>
</billStatus>

