<?xml version="1.0" encoding="UTF-8"?>
<billStatus>
  <bill>
    <billNumber>127</billNumber>
    <createDate>2019-01-16T05:40:17Z</createDate>
    <updateDate>2020-03-11T16:45:12Z</updateDate>
    <originChamber>Senate</originChamber>
    <billType>S</billType>
    <introducedDate>2019-01-15</introducedDate>
    <congress>116</congress>
    <recordedVotes />
    <committees>
      <billCommittees>
        <item>
          <systemCode>ssva00</systemCode>
          <name>Veterans' Affairs Committee</name>
          <chamber>Senate</chamber>
          <type>Standing</type>
          <subcommittees />
          <activities>
            <item>
              <name>Referred to</name>
              <date>2019-01-15T20:25:01Z</date>
            </item>
          </activities>
        </item>
      </billCommittees>
    </committees>
    <committeeReports />
    <relatedBills>
      <item>
        <latestTitle>To require the Secretary of Veterans Affairs to seek to enter into an agreement with the city of Vallejo, California, for the transfer of Mare Island Naval Cemetery in Vallejo, California, and for other purposes.</latestTitle>
        <congress>116</congress>
        <number>6039</number>
        <type>HR</type>
        <latestAction>
          <actionDate>2020-03-09</actionDate>
          <text>Referred to the Subcommittee on Disability Assistance and Memorial Affairs.</text>
        </latestAction>
        <relationshipDetails>
          <item>
            <type>Related bill</type>
            <identifiedBy>CRS</identifiedBy>
          </item>
        </relationshipDetails>
      </item>
      <item>
        <latestTitle>A bill to require the Secretary of Veterans Affairs to seek to enter into an agreement with the city of Vallejo, California, for the transfer of Mare Island Naval Cemetery in Vallejo, California, and for other purposes.</latestTitle>
        <congress>116</congress>
        <number>2983</number>
        <type>S</type>
        <latestAction>
          <actionDate>2019-12-05</actionDate>
          <text>Read twice and referred to the Committee on Veterans' Affairs.</text>
        </latestAction>
        <relationshipDetails>
          <item>
            <type>Related bill</type>
            <identifiedBy>CRS</identifiedBy>
          </item>
        </relationshipDetails>
      </item>
      <item>
        <latestTitle>To direct the Secretary of Veterans Affairs to seek to enter into an agreement with the city of Vallejo, California, for the transfer of Mare Island Naval Cemetery in Vallejo, California, and for other purposes.</latestTitle>
        <congress>116</congress>
        <number>578</number>
        <type>HR</type>
        <latestAction>
          <actionDate>2019-02-08</actionDate>
          <text>Referred to the Subcommittee on Disability Assistance and Memorial Affairs.</text>
        </latestAction>
        <relationshipDetails>
          <item>
            <type>Identical bill</type>
            <identifiedBy>CRS</identifiedBy>
          </item>
        </relationshipDetails>
      </item>
    </relatedBills>
    <actions>
      <item>
        <actionDate>2019-01-15</actionDate>
        <committees>
          <item>
            <systemCode>ssva00</systemCode>
            <name>Veterans' Affairs Committee</name>
          </item>
        </committees>
        <links>
          <link>
            <name>S226</name>
            <url>https://www.congress.gov/congressional-record/volume-165/senate-section/page/S226</url>
          </link>
        </links>
        <sourceSystem>
          <code>0</code>
          <name>Senate</name>
        </sourceSystem>
        <text>Read twice and referred to the Committee on Veterans' Affairs. (Sponsor introductory remarks on measure: CR S226)</text>
        <type>IntroReferral</type>
      </item>
      <item>
        <actionDate>2019-01-15</actionDate>
        <links />
        <text>Introduced in Senate</text>
        <type>IntroReferral</type>
        <actionCode>10000</actionCode>
        <sourceSystem>
          <code>9</code>
          <name>Library of Congress</name>
        </sourceSystem>
        <committees />
      </item>
      <actionTypeCounts>
        <referredToCommittee>1</referredToCommittee>
        <introducedInSenate>1</introducedInSenate>
      </actionTypeCounts>
      <actionByCounts>
        <senate>2</senate>
      </actionByCounts>
    </actions>
    <sponsors>
      <item>
        <bioguideId>F000062</bioguideId>
        <fullName>Sen. Feinstein, Dianne [D-CA]</fullName>
        <firstName>DIANNE</firstName>
        <middleName />
        <lastName>FEINSTEIN</lastName>
        <party>D</party>
        <state>CA</state>
        <identifiers>
          <lisID>1332</lisID>
          <bioguideId>F000062</bioguideId>
          <gpoId>8338</gpoId>
        </identifiers>
        <byRequestType />
      </item>
    </sponsors>
    <cosponsors>
      <item>
        <bioguideId>H001075</bioguideId>
        <fullName>Sen. Harris, Kamala D. [D-CA]</fullName>
        <firstName>Kamala</firstName>
        <middleName>D.</middleName>
        <lastName>Harris</lastName>
        <party>D</party>
        <state>CA</state>
        <identifiers>
          <lisID>2301</lisID>
          <bioguideId>H001075</bioguideId>
          <gpoId />
        </identifiers>
        <sponsorshipDate>2019-01-15</sponsorshipDate>
        <isOriginalCosponsor>True</isOriginalCosponsor>
        <sponsorshipWithdrawnDate />
      </item>
      <item>
        <bioguideId>W000817</bioguideId>
        <fullName>Sen. Warren, Elizabeth [D-MA]</fullName>
        <firstName>Elizabeth</firstName>
        <middleName>A.</middleName>
        <lastName>Warren</lastName>
        <party>D</party>
        <state>MA</state>
        <identifiers>
          <lisID>2182</lisID>
          <bioguideId>W000817</bioguideId>
          <gpoId />
        </identifiers>
        <sponsorshipDate>2019-01-15</sponsorshipDate>
        <isOriginalCosponsor>True</isOriginalCosponsor>
        <sponsorshipWithdrawnDate />
      </item>
      <item>
        <bioguideId>M000639</bioguideId>
        <fullName>Sen. Menendez, Robert [D-NJ]</fullName>
        <firstName>Robert</firstName>
        <middleName />
        <lastName>Menendez</lastName>
        <party>D</party>
        <state>NJ</state>
        <identifiers>
          <lisID>791</lisID>
          <bioguideId>M000639</bioguideId>
          <gpoId>8239</gpoId>
        </identifiers>
        <sponsorshipDate>2019-01-15</sponsorshipDate>
        <isOriginalCosponsor>True</isOriginalCosponsor>
        <sponsorshipWithdrawnDate />
      </item>
      <item>
        <bioguideId>M000133</bioguideId>
        <fullName>Sen. Markey, Edward J. [D-MA]</fullName>
        <firstName>EDWARD</firstName>
        <middleName>J.</middleName>
        <lastName>MARKEY</lastName>
        <party>D</party>
        <state>MA</state>
        <identifiers>
          <lisID>735</lisID>
          <bioguideId>M000133</bioguideId>
          <gpoId>7972</gpoId>
        </identifiers>
        <sponsorshipDate>2019-01-15</sponsorshipDate>
        <isOriginalCosponsor>True</isOriginalCosponsor>
        <sponsorshipWithdrawnDate />
      </item>
      <item>
        <bioguideId>B001288</bioguideId>
        <fullName>Sen. Booker, Cory A. [D-NJ]</fullName>
        <firstName>Cory</firstName>
        <middleName>A.</middleName>
        <lastName>Booker</lastName>
        <party>D</party>
        <state>NJ</state>
        <identifiers>
          <lisID>2194</lisID>
          <bioguideId>B001288</bioguideId>
          <gpoId />
        </identifiers>
        <sponsorshipDate>2019-10-22</sponsorshipDate>
        <isOriginalCosponsor>False</isOriginalCosponsor>
        <sponsorshipWithdrawnDate />
      </item>
    </cosponsors>
    <cboCostEstimates />
    <laws />
    <notes />
    <policyArea>
      <name>Armed Forces and National Security</name>
    </policyArea>
    <subjects>
      <billSubjects>
        <legislativeSubjects>
          <item>
            <name>California</name>
          </item>
          <item>
            <name>Cemeteries and funerals</name>
          </item>
          <item>
            <name>Historic sites and heritage areas</name>
          </item>
          <item>
            <name>Land transfers</name>
          </item>
          <item>
            <name>Military history</name>
          </item>
          <item>
            <name>Veterans' organizations and recognition</name>
          </item>
        </legislativeSubjects>
        <policyArea>
          <name>Armed Forces and National Security</name>
        </policyArea>
      </billSubjects>
    </subjects>
    <summaries>
      <billSummaries>
        <item>
          <versionCode>00</versionCode>
          <actionDate>2019-01-15</actionDate>
          <actionDesc>Introduced in Senate</actionDesc>
          <lastSummaryUpdateDate>2019-03-12T20:16:16Z</lastSummaryUpdateDate>
          <text><![CDATA[<p>This bill directs the Department of Veterans Affairs (VA) and the city of Vallejo, California, to enter into an agreement to transfer Mare Island Naval Cemetery in Vallejo, California, to the VA to be maintained as a national shrine. </p>]]></text>
          <updateDate>2019-01-15T05:00:00Z</updateDate>
          <name>Introduced in Senate</name>
        </item>
      </billSummaries>
    </summaries>
    <title>A bill to direct the Secretary of Veterans Affairs to seek to enter into an agreement with the city of Vallejo, California, for the transfer of Mare Island Naval Cemetery in Vallejo, California, and for other purposes.</title>
    <titles>
      <item>
        <titleType>Official Title as Introduced</titleType>
        <parentTitleType />
        <title>A bill to direct the Secretary of Veterans Affairs to seek to enter into an agreement with the city of Vallejo, California, for the transfer of Mare Island Naval Cemetery in Vallejo, California, and for other purposes.</title>
        <chamberCode />
        <chamberName />
      </item>
      <item>
        <titleType>Display Title</titleType>
        <parentTitleType />
        <title>A bill to direct the Secretary of Veterans Affairs to seek to enter into an agreement with the city of Vallejo, California, for the transfer of Mare Island Naval Cemetery in Vallejo, California, and for other purposes.</title>
        <chamberCode />
        <chamberName />
      </item>
    </titles>
    <amendments />
    <textVersions>
      <item>
        <type>Introduced in Senate</type>
        <date>2019-01-15T05:00:00Z</date>
        <formats>
          <item>
            <url>https://www.govinfo.gov/content/pkg/BILLS-116s127is/xml/BILLS-116s127is.xml</url>
          </item>
        </formats>
      </item>
    </textVersions>
    <latestAction>
      <actionDate>2019-01-15</actionDate>
      <text>Read twice and referred to the Committee on Veterans' Affairs. (Sponsor introductory remarks on measure: CR S226)</text>
      <links />
    </latestAction>
    <calendarNumbers />
    <version>1.0.0</version>
  </bill>
  <dublinCore xmlns:dc="http://purl.org/dc/elements/1.1/">
    <dc:format>text/xml</dc:format>
    <dc:language>EN</dc:language>
    <dc:rights>Pursuant to Title 17 Section 105 of the United States Code, this file is not subject to copyright protection and is in the public domain.</dc:rights>
    <dc:contributor>Congressional Research Service, Library of Congress</dc:contributor>
    <dc:description>This file contains bill summaries and statuses for federal legislation. A bill summary describes the most significant provisions of a piece of legislation and details the effects the legislative text may have on current law and federal programs. Bill summaries are authored by the Congressional Research Service (CRS) of the Library of Congress. As stated in Public Law 91-510 (2 USC 166 (d)(6)), one of the duties of CRS is "to prepare summaries and digests of bills and resolutions of a public general nature introduced in the Senate or House of Representatives". For more information, refer to the User Guide that accompanies this file.</dc:description>
  </dublinCore>
</billStatus>

