<?xml version="1.0" encoding="UTF-8"?>
<billStatus>
  <bill>
    <billNumber>346</billNumber>
    <createDate>2019-02-07T06:10:16Z</createDate>
    <updateDate>2021-07-10T20:19:37Z</updateDate>
    <originChamber>Senate</originChamber>
    <billType>S</billType>
    <introducedDate>2019-02-06</introducedDate>
    <congress>116</congress>
    <recordedVotes />
    <committees>
      <billCommittees>
        <item>
          <systemCode>sseg00</systemCode>
          <name>Energy and Natural Resources Committee</name>
          <chamber>Senate</chamber>
          <type>Standing</type>
          <subcommittees />
          <activities>
            <item>
              <name>Referred to</name>
              <date>2019-02-06T16:51:13Z</date>
            </item>
          </activities>
        </item>
      </billCommittees>
    </committees>
    <committeeReports />
    <relatedBills>
      <item>
        <latestTitle>National Evaluation of Techniques for Making Energy Technologies More Efficient and Resilient Act of 2019</latestTitle>
        <congress>116</congress>
        <number>1009</number>
        <type>HR</type>
        <latestAction>
          <actionDate>2019-02-06</actionDate>
          <text>Referred to the House Committee on Energy and Commerce.</text>
        </latestAction>
        <relationshipDetails>
          <item>
            <type>Identical bill</type>
            <identifiedBy>CRS</identifiedBy>
          </item>
        </relationshipDetails>
      </item>
    </relatedBills>
    <actions>
      <item>
        <actionDate>2019-02-06</actionDate>
        <committees>
          <item>
            <systemCode>sseg00</systemCode>
            <name>Energy and Natural Resources Committee</name>
          </item>
        </committees>
        <links />
        <sourceSystem>
          <code>0</code>
          <name>Senate</name>
        </sourceSystem>
        <text>Read twice and referred to the Committee on Energy and Natural Resources.</text>
        <type>IntroReferral</type>
      </item>
      <item>
        <actionDate>2019-02-06</actionDate>
        <links />
        <text>Introduced in Senate</text>
        <type>IntroReferral</type>
        <actionCode>10000</actionCode>
        <sourceSystem>
          <code>9</code>
          <name>Library of Congress</name>
        </sourceSystem>
        <committees />
      </item>
      <actionTypeCounts>
        <referredToCommittee>1</referredToCommittee>
        <introducedInSenate>1</introducedInSenate>
      </actionTypeCounts>
      <actionByCounts>
        <senate>2</senate>
      </actionByCounts>
    </actions>
    <sponsors>
      <item>
        <bioguideId>H001076</bioguideId>
        <fullName>Sen. Hassan, Margaret Wood [D-NH]</fullName>
        <firstName>Margaret</firstName>
        <middleName>Wood</middleName>
        <lastName>Hassan</lastName>
        <party>D</party>
        <state>NH</state>
        <identifiers>
          <lisID>2302</lisID>
          <bioguideId>H001076</bioguideId>
          <gpoId />
        </identifiers>
        <byRequestType />
      </item>
    </sponsors>
    <cosponsors>
      <item>
        <bioguideId>S000033</bioguideId>
        <fullName>Sen. Sanders, Bernard [I-VT]</fullName>
        <firstName>Bernard</firstName>
        <middleName />
        <lastName>Sanders</lastName>
        <party>I</party>
        <state>VT</state>
        <identifiers>
          <lisID>1010</lisID>
          <bioguideId>S000033</bioguideId>
          <gpoId>8270</gpoId>
        </identifiers>
        <sponsorshipDate>2019-02-06</sponsorshipDate>
        <isOriginalCosponsor>True</isOriginalCosponsor>
        <sponsorshipWithdrawnDate />
      </item>
      <item>
        <bioguideId>S001181</bioguideId>
        <fullName>Sen. Shaheen, Jeanne [D-NH]</fullName>
        <firstName>Jeanne</firstName>
        <middleName />
        <lastName>Shaheen</lastName>
        <party>D</party>
        <state>NH</state>
        <identifiers>
          <lisID>1901</lisID>
          <bioguideId>S001181</bioguideId>
          <gpoId>8276</gpoId>
        </identifiers>
        <sponsorshipDate>2019-02-06</sponsorshipDate>
        <isOriginalCosponsor>True</isOriginalCosponsor>
        <sponsorshipWithdrawnDate />
      </item>
      <item>
        <bioguideId>M000133</bioguideId>
        <fullName>Sen. Markey, Edward J. [D-MA]</fullName>
        <firstName>EDWARD</firstName>
        <middleName>J.</middleName>
        <lastName>MARKEY</lastName>
        <party>D</party>
        <state>MA</state>
        <identifiers>
          <lisID>735</lisID>
          <bioguideId>M000133</bioguideId>
          <gpoId>7972</gpoId>
        </identifiers>
        <sponsorshipDate>2019-02-06</sponsorshipDate>
        <isOriginalCosponsor>True</isOriginalCosponsor>
        <sponsorshipWithdrawnDate />
      </item>
    </cosponsors>
    <cboCostEstimates />
    <laws />
    <notes />
    <policyArea>
      <name>Energy</name>
    </policyArea>
    <subjects>
      <billSubjects>
        <legislativeSubjects>
          <item>
            <name>Alternative and renewable resources</name>
          </item>
          <item>
            <name>Electric power generation and transmission</name>
          </item>
          <item>
            <name>Energy efficiency and conservation</name>
          </item>
          <item>
            <name>Energy storage, supplies, demand</name>
          </item>
          <item>
            <name>Government studies and investigations</name>
          </item>
          <item>
            <name>Public utilities and utility rates</name>
          </item>
        </legislativeSubjects>
        <policyArea>
          <name>Energy</name>
        </policyArea>
      </billSubjects>
    </subjects>
    <summaries>
      <billSummaries>
        <item>
          <versionCode>00</versionCode>
          <actionDate>2019-02-06</actionDate>
          <actionDesc>Introduced in Senate</actionDesc>
          <lastSummaryUpdateDate>2019-07-16T19:16:23Z</lastSummaryUpdateDate>
          <text><![CDATA[<p><b>National Evaluation of Techniques for Making Energy Technologies More Efficient and Resilient Act of 2019</b></p> <p>This bill directs the Department of Energy to seek to enter into an agreement with the National Academies of Sciences, Engineering, and Medicine under which the National Academies must study and evaluate net metering. Net metering allows consumers who generate some or all of their own electricity to use that electricity anytime, instead of when it is generated.</p>]]></text>
          <updateDate>2019-02-06T05:00:00Z</updateDate>
          <name>Introduced in Senate</name>
        </item>
      </billSummaries>
    </summaries>
    <title>National Evaluation of Techniques for Making Energy Technologies More Efficient and Resilient Act of 2019</title>
    <titles>
      <item>
        <titleType>Short Title(s) as Introduced</titleType>
        <parentTitleType>Short Title</parentTitleType>
        <title>National Evaluation of Techniques for Making Energy Technologies More Efficient and Resilient Act of 2019</title>
        <chamberCode />
        <chamberName />
      </item>
      <item>
        <titleType>Official Title as Introduced</titleType>
        <parentTitleType />
        <title>A bill to provide for the study and evaluation of net metering, and for other purposes.</title>
        <chamberCode />
        <chamberName />
      </item>
      <item>
        <titleType>Display Title</titleType>
        <parentTitleType />
        <title>National Evaluation of Techniques for Making Energy Technologies More Efficient and Resilient Act of 2019</title>
        <chamberCode />
        <chamberName />
      </item>
    </titles>
    <amendments />
    <textVersions>
      <item>
        <type>Introduced in Senate</type>
        <date>2019-02-06T05:00:00Z</date>
        <formats>
          <item>
            <url>https://www.govinfo.gov/content/pkg/BILLS-116s346is/xml/BILLS-116s346is.xml</url>
          </item>
        </formats>
      </item>
    </textVersions>
    <latestAction>
      <actionDate>2019-02-06</actionDate>
      <text>Read twice and referred to the Committee on Energy and Natural Resources.</text>
      <links />
    </latestAction>
    <calendarNumbers />
    <version>1.0.0</version>
  </bill>
  <dublinCore xmlns:dc="http://purl.org/dc/elements/1.1/">
    <dc:format>text/xml</dc:format>
    <dc:language>EN</dc:language>
    <dc:rights>Pursuant to Title 17 Section 105 of the United States Code, this file is not subject to copyright protection and is in the public domain.</dc:rights>
    <dc:contributor>Congressional Research Service, Library of Congress</dc:contributor>
    <dc:description>This file contains bill summaries and statuses for federal legislation. A bill summary describes the most significant provisions of a piece of legislation and details the effects the legislative text may have on current law and federal programs. Bill summaries are authored by the Congressional Research Service (CRS) of the Library of Congress. As stated in Public Law 91-510 (2 USC 166 (d)(6)), one of the duties of CRS is "to prepare summaries and digests of bills and resolutions of a public general nature introduced in the Senate or House of Representatives". For more information, refer to the User Guide that accompanies this file.</dc:description>
  </dublinCore>
</billStatus>

