<?xml version="1.0" encoding="UTF-8"?>
<billStatus>
  <bill>
    <billNumber>157</billNumber>
    <createDate>2019-01-17T05:40:11Z</createDate>
    <updateDate>2021-06-11T21:59:28Z</updateDate>
    <originChamber>Senate</originChamber>
    <billType>S</billType>
    <introducedDate>2019-01-16</introducedDate>
    <congress>116</congress>
    <recordedVotes />
    <committees>
      <billCommittees>
        <item>
          <systemCode>ssfi00</systemCode>
          <name>Finance Committee</name>
          <chamber>Senate</chamber>
          <type>Standing</type>
          <subcommittees />
          <activities>
            <item>
              <name>Referred to</name>
              <date>2019-01-16T22:07:49Z</date>
            </item>
          </activities>
        </item>
      </billCommittees>
    </committees>
    <committeeReports />
    <relatedBills>
      <item>
        <latestTitle>RECOVERY Act</latestTitle>
        <congress>116</congress>
        <number>4537</number>
        <type>S</type>
        <latestAction>
          <actionDate>2020-09-08</actionDate>
          <text>Read twice and referred to the Committee on Finance.</text>
        </latestAction>
        <relationshipDetails>
          <item>
            <type>Related bill</type>
            <identifiedBy>CRS</identifiedBy>
          </item>
        </relationshipDetails>
      </item>
      <item>
        <latestTitle>Delivering Immediate Relief to America's Families, Schools and Small Businesses Act</latestTitle>
        <congress>116</congress>
        <number>4775</number>
        <type>S</type>
        <latestAction>
          <actionDate>2020-10-01</actionDate>
          <text>Read the second time. Placed on Senate Legislative Calendar under General Orders. Calendar No. 564.</text>
        </latestAction>
        <relationshipDetails>
          <item>
            <type>Related bill</type>
            <identifiedBy>CRS</identifiedBy>
          </item>
        </relationshipDetails>
      </item>
      <item>
        <latestTitle>Student Empowerment Act</latestTitle>
        <congress>116</congress>
        <number>621</number>
        <type>HR</type>
        <latestAction>
          <actionDate>2019-01-16</actionDate>
          <text>Referred to the House Committee on Ways and Means.</text>
        </latestAction>
        <relationshipDetails>
          <item>
            <type>Identical bill</type>
            <identifiedBy>CRS</identifiedBy>
          </item>
        </relationshipDetails>
      </item>
    </relatedBills>
    <actions>
      <item>
        <actionDate>2019-01-16</actionDate>
        <committees>
          <item>
            <systemCode>ssfi00</systemCode>
            <name>Finance Committee</name>
          </item>
        </committees>
        <links />
        <sourceSystem>
          <code>0</code>
          <name>Senate</name>
        </sourceSystem>
        <text>Read twice and referred to the Committee on Finance.</text>
        <type>IntroReferral</type>
      </item>
      <item>
        <actionDate>2019-01-16</actionDate>
        <links />
        <text>Introduced in Senate</text>
        <type>IntroReferral</type>
        <actionCode>10000</actionCode>
        <sourceSystem>
          <code>9</code>
          <name>Library of Congress</name>
        </sourceSystem>
        <committees />
      </item>
      <actionTypeCounts>
        <referredToCommittee>1</referredToCommittee>
        <introducedInSenate>1</introducedInSenate>
      </actionTypeCounts>
      <actionByCounts>
        <senate>2</senate>
      </actionByCounts>
    </actions>
    <sponsors>
      <item>
        <bioguideId>C001098</bioguideId>
        <fullName>Sen. Cruz, Ted [R-TX]</fullName>
        <firstName>Ted</firstName>
        <middleName />
        <lastName>Cruz</lastName>
        <party>R</party>
        <state>TX</state>
        <identifiers>
          <lisID>2175</lisID>
          <bioguideId>C001098</bioguideId>
          <gpoId />
        </identifiers>
        <byRequestType />
      </item>
    </sponsors>
    <cosponsors>
      <item>
        <bioguideId>J000293</bioguideId>
        <fullName>Sen. Johnson, Ron [R-WI]</fullName>
        <firstName>Ron</firstName>
        <middleName />
        <lastName>Johnson</lastName>
        <party>R</party>
        <state>WI</state>
        <identifiers>
          <lisID>2086</lisID>
          <bioguideId>J000293</bioguideId>
          <gpoId>8355</gpoId>
        </identifiers>
        <sponsorshipDate>2019-01-16</sponsorshipDate>
        <isOriginalCosponsor>True</isOriginalCosponsor>
        <sponsorshipWithdrawnDate />
      </item>
      <item>
        <bioguideId>S001197</bioguideId>
        <fullName>Sen. Sasse, Ben  [R-NE]</fullName>
        <firstName>Ben</firstName>
        <middleName />
        <lastName>Sasse</lastName>
        <party>R</party>
        <state>NE</state>
        <identifiers>
          <lisID>2289</lisID>
          <bioguideId>S001197</bioguideId>
          <gpoId />
        </identifiers>
        <sponsorshipDate>2019-01-16</sponsorshipDate>
        <isOriginalCosponsor>True</isOriginalCosponsor>
        <sponsorshipWithdrawnDate />
      </item>
      <item>
        <bioguideId>P000603</bioguideId>
        <fullName>Sen. Paul, Rand [R-KY]</fullName>
        <firstName>Rand</firstName>
        <middleName />
        <lastName>Paul</lastName>
        <party>R</party>
        <state>KY</state>
        <identifiers>
          <lisID>2082</lisID>
          <bioguideId>P000603</bioguideId>
          <gpoId>8308</gpoId>
        </identifiers>
        <sponsorshipDate>2019-01-16</sponsorshipDate>
        <isOriginalCosponsor>True</isOriginalCosponsor>
        <sponsorshipWithdrawnDate />
      </item>
      <item>
        <bioguideId>B000575</bioguideId>
        <fullName>Sen. Blunt, Roy [R-MO]</fullName>
        <firstName>Roy</firstName>
        <middleName />
        <lastName>Blunt</lastName>
        <party>R</party>
        <state>MO</state>
        <identifiers>
          <lisID>1464</lisID>
          <bioguideId>B000575</bioguideId>
          <gpoId>8313</gpoId>
        </identifiers>
        <sponsorshipDate>2019-01-16</sponsorshipDate>
        <isOriginalCosponsor>True</isOriginalCosponsor>
        <sponsorshipWithdrawnDate />
      </item>
      <item>
        <bioguideId>C001095</bioguideId>
        <fullName>Sen. Cotton, Tom [R-AR]</fullName>
        <firstName>Tom</firstName>
        <middleName />
        <lastName>Cotton</lastName>
        <party>R</party>
        <state>AR</state>
        <identifiers>
          <lisID>2098</lisID>
          <bioguideId>C001095</bioguideId>
          <gpoId />
        </identifiers>
        <sponsorshipDate>2019-01-16</sponsorshipDate>
        <isOriginalCosponsor>True</isOriginalCosponsor>
        <sponsorshipWithdrawnDate />
      </item>
      <item>
        <bioguideId>T000461</bioguideId>
        <fullName>Sen. Toomey, Pat [R-PA]</fullName>
        <firstName>Pat</firstName>
        <middleName />
        <lastName>Toomey</lastName>
        <party>R</party>
        <state>PA</state>
        <identifiers>
          <lisID>1594</lisID>
          <bioguideId>T000461</bioguideId>
          <gpoId />
        </identifiers>
        <sponsorshipDate>2019-01-16</sponsorshipDate>
        <isOriginalCosponsor>True</isOriginalCosponsor>
        <sponsorshipWithdrawnDate />
      </item>
      <item>
        <bioguideId>L000575</bioguideId>
        <fullName>Sen. Lankford, James [R-OK]</fullName>
        <firstName>James</firstName>
        <middleName />
        <lastName>Lankford</lastName>
        <party>R</party>
        <state>OK</state>
        <identifiers>
          <lisID>2050</lisID>
          <bioguideId>L000575</bioguideId>
          <gpoId>8113</gpoId>
        </identifiers>
        <sponsorshipDate>2019-01-16</sponsorshipDate>
        <isOriginalCosponsor>True</isOriginalCosponsor>
        <sponsorshipWithdrawnDate />
      </item>
      <item>
        <bioguideId>L000577</bioguideId>
        <fullName>Sen. Lee, Mike [R-UT]</fullName>
        <firstName>Mike</firstName>
        <middleName />
        <lastName>Lee</lastName>
        <party>R</party>
        <state>UT</state>
        <identifiers>
          <lisID>2080</lisID>
          <bioguideId>L000577</bioguideId>
          <gpoId>8303</gpoId>
        </identifiers>
        <sponsorshipDate>2019-01-16</sponsorshipDate>
        <isOriginalCosponsor>True</isOriginalCosponsor>
        <sponsorshipWithdrawnDate />
      </item>
      <item>
        <bioguideId>I000024</bioguideId>
        <fullName>Sen. Inhofe, James M. [R-OK]</fullName>
        <firstName>JIM</firstName>
        <middleName />
        <lastName>INHOFE</lastName>
        <party>R</party>
        <state>OK</state>
        <identifiers>
          <lisID>583</lisID>
          <bioguideId>I000024</bioguideId>
          <gpoId>8322</gpoId>
        </identifiers>
        <sponsorshipDate>2019-03-06</sponsorshipDate>
        <isOriginalCosponsor>False</isOriginalCosponsor>
        <sponsorshipWithdrawnDate />
      </item>
      <item>
        <bioguideId>S001217</bioguideId>
        <fullName>Sen. Scott, Rick  [R-FL]</fullName>
        <firstName>Rick</firstName>
        <middleName />
        <lastName>Scott</lastName>
        <party>R</party>
        <state>FL</state>
        <identifiers>
          <lisID>2470</lisID>
          <bioguideId>S001217</bioguideId>
          <gpoId />
        </identifiers>
        <sponsorshipDate>2019-07-23</sponsorshipDate>
        <isOriginalCosponsor>False</isOriginalCosponsor>
        <sponsorshipWithdrawnDate />
      </item>
      <item>
        <bioguideId>S001184</bioguideId>
        <fullName>Sen. Scott, Tim [R-SC]</fullName>
        <firstName>Tim</firstName>
        <middleName />
        <lastName>Scott</lastName>
        <party>R</party>
        <state>SC</state>
        <identifiers>
          <lisID>2056</lisID>
          <bioguideId>S001184</bioguideId>
          <gpoId>8141</gpoId>
        </identifiers>
        <sponsorshipDate>2019-07-25</sponsorshipDate>
        <isOriginalCosponsor>False</isOriginalCosponsor>
        <sponsorshipWithdrawnDate />
      </item>
      <item>
        <bioguideId>L000594</bioguideId>
        <fullName>Sen. Loeffler, Kelly [R-GA]</fullName>
        <firstName>Kelly</firstName>
        <middleName />
        <lastName>Loeffler</lastName>
        <party>R</party>
        <state>GA</state>
        <identifiers>
          <lisID>2474</lisID>
          <bioguideId>L000594</bioguideId>
          <gpoId />
        </identifiers>
        <sponsorshipDate>2020-07-28</sponsorshipDate>
        <isOriginalCosponsor>False</isOriginalCosponsor>
        <sponsorshipWithdrawnDate />
      </item>
    </cosponsors>
    <cboCostEstimates />
    <laws />
    <notes />
    <policyArea>
      <name>Taxation</name>
    </policyArea>
    <subjects>
      <billSubjects>
        <legislativeSubjects>
          <item>
            <name>Academic performance and assessments</name>
          </item>
          <item>
            <name>Elementary and secondary education</name>
          </item>
          <item>
            <name>Higher education</name>
          </item>
          <item>
            <name>Income tax exclusion</name>
          </item>
          <item>
            <name>Special education</name>
          </item>
          <item>
            <name>Student aid and college costs</name>
          </item>
          <item>
            <name>Teaching, teachers, curricula</name>
          </item>
        </legislativeSubjects>
        <policyArea>
          <name>Taxation</name>
        </policyArea>
      </billSubjects>
    </subjects>
    <summaries>
      <billSummaries>
        <item>
          <versionCode>00</versionCode>
          <actionDate>2019-01-16</actionDate>
          <actionDesc>Introduced in Senate</actionDesc>
          <lastSummaryUpdateDate>2019-02-11T20:30:24Z</lastSummaryUpdateDate>
          <text><![CDATA[<p><b>Student Empowerment Act </b></p> <p>This bill allows tax-exempt distributions from qualified tuition programs (known as 529 plans) to be used for additional educational expenses in connection with enrollment or attendance at an elementary or secondary school. </p> <p>(Under current law, distributions in connection with an elementary or secondary school are limited to tuition for a public, private, or religious school.) The bill allows the distributions to be used for additional educational expenses, including</p> <ul> <li>curriculum and curricular materials, </li> <li>books or other instructional materials, </li> <li>online educational materials, </li> <li>tutoring or educational classes outside the home, </li> <li>testing fees, </li> <li>fees for dual enrollment in an institution of higher education, and </li> <li>educational therapies for students with disabilities.</li> </ul> <p>Distributions may also be used for tuition and the purposes above in connection with a homeschool (whether treated as a homeschool or a private school under state law).</p>]]></text>
          <updateDate>2019-01-16T05:00:00Z</updateDate>
          <name>Introduced in Senate</name>
        </item>
      </billSummaries>
    </summaries>
    <title>Student Empowerment Act</title>
    <titles>
      <item>
        <titleType>Short Title(s) as Introduced</titleType>
        <parentTitleType>Short Title</parentTitleType>
        <title>Student Empowerment Act</title>
        <chamberCode />
        <chamberName />
      </item>
      <item>
        <titleType>Official Title as Introduced</titleType>
        <parentTitleType />
        <title>A bill to amend the Internal Revenue Code of 1986 to permit kindergarten through grade 12 educational expenses to be paid from a 529 account.</title>
        <chamberCode />
        <chamberName />
      </item>
      <item>
        <titleType>Display Title</titleType>
        <parentTitleType />
        <title>Student Empowerment Act</title>
        <chamberCode />
        <chamberName />
      </item>
    </titles>
    <amendments />
    <textVersions>
      <item>
        <type>Introduced in Senate</type>
        <date>2019-01-16T05:00:00Z</date>
        <formats>
          <item>
            <url>https://www.govinfo.gov/content/pkg/BILLS-116s157is/xml/BILLS-116s157is.xml</url>
          </item>
        </formats>
      </item>
    </textVersions>
    <latestAction>
      <actionDate>2019-01-16</actionDate>
      <text>Read twice and referred to the Committee on Finance.</text>
      <links />
    </latestAction>
    <calendarNumbers />
    <version>1.0.0</version>
  </bill>
  <dublinCore xmlns:dc="http://purl.org/dc/elements/1.1/">
    <dc:format>text/xml</dc:format>
    <dc:language>EN</dc:language>
    <dc:rights>Pursuant to Title 17 Section 105 of the United States Code, this file is not subject to copyright protection and is in the public domain.</dc:rights>
    <dc:contributor>Congressional Research Service, Library of Congress</dc:contributor>
    <dc:description>This file contains bill summaries and statuses for federal legislation. A bill summary describes the most significant provisions of a piece of legislation and details the effects the legislative text may have on current law and federal programs. Bill summaries are authored by the Congressional Research Service (CRS) of the Library of Congress. As stated in Public Law 91-510 (2 USC 166 (d)(6)), one of the duties of CRS is "to prepare summaries and digests of bills and resolutions of a public general nature introduced in the Senate or House of Representatives". For more information, refer to the User Guide that accompanies this file.</dc:description>
  </dublinCore>
</billStatus>

