<?xml version="1.0" encoding="UTF-8"?>
<billStatus>
  <bill>
    <billNumber>138</billNumber>
    <createDate>2019-01-17T05:40:11Z</createDate>
    <updateDate>2021-06-11T21:59:13Z</updateDate>
    <originChamber>Senate</originChamber>
    <billType>S</billType>
    <introducedDate>2019-01-16</introducedDate>
    <congress>116</congress>
    <recordedVotes />
    <committees>
      <billCommittees>
        <item>
          <systemCode>sseg00</systemCode>
          <name>Energy and Natural Resources Committee</name>
          <chamber>Senate</chamber>
          <type>Standing</type>
          <subcommittees />
          <activities>
            <item>
              <name>Referred to</name>
              <date>2019-01-16T16:09:10Z</date>
            </item>
          </activities>
        </item>
      </billCommittees>
    </committees>
    <committeeReports />
    <relatedBills>
      <item>
        <latestTitle>John D. Dingell, Jr. Conservation, Management, and Recreation Act</latestTitle>
        <congress>116</congress>
        <number>47</number>
        <type>S</type>
        <latestAction>
          <actionDate>2019-03-12</actionDate>
          <text>Became Public Law No: 116-9.</text>
        </latestAction>
        <relationshipDetails>
          <item>
            <type>Related bill</type>
            <identifiedBy>CRS</identifiedBy>
          </item>
        </relationshipDetails>
      </item>
    </relatedBills>
    <actions>
      <item>
        <actionDate>2019-01-16</actionDate>
        <committees>
          <item>
            <systemCode>sseg00</systemCode>
            <name>Energy and Natural Resources Committee</name>
          </item>
        </committees>
        <links />
        <sourceSystem>
          <code>0</code>
          <name>Senate</name>
        </sourceSystem>
        <text>Read twice and referred to the Committee on Energy and Natural Resources.</text>
        <type>IntroReferral</type>
      </item>
      <item>
        <actionDate>2019-01-16</actionDate>
        <links />
        <text>Introduced in Senate</text>
        <type>IntroReferral</type>
        <actionCode>10000</actionCode>
        <sourceSystem>
          <code>9</code>
          <name>Library of Congress</name>
        </sourceSystem>
        <committees />
      </item>
      <actionTypeCounts>
        <referredToCommittee>1</referredToCommittee>
        <introducedInSenate>1</introducedInSenate>
      </actionTypeCounts>
      <actionByCounts>
        <senate>2</senate>
      </actionByCounts>
    </actions>
    <sponsors>
      <item>
        <bioguideId>A000360</bioguideId>
        <fullName>Sen. Alexander, Lamar [R-TN]</fullName>
        <firstName>Lamar</firstName>
        <middleName />
        <lastName>Alexander</lastName>
        <party>R</party>
        <state>TN</state>
        <identifiers>
          <lisID>1695</lisID>
          <bioguideId>A000360</bioguideId>
          <gpoId>8304</gpoId>
        </identifiers>
        <byRequestType />
      </item>
    </sponsors>
    <cosponsors>
      <item>
        <bioguideId>B001243</bioguideId>
        <fullName>Sen. Blackburn, Marsha [R-TN]</fullName>
        <firstName>Marsha</firstName>
        <middleName />
        <lastName>Blackburn</lastName>
        <party>R</party>
        <state>TN</state>
        <identifiers>
          <lisID>1748</lisID>
          <bioguideId>B001243</bioguideId>
          <gpoId>8154</gpoId>
        </identifiers>
        <sponsorshipDate>2019-01-16</sponsorshipDate>
        <isOriginalCosponsor>True</isOriginalCosponsor>
        <sponsorshipWithdrawnDate />
      </item>
    </cosponsors>
    <cboCostEstimates />
    <laws />
    <notes />
    <policyArea>
      <name>Public Lands and Natural Resources</name>
    </policyArea>
    <subjects>
      <billSubjects>
        <legislativeSubjects>
          <item>
            <name>Historic sites and heritage areas</name>
          </item>
          <item>
            <name>Land transfers</name>
          </item>
          <item>
            <name>Military history</name>
          </item>
          <item>
            <name>Parks, recreation areas, trails</name>
          </item>
          <item>
            <name>Tennessee</name>
          </item>
        </legislativeSubjects>
        <policyArea>
          <name>Public Lands and Natural Resources</name>
        </policyArea>
      </billSubjects>
    </subjects>
    <summaries>
      <billSummaries>
        <item>
          <versionCode>00</versionCode>
          <actionDate>2019-01-16</actionDate>
          <actionDesc>Introduced in Senate</actionDesc>
          <lastSummaryUpdateDate>2019-06-04T14:06:03Z</lastSummaryUpdateDate>
          <text><![CDATA[<p><b>Shiloh National Military Park Boundary Adjustment and Parker's Crossroads Battlefield Designation Act</b></p> <p>This bill modifies the boundary of Shiloh National Military Park in Tennessee and Mississippi to include the following areas: (1) Fallen Timbers Battlefield, (2) Russell House Battlefield, and (3) Davis Bridge Battlefield. The Department of the Interior may acquire these lands by donation, exchange, or purchase from willing sellers.</p> <p>The Parker's Crossroads Battlefield in Tennessee is established as an affiliated area of the National Park System. </p>]]></text>
          <updateDate>2019-01-16T05:00:00Z</updateDate>
          <name>Introduced in Senate</name>
        </item>
      </billSummaries>
    </summaries>
    <title>Shiloh National Military Park Boundary Adjustment and Parker’s Crossroads Battlefield Designation Act</title>
    <titles>
      <item>
        <titleType>Short Title(s) as Introduced</titleType>
        <parentTitleType>Short Title</parentTitleType>
        <title>Shiloh National Military Park Boundary Adjustment and Parker’s Crossroads Battlefield Designation Act</title>
        <chamberCode />
        <chamberName />
      </item>
      <item>
        <titleType>Display Title</titleType>
        <parentTitleType />
        <title>Shiloh National Military Park Boundary Adjustment and Parker’s Crossroads Battlefield Designation Act</title>
        <chamberCode />
        <chamberName />
      </item>
      <item>
        <titleType>Official Title as Introduced</titleType>
        <parentTitleType />
        <title>A bill to modify the boundary of the Shiloh National Military Park located in the States of Tennessee and Mississippi, to establish Parker's Crossroads Battlefield as an affiliated area of the National Park System, and for other purposes.</title>
        <chamberCode />
        <chamberName />
      </item>
    </titles>
    <amendments />
    <textVersions>
      <item>
        <type>Introduced in Senate</type>
        <date>2019-01-16T05:00:00Z</date>
        <formats>
          <item>
            <url>https://www.govinfo.gov/content/pkg/BILLS-116s138is/xml/BILLS-116s138is.xml</url>
          </item>
        </formats>
      </item>
    </textVersions>
    <latestAction>
      <actionDate>2019-01-16</actionDate>
      <text>Read twice and referred to the Committee on Energy and Natural Resources.</text>
      <links />
    </latestAction>
    <calendarNumbers />
    <version>1.0.0</version>
  </bill>
  <dublinCore xmlns:dc="http://purl.org/dc/elements/1.1/">
    <dc:format>text/xml</dc:format>
    <dc:language>EN</dc:language>
    <dc:rights>Pursuant to Title 17 Section 105 of the United States Code, this file is not subject to copyright protection and is in the public domain.</dc:rights>
    <dc:contributor>Congressional Research Service, Library of Congress</dc:contributor>
    <dc:description>This file contains bill summaries and statuses for federal legislation. A bill summary describes the most significant provisions of a piece of legislation and details the effects the legislative text may have on current law and federal programs. Bill summaries are authored by the Congressional Research Service (CRS) of the Library of Congress. As stated in Public Law 91-510 (2 USC 166 (d)(6)), one of the duties of CRS is "to prepare summaries and digests of bills and resolutions of a public general nature introduced in the Senate or House of Representatives". For more information, refer to the User Guide that accompanies this file.</dc:description>
  </dublinCore>
</billStatus>

