<?xml version="1.0" encoding="UTF-8"?>
<billStatus>
  <bill>
    <billNumber>504</billNumber>
    <createDate>2019-02-15T12:40:20Z</createDate>
    <updateDate>2021-11-03T16:56:16Z</updateDate>
    <originChamber>Senate</originChamber>
    <billType>S</billType>
    <introducedDate>2019-02-14</introducedDate>
    <congress>116</congress>
    <recordedVotes />
    <committees>
      <billCommittees>
        <item>
          <systemCode>hsju00</systemCode>
          <name>Judiciary Committee</name>
          <chamber>House</chamber>
          <type>Standing</type>
          <subcommittees>
            <item>
              <systemCode>hsju01</systemCode>
              <name>Immigration and Citizenship Subcommittee</name>
              <activities>
                <item>
                  <name>Referred to</name>
                  <date>2019-06-28T17:18:23Z</date>
                </item>
              </activities>
            </item>
          </subcommittees>
          <activities>
            <item>
              <name>Referred to</name>
              <date>2019-06-13T00:20:39Z</date>
            </item>
          </activities>
        </item>
        <item>
          <systemCode>ssju00</systemCode>
          <name>Judiciary Committee</name>
          <chamber>Senate</chamber>
          <type>Standing</type>
          <subcommittees />
          <activities>
            <item>
              <name>Discharged from</name>
              <date>2019-06-11T22:11:27Z</date>
            </item>
            <item>
              <name>Referred to</name>
              <date>2019-02-14T19:19:38Z</date>
            </item>
          </activities>
        </item>
      </billCommittees>
    </committees>
    <committeeReports />
    <relatedBills>
      <item>
        <latestTitle>Let Everyone Get Involved in Opportunities for National Service Act</latestTitle>
        <congress>116</congress>
        <number>1641</number>
        <type>HR</type>
        <latestAction>
          <actionDate>2019-04-08</actionDate>
          <text>Referred to the Subcommittee on Immigration and Citizenship.</text>
        </latestAction>
        <relationshipDetails>
          <item>
            <type>Related bill</type>
            <identifiedBy>CRS</identifiedBy>
          </item>
        </relationshipDetails>
      </item>
    </relatedBills>
    <actions>
      <item>
        <actionDate>2019-07-30</actionDate>
        <links />
        <text>Became Public Law No: 116-35.</text>
        <type>President</type>
        <actionCode>E40000</actionCode>
        <sourceSystem>
          <code>2</code>
          <name>House floor actions</name>
        </sourceSystem>
        <committees />
      </item>
      <item>
        <actionDate>2019-07-30</actionDate>
        <links />
        <text>Became Public Law No: 116-35.</text>
        <type>BecameLaw</type>
        <actionCode>36000</actionCode>
        <sourceSystem>
          <code>9</code>
          <name>Library of Congress</name>
        </sourceSystem>
        <committees />
      </item>
      <item>
        <actionDate>2019-07-30</actionDate>
        <links />
        <text>Signed by President.</text>
        <type>President</type>
        <actionCode>E30000</actionCode>
        <sourceSystem>
          <code>2</code>
          <name>House floor actions</name>
        </sourceSystem>
        <committees />
      </item>
      <item>
        <actionDate>2019-07-30</actionDate>
        <links />
        <text>Signed by President.</text>
        <type>BecameLaw</type>
        <actionCode>36000</actionCode>
        <sourceSystem>
          <code>9</code>
          <name>Library of Congress</name>
        </sourceSystem>
        <committees />
      </item>
      <item>
        <actionDate>2019-07-29</actionDate>
        <links />
        <text>Presented to President.</text>
        <type>Floor</type>
        <actionCode>E20000</actionCode>
        <sourceSystem>
          <code>2</code>
          <name>House floor actions</name>
        </sourceSystem>
        <committees />
      </item>
      <item>
        <actionDate>2019-07-29</actionDate>
        <links />
        <text>Presented to President.</text>
        <type>President</type>
        <actionCode>28000</actionCode>
        <sourceSystem>
          <code>9</code>
          <name>Library of Congress</name>
        </sourceSystem>
        <committees />
      </item>
      <item>
        <actionDate>2019-07-23</actionDate>
        <actionTime>18:35:21</actionTime>
        <links />
        <text>Motion to reconsider laid on the table Agreed to without objection.</text>
        <type>Floor</type>
        <actionCode>H38310</actionCode>
        <sourceSystem>
          <code>2</code>
          <name>House floor actions</name>
        </sourceSystem>
        <committees />
      </item>
      <item>
        <actionDate>2019-07-23</actionDate>
        <actionTime>18:35:19</actionTime>
        <links />
        <text>On motion to suspend the rules and pass the bill Agreed to by voice vote. (text: CR H7220-7221)</text>
        <type>Floor</type>
        <actionCode>H37300</actionCode>
        <sourceSystem>
          <code>2</code>
          <name>House floor actions</name>
        </sourceSystem>
        <committees />
      </item>
      <item>
        <actionDate>2019-07-23</actionDate>
        <actionTime>18:35:19</actionTime>
        <links />
        <text>Passed/agreed to in House: On motion to suspend the rules and pass the bill Agreed to by voice vote.(text: CR H7220-7221)</text>
        <type>Floor</type>
        <actionCode>8000</actionCode>
        <sourceSystem>
          <code>9</code>
          <name>Library of Congress</name>
        </sourceSystem>
        <committees />
      </item>
      <item>
        <actionDate>2019-07-23</actionDate>
        <actionTime>18:31:08</actionTime>
        <links />
        <text>DEBATE - The House proceeded with forty minutes of debate on S. 504.</text>
        <type>Floor</type>
        <actionCode>H8D000</actionCode>
        <sourceSystem>
          <code>2</code>
          <name>House floor actions</name>
        </sourceSystem>
        <committees />
      </item>
      <item>
        <actionDate>2019-07-23</actionDate>
        <actionTime>18:31:06</actionTime>
        <links />
        <text>Considered under suspension of the rules. (consideration: CR H7220-7222)</text>
        <type>Floor</type>
        <actionCode>H30000</actionCode>
        <sourceSystem>
          <code>2</code>
          <name>House floor actions</name>
        </sourceSystem>
        <committees />
      </item>
      <item>
        <actionDate>2019-07-23</actionDate>
        <actionTime>18:30:18</actionTime>
        <links />
        <text>Mr. Correa moved to suspend the rules and pass the bill.</text>
        <type>Floor</type>
        <actionCode>H30300</actionCode>
        <sourceSystem>
          <code>2</code>
          <name>House floor actions</name>
        </sourceSystem>
        <committees />
      </item>
      <item>
        <actionDate>2019-06-28</actionDate>
        <committees>
          <item>
            <systemCode>hsju01</systemCode>
            <name>Immigration and Citizenship Subcommittee</name>
          </item>
        </committees>
        <links />
        <sourceSystem>
          <code>1</code>
          <name>House committee actions</name>
        </sourceSystem>
        <text>Referred to the Subcommittee on Immigration and Citizenship.</text>
        <type>Committee</type>
      </item>
      <item>
        <actionDate>2019-06-12</actionDate>
        <links />
        <text>Referred to the House Committee on the Judiciary.</text>
        <type>IntroReferral</type>
        <actionCode>H11100</actionCode>
        <sourceSystem>
          <code>2</code>
          <name>House floor actions</name>
        </sourceSystem>
        <committees>
          <item>
            <systemCode>hsju00</systemCode>
            <name>Judiciary Committee</name>
          </item>
        </committees>
      </item>
      <item>
        <actionDate>2019-06-12</actionDate>
        <actionTime>13:13:16</actionTime>
        <links />
        <text>Received in the House.</text>
        <type>Floor</type>
        <actionCode>H14000</actionCode>
        <sourceSystem>
          <code>2</code>
          <name>House floor actions</name>
        </sourceSystem>
        <committees />
      </item>
      <item>
        <actionDate>2019-06-12</actionDate>
        <committees />
        <links />
        <sourceSystem>
          <code>0</code>
          <name>Senate</name>
        </sourceSystem>
        <text>Message on Senate action sent to the House.</text>
        <type>Floor</type>
      </item>
      <item>
        <actionDate>2019-06-11</actionDate>
        <committees />
        <links />
        <sourceSystem>
          <code>0</code>
          <name>Senate</name>
        </sourceSystem>
        <text>Passed Senate with an amendment by Unanimous Consent. (text: CR S3326-3327)</text>
        <type>Floor</type>
      </item>
      <item>
        <actionDate>2019-06-11</actionDate>
        <links />
        <text>Passed/agreed to in Senate: Passed Senate with an amendment by Unanimous Consent.(text: CR S3326-3327)</text>
        <type>Floor</type>
        <actionCode>17000</actionCode>
        <sourceSystem>
          <code>9</code>
          <name>Library of Congress</name>
        </sourceSystem>
        <committees />
      </item>
      <item>
        <actionDate>2019-06-11</actionDate>
        <committees>
          <item>
            <systemCode>ssju00</systemCode>
            <name>Judiciary Committee</name>
          </item>
        </committees>
        <links />
        <sourceSystem>
          <code>0</code>
          <name>Senate</name>
        </sourceSystem>
        <text>Senate Committee on the Judiciary discharged by Unanimous Consent. (consideration: CR S3326-3327)</text>
        <type>Discharge</type>
      </item>
      <item>
        <actionDate>2019-06-11</actionDate>
        <links />
        <text>Senate Committee on the Judiciary discharged by Unanimous Consent.(consideration: CR S3326-3327)</text>
        <type>Committee</type>
        <actionCode>14500</actionCode>
        <sourceSystem>
          <code>9</code>
          <name>Library of Congress</name>
        </sourceSystem>
        <committees>
          <item>
            <systemCode>ssju00</systemCode>
            <name>Judiciary Committee</name>
          </item>
        </committees>
      </item>
      <item>
        <actionDate>2019-02-14</actionDate>
        <committees>
          <item>
            <systemCode>ssju00</systemCode>
            <name>Judiciary Committee</name>
          </item>
        </committees>
        <links />
        <sourceSystem>
          <code>0</code>
          <name>Senate</name>
        </sourceSystem>
        <text>Read twice and referred to the Committee on the Judiciary.</text>
        <type>IntroReferral</type>
      </item>
      <item>
        <actionDate>2019-02-14</actionDate>
        <links />
        <text>Introduced in Senate</text>
        <type>IntroReferral</type>
        <actionCode>10000</actionCode>
        <sourceSystem>
          <code>9</code>
          <name>Library of Congress</name>
        </sourceSystem>
        <committees />
      </item>
      <actionTypeCounts>
        <publicLawOrPrivateLaw>1</publicLawOrPrivateLaw>
        <becamePublicLaw>2</becamePublicLaw>
        <signedByPresidentOrSentToArchivistOfTheUnitedStatesUnsignedOrVetoedByPresidentOrPocketVetoedByPresident>1</signedByPresidentOrSentToArchivistOfTheUnitedStatesUnsignedOrVetoedByPresidentOrPocketVetoedByPresident>
        <presentedToPresident>2</presentedToPresident>
        <motionToReconsiderResults>1</motionToReconsiderResults>
        <finalPassageUnderSuspensionOfTheRulesResults>1</finalPassageUnderSuspensionOfTheRulesResults>
        <passedAgreedToInHouse>1</passedAgreedToInHouse>
        <generalDebate>1</generalDebate>
        <considerationByHouse>1</considerationByHouse>
        <motionMadeToSuspendTheRules>1</motionMadeToSuspendTheRules>
        <placeholderTextForH>1</placeholderTextForH>
        <billReferrals>1</billReferrals>
        <receivedInTheHouse>1</receivedInTheHouse>
        <sentToHouse>1</sentToHouse>
        <passedSenate>1</passedSenate>
        <passedAgreedToInSenate>1</passedAgreedToInSenate>
        <committeeDischarged>1</committeeDischarged>
        <senateCommitteeDischarged>1</senateCommitteeDischarged>
        <referredToCommittee>1</referredToCommittee>
        <introducedInSenate>1</introducedInSenate>
      </actionTypeCounts>
      <actionByCounts>
        <houseOfRepresentatives>9</houseOfRepresentatives>
        <senate>7</senate>
      </actionByCounts>
    </actions>
    <sponsors>
      <item>
        <bioguideId>S001191</bioguideId>
        <fullName>Sen. Sinema, Kyrsten [D-AZ]</fullName>
        <firstName>Kyrsten</firstName>
        <middleName />
        <lastName>Sinema</lastName>
        <party>D</party>
        <state>AZ</state>
        <identifiers>
          <lisID>2099</lisID>
          <bioguideId>S001191</bioguideId>
          <gpoId />
        </identifiers>
        <byRequestType />
      </item>
    </sponsors>
    <cosponsors>
      <item>
        <bioguideId>T000476</bioguideId>
        <fullName>Sen. Tillis, Thom [R-NC]</fullName>
        <firstName>Thomas</firstName>
        <middleName>Roland</middleName>
        <lastName>Tillis</lastName>
        <party>R</party>
        <state>NC</state>
        <identifiers>
          <lisID>2291</lisID>
          <bioguideId>T000476</bioguideId>
          <gpoId />
        </identifiers>
        <sponsorshipDate>2019-02-14</sponsorshipDate>
        <isOriginalCosponsor>True</isOriginalCosponsor>
        <sponsorshipWithdrawnDate />
      </item>
      <item>
        <bioguideId>R000584</bioguideId>
        <fullName>Sen. Risch, James E. [R-ID]</fullName>
        <firstName>James</firstName>
        <middleName>E.</middleName>
        <lastName>Risch</lastName>
        <party>R</party>
        <state>ID</state>
        <identifiers>
          <lisID>1896</lisID>
          <bioguideId>R000584</bioguideId>
          <gpoId>8274</gpoId>
        </identifiers>
        <sponsorshipDate>2019-02-26</sponsorshipDate>
        <isOriginalCosponsor>False</isOriginalCosponsor>
        <sponsorshipWithdrawnDate />
      </item>
      <item>
        <bioguideId>S000770</bioguideId>
        <fullName>Sen. Stabenow, Debbie [D-MI]</fullName>
        <firstName>DEBORAH</firstName>
        <middleName>ANN</middleName>
        <lastName>STABENOW</lastName>
        <party>D</party>
        <state>MI</state>
        <identifiers>
          <lisID>1531</lisID>
          <bioguideId>S000770</bioguideId>
          <gpoId>8261</gpoId>
        </identifiers>
        <sponsorshipDate>2019-03-06</sponsorshipDate>
        <isOriginalCosponsor>False</isOriginalCosponsor>
        <sponsorshipWithdrawnDate />
      </item>
      <item>
        <bioguideId>C001047</bioguideId>
        <fullName>Sen. Capito, Shelley Moore [R-WV]</fullName>
        <firstName>SHELLEY</firstName>
        <middleName>MOORE</middleName>
        <lastName>CAPITO</lastName>
        <party>R</party>
        <state>WV</state>
        <identifiers>
          <lisID>1676</lisID>
          <bioguideId>C001047</bioguideId>
          <gpoId>8223</gpoId>
        </identifiers>
        <sponsorshipDate>2019-03-06</sponsorshipDate>
        <isOriginalCosponsor>False</isOriginalCosponsor>
        <sponsorshipWithdrawnDate />
      </item>
      <item>
        <bioguideId>C001096</bioguideId>
        <fullName>Sen. Cramer, Kevin [R-ND]</fullName>
        <firstName>Kevin</firstName>
        <middleName />
        <lastName>Cramer</lastName>
        <party>R</party>
        <state>ND</state>
        <identifiers>
          <lisID>2144</lisID>
          <bioguideId>C001096</bioguideId>
          <gpoId />
        </identifiers>
        <sponsorshipDate>2019-03-06</sponsorshipDate>
        <isOriginalCosponsor>False</isOriginalCosponsor>
        <sponsorshipWithdrawnDate />
      </item>
      <item>
        <bioguideId>D000618</bioguideId>
        <fullName>Sen. Daines, Steve [R-MT]</fullName>
        <firstName>Steve</firstName>
        <middleName />
        <lastName>Daines</lastName>
        <party>R</party>
        <state>MT</state>
        <identifiers>
          <lisID>2138</lisID>
          <bioguideId>D000618</bioguideId>
          <gpoId />
        </identifiers>
        <sponsorshipDate>2019-03-06</sponsorshipDate>
        <isOriginalCosponsor>False</isOriginalCosponsor>
        <sponsorshipWithdrawnDate />
      </item>
      <item>
        <bioguideId>M000934</bioguideId>
        <fullName>Sen. Moran, Jerry [R-KS]</fullName>
        <firstName>Jerry</firstName>
        <middleName />
        <lastName>Moran</lastName>
        <party>R</party>
        <state>KS</state>
        <identifiers>
          <lisID>1507</lisID>
          <bioguideId>M000934</bioguideId>
          <gpoId>8307</gpoId>
        </identifiers>
        <sponsorshipDate>2019-03-06</sponsorshipDate>
        <isOriginalCosponsor>False</isOriginalCosponsor>
        <sponsorshipWithdrawnDate />
      </item>
      <item>
        <bioguideId>C001035</bioguideId>
        <fullName>Sen. Collins, Susan M. [R-ME]</fullName>
        <firstName>SUSAN</firstName>
        <middleName>MARGARET</middleName>
        <lastName>COLLINS</lastName>
        <party>R</party>
        <state>ME</state>
        <identifiers>
          <lisID>1541</lisID>
          <bioguideId>C001035</bioguideId>
          <gpoId>8291</gpoId>
        </identifiers>
        <sponsorshipDate>2019-03-06</sponsorshipDate>
        <isOriginalCosponsor>False</isOriginalCosponsor>
        <sponsorshipWithdrawnDate />
      </item>
      <item>
        <bioguideId>M001183</bioguideId>
        <fullName>Sen. Manchin, Joe, III [D-WV]</fullName>
        <firstName>Joe</firstName>
        <middleName />
        <lastName>Manchin</lastName>
        <party>D</party>
        <state>WV</state>
        <identifiers>
          <lisID>1983</lisID>
          <bioguideId>M001183</bioguideId>
          <gpoId>8256</gpoId>
        </identifiers>
        <sponsorshipDate>2019-03-06</sponsorshipDate>
        <isOriginalCosponsor>False</isOriginalCosponsor>
        <sponsorshipWithdrawnDate />
      </item>
      <item>
        <bioguideId>C001070</bioguideId>
        <fullName>Sen. Casey, Robert P., Jr. [D-PA]</fullName>
        <firstName>Bob</firstName>
        <middleName />
        <lastName>Casey</lastName>
        <party>D</party>
        <state>PA</state>
        <identifiers>
          <lisID>1828</lisID>
          <bioguideId>C001070</bioguideId>
          <gpoId>8282</gpoId>
        </identifiers>
        <sponsorshipDate>2019-03-06</sponsorshipDate>
        <isOriginalCosponsor>False</isOriginalCosponsor>
        <sponsorshipWithdrawnDate />
      </item>
      <item>
        <bioguideId>P000595</bioguideId>
        <fullName>Sen. Peters, Gary C. [D-MI]</fullName>
        <firstName>Gary</firstName>
        <middleName>C.</middleName>
        <lastName>Peters</lastName>
        <party>D</party>
        <state>MI</state>
        <identifiers>
          <lisID>1929</lisID>
          <bioguideId>P000595</bioguideId>
          <gpoId>7994</gpoId>
        </identifiers>
        <sponsorshipDate>2019-03-06</sponsorshipDate>
        <isOriginalCosponsor>False</isOriginalCosponsor>
        <sponsorshipWithdrawnDate />
      </item>
      <item>
        <bioguideId>C000880</bioguideId>
        <fullName>Sen. Crapo, Mike [R-ID]</fullName>
        <firstName>MICHAEL</firstName>
        <middleName>D.</middleName>
        <lastName>CRAPO</lastName>
        <party>R</party>
        <state>ID</state>
        <identifiers>
          <lisID>250</lisID>
          <bioguideId>C000880</bioguideId>
          <gpoId>8289</gpoId>
        </identifiers>
        <sponsorshipDate>2019-03-06</sponsorshipDate>
        <isOriginalCosponsor>False</isOriginalCosponsor>
        <sponsorshipWithdrawnDate />
      </item>
      <item>
        <bioguideId>M001197</bioguideId>
        <fullName>Sen. McSally, Martha [R-AZ]</fullName>
        <firstName>Martha</firstName>
        <middleName />
        <lastName>McSally</lastName>
        <party>R</party>
        <state>AZ</state>
        <identifiers>
          <lisID>2225</lisID>
          <bioguideId>M001197</bioguideId>
          <gpoId />
        </identifiers>
        <sponsorshipDate>2019-03-06</sponsorshipDate>
        <isOriginalCosponsor>False</isOriginalCosponsor>
        <sponsorshipWithdrawnDate />
      </item>
      <item>
        <bioguideId>H001079</bioguideId>
        <fullName>Sen. Hyde-Smith, Cindy [R-MS]</fullName>
        <firstName>Cindy</firstName>
        <middleName />
        <lastName>Hyde-Smith</lastName>
        <party>R</party>
        <state>MS</state>
        <identifiers>
          <lisID>2366</lisID>
          <bioguideId>H001079</bioguideId>
          <gpoId />
        </identifiers>
        <sponsorshipDate>2019-03-07</sponsorshipDate>
        <isOriginalCosponsor>False</isOriginalCosponsor>
        <sponsorshipWithdrawnDate />
      </item>
      <item>
        <bioguideId>K000367</bioguideId>
        <fullName>Sen. Klobuchar, Amy [D-MN]</fullName>
        <firstName>Amy</firstName>
        <middleName />
        <lastName>Klobuchar</lastName>
        <party>D</party>
        <state>MN</state>
        <identifiers>
          <lisID>1826</lisID>
          <bioguideId>K000367</bioguideId>
          <gpoId>8249</gpoId>
        </identifiers>
        <sponsorshipDate>2019-03-13</sponsorshipDate>
        <isOriginalCosponsor>False</isOriginalCosponsor>
        <sponsorshipWithdrawnDate />
      </item>
      <item>
        <bioguideId>S001181</bioguideId>
        <fullName>Sen. Shaheen, Jeanne [D-NH]</fullName>
        <firstName>Jeanne</firstName>
        <middleName />
        <lastName>Shaheen</lastName>
        <party>D</party>
        <state>NH</state>
        <identifiers>
          <lisID>1901</lisID>
          <bioguideId>S001181</bioguideId>
          <gpoId>8276</gpoId>
        </identifiers>
        <sponsorshipDate>2019-03-13</sponsorshipDate>
        <isOriginalCosponsor>False</isOriginalCosponsor>
        <sponsorshipWithdrawnDate />
      </item>
      <item>
        <bioguideId>S001203</bioguideId>
        <fullName>Sen. Smith, Tina  [D-MN]</fullName>
        <firstName>Tina</firstName>
        <middleName />
        <lastName>Smith</lastName>
        <party>D</party>
        <state>MN</state>
        <identifiers>
          <lisID>2365</lisID>
          <bioguideId>S001203</bioguideId>
          <gpoId />
        </identifiers>
        <sponsorshipDate>2019-03-13</sponsorshipDate>
        <isOriginalCosponsor>False</isOriginalCosponsor>
        <sponsorshipWithdrawnDate />
      </item>
      <item>
        <bioguideId>B001277</bioguideId>
        <fullName>Sen. Blumenthal, Richard [D-CT]</fullName>
        <firstName>Richard</firstName>
        <middleName />
        <lastName>Blumenthal</lastName>
        <party>D</party>
        <state>CT</state>
        <identifiers>
          <lisID>2076</lisID>
          <bioguideId>B001277</bioguideId>
          <gpoId>8332</gpoId>
        </identifiers>
        <sponsorshipDate>2019-03-25</sponsorshipDate>
        <isOriginalCosponsor>False</isOriginalCosponsor>
        <sponsorshipWithdrawnDate />
      </item>
      <item>
        <bioguideId>T000250</bioguideId>
        <fullName>Sen. Thune, John [R-SD]</fullName>
        <firstName>JOHN</firstName>
        <middleName>R.</middleName>
        <lastName>THUNE</lastName>
        <party>R</party>
        <state>SD</state>
        <identifiers>
          <lisID>1534</lisID>
          <bioguideId>T000250</bioguideId>
          <gpoId>8257</gpoId>
        </identifiers>
        <sponsorshipDate>2019-03-25</sponsorshipDate>
        <isOriginalCosponsor>False</isOriginalCosponsor>
        <sponsorshipWithdrawnDate />
      </item>
      <item>
        <bioguideId>B001261</bioguideId>
        <fullName>Sen. Barrasso, John [R-WY]</fullName>
        <firstName>John</firstName>
        <middleName />
        <lastName>Barrasso</lastName>
        <party>R</party>
        <state>WY</state>
        <identifiers>
          <lisID>1881</lisID>
          <bioguideId>B001261</bioguideId>
          <gpoId>8300</gpoId>
        </identifiers>
        <sponsorshipDate>2019-03-25</sponsorshipDate>
        <isOriginalCosponsor>False</isOriginalCosponsor>
        <sponsorshipWithdrawnDate />
      </item>
      <item>
        <bioguideId>B001310</bioguideId>
        <fullName>Sen. Braun, Mike  [R-IN]</fullName>
        <firstName>Mike</firstName>
        <middleName />
        <lastName>Braun</lastName>
        <party>R</party>
        <state>IN</state>
        <identifiers>
          <lisID>2462</lisID>
          <bioguideId>B001310</bioguideId>
          <gpoId />
        </identifiers>
        <sponsorshipDate>2019-03-26</sponsorshipDate>
        <isOriginalCosponsor>False</isOriginalCosponsor>
        <sponsorshipWithdrawnDate />
      </item>
      <item>
        <bioguideId>D000622</bioguideId>
        <fullName>Sen. Duckworth, Tammy [D-IL]</fullName>
        <firstName>Tammy</firstName>
        <middleName />
        <lastName>Duckworth</lastName>
        <party>D</party>
        <state>IL</state>
        <identifiers>
          <lisID>2123</lisID>
          <bioguideId>D000622</bioguideId>
          <gpoId />
        </identifiers>
        <sponsorshipDate>2019-03-28</sponsorshipDate>
        <isOriginalCosponsor>False</isOriginalCosponsor>
        <sponsorshipWithdrawnDate />
      </item>
      <item>
        <bioguideId>Y000064</bioguideId>
        <fullName>Sen. Young, Todd [R-IN]</fullName>
        <firstName>Todd</firstName>
        <middleName />
        <lastName>Young</lastName>
        <party>R</party>
        <state>IN</state>
        <identifiers>
          <lisID>2019</lisID>
          <bioguideId>Y000064</bioguideId>
          <gpoId>7948</gpoId>
        </identifiers>
        <sponsorshipDate>2019-04-10</sponsorshipDate>
        <isOriginalCosponsor>False</isOriginalCosponsor>
        <sponsorshipWithdrawnDate />
      </item>
      <item>
        <bioguideId>R000608</bioguideId>
        <fullName>Sen. Rosen, Jacky [D-NV]</fullName>
        <firstName>Jacklyn</firstName>
        <middleName />
        <lastName>Rosen</lastName>
        <party>D</party>
        <state>NV</state>
        <identifiers>
          <lisID>2339</lisID>
          <bioguideId>R000608</bioguideId>
          <gpoId />
        </identifiers>
        <sponsorshipDate>2019-05-13</sponsorshipDate>
        <isOriginalCosponsor>False</isOriginalCosponsor>
        <sponsorshipWithdrawnDate />
      </item>
      <item>
        <bioguideId>M001176</bioguideId>
        <fullName>Sen. Merkley, Jeff [D-OR]</fullName>
        <firstName>Jeff</firstName>
        <middleName />
        <lastName>Merkley</lastName>
        <party>D</party>
        <state>OR</state>
        <identifiers>
          <lisID>1900</lisID>
          <bioguideId>M001176</bioguideId>
          <gpoId>8238</gpoId>
        </identifiers>
        <sponsorshipDate>2019-05-14</sponsorshipDate>
        <isOriginalCosponsor>False</isOriginalCosponsor>
        <sponsorshipWithdrawnDate />
      </item>
      <item>
        <bioguideId>D000563</bioguideId>
        <fullName>Sen. Durbin, Richard J. [D-IL]</fullName>
        <firstName>RICHARD</firstName>
        <middleName>J.</middleName>
        <lastName>DURBIN</lastName>
        <party>D</party>
        <state>IL</state>
        <identifiers>
          <lisID>326</lisID>
          <bioguideId>D000563</bioguideId>
          <gpoId>8326</gpoId>
        </identifiers>
        <sponsorshipDate>2019-05-15</sponsorshipDate>
        <isOriginalCosponsor>False</isOriginalCosponsor>
        <sponsorshipWithdrawnDate />
      </item>
      <item>
        <bioguideId>H001061</bioguideId>
        <fullName>Sen. Hoeven, John [R-ND]</fullName>
        <firstName>John</firstName>
        <middleName />
        <lastName>Hoeven</lastName>
        <party>R</party>
        <state>ND</state>
        <identifiers>
          <lisID>2079</lisID>
          <bioguideId>H001061</bioguideId>
          <gpoId>8331</gpoId>
        </identifiers>
        <sponsorshipDate>2019-05-16</sponsorshipDate>
        <isOriginalCosponsor>False</isOriginalCosponsor>
        <sponsorshipWithdrawnDate />
      </item>
      <item>
        <bioguideId>B001230</bioguideId>
        <fullName>Sen. Baldwin, Tammy [D-WI]</fullName>
        <firstName>Tammy</firstName>
        <middleName />
        <lastName>Baldwin</lastName>
        <party>D</party>
        <state>WI</state>
        <identifiers>
          <lisID>1558</lisID>
          <bioguideId>B001230</bioguideId>
          <gpoId>8215</gpoId>
        </identifiers>
        <sponsorshipDate>2019-05-21</sponsorshipDate>
        <isOriginalCosponsor>False</isOriginalCosponsor>
        <sponsorshipWithdrawnDate />
      </item>
      <item>
        <bioguideId>G000562</bioguideId>
        <fullName>Sen. Gardner, Cory [R-CO]</fullName>
        <firstName>Cory</firstName>
        <middleName />
        <lastName>Gardner</lastName>
        <party>R</party>
        <state>CO</state>
        <identifiers>
          <lisID>1998</lisID>
          <bioguideId>G000562</bioguideId>
          <gpoId>7862</gpoId>
        </identifiers>
        <sponsorshipDate>2019-05-21</sponsorshipDate>
        <isOriginalCosponsor>False</isOriginalCosponsor>
        <sponsorshipWithdrawnDate />
      </item>
      <item>
        <bioguideId>H001076</bioguideId>
        <fullName>Sen. Hassan, Margaret Wood [D-NH]</fullName>
        <firstName>Margaret</firstName>
        <middleName>Wood</middleName>
        <lastName>Hassan</lastName>
        <party>D</party>
        <state>NH</state>
        <identifiers>
          <lisID>2302</lisID>
          <bioguideId>H001076</bioguideId>
          <gpoId />
        </identifiers>
        <sponsorshipDate>2019-06-05</sponsorshipDate>
        <isOriginalCosponsor>False</isOriginalCosponsor>
        <sponsorshipWithdrawnDate />
      </item>
      <item>
        <bioguideId>P000449</bioguideId>
        <fullName>Sen. Portman, Rob [R-OH]</fullName>
        <firstName>ROB</firstName>
        <middleName />
        <lastName>PORTMAN</lastName>
        <party>R</party>
        <state>OH</state>
        <identifiers>
          <lisID>924</lisID>
          <bioguideId>P000449</bioguideId>
          <gpoId>8266</gpoId>
        </identifiers>
        <sponsorshipDate>2019-06-10</sponsorshipDate>
        <isOriginalCosponsor>False</isOriginalCosponsor>
        <sponsorshipWithdrawnDate />
      </item>
      <item>
        <bioguideId>T000461</bioguideId>
        <fullName>Sen. Toomey, Pat [R-PA]</fullName>
        <firstName>Pat</firstName>
        <middleName />
        <lastName>Toomey</lastName>
        <party>R</party>
        <state>PA</state>
        <identifiers>
          <lisID>1594</lisID>
          <bioguideId>T000461</bioguideId>
          <gpoId />
        </identifiers>
        <sponsorshipDate>2019-06-11</sponsorshipDate>
        <isOriginalCosponsor>False</isOriginalCosponsor>
        <sponsorshipWithdrawnDate />
      </item>
      <item>
        <bioguideId>M000639</bioguideId>
        <fullName>Sen. Menendez, Robert [D-NJ]</fullName>
        <firstName>Robert</firstName>
        <middleName />
        <lastName>Menendez</lastName>
        <party>D</party>
        <state>NJ</state>
        <identifiers>
          <lisID>791</lisID>
          <bioguideId>M000639</bioguideId>
          <gpoId>8239</gpoId>
        </identifiers>
        <sponsorshipDate>2019-06-11</sponsorshipDate>
        <isOriginalCosponsor>False</isOriginalCosponsor>
        <sponsorshipWithdrawnDate />
      </item>
      <item>
        <bioguideId>B001236</bioguideId>
        <fullName>Sen. Boozman, John [R-AR]</fullName>
        <firstName>John</firstName>
        <middleName />
        <lastName>Boozman</lastName>
        <party>R</party>
        <state>AR</state>
        <identifiers>
          <lisID>1687</lisID>
          <bioguideId>B001236</bioguideId>
          <gpoId>8247</gpoId>
        </identifiers>
        <sponsorshipDate>2019-07-15</sponsorshipDate>
        <isOriginalCosponsor>False</isOriginalCosponsor>
        <sponsorshipWithdrawnDate />
      </item>
      <item>
        <bioguideId>C001088</bioguideId>
        <fullName>Sen. Coons, Christopher A. [D-DE]</fullName>
        <firstName>Christopher</firstName>
        <middleName>A.</middleName>
        <lastName>Coons</lastName>
        <party>D</party>
        <state>DE</state>
        <identifiers>
          <lisID>1984</lisID>
          <bioguideId>C001088</bioguideId>
          <gpoId>8297</gpoId>
        </identifiers>
        <sponsorshipDate>2019-07-15</sponsorshipDate>
        <isOriginalCosponsor>False</isOriginalCosponsor>
        <sponsorshipWithdrawnDate />
      </item>
    </cosponsors>
    <cboCostEstimates />
    <laws>
      <item>
        <type>Public Law</type>
        <number>116-35</number>
      </item>
    </laws>
    <notes />
    <policyArea>
      <name>Armed Forces and National Security</name>
    </policyArea>
    <subjects>
      <billSubjects>
        <legislativeSubjects>
          <item>
            <name>Conflicts and wars</name>
          </item>
          <item>
            <name>Military personnel and dependents</name>
          </item>
          <item>
            <name>Veterans' organizations and recognition</name>
          </item>
        </legislativeSubjects>
        <policyArea>
          <name>Armed Forces and National Security</name>
        </policyArea>
      </billSubjects>
    </subjects>
    <summaries>
      <billSummaries>
        <item>
          <versionCode>00</versionCode>
          <actionDate>2019-02-14</actionDate>
          <actionDesc>Introduced in Senate</actionDesc>
          <lastSummaryUpdateDate>2019-12-12T16:46:05Z</lastSummaryUpdateDate>
          <text><![CDATA[<p><b>Let Everyone Get Involved in Opportunities for National Service Act or the LEGION Act</b></p> <p>This bill authorizes The American Legion to expand membership eligibility to include veterans and servicemembers who served during times that were not designated periods of war. Currently, only veterans and servicemembers who served during periods of time specified by Congress are eligible to join The American Legion.</p>]]></text>
          <updateDate>2019-02-14T05:00:00Z</updateDate>
          <name>Introduced in Senate</name>
        </item>
        <item>
          <versionCode>55</versionCode>
          <actionDate>2019-06-11</actionDate>
          <actionDesc>Passed Senate</actionDesc>
          <lastSummaryUpdateDate>2020-01-06T15:42:19Z</lastSummaryUpdateDate>
          <text><![CDATA[<p><b>Let Everyone Get Involved in Opportunities for National Service Act or the LEGION Act</b></p> <p>This bill expands eligibility for membership in The American Legion to include veterans and servicemembers who served any time after December 7, 1941, including those currently serving. Presently, only veterans and servicemembers who served during periods of war specified by Congress are eligible to join The American Legion.</p> <p>The bill also prohibits discrimination based on race, color, religion, sex, or national origin for the purposes of holding a staff position at The American Legion.</p>]]></text>
          <updateDate>2019-06-11T12:27:57Z</updateDate>
          <name>Passed Senate</name>
        </item>
        <item>
          <versionCode>53</versionCode>
          <actionDate>2019-07-23</actionDate>
          <actionDesc>Passed House</actionDesc>
          <lastSummaryUpdateDate>2020-01-07T13:07:28Z</lastSummaryUpdateDate>
          <text><![CDATA[<p><b>Let Everyone Get Involved in Opportunities for National Service Act or the LEGION Act</b></p> <p>This bill expands eligibility for membership in The American Legion to include veterans and servicemembers who served any time after December 7, 1941, including those currently serving. Presently, only veterans and servicemembers who served during periods of war specified by Congress are eligible to join The American Legion.</p> <p>The bill also prohibits discrimination based on race, color, religion, sex, or national origin for the purposes of holding a staff position at The American Legion.</p>]]></text>
          <updateDate>2019-07-23T13:17:45Z</updateDate>
          <name>Passed House</name>
        </item>
        <item>
          <versionCode>49</versionCode>
          <actionDate>2019-07-30</actionDate>
          <actionDesc>Public Law</actionDesc>
          <lastSummaryUpdateDate>2020-01-10T15:55:29Z</lastSummaryUpdateDate>
          <text><![CDATA[<p><b>Let Everyone Get Involved in Opportunities for National Service Act or the LEGION Act</b></p> <p>(Sec. 3) This bill expands eligibility for membership in The American Legion to include veterans and servicemembers who served any time after December 7, 1941, including those currently serving. Presently, only veterans and servicemembers who served during periods of war specified by Congress are eligible to join The American Legion.</p> <p>(Sec. 4) The bill also prohibits discrimination based on race, color, religion, sex, or national origin for the purposes of holding a staff position at The American Legion.</p>]]></text>
          <updateDate>2019-07-31T03:59:58Z</updateDate>
          <name>Public Law</name>
        </item>
      </billSummaries>
    </summaries>
    <title>Let Everyone Get Involved in Opportunities for National Service Act</title>
    <titles>
      <item>
        <titleType>Short Title(s) as Introduced</titleType>
        <parentTitleType>Short Title</parentTitleType>
        <title>LEGION Act</title>
        <chamberCode />
        <chamberName />
      </item>
      <item>
        <titleType>Short Title(s) as Introduced</titleType>
        <parentTitleType>Short Title</parentTitleType>
        <title>Let Everyone Get Involved in Opportunities for National Service Act</title>
        <chamberCode />
        <chamberName />
      </item>
      <item>
        <titleType>Short Titles as Passed House</titleType>
        <parentTitleType>Short Titles House of Representatives</parentTitleType>
        <title>Let Everyone Get Involved in Opportunities for National Service Act</title>
        <chamberCode>H</chamberCode>
        <chamberName>House</chamberName>
      </item>
      <item>
        <titleType>Short Titles as Passed Senate</titleType>
        <parentTitleType>Short Titles Senate</parentTitleType>
        <title>Let Everyone Get Involved in Opportunities for National Service Act</title>
        <chamberCode>S</chamberCode>
        <chamberName>Senate</chamberName>
      </item>
      <item>
        <titleType>Short Titles as Passed Senate</titleType>
        <parentTitleType>Short Titles Senate</parentTitleType>
        <title>LEGION Act</title>
        <chamberCode>S</chamberCode>
        <chamberName>Senate</chamberName>
      </item>
      <item>
        <titleType>Official Title as Introduced</titleType>
        <parentTitleType />
        <title>A bill to amend title 36, United States Code, to authorize The American Legion to determine the requirements for membership in The American Legion, and for other purposes.</title>
        <chamberCode />
        <chamberName />
      </item>
      <item>
        <titleType>Short Titles as Enacted</titleType>
        <parentTitleType>Short Title</parentTitleType>
        <title>LEGION Act</title>
        <chamberCode />
        <chamberName />
      </item>
      <item>
        <titleType>Display Title</titleType>
        <parentTitleType />
        <title>Let Everyone Get Involved in Opportunities for National Service Act</title>
        <chamberCode />
        <chamberName />
      </item>
      <item>
        <titleType>Short Titles as Enacted</titleType>
        <parentTitleType>Short Title</parentTitleType>
        <title>Let Everyone Get Involved in Opportunities for National Service Act</title>
        <chamberCode />
        <chamberName />
      </item>
      <item>
        <titleType>Short Titles as Passed House</titleType>
        <parentTitleType>Short Titles House of Representatives</parentTitleType>
        <title>LEGION Act</title>
        <chamberCode>H</chamberCode>
        <chamberName>House</chamberName>
      </item>
    </titles>
    <amendments>
      <amendment>
        <number>252</number>
        <description />
        <purpose>To expand eligibility for membership in The American Legion and to prohibit discrimination with respect to staff positions.</purpose>
        <congress>116</congress>
        <type>SAMDT</type>
        <latestAction>
          <actionDate>2019-06-11</actionDate>
          <text>Amendment SA 252 agreed to in Senate by Unanimous Consent.</text>
        </latestAction>
        <number>252</number>
        <description />
        <purpose>To expand eligibility for membership in The American Legion and to prohibit discrimination with respect to staff positions.</purpose>
        <congress>116</congress>
        <type>SAMDT</type>
        <createDate>2019-06-12T04:46:07Z</createDate>
        <updateDate>2021-06-11T21:58:02Z</updateDate>
        <sponsors>
          <item>
            <bioguideId>T000476</bioguideId>
            <fullName>Sen. Tillis, Thom [R-NC]</fullName>
            <firstName>Thomas</firstName>
            <middleName>Roland</middleName>
            <lastName>Tillis</lastName>
            <party>R</party>
            <state>NC</state>
            <identifiers>
              <lisID>2291</lisID>
              <bioguideId>T000476</bioguideId>
              <gpoId />
            </identifiers>
          </item>
        </sponsors>
        <cosponsors>
          <totalCount>1</totalCount>
          <currentCount>1</currentCount>
          <item>
            <bioguideId>S001191</bioguideId>
            <fullName>Sen. Sinema, Kyrsten [D-AZ]</fullName>
            <firstName>Kyrsten</firstName>
            <middleName />
            <lastName>Sinema</lastName>
            <party>D</party>
            <state>AZ</state>
            <identifiers>
              <lisID>2099</lisID>
              <bioguideId>S001191</bioguideId>
              <gpoId />
            </identifiers>
            <sponsorshipDate>2019-06-11</sponsorshipDate>
            <isOriginalCosponsor>True</isOriginalCosponsor>
            <sponsorshipWithdrawnDate />
          </item>
        </cosponsors>
        <titles />
        <proposedDate>2019-06-11T04:00:00Z</proposedDate>
        <submittedDate>2019-06-11T04:00:00Z</submittedDate>
        <chamber>Senate</chamber>
        <amendedBill>
          <congress>116</congress>
          <type>S</type>
          <originChamber>Senate</originChamber>
          <originChamberCode>S</originChamberCode>
          <number>504</number>
          <title>Let Everyone Get Involved in Opportunities for National Service Act</title>
        </amendedBill>
        <amendedAmendment />
        <amendments>
          <count>0</count>
        </amendments>
        <links />
        <notes />
        <actions>
          <count>6</count>
          <actions>
            <item>
              <actionDate>2019-06-11</actionDate>
              <links />
              <sourceSystem>
                <code>0</code>
                <name>Senate</name>
              </sourceSystem>
              <text>Amendment SA 252 agreed to in Senate by Unanimous Consent.</text>
              <type>Floor</type>
            </item>
            <item>
              <actionDate>2019-06-11</actionDate>
              <links />
              <sourceSystem>
                <code>0</code>
                <name>Senate</name>
              </sourceSystem>
              <text>Amendment SA 252 proposed by Senator McConnell for Senator Tillis. (consideration: CR S3326; text: CR S3326) To expand eligibility for membership in The American Legion and to prohibit discrimination with respect to staff positions.</text>
              <type>Floor</type>
            </item>
            <item>
              <actionDate>2019-06-11</actionDate>
              <links />
              <text />
            </item>
            <item>
              <actionDate>2019-06-11</actionDate>
              <links />
              <text>Senate amendment agreed to: Amendment SA 252 agreed to in Senate by Unanimous Consent.</text>
              <type>Floor</type>
              <actionCode>94000</actionCode>
              <sourceSystem>
                <code>9</code>
                <name>Library of Congress</name>
              </sourceSystem>
              <committee />
            </item>
            <item>
              <actionDate>2019-06-11</actionDate>
              <links />
              <text>Senate amendment submitted</text>
              <type>Floor</type>
              <actionCode>91000</actionCode>
              <sourceSystem>
                <code>9</code>
                <name>Library of Congress</name>
              </sourceSystem>
              <committee />
            </item>
            <item>
              <actionDate>2019-06-11</actionDate>
              <links />
              <text>Senate amendment proposed (on the floor): Amendment SA 252 proposed by Senator McConnell for Senator Tillis.</text>
              <type>Floor</type>
              <actionCode>93000</actionCode>
              <sourceSystem>
                <code>9</code>
                <name>Library of Congress</name>
              </sourceSystem>
              <committee />
            </item>
          </actions>
          <actionTypeCounts>
            <amendmentAgreedTo>1</amendmentAgreedTo>
            <amendmentProposed>1</amendmentProposed>
            <senateAmendmentAgreedTo>1</senateAmendmentAgreedTo>
            <senateAmendmentSubmitted>1</senateAmendmentSubmitted>
            <senateAmendmentProposedOnTheFloor>1</senateAmendmentProposedOnTheFloor>
          </actionTypeCounts>
          <actionByCounts>
            <senate>5</senate>
          </actionByCounts>
        </actions>
        <version>1.0.0</version>
      </amendment>
    </amendments>
    <textVersions>
      <item>
        <type>Enrolled Bill</type>
        <date />
        <formats>
          <item>
            <url>https://www.govinfo.gov/content/pkg/BILLS-116s504enr/xml/BILLS-116s504enr.xml</url>
          </item>
        </formats>
      </item>
      <item>
        <type>Referred in House</type>
        <date>2019-06-12T04:00:00Z</date>
        <formats>
          <item>
            <url>https://www.govinfo.gov/content/pkg/BILLS-116s504rfh/xml/BILLS-116s504rfh.xml</url>
          </item>
        </formats>
      </item>
      <item>
        <type>Engrossed in Senate</type>
        <date>2019-06-11T04:00:00Z</date>
        <formats>
          <item>
            <url>https://www.govinfo.gov/content/pkg/BILLS-116s504es/xml/BILLS-116s504es.xml</url>
          </item>
        </formats>
      </item>
      <item>
        <type>Introduced in Senate</type>
        <date>2019-02-14T05:00:00Z</date>
        <formats>
          <item>
            <url>https://www.govinfo.gov/content/pkg/BILLS-116s504is/xml/BILLS-116s504is.xml</url>
          </item>
        </formats>
      </item>
    </textVersions>
    <latestAction>
      <actionDate>2019-07-30</actionDate>
      <text>Became Public Law No: 116-35.</text>
      <links />
    </latestAction>
    <calendarNumbers />
    <version>1.0.0</version>
  </bill>
  <dublinCore xmlns:dc="http://purl.org/dc/elements/1.1/">
    <dc:format>text/xml</dc:format>
    <dc:language>EN</dc:language>
    <dc:rights>Pursuant to Title 17 Section 105 of the United States Code, this file is not subject to copyright protection and is in the public domain.</dc:rights>
    <dc:contributor>Congressional Research Service, Library of Congress</dc:contributor>
    <dc:description>This file contains bill summaries and statuses for federal legislation. A bill summary describes the most significant provisions of a piece of legislation and details the effects the legislative text may have on current law and federal programs. Bill summaries are authored by the Congressional Research Service (CRS) of the Library of Congress. As stated in Public Law 91-510 (2 USC 166 (d)(6)), one of the duties of CRS is "to prepare summaries and digests of bills and resolutions of a public general nature introduced in the Senate or House of Representatives". For more information, refer to the User Guide that accompanies this file.</dc:description>
  </dublinCore>
</billStatus>

