<?xml version="1.0" encoding="UTF-8"?>
<billStatus>
  <bill>
    <billNumber>237</billNumber>
    <createDate>2019-01-29T05:25:16Z</createDate>
    <updateDate>2021-07-10T20:20:38Z</updateDate>
    <originChamber>Senate</originChamber>
    <billType>S</billType>
    <introducedDate>2019-01-28</introducedDate>
    <congress>116</congress>
    <recordedVotes />
    <committees>
      <billCommittees>
        <item>
          <systemCode>ssfi00</systemCode>
          <name>Finance Committee</name>
          <chamber>Senate</chamber>
          <type>Standing</type>
          <subcommittees />
          <activities>
            <item>
              <name>Referred to</name>
              <date>2019-01-28T21:38:25Z</date>
            </item>
          </activities>
        </item>
      </billCommittees>
    </committees>
    <committeeReports />
    <relatedBills>
      <item>
        <latestTitle>Promoting Access to Diabetic Shoes Act</latestTitle>
        <congress>116</congress>
        <number>808</number>
        <type>HR</type>
        <latestAction>
          <actionDate>2019-01-29</actionDate>
          <text>Referred to the Subcommittee on Health.</text>
        </latestAction>
        <relationshipDetails>
          <item>
            <type>Identical bill</type>
            <identifiedBy>CRS</identifiedBy>
          </item>
        </relationshipDetails>
      </item>
    </relatedBills>
    <actions>
      <item>
        <actionDate>2019-01-28</actionDate>
        <committees>
          <item>
            <systemCode>ssfi00</systemCode>
            <name>Finance Committee</name>
          </item>
        </committees>
        <links />
        <sourceSystem>
          <code>0</code>
          <name>Senate</name>
        </sourceSystem>
        <text>Read twice and referred to the Committee on Finance.</text>
        <type>IntroReferral</type>
      </item>
      <item>
        <actionDate>2019-01-28</actionDate>
        <links />
        <text>Introduced in Senate</text>
        <type>IntroReferral</type>
        <actionCode>10000</actionCode>
        <sourceSystem>
          <code>9</code>
          <name>Library of Congress</name>
        </sourceSystem>
        <committees />
      </item>
      <actionTypeCounts>
        <referredToCommittee>1</referredToCommittee>
        <introducedInSenate>1</introducedInSenate>
      </actionTypeCounts>
      <actionByCounts>
        <senate>2</senate>
      </actionByCounts>
    </actions>
    <sponsors>
      <item>
        <bioguideId>B000944</bioguideId>
        <fullName>Sen. Brown, Sherrod [D-OH]</fullName>
        <firstName>Sherrod</firstName>
        <middleName />
        <lastName>Brown</lastName>
        <party>D</party>
        <state>OH</state>
        <identifiers>
          <lisID>136</lisID>
          <bioguideId>B000944</bioguideId>
          <gpoId>8309</gpoId>
        </identifiers>
        <byRequestType />
      </item>
    </sponsors>
    <cosponsors>
      <item>
        <bioguideId>C001035</bioguideId>
        <fullName>Sen. Collins, Susan M. [R-ME]</fullName>
        <firstName>SUSAN</firstName>
        <middleName>MARGARET</middleName>
        <lastName>COLLINS</lastName>
        <party>R</party>
        <state>ME</state>
        <identifiers>
          <lisID>1541</lisID>
          <bioguideId>C001035</bioguideId>
          <gpoId>8291</gpoId>
        </identifiers>
        <sponsorshipDate>2019-01-28</sponsorshipDate>
        <isOriginalCosponsor>True</isOriginalCosponsor>
        <sponsorshipWithdrawnDate />
      </item>
      <item>
        <bioguideId>C001096</bioguideId>
        <fullName>Sen. Cramer, Kevin [R-ND]</fullName>
        <firstName>Kevin</firstName>
        <middleName />
        <lastName>Cramer</lastName>
        <party>R</party>
        <state>ND</state>
        <identifiers>
          <lisID>2144</lisID>
          <bioguideId>C001096</bioguideId>
          <gpoId />
        </identifiers>
        <sponsorshipDate>2019-02-07</sponsorshipDate>
        <isOriginalCosponsor>False</isOriginalCosponsor>
        <sponsorshipWithdrawnDate />
      </item>
      <item>
        <bioguideId>S001181</bioguideId>
        <fullName>Sen. Shaheen, Jeanne [D-NH]</fullName>
        <firstName>Jeanne</firstName>
        <middleName />
        <lastName>Shaheen</lastName>
        <party>D</party>
        <state>NH</state>
        <identifiers>
          <lisID>1901</lisID>
          <bioguideId>S001181</bioguideId>
          <gpoId>8276</gpoId>
        </identifiers>
        <sponsorshipDate>2019-02-12</sponsorshipDate>
        <isOriginalCosponsor>False</isOriginalCosponsor>
        <sponsorshipWithdrawnDate />
      </item>
      <item>
        <bioguideId>L000174</bioguideId>
        <fullName>Sen. Leahy, Patrick J. [D-VT]</fullName>
        <firstName>PATRICK</firstName>
        <middleName>JOSEPH</middleName>
        <lastName>LEAHY</lastName>
        <party>D</party>
        <state>VT</state>
        <identifiers>
          <lisID>1383</lisID>
          <bioguideId>L000174</bioguideId>
          <gpoId>8244</gpoId>
        </identifiers>
        <sponsorshipDate>2019-03-06</sponsorshipDate>
        <isOriginalCosponsor>False</isOriginalCosponsor>
        <sponsorshipWithdrawnDate />
      </item>
      <item>
        <bioguideId>B001277</bioguideId>
        <fullName>Sen. Blumenthal, Richard [D-CT]</fullName>
        <firstName>Richard</firstName>
        <middleName />
        <lastName>Blumenthal</lastName>
        <party>D</party>
        <state>CT</state>
        <identifiers>
          <lisID>2076</lisID>
          <bioguideId>B001277</bioguideId>
          <gpoId>8332</gpoId>
        </identifiers>
        <sponsorshipDate>2019-03-06</sponsorshipDate>
        <isOriginalCosponsor>False</isOriginalCosponsor>
        <sponsorshipWithdrawnDate />
      </item>
      <item>
        <bioguideId>W000437</bioguideId>
        <fullName>Sen. Wicker, Roger F. [R-MS]</fullName>
        <firstName>ROGER</firstName>
        <middleName>F.</middleName>
        <lastName>WICKER</lastName>
        <party>R</party>
        <state>MS</state>
        <identifiers>
          <lisID>1226</lisID>
          <bioguideId>W000437</bioguideId>
          <gpoId>8263</gpoId>
        </identifiers>
        <sponsorshipDate>2019-03-11</sponsorshipDate>
        <isOriginalCosponsor>False</isOriginalCosponsor>
        <sponsorshipWithdrawnDate />
      </item>
      <item>
        <bioguideId>P000603</bioguideId>
        <fullName>Sen. Paul, Rand [R-KY]</fullName>
        <firstName>Rand</firstName>
        <middleName />
        <lastName>Paul</lastName>
        <party>R</party>
        <state>KY</state>
        <identifiers>
          <lisID>2082</lisID>
          <bioguideId>P000603</bioguideId>
          <gpoId>8308</gpoId>
        </identifiers>
        <sponsorshipDate>2019-03-25</sponsorshipDate>
        <isOriginalCosponsor>False</isOriginalCosponsor>
        <sponsorshipWithdrawnDate />
      </item>
      <item>
        <bioguideId>T000464</bioguideId>
        <fullName>Sen. Tester, Jon [D-MT]</fullName>
        <firstName>Jon</firstName>
        <middleName />
        <lastName>Tester</lastName>
        <party>D</party>
        <state>MT</state>
        <identifiers>
          <lisID>1829</lisID>
          <bioguideId>T000464</bioguideId>
          <gpoId>8258</gpoId>
        </identifiers>
        <sponsorshipDate>2019-04-29</sponsorshipDate>
        <isOriginalCosponsor>False</isOriginalCosponsor>
        <sponsorshipWithdrawnDate />
      </item>
      <item>
        <bioguideId>H001079</bioguideId>
        <fullName>Sen. Hyde-Smith, Cindy [R-MS]</fullName>
        <firstName>Cindy</firstName>
        <middleName />
        <lastName>Hyde-Smith</lastName>
        <party>R</party>
        <state>MS</state>
        <identifiers>
          <lisID>2366</lisID>
          <bioguideId>H001079</bioguideId>
          <gpoId />
        </identifiers>
        <sponsorshipDate>2019-05-20</sponsorshipDate>
        <isOriginalCosponsor>False</isOriginalCosponsor>
        <sponsorshipWithdrawnDate />
      </item>
      <item>
        <bioguideId>K000393</bioguideId>
        <fullName>Sen. Kennedy, John [R-LA]</fullName>
        <firstName>John</firstName>
        <middleName>Neely</middleName>
        <lastName>Kennedy</lastName>
        <party>R</party>
        <state>LA</state>
        <identifiers>
          <lisID>2303</lisID>
          <bioguideId>K000393</bioguideId>
          <gpoId />
        </identifiers>
        <sponsorshipDate>2019-05-22</sponsorshipDate>
        <isOriginalCosponsor>False</isOriginalCosponsor>
        <sponsorshipWithdrawnDate />
      </item>
      <item>
        <bioguideId>S001191</bioguideId>
        <fullName>Sen. Sinema, Kyrsten [D-AZ]</fullName>
        <firstName>Kyrsten</firstName>
        <middleName />
        <lastName>Sinema</lastName>
        <party>D</party>
        <state>AZ</state>
        <identifiers>
          <lisID>2099</lisID>
          <bioguideId>S001191</bioguideId>
          <gpoId />
        </identifiers>
        <sponsorshipDate>2019-06-04</sponsorshipDate>
        <isOriginalCosponsor>False</isOriginalCosponsor>
        <sponsorshipWithdrawnDate />
      </item>
      <item>
        <bioguideId>D000618</bioguideId>
        <fullName>Sen. Daines, Steve [R-MT]</fullName>
        <firstName>Steve</firstName>
        <middleName />
        <lastName>Daines</lastName>
        <party>R</party>
        <state>MT</state>
        <identifiers>
          <lisID>2138</lisID>
          <bioguideId>D000618</bioguideId>
          <gpoId />
        </identifiers>
        <sponsorshipDate>2019-11-13</sponsorshipDate>
        <isOriginalCosponsor>False</isOriginalCosponsor>
        <sponsorshipWithdrawnDate />
      </item>
      <item>
        <bioguideId>K000383</bioguideId>
        <fullName>Sen. King, Angus S., Jr. [I-ME]</fullName>
        <firstName>Angus</firstName>
        <middleName />
        <lastName>King</lastName>
        <party>I</party>
        <state>ME</state>
        <identifiers>
          <lisID>2185</lisID>
          <bioguideId>K000383</bioguideId>
          <gpoId />
        </identifiers>
        <sponsorshipDate>2019-12-04</sponsorshipDate>
        <isOriginalCosponsor>False</isOriginalCosponsor>
        <sponsorshipWithdrawnDate />
      </item>
      <item>
        <bioguideId>B001261</bioguideId>
        <fullName>Sen. Barrasso, John [R-WY]</fullName>
        <firstName>John</firstName>
        <middleName />
        <lastName>Barrasso</lastName>
        <party>R</party>
        <state>WY</state>
        <identifiers>
          <lisID>1881</lisID>
          <bioguideId>B001261</bioguideId>
          <gpoId>8300</gpoId>
        </identifiers>
        <sponsorshipDate>2020-01-16</sponsorshipDate>
        <isOriginalCosponsor>False</isOriginalCosponsor>
        <sponsorshipWithdrawnDate />
      </item>
      <item>
        <bioguideId>G000555</bioguideId>
        <fullName>Sen. Gillibrand, Kirsten E. [D-NY]</fullName>
        <firstName>Kirsten</firstName>
        <middleName>E.</middleName>
        <lastName>Gillibrand</lastName>
        <party>D</party>
        <state>NY</state>
        <identifiers>
          <lisID>1866</lisID>
          <bioguideId>G000555</bioguideId>
          <gpoId>8336</gpoId>
        </identifiers>
        <sponsorshipDate>2020-03-10</sponsorshipDate>
        <isOriginalCosponsor>False</isOriginalCosponsor>
        <sponsorshipWithdrawnDate />
      </item>
    </cosponsors>
    <cboCostEstimates />
    <laws />
    <notes />
    <policyArea>
      <name>Health</name>
    </policyArea>
    <subjects>
      <billSubjects>
        <legislativeSubjects>
          <item>
            <name>Digestive and metabolic diseases</name>
          </item>
          <item>
            <name>Health information and medical records</name>
          </item>
          <item>
            <name>Health personnel</name>
          </item>
          <item>
            <name>Health technology, devices, supplies</name>
          </item>
          <item>
            <name>Medicare</name>
          </item>
        </legislativeSubjects>
        <policyArea>
          <name>Health</name>
        </policyArea>
      </billSubjects>
    </subjects>
    <summaries>
      <billSummaries>
        <item>
          <versionCode>00</versionCode>
          <actionDate>2019-01-28</actionDate>
          <actionDesc>Introduced in Senate</actionDesc>
          <lastSummaryUpdateDate>2019-02-08T20:31:23Z</lastSummaryUpdateDate>
          <text><![CDATA[<p><strong>Promoting Access to Diabetic Shoes Act</strong></p> <p>This bill allows a nurse practitioner or physician assistant to fulfill documentation requirements for coverage, under Medicare,&nbsp;of special shoes for diabetic individuals. Under current law, such requirements may be satisfied only by a physician.</p>]]></text>
          <updateDate>2019-01-28T05:00:00Z</updateDate>
          <name>Introduced in Senate</name>
        </item>
      </billSummaries>
    </summaries>
    <title>Promoting Access to Diabetic Shoes Act</title>
    <titles>
      <item>
        <titleType>Short Title(s) as Introduced</titleType>
        <parentTitleType>Short Title</parentTitleType>
        <title>Promoting Access to Diabetic Shoes Act</title>
        <chamberCode />
        <chamberName />
      </item>
      <item>
        <titleType>Official Title as Introduced</titleType>
        <parentTitleType />
        <title>A bill to amend title XVIII of the Social Security Act to permit nurse practitioners and physician assistants to satisfy the documentation requirement under the Medicare program for coverage of certain shoes for individuals with diabetes.</title>
        <chamberCode />
        <chamberName />
      </item>
      <item>
        <titleType>Display Title</titleType>
        <parentTitleType />
        <title>Promoting Access to Diabetic Shoes Act</title>
        <chamberCode />
        <chamberName />
      </item>
    </titles>
    <amendments />
    <textVersions>
      <item>
        <type>Introduced in Senate</type>
        <date>2019-01-28T05:00:00Z</date>
        <formats>
          <item>
            <url>https://www.govinfo.gov/content/pkg/BILLS-116s237is/xml/BILLS-116s237is.xml</url>
          </item>
        </formats>
      </item>
    </textVersions>
    <latestAction>
      <actionDate>2019-01-28</actionDate>
      <text>Read twice and referred to the Committee on Finance.</text>
      <links />
    </latestAction>
    <calendarNumbers />
    <version>1.0.0</version>
  </bill>
  <dublinCore xmlns:dc="http://purl.org/dc/elements/1.1/">
    <dc:format>text/xml</dc:format>
    <dc:language>EN</dc:language>
    <dc:rights>Pursuant to Title 17 Section 105 of the United States Code, this file is not subject to copyright protection and is in the public domain.</dc:rights>
    <dc:contributor>Congressional Research Service, Library of Congress</dc:contributor>
    <dc:description>This file contains bill summaries and statuses for federal legislation. A bill summary describes the most significant provisions of a piece of legislation and details the effects the legislative text may have on current law and federal programs. Bill summaries are authored by the Congressional Research Service (CRS) of the Library of Congress. As stated in Public Law 91-510 (2 USC 166 (d)(6)), one of the duties of CRS is "to prepare summaries and digests of bills and resolutions of a public general nature introduced in the Senate or House of Representatives". For more information, refer to the User Guide that accompanies this file.</dc:description>
  </dublinCore>
</billStatus>

