<?xml version="1.0" encoding="UTF-8"?>
<billStatus>
  <bill>
    <billNumber>177</billNumber>
    <createDate>2019-01-18T05:55:14Z</createDate>
    <updateDate>2021-06-11T21:59:38Z</updateDate>
    <originChamber>Senate</originChamber>
    <billType>S</billType>
    <introducedDate>2019-01-17</introducedDate>
    <congress>116</congress>
    <recordedVotes />
    <committees>
      <billCommittees>
        <item>
          <systemCode>ssfi00</systemCode>
          <name>Finance Committee</name>
          <chamber>Senate</chamber>
          <type>Standing</type>
          <subcommittees />
          <activities>
            <item>
              <name>Referred to</name>
              <date>2019-01-17T22:36:21Z</date>
            </item>
          </activities>
        </item>
      </billCommittees>
    </committees>
    <committeeReports />
    <relatedBills>
      <item>
        <latestTitle>Promotion and Expansion of Private Employee Ownership Act of 2019</latestTitle>
        <congress>116</congress>
        <number>2258</number>
        <type>HR</type>
        <latestAction>
          <actionDate>2019-04-10</actionDate>
          <text>Referred to the Committee on Ways and Means, and in addition to the Committees on Education and Labor, and Small Business, for a period to be subsequently determined by the Speaker, in each case for consideration of such provisions as fall within the jurisdiction of the committee concerned.</text>
        </latestAction>
        <relationshipDetails>
          <item>
            <type>Related bill</type>
            <identifiedBy>CRS</identifiedBy>
          </item>
        </relationshipDetails>
      </item>
    </relatedBills>
    <actions>
      <item>
        <actionDate>2019-01-17</actionDate>
        <committees>
          <item>
            <systemCode>ssfi00</systemCode>
            <name>Finance Committee</name>
          </item>
        </committees>
        <links />
        <sourceSystem>
          <code>0</code>
          <name>Senate</name>
        </sourceSystem>
        <text>Read twice and referred to the Committee on Finance.</text>
        <type>IntroReferral</type>
      </item>
      <item>
        <actionDate>2019-01-17</actionDate>
        <links />
        <text>Introduced in Senate</text>
        <type>IntroReferral</type>
        <actionCode>10000</actionCode>
        <sourceSystem>
          <code>9</code>
          <name>Library of Congress</name>
        </sourceSystem>
        <committees />
      </item>
      <actionTypeCounts>
        <referredToCommittee>1</referredToCommittee>
        <introducedInSenate>1</introducedInSenate>
      </actionTypeCounts>
      <actionByCounts>
        <senate>2</senate>
      </actionByCounts>
    </actions>
    <sponsors>
      <item>
        <bioguideId>R000307</bioguideId>
        <fullName>Sen. Roberts, Pat [R-KS]</fullName>
        <firstName>PAT</firstName>
        <middleName />
        <lastName>ROBERTS</lastName>
        <party>R</party>
        <state>KS</state>
        <identifiers>
          <lisID>968</lisID>
          <bioguideId>R000307</bioguideId>
          <gpoId>8275</gpoId>
        </identifiers>
        <byRequestType />
      </item>
    </sponsors>
    <cosponsors>
      <item>
        <bioguideId>C000141</bioguideId>
        <fullName>Sen. Cardin, Benjamin L. [D-MD]</fullName>
        <firstName>BENJAMIN</firstName>
        <middleName>L.</middleName>
        <lastName>CARDIN</lastName>
        <party>D</party>
        <state>MD</state>
        <identifiers>
          <lisID>174</lisID>
          <bioguideId>C000141</bioguideId>
          <gpoId>8287</gpoId>
        </identifiers>
        <sponsorshipDate>2019-01-17</sponsorshipDate>
        <isOriginalCosponsor>True</isOriginalCosponsor>
        <sponsorshipWithdrawnDate />
      </item>
      <item>
        <bioguideId>T000476</bioguideId>
        <fullName>Sen. Tillis, Thom [R-NC]</fullName>
        <firstName>Thomas</firstName>
        <middleName>Roland</middleName>
        <lastName>Tillis</lastName>
        <party>R</party>
        <state>NC</state>
        <identifiers>
          <lisID>2291</lisID>
          <bioguideId>T000476</bioguideId>
          <gpoId />
        </identifiers>
        <sponsorshipDate>2019-01-17</sponsorshipDate>
        <isOriginalCosponsor>True</isOriginalCosponsor>
        <sponsorshipWithdrawnDate />
      </item>
      <item>
        <bioguideId>P000449</bioguideId>
        <fullName>Sen. Portman, Rob [R-OH]</fullName>
        <firstName>ROB</firstName>
        <middleName />
        <lastName>PORTMAN</lastName>
        <party>R</party>
        <state>OH</state>
        <identifiers>
          <lisID>924</lisID>
          <bioguideId>P000449</bioguideId>
          <gpoId>8266</gpoId>
        </identifiers>
        <sponsorshipDate>2019-01-17</sponsorshipDate>
        <isOriginalCosponsor>True</isOriginalCosponsor>
        <sponsorshipWithdrawnDate />
      </item>
      <item>
        <bioguideId>C000880</bioguideId>
        <fullName>Sen. Crapo, Mike [R-ID]</fullName>
        <firstName>MICHAEL</firstName>
        <middleName>D.</middleName>
        <lastName>CRAPO</lastName>
        <party>R</party>
        <state>ID</state>
        <identifiers>
          <lisID>250</lisID>
          <bioguideId>C000880</bioguideId>
          <gpoId>8289</gpoId>
        </identifiers>
        <sponsorshipDate>2019-01-17</sponsorshipDate>
        <isOriginalCosponsor>True</isOriginalCosponsor>
        <sponsorshipWithdrawnDate />
      </item>
      <item>
        <bioguideId>C000127</bioguideId>
        <fullName>Sen. Cantwell, Maria [D-WA]</fullName>
        <firstName>MARIA</firstName>
        <middleName />
        <lastName>CANTWELL</lastName>
        <party>D</party>
        <state>WA</state>
        <identifiers>
          <lisID>172</lisID>
          <bioguideId>C000127</bioguideId>
          <gpoId>8288</gpoId>
        </identifiers>
        <sponsorshipDate>2019-01-17</sponsorshipDate>
        <isOriginalCosponsor>True</isOriginalCosponsor>
        <sponsorshipWithdrawnDate />
      </item>
      <item>
        <bioguideId>R000584</bioguideId>
        <fullName>Sen. Risch, James E. [R-ID]</fullName>
        <firstName>James</firstName>
        <middleName>E.</middleName>
        <lastName>Risch</lastName>
        <party>R</party>
        <state>ID</state>
        <identifiers>
          <lisID>1896</lisID>
          <bioguideId>R000584</bioguideId>
          <gpoId>8274</gpoId>
        </identifiers>
        <sponsorshipDate>2019-01-17</sponsorshipDate>
        <isOriginalCosponsor>True</isOriginalCosponsor>
        <sponsorshipWithdrawnDate />
      </item>
      <item>
        <bioguideId>W000802</bioguideId>
        <fullName>Sen. Whitehouse, Sheldon [D-RI]</fullName>
        <firstName>Sheldon</firstName>
        <middleName />
        <lastName>Whitehouse</lastName>
        <party>D</party>
        <state>RI</state>
        <identifiers>
          <lisID>1823</lisID>
          <bioguideId>W000802</bioguideId>
          <gpoId>8264</gpoId>
        </identifiers>
        <sponsorshipDate>2019-01-17</sponsorshipDate>
        <isOriginalCosponsor>True</isOriginalCosponsor>
        <sponsorshipWithdrawnDate />
      </item>
      <item>
        <bioguideId>L000174</bioguideId>
        <fullName>Sen. Leahy, Patrick J. [D-VT]</fullName>
        <firstName>PATRICK</firstName>
        <middleName>JOSEPH</middleName>
        <lastName>LEAHY</lastName>
        <party>D</party>
        <state>VT</state>
        <identifiers>
          <lisID>1383</lisID>
          <bioguideId>L000174</bioguideId>
          <gpoId>8244</gpoId>
        </identifiers>
        <sponsorshipDate>2019-01-17</sponsorshipDate>
        <isOriginalCosponsor>True</isOriginalCosponsor>
        <sponsorshipWithdrawnDate />
      </item>
      <item>
        <bioguideId>K000367</bioguideId>
        <fullName>Sen. Klobuchar, Amy [D-MN]</fullName>
        <firstName>Amy</firstName>
        <middleName />
        <lastName>Klobuchar</lastName>
        <party>D</party>
        <state>MN</state>
        <identifiers>
          <lisID>1826</lisID>
          <bioguideId>K000367</bioguideId>
          <gpoId>8249</gpoId>
        </identifiers>
        <sponsorshipDate>2019-01-17</sponsorshipDate>
        <isOriginalCosponsor>True</isOriginalCosponsor>
        <sponsorshipWithdrawnDate />
      </item>
      <item>
        <bioguideId>S000770</bioguideId>
        <fullName>Sen. Stabenow, Debbie [D-MI]</fullName>
        <firstName>DEBORAH</firstName>
        <middleName>ANN</middleName>
        <lastName>STABENOW</lastName>
        <party>D</party>
        <state>MI</state>
        <identifiers>
          <lisID>1531</lisID>
          <bioguideId>S000770</bioguideId>
          <gpoId>8261</gpoId>
        </identifiers>
        <sponsorshipDate>2019-01-17</sponsorshipDate>
        <isOriginalCosponsor>True</isOriginalCosponsor>
        <sponsorshipWithdrawnDate />
      </item>
      <item>
        <bioguideId>B001230</bioguideId>
        <fullName>Sen. Baldwin, Tammy [D-WI]</fullName>
        <firstName>Tammy</firstName>
        <middleName />
        <lastName>Baldwin</lastName>
        <party>D</party>
        <state>WI</state>
        <identifiers>
          <lisID>1558</lisID>
          <bioguideId>B001230</bioguideId>
          <gpoId>8215</gpoId>
        </identifiers>
        <sponsorshipDate>2019-01-17</sponsorshipDate>
        <isOriginalCosponsor>True</isOriginalCosponsor>
        <sponsorshipWithdrawnDate />
      </item>
      <item>
        <bioguideId>C001070</bioguideId>
        <fullName>Sen. Casey, Robert P., Jr. [D-PA]</fullName>
        <firstName>Bob</firstName>
        <middleName />
        <lastName>Casey</lastName>
        <party>D</party>
        <state>PA</state>
        <identifiers>
          <lisID>1828</lisID>
          <bioguideId>C001070</bioguideId>
          <gpoId>8282</gpoId>
        </identifiers>
        <sponsorshipDate>2019-01-17</sponsorshipDate>
        <isOriginalCosponsor>True</isOriginalCosponsor>
        <sponsorshipWithdrawnDate />
      </item>
      <item>
        <bioguideId>M000934</bioguideId>
        <fullName>Sen. Moran, Jerry [R-KS]</fullName>
        <firstName>Jerry</firstName>
        <middleName />
        <lastName>Moran</lastName>
        <party>R</party>
        <state>KS</state>
        <identifiers>
          <lisID>1507</lisID>
          <bioguideId>M000934</bioguideId>
          <gpoId>8307</gpoId>
        </identifiers>
        <sponsorshipDate>2019-01-17</sponsorshipDate>
        <isOriginalCosponsor>True</isOriginalCosponsor>
        <sponsorshipWithdrawnDate />
      </item>
      <item>
        <bioguideId>V000128</bioguideId>
        <fullName>Sen. Van Hollen, Chris [D-MD]</fullName>
        <firstName>Chris</firstName>
        <middleName />
        <lastName>Van Hollen</lastName>
        <party>D</party>
        <state>MD</state>
        <identifiers>
          <lisID>1729</lisID>
          <bioguideId>V000128</bioguideId>
          <gpoId>7983</gpoId>
        </identifiers>
        <sponsorshipDate>2019-01-17</sponsorshipDate>
        <isOriginalCosponsor>True</isOriginalCosponsor>
        <sponsorshipWithdrawnDate />
      </item>
      <item>
        <bioguideId>P000595</bioguideId>
        <fullName>Sen. Peters, Gary C. [D-MI]</fullName>
        <firstName>Gary</firstName>
        <middleName>C.</middleName>
        <lastName>Peters</lastName>
        <party>D</party>
        <state>MI</state>
        <identifiers>
          <lisID>1929</lisID>
          <bioguideId>P000595</bioguideId>
          <gpoId>7994</gpoId>
        </identifiers>
        <sponsorshipDate>2019-01-17</sponsorshipDate>
        <isOriginalCosponsor>True</isOriginalCosponsor>
        <sponsorshipWithdrawnDate />
      </item>
      <item>
        <bioguideId>E000295</bioguideId>
        <fullName>Sen. Ernst, Joni  [R-IA]</fullName>
        <firstName>Joni</firstName>
        <middleName />
        <lastName>Ernst</lastName>
        <party>R</party>
        <state>IA</state>
        <identifiers>
          <lisID>2283</lisID>
          <bioguideId>E000295</bioguideId>
          <gpoId />
        </identifiers>
        <sponsorshipDate>2019-01-17</sponsorshipDate>
        <isOriginalCosponsor>True</isOriginalCosponsor>
        <sponsorshipWithdrawnDate />
      </item>
      <item>
        <bioguideId>I000055</bioguideId>
        <fullName>Sen. Isakson, Johnny [R-GA]</fullName>
        <firstName>Johnny</firstName>
        <middleName />
        <lastName>Isakson</lastName>
        <party>R</party>
        <state>GA</state>
        <identifiers>
          <lisID>1608</lisID>
          <bioguideId>I000055</bioguideId>
          <gpoId>8323</gpoId>
        </identifiers>
        <sponsorshipDate>2019-01-17</sponsorshipDate>
        <isOriginalCosponsor>True</isOriginalCosponsor>
        <sponsorshipWithdrawnDate />
      </item>
      <item>
        <bioguideId>R000122</bioguideId>
        <fullName>Sen. Reed, Jack [D-RI]</fullName>
        <firstName>JOHN</firstName>
        <middleName>F.</middleName>
        <lastName>REED</lastName>
        <party>D</party>
        <state>RI</state>
        <identifiers>
          <lisID>949</lisID>
          <bioguideId>R000122</bioguideId>
          <gpoId>8272</gpoId>
        </identifiers>
        <sponsorshipDate>2019-01-17</sponsorshipDate>
        <isOriginalCosponsor>True</isOriginalCosponsor>
        <sponsorshipWithdrawnDate />
      </item>
      <item>
        <bioguideId>H001061</bioguideId>
        <fullName>Sen. Hoeven, John [R-ND]</fullName>
        <firstName>John</firstName>
        <middleName />
        <lastName>Hoeven</lastName>
        <party>R</party>
        <state>ND</state>
        <identifiers>
          <lisID>2079</lisID>
          <bioguideId>H001061</bioguideId>
          <gpoId>8331</gpoId>
        </identifiers>
        <sponsorshipDate>2019-01-17</sponsorshipDate>
        <isOriginalCosponsor>True</isOriginalCosponsor>
        <sponsorshipWithdrawnDate />
      </item>
      <item>
        <bioguideId>T000250</bioguideId>
        <fullName>Sen. Thune, John [R-SD]</fullName>
        <firstName>JOHN</firstName>
        <middleName>R.</middleName>
        <lastName>THUNE</lastName>
        <party>R</party>
        <state>SD</state>
        <identifiers>
          <lisID>1534</lisID>
          <bioguideId>T000250</bioguideId>
          <gpoId>8257</gpoId>
        </identifiers>
        <sponsorshipDate>2019-01-17</sponsorshipDate>
        <isOriginalCosponsor>True</isOriginalCosponsor>
        <sponsorshipWithdrawnDate />
      </item>
      <item>
        <bioguideId>M001111</bioguideId>
        <fullName>Sen. Murray, Patty [D-WA]</fullName>
        <firstName>PATTY</firstName>
        <middleName />
        <lastName>MURRAY</lastName>
        <party>D</party>
        <state>WA</state>
        <identifiers>
          <lisID>1409</lisID>
          <bioguideId>M001111</bioguideId>
          <gpoId>8237</gpoId>
        </identifiers>
        <sponsorshipDate>2019-01-17</sponsorshipDate>
        <isOriginalCosponsor>True</isOriginalCosponsor>
        <sponsorshipWithdrawnDate />
      </item>
      <item>
        <bioguideId>D000622</bioguideId>
        <fullName>Sen. Duckworth, Tammy [D-IL]</fullName>
        <firstName>Tammy</firstName>
        <middleName />
        <lastName>Duckworth</lastName>
        <party>D</party>
        <state>IL</state>
        <identifiers>
          <lisID>2123</lisID>
          <bioguideId>D000622</bioguideId>
          <gpoId />
        </identifiers>
        <sponsorshipDate>2019-01-17</sponsorshipDate>
        <isOriginalCosponsor>True</isOriginalCosponsor>
        <sponsorshipWithdrawnDate />
      </item>
      <item>
        <bioguideId>T000464</bioguideId>
        <fullName>Sen. Tester, Jon [D-MT]</fullName>
        <firstName>Jon</firstName>
        <middleName />
        <lastName>Tester</lastName>
        <party>D</party>
        <state>MT</state>
        <identifiers>
          <lisID>1829</lisID>
          <bioguideId>T000464</bioguideId>
          <gpoId>8258</gpoId>
        </identifiers>
        <sponsorshipDate>2019-01-17</sponsorshipDate>
        <isOriginalCosponsor>True</isOriginalCosponsor>
        <sponsorshipWithdrawnDate />
      </item>
      <item>
        <bioguideId>C001035</bioguideId>
        <fullName>Sen. Collins, Susan M. [R-ME]</fullName>
        <firstName>SUSAN</firstName>
        <middleName>MARGARET</middleName>
        <lastName>COLLINS</lastName>
        <party>R</party>
        <state>ME</state>
        <identifiers>
          <lisID>1541</lisID>
          <bioguideId>C001035</bioguideId>
          <gpoId>8291</gpoId>
        </identifiers>
        <sponsorshipDate>2019-01-17</sponsorshipDate>
        <isOriginalCosponsor>True</isOriginalCosponsor>
        <sponsorshipWithdrawnDate />
      </item>
      <item>
        <bioguideId>C001088</bioguideId>
        <fullName>Sen. Coons, Christopher A. [D-DE]</fullName>
        <firstName>Christopher</firstName>
        <middleName>A.</middleName>
        <lastName>Coons</lastName>
        <party>D</party>
        <state>DE</state>
        <identifiers>
          <lisID>1984</lisID>
          <bioguideId>C001088</bioguideId>
          <gpoId>8297</gpoId>
        </identifiers>
        <sponsorshipDate>2019-01-17</sponsorshipDate>
        <isOriginalCosponsor>True</isOriginalCosponsor>
        <sponsorshipWithdrawnDate />
      </item>
      <item>
        <bioguideId>K000393</bioguideId>
        <fullName>Sen. Kennedy, John [R-LA]</fullName>
        <firstName>John</firstName>
        <middleName>Neely</middleName>
        <lastName>Kennedy</lastName>
        <party>R</party>
        <state>LA</state>
        <identifiers>
          <lisID>2303</lisID>
          <bioguideId>K000393</bioguideId>
          <gpoId />
        </identifiers>
        <sponsorshipDate>2019-01-31</sponsorshipDate>
        <isOriginalCosponsor>False</isOriginalCosponsor>
        <sponsorshipWithdrawnDate />
      </item>
      <item>
        <bioguideId>F000463</bioguideId>
        <fullName>Sen. Fischer, Deb [R-NE]</fullName>
        <firstName>Deb</firstName>
        <middleName />
        <lastName>Fischer</lastName>
        <party>R</party>
        <state>NE</state>
        <identifiers>
          <lisID>2179</lisID>
          <bioguideId>F000463</bioguideId>
          <gpoId />
        </identifiers>
        <sponsorshipDate>2019-03-27</sponsorshipDate>
        <isOriginalCosponsor>False</isOriginalCosponsor>
        <sponsorshipWithdrawnDate />
      </item>
      <item>
        <bioguideId>S000033</bioguideId>
        <fullName>Sen. Sanders, Bernard [I-VT]</fullName>
        <firstName>Bernard</firstName>
        <middleName />
        <lastName>Sanders</lastName>
        <party>I</party>
        <state>VT</state>
        <identifiers>
          <lisID>1010</lisID>
          <bioguideId>S000033</bioguideId>
          <gpoId>8270</gpoId>
        </identifiers>
        <sponsorshipDate>2019-05-22</sponsorshipDate>
        <isOriginalCosponsor>False</isOriginalCosponsor>
        <sponsorshipWithdrawnDate />
      </item>
      <item>
        <bioguideId>B000575</bioguideId>
        <fullName>Sen. Blunt, Roy [R-MO]</fullName>
        <firstName>Roy</firstName>
        <middleName />
        <lastName>Blunt</lastName>
        <party>R</party>
        <state>MO</state>
        <identifiers>
          <lisID>1464</lisID>
          <bioguideId>B000575</bioguideId>
          <gpoId>8313</gpoId>
        </identifiers>
        <sponsorshipDate>2019-06-05</sponsorshipDate>
        <isOriginalCosponsor>False</isOriginalCosponsor>
        <sponsorshipWithdrawnDate />
      </item>
      <item>
        <bioguideId>K000383</bioguideId>
        <fullName>Sen. King, Angus S., Jr. [I-ME]</fullName>
        <firstName>Angus</firstName>
        <middleName />
        <lastName>King</lastName>
        <party>I</party>
        <state>ME</state>
        <identifiers>
          <lisID>2185</lisID>
          <bioguideId>K000383</bioguideId>
          <gpoId />
        </identifiers>
        <sponsorshipDate>2019-06-05</sponsorshipDate>
        <isOriginalCosponsor>False</isOriginalCosponsor>
        <sponsorshipWithdrawnDate />
      </item>
      <item>
        <bioguideId>B001236</bioguideId>
        <fullName>Sen. Boozman, John [R-AR]</fullName>
        <firstName>John</firstName>
        <middleName />
        <lastName>Boozman</lastName>
        <party>R</party>
        <state>AR</state>
        <identifiers>
          <lisID>1687</lisID>
          <bioguideId>B001236</bioguideId>
          <gpoId>8247</gpoId>
        </identifiers>
        <sponsorshipDate>2019-07-31</sponsorshipDate>
        <isOriginalCosponsor>False</isOriginalCosponsor>
        <sponsorshipWithdrawnDate />
      </item>
      <item>
        <bioguideId>M001197</bioguideId>
        <fullName>Sen. McSally, Martha [R-AZ]</fullName>
        <firstName>Martha</firstName>
        <middleName />
        <lastName>McSally</lastName>
        <party>R</party>
        <state>AZ</state>
        <identifiers>
          <lisID>2225</lisID>
          <bioguideId>M001197</bioguideId>
          <gpoId />
        </identifiers>
        <sponsorshipDate>2019-10-22</sponsorshipDate>
        <isOriginalCosponsor>False</isOriginalCosponsor>
        <sponsorshipWithdrawnDate />
      </item>
      <item>
        <bioguideId>H001076</bioguideId>
        <fullName>Sen. Hassan, Margaret Wood [D-NH]</fullName>
        <firstName>Margaret</firstName>
        <middleName>Wood</middleName>
        <lastName>Hassan</lastName>
        <party>D</party>
        <state>NH</state>
        <identifiers>
          <lisID>2302</lisID>
          <bioguideId>H001076</bioguideId>
          <gpoId />
        </identifiers>
        <sponsorshipDate>2019-10-24</sponsorshipDate>
        <isOriginalCosponsor>False</isOriginalCosponsor>
        <sponsorshipWithdrawnDate />
      </item>
      <item>
        <bioguideId>T000461</bioguideId>
        <fullName>Sen. Toomey, Pat [R-PA]</fullName>
        <firstName>Pat</firstName>
        <middleName />
        <lastName>Toomey</lastName>
        <party>R</party>
        <state>PA</state>
        <identifiers>
          <lisID>1594</lisID>
          <bioguideId>T000461</bioguideId>
          <gpoId />
        </identifiers>
        <sponsorshipDate>2019-10-28</sponsorshipDate>
        <isOriginalCosponsor>False</isOriginalCosponsor>
        <sponsorshipWithdrawnDate />
      </item>
      <item>
        <bioguideId>S001181</bioguideId>
        <fullName>Sen. Shaheen, Jeanne [D-NH]</fullName>
        <firstName>Jeanne</firstName>
        <middleName />
        <lastName>Shaheen</lastName>
        <party>D</party>
        <state>NH</state>
        <identifiers>
          <lisID>1901</lisID>
          <bioguideId>S001181</bioguideId>
          <gpoId>8276</gpoId>
        </identifiers>
        <sponsorshipDate>2019-12-11</sponsorshipDate>
        <isOriginalCosponsor>False</isOriginalCosponsor>
        <sponsorshipWithdrawnDate />
      </item>
      <item>
        <bioguideId>B001288</bioguideId>
        <fullName>Sen. Booker, Cory A. [D-NJ]</fullName>
        <firstName>Cory</firstName>
        <middleName>A.</middleName>
        <lastName>Booker</lastName>
        <party>D</party>
        <state>NJ</state>
        <identifiers>
          <lisID>2194</lisID>
          <bioguideId>B001288</bioguideId>
          <gpoId />
        </identifiers>
        <sponsorshipDate>2020-03-03</sponsorshipDate>
        <isOriginalCosponsor>False</isOriginalCosponsor>
        <sponsorshipWithdrawnDate />
      </item>
      <item>
        <bioguideId>D000618</bioguideId>
        <fullName>Sen. Daines, Steve [R-MT]</fullName>
        <firstName>Steve</firstName>
        <middleName />
        <lastName>Daines</lastName>
        <party>R</party>
        <state>MT</state>
        <identifiers>
          <lisID>2138</lisID>
          <bioguideId>D000618</bioguideId>
          <gpoId />
        </identifiers>
        <sponsorshipDate>2020-06-30</sponsorshipDate>
        <isOriginalCosponsor>False</isOriginalCosponsor>
        <sponsorshipWithdrawnDate />
      </item>
      <item>
        <bioguideId>B000944</bioguideId>
        <fullName>Sen. Brown, Sherrod [D-OH]</fullName>
        <firstName>Sherrod</firstName>
        <middleName />
        <lastName>Brown</lastName>
        <party>D</party>
        <state>OH</state>
        <identifiers>
          <lisID>136</lisID>
          <bioguideId>B000944</bioguideId>
          <gpoId>8309</gpoId>
        </identifiers>
        <sponsorshipDate>2020-08-03</sponsorshipDate>
        <isOriginalCosponsor>False</isOriginalCosponsor>
        <sponsorshipWithdrawnDate />
      </item>
    </cosponsors>
    <cboCostEstimates />
    <laws />
    <notes />
    <policyArea>
      <name>Taxation</name>
    </policyArea>
    <subjects>
      <billSubjects>
        <legislativeSubjects>
          <item>
            <name>Capital gains tax</name>
          </item>
          <item>
            <name>Department of the Treasury</name>
          </item>
          <item>
            <name>Employee benefits and pensions</name>
          </item>
          <item>
            <name>Executive agency funding and structure</name>
          </item>
          <item>
            <name>Income tax deferral</name>
          </item>
          <item>
            <name>Securities</name>
          </item>
          <item>
            <name>Small business</name>
          </item>
        </legislativeSubjects>
        <policyArea>
          <name>Taxation</name>
        </policyArea>
      </billSubjects>
    </subjects>
    <summaries>
      <billSummaries>
        <item>
          <versionCode>00</versionCode>
          <actionDate>2019-01-17</actionDate>
          <actionDesc>Introduced in Senate</actionDesc>
          <lastSummaryUpdateDate>2019-07-22T16:30:08Z</lastSummaryUpdateDate>
          <text><![CDATA[<p><strong>Promotion and Expansion of Private Employee Ownership Act of 201</strong><b>9</b></p> <p>This bill expands tax incentives and federal assistance for employee stock ownership plans (ESOPs) that are sponsored by S corporations. </p> <p>The bill extends to all domestic corporations, including S corporations, provisions allowing deferral of tax on gain from the sale of employer securities to an ESOP. </p> <p> The Department of the Treasury must establish the S Corporation Employee Ownership Assistance Office to foster increased employee ownership of S corporations.</p> <p>The bill defines an "ESOP business concern" and allows such a concern to continue to qualify as a small business for the purposes of programs under the Small Business Act. An "ESOP business concern" is a business concern that was a small business concern eligible for a loan, preference, or other program under the Small Business Act before more than 49% of the business concern was acquired by an ESOP.]]></text>
          <updateDate>2019-01-17T05:00:00Z</updateDate>
          <name>Introduced in Senate</name>
        </item>
      </billSummaries>
    </summaries>
    <title>Promotion and Expansion of Private Employee Ownership Act of 2019</title>
    <titles>
      <item>
        <titleType>Short Title(s) as Introduced</titleType>
        <parentTitleType>Short Title</parentTitleType>
        <title>Promotion and Expansion of Private Employee Ownership Act of 2019</title>
        <chamberCode />
        <chamberName />
      </item>
      <item>
        <titleType>Official Title as Introduced</titleType>
        <parentTitleType />
        <title>A bill to amend the Internal Revenue Code of 1986 and the Small Business Act to expand the availability of employee stock ownership plans in S corporations, and for other purposes.</title>
        <chamberCode />
        <chamberName />
      </item>
      <item>
        <titleType>Display Title</titleType>
        <parentTitleType />
        <title>Promotion and Expansion of Private Employee Ownership Act of 2019</title>
        <chamberCode />
        <chamberName />
      </item>
    </titles>
    <amendments />
    <textVersions>
      <item>
        <type>Introduced in Senate</type>
        <date>2019-01-17T05:00:00Z</date>
        <formats>
          <item>
            <url>https://www.govinfo.gov/content/pkg/BILLS-116s177is/xml/BILLS-116s177is.xml</url>
          </item>
        </formats>
      </item>
    </textVersions>
    <latestAction>
      <actionDate>2019-01-17</actionDate>
      <text>Read twice and referred to the Committee on Finance.</text>
      <links />
    </latestAction>
    <calendarNumbers />
    <version>1.0.0</version>
  </bill>
  <dublinCore xmlns:dc="http://purl.org/dc/elements/1.1/">
    <dc:format>text/xml</dc:format>
    <dc:language>EN</dc:language>
    <dc:rights>Pursuant to Title 17 Section 105 of the United States Code, this file is not subject to copyright protection and is in the public domain.</dc:rights>
    <dc:contributor>Congressional Research Service, Library of Congress</dc:contributor>
    <dc:description>This file contains bill summaries and statuses for federal legislation. A bill summary describes the most significant provisions of a piece of legislation and details the effects the legislative text may have on current law and federal programs. Bill summaries are authored by the Congressional Research Service (CRS) of the Library of Congress. As stated in Public Law 91-510 (2 USC 166 (d)(6)), one of the duties of CRS is "to prepare summaries and digests of bills and resolutions of a public general nature introduced in the Senate or House of Representatives". For more information, refer to the User Guide that accompanies this file.</dc:description>
  </dublinCore>
</billStatus>

