<?xml version="1.0" encoding="UTF-8"?>
<billStatus>
  <bill>
    <billNumber>314</billNumber>
    <createDate>2019-02-01T05:40:17Z</createDate>
    <updateDate>2021-06-11T22:01:30Z</updateDate>
    <originChamber>Senate</originChamber>
    <billType>S</billType>
    <introducedDate>2019-01-31</introducedDate>
    <congress>116</congress>
    <recordedVotes />
    <committees>
      <billCommittees>
        <item>
          <systemCode>slin00</systemCode>
          <name>Intelligence (Select) Committee</name>
          <chamber>Senate</chamber>
          <type>Select</type>
          <subcommittees />
          <activities>
            <item>
              <name>Referred to</name>
              <date>2019-01-31T22:45:54Z</date>
            </item>
          </activities>
        </item>
      </billCommittees>
    </committees>
    <committeeReports />
    <relatedBills>
      <item>
        <latestTitle>Damon Paul Nelson and Matthew Young Pollard Intelligence Authorization Act for Fiscal Years 2018 and 2019</latestTitle>
        <congress>116</congress>
        <number>245</number>
        <type>S</type>
        <latestAction>
          <actionDate>2019-01-28</actionDate>
          <text>Read twice and referred to the Select Committee on Intelligence.</text>
        </latestAction>
        <relationshipDetails>
          <item>
            <type>Related bill</type>
            <identifiedBy>CRS</identifiedBy>
          </item>
        </relationshipDetails>
      </item>
      <item>
        <latestTitle>Damon Paul Nelson and Matthew Young Pollard Intelligence Authorization Act for Fiscal Years 2018, 2019, and 2020</latestTitle>
        <congress>116</congress>
        <number>1589</number>
        <type>S</type>
        <latestAction>
          <actionDate>2019-06-11</actionDate>
          <text>By Senator Burr from Select Committee on Intelligence filed written report. Report No. 116-47. Additional views filed.</text>
        </latestAction>
        <relationshipDetails>
          <item>
            <type>Related bill</type>
            <identifiedBy>CRS</identifiedBy>
          </item>
        </relationshipDetails>
      </item>
    </relatedBills>
    <actions>
      <item>
        <actionDate>2019-01-31</actionDate>
        <committees>
          <item>
            <systemCode>slin00</systemCode>
            <name>Intelligence (Select) Committee</name>
          </item>
        </committees>
        <links />
        <sourceSystem>
          <code>0</code>
          <name>Senate</name>
        </sourceSystem>
        <text>Read twice and referred to the Select Committee on Intelligence.</text>
        <type>IntroReferral</type>
      </item>
      <item>
        <actionDate>2019-01-31</actionDate>
        <links />
        <text>Introduced in Senate</text>
        <type>IntroReferral</type>
        <actionCode>10000</actionCode>
        <sourceSystem>
          <code>9</code>
          <name>Library of Congress</name>
        </sourceSystem>
        <committees />
      </item>
      <actionTypeCounts>
        <referredToCommittee>1</referredToCommittee>
        <introducedInSenate>1</introducedInSenate>
      </actionTypeCounts>
      <actionByCounts>
        <senate>2</senate>
      </actionByCounts>
    </actions>
    <sponsors>
      <item>
        <bioguideId>W000805</bioguideId>
        <fullName>Sen. Warner, Mark R. [D-VA]</fullName>
        <firstName>Mark</firstName>
        <middleName>R.</middleName>
        <lastName>Warner</lastName>
        <party>D</party>
        <state>VA</state>
        <identifiers>
          <lisID>1897</lisID>
          <bioguideId>W000805</bioguideId>
          <gpoId>8269</gpoId>
        </identifiers>
        <byRequestType />
      </item>
    </sponsors>
    <cosponsors />
    <cboCostEstimates />
    <laws />
    <notes />
    <policyArea>
      <name>Armed Forces and National Security</name>
    </policyArea>
    <subjects>
      <billSubjects>
        <legislativeSubjects>
          <item>
            <name>Appropriations</name>
          </item>
          <item>
            <name>Congressional oversight</name>
          </item>
          <item>
            <name>Criminal justice information and records</name>
          </item>
          <item>
            <name>Employment discrimination and employee rights</name>
          </item>
          <item>
            <name>Executive agency funding and structure</name>
          </item>
          <item>
            <name>Federal officials</name>
          </item>
          <item>
            <name>Government employee pay, benefits, personnel management</name>
          </item>
          <item>
            <name>Intelligence activities, surveillance, classified information</name>
          </item>
          <item>
            <name>Performance measurement</name>
          </item>
          <item>
            <name>Personnel records</name>
          </item>
          <item>
            <name>Public contracts and procurement</name>
          </item>
          <item>
            <name>Right of privacy</name>
          </item>
        </legislativeSubjects>
        <policyArea>
          <name>Armed Forces and National Security</name>
        </policyArea>
      </billSubjects>
    </subjects>
    <summaries>
      <billSummaries>
        <item>
          <versionCode>00</versionCode>
          <actionDate>2019-01-31</actionDate>
          <actionDesc>Introduced in Senate</actionDesc>
          <lastSummaryUpdateDate>2020-08-11T15:11:07Z</lastSummaryUpdateDate>
          <text><![CDATA[<p><b>Modernizing the Trusted Workforce for the 21st Century Act of 2019</b></p> <p>This bill directs various agencies to report on, and devise plans to improve, systems for handling security clearances and background checks.</p> <p>The Security, Suitability, and Credentialing Performance Accountability Council shall provide Congress with a plan to reduce the background investigation backlog and to consolidate security clearance processes to improve efficiency.</p> <p>The Director of National Intelligence, or another individual selected by the President, shall serve as the Security Executive Agent for all U.S. departments and agencies. The agent shall establish a policy and implementation plan for improving security clearance procedures.</p> <p>The agent shall report to Congress on (1) ways to improve or simplify investigation procedures; (2) the feasibility of the <em>clearance in person</em> concept, which permits an individual to maintain access to classified information for up to three years after leaving a cleared position; and (3) protections for the confidentiality of whistleblower-related communications in continuous vetting programs.</p> <p>Federal departments and agencies shall report annually to the agent certain information related to reciprocal recognition of security clearances when an individual moves between positions within the department or agency, and the agent shall summarize and report such information to Congress.</p> <p>The bill imposes various targets for reducing the pendency of secret and top secret level clearance determinations. It also requires reports to Congress on various topics, such as the feasibility of having no more than three tiers of trust and security clearance positions. </p> <p><br /></p>]]></text>
          <updateDate>2019-01-31T05:00:00Z</updateDate>
          <name>Introduced in Senate</name>
        </item>
      </billSummaries>
    </summaries>
    <title>Modernizing the Trusted Workforce for the 21st Century Act of 2019</title>
    <titles>
      <item>
        <titleType>Short Title(s) as Introduced</titleType>
        <parentTitleType>Short Title</parentTitleType>
        <title>Modernizing the Trusted Workforce for the 21st Century Act of 2019</title>
        <chamberCode />
        <chamberName />
      </item>
      <item>
        <titleType>Official Title as Introduced</titleType>
        <parentTitleType />
        <title>A bill to improve the processing and oversight by the Federal Government of security clearances and background investigations and for other purposes.</title>
        <chamberCode />
        <chamberName />
      </item>
      <item>
        <titleType>Display Title</titleType>
        <parentTitleType />
        <title>Modernizing the Trusted Workforce for the 21st Century Act of 2019</title>
        <chamberCode />
        <chamberName />
      </item>
    </titles>
    <amendments />
    <textVersions>
      <item>
        <type>Introduced in Senate</type>
        <date>2019-01-31T05:00:00Z</date>
        <formats>
          <item>
            <url>https://www.govinfo.gov/content/pkg/BILLS-116s314is/xml/BILLS-116s314is.xml</url>
          </item>
        </formats>
      </item>
    </textVersions>
    <latestAction>
      <actionDate>2019-01-31</actionDate>
      <text>Read twice and referred to the Select Committee on Intelligence.</text>
      <links />
    </latestAction>
    <calendarNumbers />
    <version>1.0.0</version>
  </bill>
  <dublinCore xmlns:dc="http://purl.org/dc/elements/1.1/">
    <dc:format>text/xml</dc:format>
    <dc:language>EN</dc:language>
    <dc:rights>Pursuant to Title 17 Section 105 of the United States Code, this file is not subject to copyright protection and is in the public domain.</dc:rights>
    <dc:contributor>Congressional Research Service, Library of Congress</dc:contributor>
    <dc:description>This file contains bill summaries and statuses for federal legislation. A bill summary describes the most significant provisions of a piece of legislation and details the effects the legislative text may have on current law and federal programs. Bill summaries are authored by the Congressional Research Service (CRS) of the Library of Congress. As stated in Public Law 91-510 (2 USC 166 (d)(6)), one of the duties of CRS is "to prepare summaries and digests of bills and resolutions of a public general nature introduced in the Senate or House of Representatives". For more information, refer to the User Guide that accompanies this file.</dc:description>
  </dublinCore>
</billStatus>

