<?xml version="1.0" encoding="UTF-8"?>
<billStatus>
  <bill>
    <billNumber>483</billNumber>
    <createDate>2019-02-14T05:40:19Z</createDate>
    <updateDate>2021-10-15T23:30:50Z</updateDate>
    <originChamber>Senate</originChamber>
    <billType>S</billType>
    <introducedDate>2019-02-13</introducedDate>
    <congress>116</congress>
    <recordedVotes />
    <committees>
      <billCommittees />
    </committees>
    <committeeReports />
    <relatedBills />
    <actions>
      <item>
        <actionDate>2019-03-08</actionDate>
        <links />
        <text>Became Public Law No: 116-8.</text>
        <type>President</type>
        <actionCode>E40000</actionCode>
        <sourceSystem>
          <code>2</code>
          <name>House floor actions</name>
        </sourceSystem>
        <committees />
      </item>
      <item>
        <actionDate>2019-03-08</actionDate>
        <links />
        <text>Became Public Law No: 116-8.</text>
        <type>BecameLaw</type>
        <actionCode>36000</actionCode>
        <sourceSystem>
          <code>9</code>
          <name>Library of Congress</name>
        </sourceSystem>
        <committees />
      </item>
      <item>
        <actionDate>2019-03-08</actionDate>
        <links />
        <text>Signed by President.</text>
        <type>President</type>
        <actionCode>E30000</actionCode>
        <sourceSystem>
          <code>2</code>
          <name>House floor actions</name>
        </sourceSystem>
        <committees />
      </item>
      <item>
        <actionDate>2019-03-08</actionDate>
        <links />
        <text>Signed by President.</text>
        <type>BecameLaw</type>
        <actionCode>36000</actionCode>
        <sourceSystem>
          <code>9</code>
          <name>Library of Congress</name>
        </sourceSystem>
        <committees />
      </item>
      <item>
        <actionDate>2019-03-06</actionDate>
        <links />
        <text>Presented to President.</text>
        <type>Floor</type>
        <actionCode>E20000</actionCode>
        <sourceSystem>
          <code>2</code>
          <name>House floor actions</name>
        </sourceSystem>
        <committees />
      </item>
      <item>
        <actionDate>2019-03-06</actionDate>
        <links />
        <text>Presented to President.</text>
        <type>President</type>
        <actionCode>28000</actionCode>
        <sourceSystem>
          <code>9</code>
          <name>Library of Congress</name>
        </sourceSystem>
        <committees />
      </item>
      <item>
        <actionDate>2019-03-04</actionDate>
        <committees />
        <links />
        <sourceSystem>
          <code>0</code>
          <name>Senate</name>
        </sourceSystem>
        <text>Message on Senate action sent to the House.</text>
        <type>Floor</type>
      </item>
      <item>
        <actionDate>2019-02-28</actionDate>
        <committees />
        <links />
        <sourceSystem>
          <code>0</code>
          <name>Senate</name>
        </sourceSystem>
        <text>Senate agreed to the House amendment to S.483 by Voice Vote.</text>
        <type>ResolvingDifferences</type>
      </item>
      <item>
        <actionDate>2019-02-28</actionDate>
        <links />
        <text>Resolving differences -- Senate actions: Senate agreed to the House amendment to S.483 by Voice Vote.</text>
        <type>NotUsed</type>
        <actionCode>20500</actionCode>
        <sourceSystem>
          <code>9</code>
          <name>Library of Congress</name>
        </sourceSystem>
        <committees />
      </item>
      <item>
        <actionDate>2019-02-28</actionDate>
        <committees />
        <links />
        <sourceSystem>
          <code>0</code>
          <name>Senate</name>
        </sourceSystem>
        <text>Measure laid before Senate by unanimous consent. (consideration: CR S1606)</text>
        <type>Floor</type>
      </item>
      <item>
        <actionDate>2019-02-26</actionDate>
        <committees />
        <links />
        <sourceSystem>
          <code>0</code>
          <name>Senate</name>
        </sourceSystem>
        <text>Message on House action received in Senate and at desk: House amendment to Senate bill.</text>
        <type>Floor</type>
      </item>
      <item>
        <actionDate>2019-02-25</actionDate>
        <actionTime>19:34:37</actionTime>
        <links />
        <text>Motion to reconsider laid on the table Agreed to without objection.</text>
        <type>Floor</type>
        <actionCode>H38310</actionCode>
        <sourceSystem>
          <code>2</code>
          <name>House floor actions</name>
        </sourceSystem>
        <committees />
      </item>
      <item>
        <actionDate>2019-02-25</actionDate>
        <actionTime>19:34:34</actionTime>
        <links />
        <text>On passage Passed without objection. (text: CR H2068-2087)</text>
        <type>Floor</type>
        <actionCode>H37100</actionCode>
        <sourceSystem>
          <code>2</code>
          <name>House floor actions</name>
        </sourceSystem>
        <committees />
      </item>
      <item>
        <actionDate>2019-02-25</actionDate>
        <actionTime>19:34:34</actionTime>
        <links />
        <text>Passed/agreed to in House: On passage Passed without objection.(text: CR H2068-2087)</text>
        <type>Floor</type>
        <actionCode>8000</actionCode>
        <sourceSystem>
          <code>9</code>
          <name>Library of Congress</name>
        </sourceSystem>
        <committees />
      </item>
      <item>
        <actionDate>2019-02-25</actionDate>
        <actionTime>19:33:57</actionTime>
        <links />
        <text>Considered by unanimous consent. (consideration: CR H2068-2087)</text>
        <type>Floor</type>
        <actionCode>H30000</actionCode>
        <sourceSystem>
          <code>2</code>
          <name>House floor actions</name>
        </sourceSystem>
        <committees />
      </item>
      <item>
        <actionDate>2019-02-25</actionDate>
        <actionTime>19:33:42</actionTime>
        <links />
        <text>Mr. Peterson asked unanimous consent to take from the Speaker's table and consider.</text>
        <type>Floor</type>
        <actionCode>H30200</actionCode>
        <sourceSystem>
          <code>2</code>
          <name>House floor actions</name>
        </sourceSystem>
        <committees />
      </item>
      <item>
        <actionDate>2019-02-15</actionDate>
        <actionTime>10:56:50</actionTime>
        <links />
        <text>Held at the desk.</text>
        <type>Floor</type>
        <actionCode>H15000</actionCode>
        <sourceSystem>
          <code>2</code>
          <name>House floor actions</name>
        </sourceSystem>
        <committees />
      </item>
      <item>
        <actionDate>2019-02-15</actionDate>
        <committees />
        <links />
        <sourceSystem>
          <code>0</code>
          <name>Senate</name>
        </sourceSystem>
        <text>Message on Senate action sent to the House.</text>
        <type>Floor</type>
      </item>
      <item>
        <actionDate>2019-02-15</actionDate>
        <actionTime>10:02:47</actionTime>
        <links />
        <text>Received in the House.</text>
        <type>Floor</type>
        <actionCode>H14000</actionCode>
        <sourceSystem>
          <code>2</code>
          <name>House floor actions</name>
        </sourceSystem>
        <committees />
      </item>
      <item>
        <actionDate>2019-02-14</actionDate>
        <committees />
        <links />
        <sourceSystem>
          <code>0</code>
          <name>Senate</name>
        </sourceSystem>
        <text>Passed Senate without amendment by Voice Vote. (consideration: CR S1394; text: CR S1394)</text>
        <type>Floor</type>
      </item>
      <item>
        <actionDate>2019-02-14</actionDate>
        <links />
        <text>Passed/agreed to in Senate: Passed Senate without amendment by Voice Vote.(consideration: CR S1394; text: CR S1394)</text>
        <type>Floor</type>
        <actionCode>17000</actionCode>
        <sourceSystem>
          <code>9</code>
          <name>Library of Congress</name>
        </sourceSystem>
        <committees />
      </item>
      <item>
        <actionDate>2019-02-14</actionDate>
        <committees />
        <links />
        <sourceSystem>
          <code>0</code>
          <name>Senate</name>
        </sourceSystem>
        <text>Read the second time. Placed on Senate Legislative Calendar under General Orders. Calendar No. 26.</text>
        <type>Calendars</type>
      </item>
      <item>
        <actionDate>2019-02-13</actionDate>
        <committees />
        <links />
        <sourceSystem>
          <code>0</code>
          <name>Senate</name>
        </sourceSystem>
        <text>Introduced in the Senate. Read the first time. Placed on Senate Legislative Calendar under Read the First Time.</text>
        <type>Calendars</type>
      </item>
      <item>
        <actionDate>2019-02-13</actionDate>
        <links />
        <text>Introduced in Senate</text>
        <type>IntroReferral</type>
        <actionCode>10000</actionCode>
        <sourceSystem>
          <code>9</code>
          <name>Library of Congress</name>
        </sourceSystem>
        <committees />
      </item>
      <actionTypeCounts>
        <publicLawOrPrivateLaw>1</publicLawOrPrivateLaw>
        <becamePublicLaw>2</becamePublicLaw>
        <signedByPresidentOrSentToArchivistOfTheUnitedStatesUnsignedOrVetoedByPresidentOrPocketVetoedByPresident>1</signedByPresidentOrSentToArchivistOfTheUnitedStatesUnsignedOrVetoedByPresidentOrPocketVetoedByPresident>
        <presentedToPresident>2</presentedToPresident>
        <sentToHouse>2</sentToHouse>
        <senateAgreedFreeText>1</senateAgreedFreeText>
        <resolvingDifferencesSenateActions>1</resolvingDifferencesSenateActions>
        <measureLaidBeforeSenate>1</measureLaidBeforeSenate>
        <messageOnHouseAction>1</messageOnHouseAction>
        <motionToReconsiderResults>1</motionToReconsiderResults>
        <passageOfAMeasure>1</passageOfAMeasure>
        <passedAgreedToInHouse>1</passedAgreedToInHouse>
        <considerationByHouse>1</considerationByHouse>
        <unanimousConsentRequestToConsider>1</unanimousConsentRequestToConsider>
        <heldAtTheDesk>1</heldAtTheDesk>
        <receivedInTheHouse>1</receivedInTheHouse>
        <passedSenate>1</passedSenate>
        <passedAgreedToInSenate>1</passedAgreedToInSenate>
        <placedOnCalendarSection>2</placedOnCalendarSection>
        <introducedInSenate>1</introducedInSenate>
      </actionTypeCounts>
      <actionByCounts>
        <senate>11</senate>
        <houseOfRepresentatives>7</houseOfRepresentatives>
      </actionByCounts>
    </actions>
    <sponsors>
      <item>
        <bioguideId>R000307</bioguideId>
        <fullName>Sen. Roberts, Pat [R-KS]</fullName>
        <firstName>PAT</firstName>
        <middleName />
        <lastName>ROBERTS</lastName>
        <party>R</party>
        <state>KS</state>
        <identifiers>
          <lisID>968</lisID>
          <bioguideId>R000307</bioguideId>
          <gpoId>8275</gpoId>
        </identifiers>
        <byRequestType />
      </item>
    </sponsors>
    <cosponsors>
      <item>
        <bioguideId>S000770</bioguideId>
        <fullName>Sen. Stabenow, Debbie [D-MI]</fullName>
        <firstName>DEBORAH</firstName>
        <middleName>ANN</middleName>
        <lastName>STABENOW</lastName>
        <party>D</party>
        <state>MI</state>
        <identifiers>
          <lisID>1531</lisID>
          <bioguideId>S000770</bioguideId>
          <gpoId>8261</gpoId>
        </identifiers>
        <sponsorshipDate>2019-02-13</sponsorshipDate>
        <isOriginalCosponsor>True</isOriginalCosponsor>
        <sponsorshipWithdrawnDate />
      </item>
      <item>
        <bioguideId>U000039</bioguideId>
        <fullName>Sen. Udall, Tom [D-NM]</fullName>
        <firstName>TOM</firstName>
        <middleName />
        <lastName>UDALL</lastName>
        <party>D</party>
        <state>NM</state>
        <identifiers>
          <lisID>1567</lisID>
          <bioguideId>U000039</bioguideId>
          <gpoId>8260</gpoId>
        </identifiers>
        <sponsorshipDate>2019-02-13</sponsorshipDate>
        <isOriginalCosponsor>True</isOriginalCosponsor>
        <sponsorshipWithdrawnDate />
      </item>
    </cosponsors>
    <cboCostEstimates />
    <laws>
      <item>
        <type>Public Law</type>
        <number>116-8</number>
      </item>
    </laws>
    <notes />
    <policyArea>
      <name>Environmental Protection</name>
    </policyArea>
    <subjects>
      <billSubjects>
        <legislativeSubjects>
          <item>
            <name>Administrative law and regulatory procedures</name>
          </item>
          <item>
            <name>Congressional oversight</name>
          </item>
          <item>
            <name>Environmental Protection Agency (EPA)</name>
          </item>
          <item>
            <name>Environmental regulatory procedures</name>
          </item>
          <item>
            <name>Government studies and investigations</name>
          </item>
          <item>
            <name>Government trust funds</name>
          </item>
          <item>
            <name>Hazardous wastes and toxic substances</name>
          </item>
          <item>
            <name>Licensing and registrations</name>
          </item>
          <item>
            <name>Migrant, seasonal, agricultural labor</name>
          </item>
          <item>
            <name>Pest management</name>
          </item>
          <item>
            <name>User charges and fees</name>
          </item>
          <item>
            <name>Worker safety and health</name>
          </item>
        </legislativeSubjects>
        <policyArea>
          <name>Environmental Protection</name>
        </policyArea>
      </billSubjects>
    </subjects>
    <summaries>
      <billSummaries>
        <item>
          <versionCode>00</versionCode>
          <actionDate>2019-02-13</actionDate>
          <actionDesc>Introduced in Senate</actionDesc>
          <lastSummaryUpdateDate>2019-05-22T22:05:17Z</lastSummaryUpdateDate>
          <text><![CDATA[<p>This bill enacts into law the Pesticide Registration Improvement Extension Act of 2018 (115HR1029) from the 115th Congress, as passed by the Senate.</p>]]></text>
          <updateDate>2019-02-13T05:00:00Z</updateDate>
          <name>Introduced in Senate</name>
        </item>
        <item>
          <versionCode>49</versionCode>
          <actionDate>2019-03-08</actionDate>
          <actionDesc>Public Law</actionDesc>
          <lastSummaryUpdateDate>2019-12-10T19:32:39Z</lastSummaryUpdateDate>
          <text><![CDATA[<p><b>Pesticide Registration </b><b>Improvement Extension</b><b> Act of 2018</b></p> <p>This bill revises requirements for pesticide registration applications and their corresponding maintenance fees and registration service fees.</p> <p>(Sec. 2) The bill extends the authority of the Environmental Protection Agency (EPA) to collect annual fees to maintain the registration of pesticides (maintenance fees) through FY2023. </p> <p>Additionally, the bill increases the maximum (1) amount that the EPA may collect in total maintenance fees from $27.8 million per fiscal year to $31 million for each of FY2019-FY2023; and (2) annual maintenance fees for pesticide registrants, including small business registrants.</p> <p>The bill extends until the end of FY2025 a prohibition on levying pesticide registration fees not otherwise authorized as maintenance or registration service fees. <p>The bill extends the prohibition on levying fees for applications involving pesticide chemical residues (tolerance fees) until the end of FY2023. <p>(Sec. 3) The bill expands the permissible uses of the fees collected and deposited in the Reregistration and Expedited Processing Fund, including by allowing the fees to be used for any review under the Endangered Species Act of 1973 required as part of the pesticide registration review. </p> <p>The bill also establishes set-asides of funds for (1) the development and implementation of performance data requirements for products claiming efficacy against certain invertebrate pests of significant public importance, such as bed bugs; and (2) monitoring good laboratory practices with respect to inspections and data audits conducted in support of pesticide product registrations.</p> <p>The set-aside of funds for review of inert ingredients is extended through FY2023. </p> <p>(Sec. 4) Applications for an experimental use permit must conform to the requirements governing pesticide registration applications.</p> <p>(Sec. 5) The bill extends through FY2025 the authority of the EPA to collect pesticide registration service fees, with a two-year phaseout period in FY2024 and FY2025. The EPA must increase by 5% the application fees for covered applications of pesticides that are received in FY2020 and FY2021. After that, the EPA must increase the application fee by an additional 5%. </p> <p>No waiver or fee reduction may be provided for a letter of certification of registration, which is commonly referred to as a Gold Seal letter. <p>The set-asides of funds for worker protection, partnership grants, and pesticide safety education are extended until FY2023. Funds for worker protection must emphasize field workers. <p>The EPA must also evaluate the application review process, including identifying opportunities for streamlining the review of a new active ingredient in a pesticide or a new use of a pesticide.</p> <p>The bill extends and revises reporting requirements, including by requiring the EPA to provide additional information about pesticide cases it reviewed and the number of registration review decisions it completed. </p> <p>(Sec. 6) The bill revises the fee requirements for pesticide registration applications and their registration service fees. This includes revision of existing fees, the addition of new fee categories, and the revision of time frames in which the EPA is required to complete review of a requested action. </p> <p>(Sec. 7) The bill directs the EPA to implement specified final rules without revision by the end of FY2021. Specifically, the EPA must implement the final rules titled (1) &quot;Pesticides; Agricultural Worker Protection Standard Revisions&quot; published on November 2, 2015, and (2) &quot;Pesticides; Certification of Pesticide Applicators&quot; published on January 4, 2017. </p> <p>The Government Accountability Office must report on the effectiveness of workplace requirements for providing pesticide safety information to employees.</p>]]></text>
          <updateDate>2019-03-09T04:59:59Z</updateDate>
          <name>Public Law</name>
        </item>
      </billSummaries>
    </summaries>
    <title>Pesticide Registration Improvement Extension Act of 2018</title>
    <titles>
      <item>
        <titleType>Official Title as Introduced</titleType>
        <parentTitleType />
        <title>A bill to enact into law a bill by reference.</title>
        <chamberCode />
        <chamberName />
      </item>
      <item>
        <titleType>Short Titles as Passed House</titleType>
        <parentTitleType>Short Titles House of Representatives</parentTitleType>
        <title>Pesticide Registration Improvement Extension Act of 2018</title>
        <chamberCode>H</chamberCode>
        <chamberName>House</chamberName>
      </item>
      <item>
        <titleType>Short Titles as Enacted</titleType>
        <parentTitleType>Short Title</parentTitleType>
        <title>Pesticide Registration Improvement Extension Act of 2018</title>
        <chamberCode />
        <chamberName />
      </item>
      <item>
        <titleType>Other Short Titles</titleType>
        <parentTitleType>Short Title</parentTitleType>
        <title>Pesticide Registration Improvement Extension Act of 2018</title>
        <chamberCode />
        <chamberName />
      </item>
      <item>
        <titleType>Display Title</titleType>
        <parentTitleType />
        <title>Pesticide Registration Improvement Extension Act of 2018</title>
        <chamberCode />
        <chamberName />
      </item>
    </titles>
    <amendments>
      <amendment>
        <number>43</number>
        <description>An amendment to strike out all after the enacting clause and insert a new text.</description>
        <purpose>An amendment to strike out all after the enacting clause and insert a new text.</purpose>
        <congress>116</congress>
        <type>HAMDT</type>
        <latestAction>
          <actionDate>2019-02-25</actionDate>
          <text>On agreeing to the Peterson amendment (A001) Agreed to without objection.</text>
          <actionTime>19:34:28</actionTime>
        </latestAction>
        <number>43</number>
        <description>An amendment to strike out all after the enacting clause and insert a new text.</description>
        <purpose>An amendment to strike out all after the enacting clause and insert a new text.</purpose>
        <congress>116</congress>
        <type>HAMDT</type>
        <createDate>2019-02-26T08:16:17Z</createDate>
        <updateDate>2020-12-15T15:25:25Z</updateDate>
        <sponsors>
          <item>
            <bioguideId>P000258</bioguideId>
            <fullName>Rep. Peterson, Collin C. [D-MN-7]</fullName>
            <firstName>COLLIN</firstName>
            <middleName>C.</middleName>
            <lastName>PETERSON</lastName>
            <party>D</party>
            <state>MN</state>
            <identifiers>
              <lisID>910</lisID>
              <bioguideId>P000258</bioguideId>
              <gpoId>8007</gpoId>
            </identifiers>
            <district>7</district>
          </item>
        </sponsors>
        <cosponsors>
          <totalCount>0</totalCount>
          <currentCount>0</currentCount>
        </cosponsors>
        <titles />
        <proposedDate />
        <submittedDate>2019-02-25T05:00:00Z</submittedDate>
        <chamber>House of Representatives</chamber>
        <amendedBill>
          <congress>116</congress>
          <type>S</type>
          <originChamber>Senate</originChamber>
          <originChamberCode>S</originChamberCode>
          <number>483</number>
          <title>Pesticide Registration Improvement Extension Act of 2018</title>
        </amendedBill>
        <amendedAmendment />
        <amendments>
          <count>0</count>
        </amendments>
        <links />
        <notes />
        <actions>
          <count>7</count>
          <actions>
            <item>
              <actionDate>2019-02-25</actionDate>
              <actionTime>19:34:28</actionTime>
              <links />
              <text>On agreeing to the Peterson amendment (A001) Agreed to without objection.</text>
              <type>Floor</type>
              <actionCode>H34111</actionCode>
              <sourceSystem>
                <code>2</code>
                <name>House floor actions</name>
              </sourceSystem>
              <committee />
            </item>
            <item>
              <actionDate>2019-02-25</actionDate>
              <actionTime>19:34:15</actionTime>
              <links />
              <text>Amendment (A001) offered by Mr. Peterson. (consideration: CR H2068-2087; text: CR H2068-2087)</text>
              <type>Floor</type>
              <actionCode>H3A100</actionCode>
              <sourceSystem>
                <code>2</code>
                <name>House floor actions</name>
              </sourceSystem>
              <committee />
            </item>
            <item>
              <actionDate>2019-02-25</actionDate>
              <links />
              <text />
            </item>
            <item>
              <actionDate>2019-02-25</actionDate>
              <actionTime>19:34:15</actionTime>
              <links />
              <text>House amendment offered/reported by: Amendment (A001) offered by Mr. Peterson.</text>
              <type>NotUsed</type>
              <actionCode>71500</actionCode>
              <sourceSystem>
                <code>9</code>
                <name>Library of Congress</name>
              </sourceSystem>
              <committee />
            </item>
            <item>
              <actionDate>2019-02-25</actionDate>
              <actionTime>19:34:28</actionTime>
              <links />
              <text>Amendment agreed to by House: On agreeing to the Peterson amendment (A001) Agreed to without objection.</text>
              <type>NotUsed</type>
              <actionCode>79000</actionCode>
              <sourceSystem>
                <code>9</code>
                <name>Library of Congress</name>
              </sourceSystem>
              <committee />
            </item>
            <item>
              <actionDate>2019-02-25</actionDate>
              <actionTime>19:34:28</actionTime>
              <links />
              <text>House amendment agreed to: On agreeing to the Peterson amendment (A001) Agreed to without objection.</text>
              <type>Floor</type>
              <actionCode>72000</actionCode>
              <sourceSystem>
                <code>9</code>
                <name>Library of Congress</name>
              </sourceSystem>
              <committee />
            </item>
            <item>
              <actionDate>2019-02-25</actionDate>
              <links />
              <text>House amendment offered</text>
              <type>Floor</type>
              <actionCode>71000</actionCode>
              <sourceSystem>
                <code>9</code>
                <name>Library of Congress</name>
              </sourceSystem>
              <committee />
            </item>
          </actions>
          <actionTypeCounts>
            <agreeingToTheAmendmentResults>1</agreeingToTheAmendmentResults>
            <amendmentOffered>1</amendmentOffered>
            <houseAmendmentOfferedReportedBy>1</houseAmendmentOfferedReportedBy>
            <amendmentAgreedToByHouse>1</amendmentAgreedToByHouse>
            <houseAmendmentAgreedTo>1</houseAmendmentAgreedTo>
            <houseAmendmentOffered>1</houseAmendmentOffered>
          </actionTypeCounts>
          <actionByCounts>
            <houseOfRepresentatives>6</houseOfRepresentatives>
          </actionByCounts>
        </actions>
        <version>1.0.0</version>
      </amendment>
    </amendments>
    <textVersions>
      <item>
        <type>Enrolled Bill</type>
        <date />
        <formats>
          <item>
            <url>https://www.govinfo.gov/content/pkg/BILLS-116s483enr/xml/BILLS-116s483enr.xml</url>
          </item>
        </formats>
      </item>
      <item>
        <type>Engrossed Amendment House</type>
        <date>2019-02-25T05:00:00Z</date>
        <formats>
          <item>
            <url>https://www.govinfo.gov/content/pkg/BILLS-116s483eah/xml/BILLS-116s483eah.xml</url>
          </item>
        </formats>
      </item>
      <item>
        <type>Placed on Calendar Senate</type>
        <date>2019-02-14T05:00:00Z</date>
        <formats>
          <item>
            <url>https://www.govinfo.gov/content/pkg/BILLS-116s483pcs/xml/BILLS-116s483pcs.xml</url>
          </item>
        </formats>
      </item>
      <item>
        <type>Engrossed in Senate</type>
        <date>2019-02-14T05:00:00Z</date>
        <formats>
          <item>
            <url>https://www.govinfo.gov/content/pkg/BILLS-116s483es/xml/BILLS-116s483es.xml</url>
          </item>
        </formats>
      </item>
    </textVersions>
    <latestAction>
      <actionDate>2019-03-08</actionDate>
      <text>Became Public Law No: 116-8.</text>
      <links />
    </latestAction>
    <calendarNumbers>
      <item>
        <calendar>Senate Calendar of Business</calendar>
        <number />
      </item>
      <item>
        <calendar>Senate Calendar of Business</calendar>
        <number>0026</number>
      </item>
    </calendarNumbers>
    <version>1.0.0</version>
  </bill>
  <dublinCore xmlns:dc="http://purl.org/dc/elements/1.1/">
    <dc:format>text/xml</dc:format>
    <dc:language>EN</dc:language>
    <dc:rights>Pursuant to Title 17 Section 105 of the United States Code, this file is not subject to copyright protection and is in the public domain.</dc:rights>
    <dc:contributor>Congressional Research Service, Library of Congress</dc:contributor>
    <dc:description>This file contains bill summaries and statuses for federal legislation. A bill summary describes the most significant provisions of a piece of legislation and details the effects the legislative text may have on current law and federal programs. Bill summaries are authored by the Congressional Research Service (CRS) of the Library of Congress. As stated in Public Law 91-510 (2 USC 166 (d)(6)), one of the duties of CRS is "to prepare summaries and digests of bills and resolutions of a public general nature introduced in the Senate or House of Representatives". For more information, refer to the User Guide that accompanies this file.</dc:description>
  </dublinCore>
</billStatus>

