<?xml version="1.0" encoding="UTF-8"?>
<billStatus>
  <bill>
    <billNumber>149</billNumber>
    <createDate>2019-01-17T05:40:11Z</createDate>
    <updateDate>2021-07-10T20:17:09Z</updateDate>
    <originChamber>Senate</originChamber>
    <billType>S</billType>
    <introducedDate>2019-01-16</introducedDate>
    <congress>116</congress>
    <recordedVotes />
    <committees>
      <billCommittees>
        <item>
          <systemCode>sscm00</systemCode>
          <name>Commerce, Science, and Transportation Committee</name>
          <chamber>Senate</chamber>
          <type>Standing</type>
          <subcommittees />
          <activities>
            <item>
              <name>Reported by</name>
              <date>2019-12-19T20:20:05Z</date>
            </item>
            <item>
              <name>Markup by</name>
              <date>2019-07-10T14:00:36Z</date>
            </item>
            <item>
              <name>Referred to</name>
              <date>2019-01-16T20:13:18Z</date>
            </item>
          </activities>
        </item>
      </billCommittees>
    </committees>
    <committeeReports>
      <committeeReport>
        <citation>S. Rept. 116-182</citation>
      </committeeReport>
    </committeeReports>
    <relatedBills>
      <item>
        <latestTitle>Fraud and Scam Reduction Act</latestTitle>
        <congress>116</congress>
        <number>2610</number>
        <type>HR</type>
        <latestAction>
          <actionDate>2020-12-18</actionDate>
          <text>Message on Senate action sent to the House.</text>
        </latestAction>
        <relationshipDetails>
          <item>
            <type>Related bill</type>
            <identifiedBy>CRS</identifiedBy>
          </item>
        </relationshipDetails>
      </item>
    </relatedBills>
    <actions>
      <item>
        <actionDate>2020-06-15</actionDate>
        <actionTime>15:15:40</actionTime>
        <links />
        <text>Held at the desk.</text>
        <type>Floor</type>
        <actionCode>H15000</actionCode>
        <sourceSystem>
          <code>2</code>
          <name>House floor actions</name>
        </sourceSystem>
        <committees />
      </item>
      <item>
        <actionDate>2020-06-15</actionDate>
        <actionTime>15:04:22</actionTime>
        <links />
        <text>Received in the House.</text>
        <type>Floor</type>
        <actionCode>H14000</actionCode>
        <sourceSystem>
          <code>2</code>
          <name>House floor actions</name>
        </sourceSystem>
        <committees />
      </item>
      <item>
        <actionDate>2020-06-15</actionDate>
        <committees />
        <links />
        <sourceSystem>
          <code>0</code>
          <name>Senate</name>
        </sourceSystem>
        <text>Message on Senate action sent to the House.</text>
        <type>Floor</type>
      </item>
      <item>
        <actionDate>2020-06-10</actionDate>
        <committees />
        <links />
        <sourceSystem>
          <code>0</code>
          <name>Senate</name>
        </sourceSystem>
        <text>Passed Senate with an amendment by Unanimous Consent. (consideration: CR S2898; text: CR S2898)</text>
        <type>Floor</type>
      </item>
      <item>
        <actionDate>2020-06-10</actionDate>
        <links />
        <text>Passed/agreed to in Senate: Passed Senate with an amendment by Unanimous Consent.(consideration: CR S2898; text: CR S2898)</text>
        <type>Floor</type>
        <actionCode>17000</actionCode>
        <sourceSystem>
          <code>9</code>
          <name>Library of Congress</name>
        </sourceSystem>
        <committees />
      </item>
      <item>
        <actionDate>2019-12-19</actionDate>
        <committees />
        <links />
        <sourceSystem>
          <code>0</code>
          <name>Senate</name>
        </sourceSystem>
        <text>Placed on Senate Legislative Calendar under General Orders. Calendar No. 393.</text>
        <type>Calendars</type>
      </item>
      <item>
        <actionDate>2019-12-19</actionDate>
        <committees>
          <item>
            <systemCode>sscm00</systemCode>
            <name>Commerce, Science, and Transportation Committee</name>
          </item>
        </committees>
        <links />
        <sourceSystem>
          <code>0</code>
          <name>Senate</name>
        </sourceSystem>
        <text>Committee on Commerce, Science, and Transportation. Reported by Senator Wicker with an amendment in the nature of a substitute. With written report No. 116-182.</text>
        <type>Committee</type>
      </item>
      <item>
        <actionDate>2019-12-19</actionDate>
        <links />
        <text>Committee on Commerce, Science, and Transportation. Reported by Senator Wicker with an amendment in the nature of a substitute. With written report No. 116-182.</text>
        <type>Committee</type>
        <actionCode>14000</actionCode>
        <sourceSystem>
          <code>9</code>
          <name>Library of Congress</name>
        </sourceSystem>
        <committees>
          <item>
            <systemCode>sscm00</systemCode>
            <name>Commerce, Science, and Transportation Committee</name>
          </item>
        </committees>
      </item>
      <item>
        <actionDate>2019-07-10</actionDate>
        <committees>
          <item>
            <systemCode>sscm00</systemCode>
            <name>Commerce, Science, and Transportation Committee</name>
          </item>
        </committees>
        <links />
        <sourceSystem>
          <code>0</code>
          <name>Senate</name>
        </sourceSystem>
        <text>Committee on Commerce, Science, and Transportation. Ordered to be reported with an amendment in the nature of a substitute favorably.</text>
        <type>Committee</type>
      </item>
      <item>
        <actionDate>2019-01-16</actionDate>
        <committees>
          <item>
            <systemCode>sscm00</systemCode>
            <name>Commerce, Science, and Transportation Committee</name>
          </item>
        </committees>
        <links />
        <sourceSystem>
          <code>0</code>
          <name>Senate</name>
        </sourceSystem>
        <text>Read twice and referred to the Committee on Commerce, Science, and Transportation.</text>
        <type>IntroReferral</type>
      </item>
      <item>
        <actionDate>2019-01-16</actionDate>
        <links />
        <text>Introduced in Senate</text>
        <type>IntroReferral</type>
        <actionCode>10000</actionCode>
        <sourceSystem>
          <code>9</code>
          <name>Library of Congress</name>
        </sourceSystem>
        <committees />
      </item>
      <actionTypeCounts>
        <heldAtTheDesk>1</heldAtTheDesk>
        <receivedInTheHouse>1</receivedInTheHouse>
        <sentToHouse>1</sentToHouse>
        <passedSenate>1</passedSenate>
        <passedAgreedToInSenate>1</passedAgreedToInSenate>
        <placedOnCalendarGeneralOrders>1</placedOnCalendarGeneralOrders>
        <reportedToSenate>2</reportedToSenate>
        <orderedReported>1</orderedReported>
        <referredToCommittee>1</referredToCommittee>
        <introducedInSenate>1</introducedInSenate>
      </actionTypeCounts>
      <actionByCounts>
        <houseOfRepresentatives>2</houseOfRepresentatives>
        <senate>9</senate>
      </actionByCounts>
    </actions>
    <sponsors>
      <item>
        <bioguideId>C001070</bioguideId>
        <fullName>Sen. Casey, Robert P., Jr. [D-PA]</fullName>
        <firstName>Bob</firstName>
        <middleName />
        <lastName>Casey</lastName>
        <party>D</party>
        <state>PA</state>
        <identifiers>
          <lisID>1828</lisID>
          <bioguideId>C001070</bioguideId>
          <gpoId>8282</gpoId>
        </identifiers>
        <byRequestType />
      </item>
    </sponsors>
    <cosponsors>
      <item>
        <bioguideId>M000934</bioguideId>
        <fullName>Sen. Moran, Jerry [R-KS]</fullName>
        <firstName>Jerry</firstName>
        <middleName />
        <lastName>Moran</lastName>
        <party>R</party>
        <state>KS</state>
        <identifiers>
          <lisID>1507</lisID>
          <bioguideId>M000934</bioguideId>
          <gpoId>8307</gpoId>
        </identifiers>
        <sponsorshipDate>2019-01-16</sponsorshipDate>
        <isOriginalCosponsor>True</isOriginalCosponsor>
        <sponsorshipWithdrawnDate />
      </item>
      <item>
        <bioguideId>T000464</bioguideId>
        <fullName>Sen. Tester, Jon [D-MT]</fullName>
        <firstName>Jon</firstName>
        <middleName />
        <lastName>Tester</lastName>
        <party>D</party>
        <state>MT</state>
        <identifiers>
          <lisID>1829</lisID>
          <bioguideId>T000464</bioguideId>
          <gpoId>8258</gpoId>
        </identifiers>
        <sponsorshipDate>2019-09-26</sponsorshipDate>
        <isOriginalCosponsor>False</isOriginalCosponsor>
        <sponsorshipWithdrawnDate />
      </item>
    </cosponsors>
    <cboCostEstimates>
      <item>
        <pubDate>2019-08-06T15:39:09Z</pubDate>
        <title>S. 149, Stop Senior Scams Act</title>
        <url>https://www.cbo.gov/publication/55521</url>
      </item>
    </cboCostEstimates>
    <laws />
    <notes />
    <policyArea>
      <name>Commerce</name>
    </policyArea>
    <subjects>
      <billSubjects>
        <legislativeSubjects>
          <item>
            <name>Advisory bodies</name>
          </item>
          <item>
            <name>Aging</name>
          </item>
          <item>
            <name>Congressional oversight</name>
          </item>
          <item>
            <name>Consumer affairs</name>
          </item>
          <item>
            <name>Crime prevention</name>
          </item>
          <item>
            <name>Financial services and investments</name>
          </item>
          <item>
            <name>Fraud offenses and financial crimes</name>
          </item>
          <item>
            <name>Government information and archives</name>
          </item>
          <item>
            <name>Retail and wholesale trades</name>
          </item>
        </legislativeSubjects>
        <policyArea>
          <name>Commerce</name>
        </policyArea>
      </billSubjects>
    </subjects>
    <summaries>
      <billSummaries>
        <item>
          <versionCode>00</versionCode>
          <actionDate>2019-01-16</actionDate>
          <actionDesc>Introduced in Senate</actionDesc>
          <lastSummaryUpdateDate>2019-04-04T20:20:17Z</lastSummaryUpdateDate>
          <text><![CDATA[<p><strong>Stop Senior Scams Act</strong></p> <p>This bill establishes a Senior Scams Prevention Advisory Council, which shall create&nbsp;model educational materials to&nbsp;educate&nbsp;employees of&nbsp;retailers, financial-services companies,&nbsp;and wire-transfer companies on how to identify and prevent scams that affect seniors. </p>]]></text>
          <updateDate>2019-01-16T05:00:00Z</updateDate>
          <name>Introduced in Senate</name>
        </item>
        <item>
          <versionCode>25</versionCode>
          <actionDate>2019-12-19</actionDate>
          <actionDesc>Reported to Senate</actionDesc>
          <lastSummaryUpdateDate>2020-01-08T20:33:29Z</lastSummaryUpdateDate>
          <text><![CDATA[<p><strong>Stop Senior Scams Act</strong></p> <p>This bill establishes a Senior Scams Prevention Advisory Group, which shall create&nbsp;model educational materials to&nbsp;educate&nbsp;employees of&nbsp;retailers, financial-services companies,&nbsp;and wire-transfer companies on how to identify and prevent scams that affect seniors. </p>]]></text>
          <updateDate>2019-12-19T15:30:58Z</updateDate>
          <name>Reported to Senate</name>
        </item>
        <item>
          <versionCode>55</versionCode>
          <actionDate>2020-06-10</actionDate>
          <actionDesc>Passed Senate</actionDesc>
          <lastSummaryUpdateDate>2020-06-15T15:48:19Z</lastSummaryUpdateDate>
          <text><![CDATA[<p><strong>Stop Senior Scams Act</strong></p> <p>This bill establishes a Senior Scams Prevention Advisory Group, which shall create&nbsp;model educational materials to&nbsp;educate&nbsp;employees of&nbsp;retailers, financial-services companies,&nbsp;and wire-transfer companies on how to identify and prevent scams that affect seniors. </p>]]></text>
          <updateDate>2020-06-10T12:24:55Z</updateDate>
          <name>Passed Senate</name>
        </item>
      </billSummaries>
    </summaries>
    <title>Stop Senior Scams Act</title>
    <titles>
      <item>
        <titleType>Short Title(s) as Reported to Senate</titleType>
        <parentTitleType>Short Title</parentTitleType>
        <title>Stop Senior Scams Act</title>
        <chamberCode>S</chamberCode>
        <chamberName>Senate</chamberName>
      </item>
      <item>
        <titleType>Short Title(s) as Introduced</titleType>
        <parentTitleType>Short Title</parentTitleType>
        <title>Stop Senior Scams Act</title>
        <chamberCode />
        <chamberName />
      </item>
      <item>
        <titleType>Short Titles as Passed Senate</titleType>
        <parentTitleType>Short Titles Senate</parentTitleType>
        <title>Stop Senior Scams Act</title>
        <chamberCode>S</chamberCode>
        <chamberName>Senate</chamberName>
      </item>
      <item>
        <titleType>Official Title as Introduced</titleType>
        <parentTitleType />
        <title>A bill to establish a Senior Scams Prevention Advisory Council.</title>
        <chamberCode />
        <chamberName />
      </item>
      <item>
        <titleType>Display Title</titleType>
        <parentTitleType />
        <title>Stop Senior Scams Act</title>
        <chamberCode />
        <chamberName />
      </item>
    </titles>
    <amendments />
    <textVersions>
      <item>
        <type>Engrossed in Senate</type>
        <date>2020-06-10T04:00:00Z</date>
        <formats>
          <item>
            <url>https://www.govinfo.gov/content/pkg/BILLS-116s149es/xml/BILLS-116s149es.xml</url>
          </item>
        </formats>
      </item>
      <item>
        <type>Reported to Senate</type>
        <date>2019-12-19T05:00:00Z</date>
        <formats>
          <item>
            <url>https://www.govinfo.gov/content/pkg/BILLS-116s149rs/xml/BILLS-116s149rs.xml</url>
          </item>
        </formats>
      </item>
      <item>
        <type>Introduced in Senate</type>
        <date>2019-01-16T05:00:00Z</date>
        <formats>
          <item>
            <url>https://www.govinfo.gov/content/pkg/BILLS-116s149is/xml/BILLS-116s149is.xml</url>
          </item>
        </formats>
      </item>
    </textVersions>
    <latestAction>
      <actionDate>2020-06-15</actionDate>
      <text>Held at the desk.</text>
      <actionTime>15:15:40</actionTime>
      <links />
    </latestAction>
    <calendarNumbers>
      <item>
        <calendar>Senate Calendar of Business</calendar>
        <number>0393</number>
      </item>
    </calendarNumbers>
    <version>1.0.0</version>
  </bill>
  <dublinCore xmlns:dc="http://purl.org/dc/elements/1.1/">
    <dc:format>text/xml</dc:format>
    <dc:language>EN</dc:language>
    <dc:rights>Pursuant to Title 17 Section 105 of the United States Code, this file is not subject to copyright protection and is in the public domain.</dc:rights>
    <dc:contributor>Congressional Research Service, Library of Congress</dc:contributor>
    <dc:description>This file contains bill summaries and statuses for federal legislation. A bill summary describes the most significant provisions of a piece of legislation and details the effects the legislative text may have on current law and federal programs. Bill summaries are authored by the Congressional Research Service (CRS) of the Library of Congress. As stated in Public Law 91-510 (2 USC 166 (d)(6)), one of the duties of CRS is "to prepare summaries and digests of bills and resolutions of a public general nature introduced in the Senate or House of Representatives". For more information, refer to the User Guide that accompanies this file.</dc:description>
  </dublinCore>
</billStatus>

