<?xml version="1.0" encoding="UTF-8"?>
<billStatus>
  <bill>
    <billNumber>440</billNumber>
    <createDate>2019-02-13T05:40:23Z</createDate>
    <updateDate>2021-07-10T20:19:37Z</updateDate>
    <originChamber>Senate</originChamber>
    <billType>S</billType>
    <introducedDate>2019-02-12</introducedDate>
    <congress>116</congress>
    <recordedVotes />
    <committees>
      <billCommittees>
        <item>
          <systemCode>ssju00</systemCode>
          <name>Judiciary Committee</name>
          <chamber>Senate</chamber>
          <type>Standing</type>
          <subcommittees />
          <activities>
            <item>
              <name>Reported by</name>
              <date>2019-06-28T17:27:23Z</date>
            </item>
            <item>
              <name>Markup by</name>
              <date>2019-06-27T14:00:40Z</date>
            </item>
            <item>
              <name>Referred to</name>
              <date>2019-02-12T16:01:13Z</date>
            </item>
          </activities>
        </item>
      </billCommittees>
    </committees>
    <committeeReports />
    <relatedBills />
    <actions>
      <item>
        <actionDate>2019-06-28</actionDate>
        <committees />
        <links />
        <sourceSystem>
          <code>0</code>
          <name>Senate</name>
        </sourceSystem>
        <text>Placed on Senate Legislative Calendar under General Orders. Calendar No. 129.</text>
        <type>Calendars</type>
      </item>
      <item>
        <actionDate>2019-06-28</actionDate>
        <committees>
          <item>
            <systemCode>ssju00</systemCode>
            <name>Judiciary Committee</name>
          </item>
        </committees>
        <links />
        <sourceSystem>
          <code>0</code>
          <name>Senate</name>
        </sourceSystem>
        <text>Committee on the Judiciary. Reported by Senator Graham with an amendment in the nature of a substitute. Without written report.</text>
        <type>Committee</type>
      </item>
      <item>
        <actionDate>2019-06-28</actionDate>
        <links />
        <text>Committee on the Judiciary. Reported by Senator Graham with an amendment in the nature of a substitute. Without written report.</text>
        <type>Committee</type>
        <actionCode>14000</actionCode>
        <sourceSystem>
          <code>9</code>
          <name>Library of Congress</name>
        </sourceSystem>
        <committees>
          <item>
            <systemCode>ssju00</systemCode>
            <name>Judiciary Committee</name>
          </item>
        </committees>
      </item>
      <item>
        <actionDate>2019-06-27</actionDate>
        <committees>
          <item>
            <systemCode>ssju00</systemCode>
            <name>Judiciary Committee</name>
          </item>
        </committees>
        <links />
        <sourceSystem>
          <code>0</code>
          <name>Senate</name>
        </sourceSystem>
        <text>Committee on the Judiciary. Ordered to be reported with an amendment in the nature of a substitute favorably.</text>
        <type>Committee</type>
      </item>
      <item>
        <actionDate>2019-02-12</actionDate>
        <committees>
          <item>
            <systemCode>ssju00</systemCode>
            <name>Judiciary Committee</name>
          </item>
        </committees>
        <links />
        <sourceSystem>
          <code>0</code>
          <name>Senate</name>
        </sourceSystem>
        <text>Read twice and referred to the Committee on the Judiciary.</text>
        <type>IntroReferral</type>
      </item>
      <item>
        <actionDate>2019-02-12</actionDate>
        <links />
        <text>Introduced in Senate</text>
        <type>IntroReferral</type>
        <actionCode>10000</actionCode>
        <sourceSystem>
          <code>9</code>
          <name>Library of Congress</name>
        </sourceSystem>
        <committees />
      </item>
      <actionTypeCounts>
        <placedOnCalendarGeneralOrders>1</placedOnCalendarGeneralOrders>
        <reportedToSenate>2</reportedToSenate>
        <orderedReported>1</orderedReported>
        <referredToCommittee>1</referredToCommittee>
        <introducedInSenate>1</introducedInSenate>
      </actionTypeCounts>
      <actionByCounts>
        <senate>6</senate>
      </actionByCounts>
    </actions>
    <sponsors>
      <item>
        <bioguideId>C001095</bioguideId>
        <fullName>Sen. Cotton, Tom [R-AR]</fullName>
        <firstName>Tom</firstName>
        <middleName />
        <lastName>Cotton</lastName>
        <party>R</party>
        <state>AR</state>
        <identifiers>
          <lisID>2098</lisID>
          <bioguideId>C001095</bioguideId>
          <gpoId />
        </identifiers>
        <byRequestType />
      </item>
    </sponsors>
    <cosponsors>
      <item>
        <bioguideId>E000295</bioguideId>
        <fullName>Sen. Ernst, Joni  [R-IA]</fullName>
        <firstName>Joni</firstName>
        <middleName />
        <lastName>Ernst</lastName>
        <party>R</party>
        <state>IA</state>
        <identifiers>
          <lisID>2283</lisID>
          <bioguideId>E000295</bioguideId>
          <gpoId />
        </identifiers>
        <sponsorshipDate>2019-02-12</sponsorshipDate>
        <isOriginalCosponsor>True</isOriginalCosponsor>
        <sponsorshipWithdrawnDate />
      </item>
      <item>
        <bioguideId>T000461</bioguideId>
        <fullName>Sen. Toomey, Pat [R-PA]</fullName>
        <firstName>Pat</firstName>
        <middleName />
        <lastName>Toomey</lastName>
        <party>R</party>
        <state>PA</state>
        <identifiers>
          <lisID>1594</lisID>
          <bioguideId>T000461</bioguideId>
          <gpoId />
        </identifiers>
        <sponsorshipDate>2019-02-12</sponsorshipDate>
        <isOriginalCosponsor>True</isOriginalCosponsor>
        <sponsorshipWithdrawnDate />
      </item>
    </cosponsors>
    <cboCostEstimates>
      <item>
        <pubDate>2019-07-19T16:36:57Z</pubDate>
        <title>S. 440, PACED Act</title>
        <url>https://www.cbo.gov/publication/55467</url>
      </item>
    </cboCostEstimates>
    <laws />
    <notes />
    <policyArea>
      <name>Commerce</name>
    </policyArea>
    <subjects>
      <billSubjects>
        <legislativeSubjects>
          <item>
            <name>Civil actions and liability</name>
          </item>
          <item>
            <name>Competitiveness, trade promotion, trade deficits</name>
          </item>
          <item>
            <name>Federal-Indian relations</name>
          </item>
          <item>
            <name>Government liability</name>
          </item>
          <item>
            <name>Intellectual property</name>
          </item>
          <item>
            <name>Jurisdiction and venue</name>
          </item>
          <item>
            <name>Sovereignty, recognition, national governance and status</name>
          </item>
        </legislativeSubjects>
        <policyArea>
          <name>Commerce</name>
        </policyArea>
      </billSubjects>
    </subjects>
    <summaries>
      <billSummaries>
        <item>
          <versionCode>00</versionCode>
          <actionDate>2019-02-12</actionDate>
          <actionDesc>Introduced in Senate</actionDesc>
          <lastSummaryUpdateDate>2019-09-05T19:24:42Z</lastSummaryUpdateDate>
          <text><![CDATA[<p><b>Preserving Access to Cost Effective Drugs Act or the PACED Act</b></p> <p>This bill prohibits patent owners from asserting tribal sovereign immunity as a defense in certain proceedings before the U.S. Patent and Trademark Office, including patent validity challenge proceedings before the Patent Trial and Appeal Board (PTAB). The prohibition also applies to court actions and proceedings&nbsp;before the International Trade Commission. </p> <p>Sovereign immunity for foreign states shall apply in the PTAB as it applies in federal court. </p>]]></text>
          <updateDate>2019-02-12T05:00:00Z</updateDate>
          <name>Introduced in Senate</name>
        </item>
        <item>
          <versionCode>25</versionCode>
          <actionDate>2019-06-28</actionDate>
          <actionDesc>Reported to Senate</actionDesc>
          <lastSummaryUpdateDate>2020-09-29T20:06:18Z</lastSummaryUpdateDate>
          <text><![CDATA[<p><b>Preserving Access to Cost Effective Drugs Act or the PACED Act</b></p> <p>This bill prohibits patent owners from asserting tribal sovereign immunity as a defense in certain proceedings before the U.S. Patent and Trademark Office, including patent validity challenge proceedings before the Patent Trial and Appeal Board (PTAB). The prohibition also applies to court actions and proceedings&nbsp;before the International Trade Commission. </p> <p>Sovereign immunity for foreign states shall apply in the PTAB as it applies in federal court. The abrogation of sovereign immunity shall not apply to states or institutions of higher education (i.e., public state universities and institutions).</p>]]></text>
          <updateDate>2019-06-28T15:12:55Z</updateDate>
          <name>Reported to Senate</name>
        </item>
      </billSummaries>
    </summaries>
    <title>PACED Act</title>
    <titles>
      <item>
        <titleType>Short Title(s) as Introduced</titleType>
        <parentTitleType>Short Title</parentTitleType>
        <title>PACED Act</title>
        <chamberCode />
        <chamberName />
      </item>
      <item>
        <titleType>Short Title(s) as Introduced</titleType>
        <parentTitleType>Short Title</parentTitleType>
        <title>Preserving Access to Cost Effective Drugs Act</title>
        <chamberCode />
        <chamberName />
      </item>
      <item>
        <titleType>Short Title(s) as Reported to Senate</titleType>
        <parentTitleType>Short Title</parentTitleType>
        <title>PACED Act</title>
        <chamberCode>S</chamberCode>
        <chamberName>Senate</chamberName>
      </item>
      <item>
        <titleType>Short Title(s) as Reported to Senate</titleType>
        <parentTitleType>Short Title</parentTitleType>
        <title>Preserving Access to Cost Effective Drugs Act</title>
        <chamberCode>S</chamberCode>
        <chamberName>Senate</chamberName>
      </item>
      <item>
        <titleType>Display Title</titleType>
        <parentTitleType />
        <title>PACED Act</title>
        <chamberCode />
        <chamberName />
      </item>
      <item>
        <titleType>Official Title as Introduced</titleType>
        <parentTitleType />
        <title>A bill to amend title 35, United States Code, to provide that a patent owner may not assert sovereign immunity as a defense in certain actions before the United States Patent and Trademark Office, and for other purposes.</title>
        <chamberCode />
        <chamberName />
      </item>
    </titles>
    <amendments />
    <textVersions>
      <item>
        <type>Reported to Senate</type>
        <date>2019-06-28T04:00:00Z</date>
        <formats>
          <item>
            <url>https://www.govinfo.gov/content/pkg/BILLS-116s440rs/xml/BILLS-116s440rs.xml</url>
          </item>
        </formats>
      </item>
      <item>
        <type>Introduced in Senate</type>
        <date>2019-02-12T05:00:00Z</date>
        <formats>
          <item>
            <url>https://www.govinfo.gov/content/pkg/BILLS-116s440is/xml/BILLS-116s440is.xml</url>
          </item>
        </formats>
      </item>
    </textVersions>
    <latestAction>
      <actionDate>2019-06-28</actionDate>
      <text>Placed on Senate Legislative Calendar under General Orders. Calendar No. 129.</text>
      <links />
    </latestAction>
    <calendarNumbers>
      <item>
        <calendar>Senate Calendar of Business</calendar>
        <number>0129</number>
      </item>
    </calendarNumbers>
    <version>1.0.0</version>
  </bill>
  <dublinCore xmlns:dc="http://purl.org/dc/elements/1.1/">
    <dc:format>text/xml</dc:format>
    <dc:language>EN</dc:language>
    <dc:rights>Pursuant to Title 17 Section 105 of the United States Code, this file is not subject to copyright protection and is in the public domain.</dc:rights>
    <dc:contributor>Congressional Research Service, Library of Congress</dc:contributor>
    <dc:description>This file contains bill summaries and statuses for federal legislation. A bill summary describes the most significant provisions of a piece of legislation and details the effects the legislative text may have on current law and federal programs. Bill summaries are authored by the Congressional Research Service (CRS) of the Library of Congress. As stated in Public Law 91-510 (2 USC 166 (d)(6)), one of the duties of CRS is "to prepare summaries and digests of bills and resolutions of a public general nature introduced in the Senate or House of Representatives". For more information, refer to the User Guide that accompanies this file.</dc:description>
  </dublinCore>
</billStatus>

