<?xml version="1.0" encoding="UTF-8"?>
<billStatus>
  <bill>
    <billNumber>602</billNumber>
    <createDate>2019-03-01T05:40:11Z</createDate>
    <updateDate>2021-06-11T21:58:09Z</updateDate>
    <originChamber>Senate</originChamber>
    <billType>S</billType>
    <introducedDate>2019-02-28</introducedDate>
    <congress>116</congress>
    <recordedVotes />
    <committees>
      <billCommittees>
        <item>
          <systemCode>ssfr00</systemCode>
          <name>Foreign Relations Committee</name>
          <chamber>Senate</chamber>
          <type>Standing</type>
          <subcommittees />
          <activities>
            <item>
              <name>Referred to</name>
              <date>2019-02-28T17:01:36Z</date>
            </item>
          </activities>
        </item>
      </billCommittees>
    </committees>
    <committeeReports />
    <relatedBills>
      <item>
        <latestTitle>Cyber Deterrence and Response Act of 2019</latestTitle>
        <congress>116</congress>
        <number>1493</number>
        <type>HR</type>
        <latestAction>
          <actionDate>2019-04-08</actionDate>
          <text>Referred to the Subcommittee on Immigration and Citizenship.</text>
        </latestAction>
        <relationshipDetails>
          <item>
            <type>Related bill</type>
            <identifiedBy>CRS</identifiedBy>
          </item>
        </relationshipDetails>
      </item>
    </relatedBills>
    <actions>
      <item>
        <actionDate>2019-02-28</actionDate>
        <committees>
          <item>
            <systemCode>ssfr00</systemCode>
            <name>Foreign Relations Committee</name>
          </item>
        </committees>
        <links />
        <sourceSystem>
          <code>0</code>
          <name>Senate</name>
        </sourceSystem>
        <text>Read twice and referred to the Committee on Foreign Relations.</text>
        <type>IntroReferral</type>
      </item>
      <item>
        <actionDate>2019-02-28</actionDate>
        <links />
        <text>Introduced in Senate</text>
        <type>IntroReferral</type>
        <actionCode>10000</actionCode>
        <sourceSystem>
          <code>9</code>
          <name>Library of Congress</name>
        </sourceSystem>
        <committees />
      </item>
      <actionTypeCounts>
        <referredToCommittee>1</referredToCommittee>
        <introducedInSenate>1</introducedInSenate>
      </actionTypeCounts>
      <actionByCounts>
        <senate>2</senate>
      </actionByCounts>
    </actions>
    <sponsors>
      <item>
        <bioguideId>G000562</bioguideId>
        <fullName>Sen. Gardner, Cory [R-CO]</fullName>
        <firstName>Cory</firstName>
        <middleName />
        <lastName>Gardner</lastName>
        <party>R</party>
        <state>CO</state>
        <identifiers>
          <lisID>1998</lisID>
          <bioguideId>G000562</bioguideId>
          <gpoId>7862</gpoId>
        </identifiers>
        <byRequestType />
      </item>
    </sponsors>
    <cosponsors>
      <item>
        <bioguideId>C001088</bioguideId>
        <fullName>Sen. Coons, Christopher A. [D-DE]</fullName>
        <firstName>Christopher</firstName>
        <middleName>A.</middleName>
        <lastName>Coons</lastName>
        <party>D</party>
        <state>DE</state>
        <identifiers>
          <lisID>1984</lisID>
          <bioguideId>C001088</bioguideId>
          <gpoId>8297</gpoId>
        </identifiers>
        <sponsorshipDate>2019-02-28</sponsorshipDate>
        <isOriginalCosponsor>True</isOriginalCosponsor>
        <sponsorshipWithdrawnDate />
      </item>
    </cosponsors>
    <cboCostEstimates />
    <laws />
    <notes />
    <policyArea>
      <name>International Affairs</name>
    </policyArea>
    <subjects>
      <billSubjects>
        <legislativeSubjects>
          <item>
            <name>Administrative law and regulatory procedures</name>
          </item>
          <item>
            <name>Computer security and identity theft</name>
          </item>
          <item>
            <name>Elections, voting, political campaign regulation</name>
          </item>
          <item>
            <name>Financial crises and stabilization</name>
          </item>
          <item>
            <name>Foreign aid and international relief</name>
          </item>
          <item>
            <name>Foreign and international banking</name>
          </item>
          <item>
            <name>Foreign loans and debt</name>
          </item>
          <item>
            <name>Infrastructure development</name>
          </item>
          <item>
            <name>International monetary system and foreign exchange</name>
          </item>
          <item>
            <name>Military assistance, sales, and agreements</name>
          </item>
          <item>
            <name>Multilateral development programs</name>
          </item>
          <item>
            <name>Presidents and presidential powers, Vice Presidents</name>
          </item>
          <item>
            <name>Public contracts and procurement</name>
          </item>
          <item>
            <name>Sanctions</name>
          </item>
          <item>
            <name>Technology transfer and commercialization</name>
          </item>
          <item>
            <name>Trade restrictions</name>
          </item>
          <item>
            <name>Travel and tourism</name>
          </item>
          <item>
            <name>U.S. and foreign investments</name>
          </item>
          <item>
            <name>Visas and passports</name>
          </item>
        </legislativeSubjects>
        <policyArea>
          <name>International Affairs</name>
        </policyArea>
      </billSubjects>
    </subjects>
    <summaries>
      <billSummaries>
        <item>
          <versionCode>00</versionCode>
          <actionDate>2019-02-28</actionDate>
          <actionDesc>Introduced in Senate</actionDesc>
          <lastSummaryUpdateDate>2020-02-29T22:29:46Z</lastSummaryUpdateDate>
          <text><![CDATA[<p><b>Cyber Deterrence and Response Act of 2019</b></p> <p>This bill directs the President to identify and impose sanctions on foreign persons and state-affiliated entities that engaged in or supported cyber activities that reasonably likely contributed to a significant threat to U.S. national security, foreign policy, or financial health. Within seven days of identifying such a person or entity, the President shall report the identification to Congress. </p> <p>Identified individuals shall be barred from entering the United States and shall have current visas revoked. With respect to foreign persons and state-affiliated entities, the President shall impose one or more of specified sanctions, such as (1) prohibiting a U.S. person from making investments that would benefit an identified foreign person; (2) suspending security assistance to a foreign state, in the case of a state-affiliated entity; and (3) directing U.S. representatives to international financial institutions to oppose any loan that would benefit an identified foreign person or entity. </p> <p>The President may impose additional sanctions on foreign states that are affiliated with an identified entity, such as the withdrawal&nbsp;of security assistance or the&nbsp;imposition of prohibitions on&nbsp;arms shipments. </p>]]></text>
          <updateDate>2019-02-28T05:00:00Z</updateDate>
          <name>Introduced in Senate</name>
        </item>
      </billSummaries>
    </summaries>
    <title>Cyber Deterrence and Response Act of 2019</title>
    <titles>
      <item>
        <titleType>Short Title(s) as Introduced</titleType>
        <parentTitleType>Short Title</parentTitleType>
        <title>Cyber Deterrence and Response Act of 2019</title>
        <chamberCode />
        <chamberName />
      </item>
      <item>
        <titleType>Official Title as Introduced</titleType>
        <parentTitleType />
        <title>A bill to address state-sponsored cyber activities against the United States, and for other purposes.</title>
        <chamberCode />
        <chamberName />
      </item>
      <item>
        <titleType>Display Title</titleType>
        <parentTitleType />
        <title>Cyber Deterrence and Response Act of 2019</title>
        <chamberCode />
        <chamberName />
      </item>
    </titles>
    <amendments />
    <textVersions>
      <item>
        <type>Introduced in Senate</type>
        <date>2019-02-28T05:00:00Z</date>
        <formats>
          <item>
            <url>https://www.govinfo.gov/content/pkg/BILLS-116s602is/xml/BILLS-116s602is.xml</url>
          </item>
        </formats>
      </item>
    </textVersions>
    <latestAction>
      <actionDate>2019-02-28</actionDate>
      <text>Read twice and referred to the Committee on Foreign Relations.</text>
      <links />
    </latestAction>
    <calendarNumbers />
    <version>1.0.0</version>
  </bill>
  <dublinCore xmlns:dc="http://purl.org/dc/elements/1.1/">
    <dc:format>text/xml</dc:format>
    <dc:language>EN</dc:language>
    <dc:rights>Pursuant to Title 17 Section 105 of the United States Code, this file is not subject to copyright protection and is in the public domain.</dc:rights>
    <dc:contributor>Congressional Research Service, Library of Congress</dc:contributor>
    <dc:description>This file contains bill summaries and statuses for federal legislation. A bill summary describes the most significant provisions of a piece of legislation and details the effects the legislative text may have on current law and federal programs. Bill summaries are authored by the Congressional Research Service (CRS) of the Library of Congress. As stated in Public Law 91-510 (2 USC 166 (d)(6)), one of the duties of CRS is "to prepare summaries and digests of bills and resolutions of a public general nature introduced in the Senate or House of Representatives". For more information, refer to the User Guide that accompanies this file.</dc:description>
  </dublinCore>
</billStatus>

