<?xml version="1.0" encoding="UTF-8"?>
<billStatus>
  <bill>
    <billNumber>2417</billNumber>
    <createDate>2019-08-02T07:42:12Z</createDate>
    <updateDate>2021-07-16T04:25:02Z</updateDate>
    <originChamber>Senate</originChamber>
    <billType>S</billType>
    <introducedDate>2019-08-01</introducedDate>
    <congress>116</congress>
    <recordedVotes />
    <committees>
      <billCommittees>
        <item>
          <systemCode>ssfi00</systemCode>
          <name>Finance Committee</name>
          <chamber>Senate</chamber>
          <type>Standing</type>
          <subcommittees />
          <activities>
            <item>
              <name>Referred to</name>
              <date>2019-08-01T15:15:01Z</date>
            </item>
          </activities>
        </item>
      </billCommittees>
    </committees>
    <committeeReports />
    <relatedBills>
      <item>
        <latestTitle>Unclaimed Savings Bond Act of 2019</latestTitle>
        <congress>116</congress>
        <number>5269</number>
        <type>HR</type>
        <latestAction>
          <actionDate>2019-11-26</actionDate>
          <text>Referred to the House Committee on Ways and Means.</text>
        </latestAction>
        <relationshipDetails>
          <item>
            <type>Related bill</type>
            <identifiedBy>CRS</identifiedBy>
          </item>
        </relationshipDetails>
      </item>
    </relatedBills>
    <actions>
      <item>
        <actionDate>2019-08-01</actionDate>
        <committees>
          <item>
            <systemCode>ssfi00</systemCode>
            <name>Finance Committee</name>
          </item>
        </committees>
        <links />
        <sourceSystem>
          <code>0</code>
          <name>Senate</name>
        </sourceSystem>
        <text>Read twice and referred to the Committee on Finance.</text>
        <type>IntroReferral</type>
      </item>
      <item>
        <actionDate>2019-08-01</actionDate>
        <links />
        <text>Introduced in Senate</text>
        <type>IntroReferral</type>
        <actionCode>10000</actionCode>
        <sourceSystem>
          <code>9</code>
          <name>Library of Congress</name>
        </sourceSystem>
        <committees />
      </item>
      <actionTypeCounts>
        <referredToCommittee>1</referredToCommittee>
        <introducedInSenate>1</introducedInSenate>
      </actionTypeCounts>
      <actionByCounts>
        <senate>2</senate>
      </actionByCounts>
    </actions>
    <sponsors>
      <item>
        <bioguideId>K000393</bioguideId>
        <fullName>Sen. Kennedy, John [R-LA]</fullName>
        <firstName>John</firstName>
        <middleName>Neely</middleName>
        <lastName>Kennedy</lastName>
        <party>R</party>
        <state>LA</state>
        <identifiers>
          <lisID>2303</lisID>
          <bioguideId>K000393</bioguideId>
          <gpoId />
        </identifiers>
        <byRequestType />
      </item>
    </sponsors>
    <cosponsors>
      <item>
        <bioguideId>M000934</bioguideId>
        <fullName>Sen. Moran, Jerry [R-KS]</fullName>
        <firstName>Jerry</firstName>
        <middleName />
        <lastName>Moran</lastName>
        <party>R</party>
        <state>KS</state>
        <identifiers>
          <lisID>1507</lisID>
          <bioguideId>M000934</bioguideId>
          <gpoId>8307</gpoId>
        </identifiers>
        <sponsorshipDate>2019-08-01</sponsorshipDate>
        <isOriginalCosponsor>True</isOriginalCosponsor>
        <sponsorshipWithdrawnDate />
      </item>
      <item>
        <bioguideId>C001075</bioguideId>
        <fullName>Sen. Cassidy, Bill [R-LA]</fullName>
        <firstName>Bill</firstName>
        <middleName />
        <lastName>Cassidy</lastName>
        <party>R</party>
        <state>LA</state>
        <identifiers>
          <lisID>1925</lisID>
          <bioguideId>C001075</bioguideId>
          <gpoId>7964</gpoId>
        </identifiers>
        <sponsorshipDate>2019-08-01</sponsorshipDate>
        <isOriginalCosponsor>True</isOriginalCosponsor>
        <sponsorshipWithdrawnDate />
      </item>
      <item>
        <bioguideId>B000575</bioguideId>
        <fullName>Sen. Blunt, Roy [R-MO]</fullName>
        <firstName>Roy</firstName>
        <middleName />
        <lastName>Blunt</lastName>
        <party>R</party>
        <state>MO</state>
        <identifiers>
          <lisID>1464</lisID>
          <bioguideId>B000575</bioguideId>
          <gpoId>8313</gpoId>
        </identifiers>
        <sponsorshipDate>2019-09-12</sponsorshipDate>
        <isOriginalCosponsor>False</isOriginalCosponsor>
        <sponsorshipWithdrawnDate />
      </item>
      <item>
        <bioguideId>C001056</bioguideId>
        <fullName>Sen. Cornyn, John [R-TX]</fullName>
        <firstName>John</firstName>
        <middleName />
        <lastName>Cornyn</lastName>
        <party>R</party>
        <state>TX</state>
        <identifiers>
          <lisID>1692</lisID>
          <bioguideId>C001056</bioguideId>
          <gpoId>8295</gpoId>
        </identifiers>
        <sponsorshipDate>2019-09-12</sponsorshipDate>
        <isOriginalCosponsor>False</isOriginalCosponsor>
        <sponsorshipWithdrawnDate />
      </item>
      <item>
        <bioguideId>G000359</bioguideId>
        <fullName>Sen. Graham, Lindsey [R-SC]</fullName>
        <firstName>LINDSEY</firstName>
        <middleName>O.</middleName>
        <lastName>GRAHAM</lastName>
        <party>R</party>
        <state>SC</state>
        <identifiers>
          <lisID>452</lisID>
          <bioguideId>G000359</bioguideId>
          <gpoId>8335</gpoId>
        </identifiers>
        <sponsorshipDate>2019-09-17</sponsorshipDate>
        <isOriginalCosponsor>False</isOriginalCosponsor>
        <sponsorshipWithdrawnDate />
      </item>
      <item>
        <bioguideId>M001183</bioguideId>
        <fullName>Sen. Manchin, Joe, III [D-WV]</fullName>
        <firstName>Joe</firstName>
        <middleName />
        <lastName>Manchin</lastName>
        <party>D</party>
        <state>WV</state>
        <identifiers>
          <lisID>1983</lisID>
          <bioguideId>M001183</bioguideId>
          <gpoId>8256</gpoId>
        </identifiers>
        <sponsorshipDate>2019-09-24</sponsorshipDate>
        <isOriginalCosponsor>False</isOriginalCosponsor>
        <sponsorshipWithdrawnDate />
      </item>
      <item>
        <bioguideId>W000437</bioguideId>
        <fullName>Sen. Wicker, Roger F. [R-MS]</fullName>
        <firstName>ROGER</firstName>
        <middleName>F.</middleName>
        <lastName>WICKER</lastName>
        <party>R</party>
        <state>MS</state>
        <identifiers>
          <lisID>1226</lisID>
          <bioguideId>W000437</bioguideId>
          <gpoId>8263</gpoId>
        </identifiers>
        <sponsorshipDate>2019-10-15</sponsorshipDate>
        <isOriginalCosponsor>False</isOriginalCosponsor>
        <sponsorshipWithdrawnDate />
      </item>
      <item>
        <bioguideId>H001089</bioguideId>
        <fullName>Sen. Hawley, Josh  [R-MO]</fullName>
        <firstName>Josh</firstName>
        <middleName />
        <lastName>Hawley</lastName>
        <party>R</party>
        <state>MO</state>
        <identifiers>
          <lisID>2464</lisID>
          <bioguideId>H001089</bioguideId>
          <gpoId />
        </identifiers>
        <sponsorshipDate>2019-10-15</sponsorshipDate>
        <isOriginalCosponsor>False</isOriginalCosponsor>
        <sponsorshipWithdrawnDate />
      </item>
      <item>
        <bioguideId>W000802</bioguideId>
        <fullName>Sen. Whitehouse, Sheldon [D-RI]</fullName>
        <firstName>Sheldon</firstName>
        <middleName />
        <lastName>Whitehouse</lastName>
        <party>D</party>
        <state>RI</state>
        <identifiers>
          <lisID>1823</lisID>
          <bioguideId>W000802</bioguideId>
          <gpoId>8264</gpoId>
        </identifiers>
        <sponsorshipDate>2019-10-15</sponsorshipDate>
        <isOriginalCosponsor>False</isOriginalCosponsor>
        <sponsorshipWithdrawnDate />
      </item>
      <item>
        <bioguideId>M001153</bioguideId>
        <fullName>Sen. Murkowski, Lisa [R-AK]</fullName>
        <firstName>Lisa</firstName>
        <middleName />
        <lastName>Murkowski</lastName>
        <party>R</party>
        <state>AK</state>
        <identifiers>
          <lisID>1694</lisID>
          <bioguideId>M001153</bioguideId>
          <gpoId>8234</gpoId>
        </identifiers>
        <sponsorshipDate>2019-10-15</sponsorshipDate>
        <isOriginalCosponsor>False</isOriginalCosponsor>
        <sponsorshipWithdrawnDate />
      </item>
      <item>
        <bioguideId>H001061</bioguideId>
        <fullName>Sen. Hoeven, John [R-ND]</fullName>
        <firstName>John</firstName>
        <middleName />
        <lastName>Hoeven</lastName>
        <party>R</party>
        <state>ND</state>
        <identifiers>
          <lisID>2079</lisID>
          <bioguideId>H001061</bioguideId>
          <gpoId>8331</gpoId>
        </identifiers>
        <sponsorshipDate>2019-10-16</sponsorshipDate>
        <isOriginalCosponsor>False</isOriginalCosponsor>
        <sponsorshipWithdrawnDate />
      </item>
      <item>
        <bioguideId>B001261</bioguideId>
        <fullName>Sen. Barrasso, John [R-WY]</fullName>
        <firstName>John</firstName>
        <middleName />
        <lastName>Barrasso</lastName>
        <party>R</party>
        <state>WY</state>
        <identifiers>
          <lisID>1881</lisID>
          <bioguideId>B001261</bioguideId>
          <gpoId>8300</gpoId>
        </identifiers>
        <sponsorshipDate>2019-10-17</sponsorshipDate>
        <isOriginalCosponsor>False</isOriginalCosponsor>
        <sponsorshipWithdrawnDate />
      </item>
      <item>
        <bioguideId>I000055</bioguideId>
        <fullName>Sen. Isakson, Johnny [R-GA]</fullName>
        <firstName>Johnny</firstName>
        <middleName />
        <lastName>Isakson</lastName>
        <party>R</party>
        <state>GA</state>
        <identifiers>
          <lisID>1608</lisID>
          <bioguideId>I000055</bioguideId>
          <gpoId>8323</gpoId>
        </identifiers>
        <sponsorshipDate>2019-10-22</sponsorshipDate>
        <isOriginalCosponsor>False</isOriginalCosponsor>
        <sponsorshipWithdrawnDate />
      </item>
      <item>
        <bioguideId>R000605</bioguideId>
        <fullName>Sen. Rounds, Mike  [R-SD]</fullName>
        <firstName>Mike</firstName>
        <middleName />
        <lastName>Rounds</lastName>
        <party>R</party>
        <state>SD</state>
        <identifiers>
          <lisID>2288</lisID>
          <bioguideId>R000605</bioguideId>
          <gpoId />
        </identifiers>
        <sponsorshipDate>2019-10-24</sponsorshipDate>
        <isOriginalCosponsor>False</isOriginalCosponsor>
        <sponsorshipWithdrawnDate />
      </item>
      <item>
        <bioguideId>B001310</bioguideId>
        <fullName>Sen. Braun, Mike  [R-IN]</fullName>
        <firstName>Mike</firstName>
        <middleName />
        <lastName>Braun</lastName>
        <party>R</party>
        <state>IN</state>
        <identifiers>
          <lisID>2462</lisID>
          <bioguideId>B001310</bioguideId>
          <gpoId />
        </identifiers>
        <sponsorshipDate>2019-11-05</sponsorshipDate>
        <isOriginalCosponsor>False</isOriginalCosponsor>
        <sponsorshipWithdrawnDate />
      </item>
      <item>
        <bioguideId>B001243</bioguideId>
        <fullName>Sen. Blackburn, Marsha [R-TN]</fullName>
        <firstName>Marsha</firstName>
        <middleName />
        <lastName>Blackburn</lastName>
        <party>R</party>
        <state>TN</state>
        <identifiers>
          <lisID>1748</lisID>
          <bioguideId>B001243</bioguideId>
          <gpoId>8154</gpoId>
        </identifiers>
        <sponsorshipDate>2019-11-05</sponsorshipDate>
        <isOriginalCosponsor>False</isOriginalCosponsor>
        <sponsorshipWithdrawnDate />
      </item>
      <item>
        <bioguideId>H001076</bioguideId>
        <fullName>Sen. Hassan, Margaret Wood [D-NH]</fullName>
        <firstName>Margaret</firstName>
        <middleName>Wood</middleName>
        <lastName>Hassan</lastName>
        <party>D</party>
        <state>NH</state>
        <identifiers>
          <lisID>2302</lisID>
          <bioguideId>H001076</bioguideId>
          <gpoId />
        </identifiers>
        <sponsorshipDate>2019-11-05</sponsorshipDate>
        <isOriginalCosponsor>False</isOriginalCosponsor>
        <sponsorshipWithdrawnDate />
      </item>
      <item>
        <bioguideId>R000584</bioguideId>
        <fullName>Sen. Risch, James E. [R-ID]</fullName>
        <firstName>James</firstName>
        <middleName>E.</middleName>
        <lastName>Risch</lastName>
        <party>R</party>
        <state>ID</state>
        <identifiers>
          <lisID>1896</lisID>
          <bioguideId>R000584</bioguideId>
          <gpoId>8274</gpoId>
        </identifiers>
        <sponsorshipDate>2019-11-12</sponsorshipDate>
        <isOriginalCosponsor>False</isOriginalCosponsor>
        <sponsorshipWithdrawnDate />
      </item>
      <item>
        <bioguideId>P000612</bioguideId>
        <fullName>Sen. Perdue, David [R-GA]</fullName>
        <firstName>David</firstName>
        <middleName>Alfred</middleName>
        <lastName>Perdue</lastName>
        <party>R</party>
        <state>GA</state>
        <identifiers>
          <lisID>2286</lisID>
          <bioguideId>P000612</bioguideId>
          <gpoId />
        </identifiers>
        <sponsorshipDate>2019-11-19</sponsorshipDate>
        <isOriginalCosponsor>False</isOriginalCosponsor>
        <sponsorshipWithdrawnDate />
      </item>
      <item>
        <bioguideId>K000383</bioguideId>
        <fullName>Sen. King, Angus S., Jr. [I-ME]</fullName>
        <firstName>Angus</firstName>
        <middleName />
        <lastName>King</lastName>
        <party>I</party>
        <state>ME</state>
        <identifiers>
          <lisID>2185</lisID>
          <bioguideId>K000383</bioguideId>
          <gpoId />
        </identifiers>
        <sponsorshipDate>2019-12-02</sponsorshipDate>
        <isOriginalCosponsor>False</isOriginalCosponsor>
        <sponsorshipWithdrawnDate />
      </item>
      <item>
        <bioguideId>R000307</bioguideId>
        <fullName>Sen. Roberts, Pat [R-KS]</fullName>
        <firstName>PAT</firstName>
        <middleName />
        <lastName>ROBERTS</lastName>
        <party>R</party>
        <state>KS</state>
        <identifiers>
          <lisID>968</lisID>
          <bioguideId>R000307</bioguideId>
          <gpoId>8275</gpoId>
        </identifiers>
        <sponsorshipDate>2019-12-05</sponsorshipDate>
        <isOriginalCosponsor>False</isOriginalCosponsor>
        <sponsorshipWithdrawnDate />
      </item>
      <item>
        <bioguideId>R000595</bioguideId>
        <fullName>Sen. Rubio, Marco [R-FL]</fullName>
        <firstName>Marco</firstName>
        <middleName />
        <lastName>Rubio</lastName>
        <party>R</party>
        <state>FL</state>
        <identifiers>
          <lisID>2084</lisID>
          <bioguideId>R000595</bioguideId>
          <gpoId>8242</gpoId>
        </identifiers>
        <sponsorshipDate>2019-12-05</sponsorshipDate>
        <isOriginalCosponsor>False</isOriginalCosponsor>
        <sponsorshipWithdrawnDate />
      </item>
      <item>
        <bioguideId>H001079</bioguideId>
        <fullName>Sen. Hyde-Smith, Cindy [R-MS]</fullName>
        <firstName>Cindy</firstName>
        <middleName />
        <lastName>Hyde-Smith</lastName>
        <party>R</party>
        <state>MS</state>
        <identifiers>
          <lisID>2366</lisID>
          <bioguideId>H001079</bioguideId>
          <gpoId />
        </identifiers>
        <sponsorshipDate>2019-12-09</sponsorshipDate>
        <isOriginalCosponsor>False</isOriginalCosponsor>
        <sponsorshipWithdrawnDate />
      </item>
      <item>
        <bioguideId>S001191</bioguideId>
        <fullName>Sen. Sinema, Kyrsten [D-AZ]</fullName>
        <firstName>Kyrsten</firstName>
        <middleName />
        <lastName>Sinema</lastName>
        <party>D</party>
        <state>AZ</state>
        <identifiers>
          <lisID>2099</lisID>
          <bioguideId>S001191</bioguideId>
          <gpoId />
        </identifiers>
        <sponsorshipDate>2019-12-18</sponsorshipDate>
        <isOriginalCosponsor>False</isOriginalCosponsor>
        <sponsorshipWithdrawnDate />
      </item>
      <item>
        <bioguideId>S001181</bioguideId>
        <fullName>Sen. Shaheen, Jeanne [D-NH]</fullName>
        <firstName>Jeanne</firstName>
        <middleName />
        <lastName>Shaheen</lastName>
        <party>D</party>
        <state>NH</state>
        <identifiers>
          <lisID>1901</lisID>
          <bioguideId>S001181</bioguideId>
          <gpoId>8276</gpoId>
        </identifiers>
        <sponsorshipDate>2020-01-15</sponsorshipDate>
        <isOriginalCosponsor>False</isOriginalCosponsor>
        <sponsorshipWithdrawnDate />
      </item>
      <item>
        <bioguideId>T000250</bioguideId>
        <fullName>Sen. Thune, John [R-SD]</fullName>
        <firstName>JOHN</firstName>
        <middleName>R.</middleName>
        <lastName>THUNE</lastName>
        <party>R</party>
        <state>SD</state>
        <identifiers>
          <lisID>1534</lisID>
          <bioguideId>T000250</bioguideId>
          <gpoId>8257</gpoId>
        </identifiers>
        <sponsorshipDate>2020-01-28</sponsorshipDate>
        <isOriginalCosponsor>False</isOriginalCosponsor>
        <sponsorshipWithdrawnDate />
      </item>
      <item>
        <bioguideId>C001035</bioguideId>
        <fullName>Sen. Collins, Susan M. [R-ME]</fullName>
        <firstName>SUSAN</firstName>
        <middleName>MARGARET</middleName>
        <lastName>COLLINS</lastName>
        <party>R</party>
        <state>ME</state>
        <identifiers>
          <lisID>1541</lisID>
          <bioguideId>C001035</bioguideId>
          <gpoId>8291</gpoId>
        </identifiers>
        <sponsorshipDate>2020-01-28</sponsorshipDate>
        <isOriginalCosponsor>False</isOriginalCosponsor>
        <sponsorshipWithdrawnDate />
      </item>
      <item>
        <bioguideId>S001184</bioguideId>
        <fullName>Sen. Scott, Tim [R-SC]</fullName>
        <firstName>Tim</firstName>
        <middleName />
        <lastName>Scott</lastName>
        <party>R</party>
        <state>SC</state>
        <identifiers>
          <lisID>2056</lisID>
          <bioguideId>S001184</bioguideId>
          <gpoId>8141</gpoId>
        </identifiers>
        <sponsorshipDate>2020-01-28</sponsorshipDate>
        <isOriginalCosponsor>False</isOriginalCosponsor>
        <sponsorshipWithdrawnDate />
      </item>
      <item>
        <bioguideId>T000476</bioguideId>
        <fullName>Sen. Tillis, Thom [R-NC]</fullName>
        <firstName>Thomas</firstName>
        <middleName>Roland</middleName>
        <lastName>Tillis</lastName>
        <party>R</party>
        <state>NC</state>
        <identifiers>
          <lisID>2291</lisID>
          <bioguideId>T000476</bioguideId>
          <gpoId />
        </identifiers>
        <sponsorshipDate>2020-02-05</sponsorshipDate>
        <isOriginalCosponsor>False</isOriginalCosponsor>
        <sponsorshipWithdrawnDate />
      </item>
      <item>
        <bioguideId>L000594</bioguideId>
        <fullName>Sen. Loeffler, Kelly [R-GA]</fullName>
        <firstName>Kelly</firstName>
        <middleName />
        <lastName>Loeffler</lastName>
        <party>R</party>
        <state>GA</state>
        <identifiers>
          <lisID>2474</lisID>
          <bioguideId>L000594</bioguideId>
          <gpoId />
        </identifiers>
        <sponsorshipDate>2020-02-13</sponsorshipDate>
        <isOriginalCosponsor>False</isOriginalCosponsor>
        <sponsorshipWithdrawnDate />
      </item>
      <item>
        <bioguideId>M001197</bioguideId>
        <fullName>Sen. McSally, Martha [R-AZ]</fullName>
        <firstName>Martha</firstName>
        <middleName />
        <lastName>McSally</lastName>
        <party>R</party>
        <state>AZ</state>
        <identifiers>
          <lisID>2225</lisID>
          <bioguideId>M001197</bioguideId>
          <gpoId />
        </identifiers>
        <sponsorshipDate>2020-03-04</sponsorshipDate>
        <isOriginalCosponsor>False</isOriginalCosponsor>
        <sponsorshipWithdrawnDate />
      </item>
      <item>
        <bioguideId>B000944</bioguideId>
        <fullName>Sen. Brown, Sherrod [D-OH]</fullName>
        <firstName>Sherrod</firstName>
        <middleName />
        <lastName>Brown</lastName>
        <party>D</party>
        <state>OH</state>
        <identifiers>
          <lisID>136</lisID>
          <bioguideId>B000944</bioguideId>
          <gpoId>8309</gpoId>
        </identifiers>
        <sponsorshipDate>2020-05-18</sponsorshipDate>
        <isOriginalCosponsor>False</isOriginalCosponsor>
        <sponsorshipWithdrawnDate />
      </item>
      <item>
        <bioguideId>C001096</bioguideId>
        <fullName>Sen. Cramer, Kevin [R-ND]</fullName>
        <firstName>Kevin</firstName>
        <middleName />
        <lastName>Cramer</lastName>
        <party>R</party>
        <state>ND</state>
        <identifiers>
          <lisID>2144</lisID>
          <bioguideId>C001096</bioguideId>
          <gpoId />
        </identifiers>
        <sponsorshipDate>2020-06-08</sponsorshipDate>
        <isOriginalCosponsor>False</isOriginalCosponsor>
        <sponsorshipWithdrawnDate />
      </item>
      <item>
        <bioguideId>S001203</bioguideId>
        <fullName>Sen. Smith, Tina  [D-MN]</fullName>
        <firstName>Tina</firstName>
        <middleName />
        <lastName>Smith</lastName>
        <party>D</party>
        <state>MN</state>
        <identifiers>
          <lisID>2365</lisID>
          <bioguideId>S001203</bioguideId>
          <gpoId />
        </identifiers>
        <sponsorshipDate>2020-06-09</sponsorshipDate>
        <isOriginalCosponsor>False</isOriginalCosponsor>
        <sponsorshipWithdrawnDate />
      </item>
      <item>
        <bioguideId>E000295</bioguideId>
        <fullName>Sen. Ernst, Joni  [R-IA]</fullName>
        <firstName>Joni</firstName>
        <middleName />
        <lastName>Ernst</lastName>
        <party>R</party>
        <state>IA</state>
        <identifiers>
          <lisID>2283</lisID>
          <bioguideId>E000295</bioguideId>
          <gpoId />
        </identifiers>
        <sponsorshipDate>2020-06-11</sponsorshipDate>
        <isOriginalCosponsor>False</isOriginalCosponsor>
        <sponsorshipWithdrawnDate />
      </item>
      <item>
        <bioguideId>Y000064</bioguideId>
        <fullName>Sen. Young, Todd [R-IN]</fullName>
        <firstName>Todd</firstName>
        <middleName />
        <lastName>Young</lastName>
        <party>R</party>
        <state>IN</state>
        <identifiers>
          <lisID>2019</lisID>
          <bioguideId>Y000064</bioguideId>
          <gpoId>7948</gpoId>
        </identifiers>
        <sponsorshipDate>2020-06-16</sponsorshipDate>
        <isOriginalCosponsor>False</isOriginalCosponsor>
        <sponsorshipWithdrawnDate />
      </item>
      <item>
        <bioguideId>W000805</bioguideId>
        <fullName>Sen. Warner, Mark R. [D-VA]</fullName>
        <firstName>Mark</firstName>
        <middleName>R.</middleName>
        <lastName>Warner</lastName>
        <party>D</party>
        <state>VA</state>
        <identifiers>
          <lisID>1897</lisID>
          <bioguideId>W000805</bioguideId>
          <gpoId>8269</gpoId>
        </identifiers>
        <sponsorshipDate>2020-07-01</sponsorshipDate>
        <isOriginalCosponsor>False</isOriginalCosponsor>
        <sponsorshipWithdrawnDate />
      </item>
    </cosponsors>
    <cboCostEstimates />
    <laws />
    <notes />
    <policyArea>
      <name>Economics and Public Finance</name>
    </policyArea>
    <subjects>
      <billSubjects>
        <legislativeSubjects>
          <item>
            <name>Bank accounts, deposits, capital</name>
          </item>
          <item>
            <name>Securities</name>
          </item>
          <item>
            <name>State and local finance</name>
          </item>
        </legislativeSubjects>
        <policyArea>
          <name>Economics and Public Finance</name>
        </policyArea>
      </billSubjects>
    </subjects>
    <summaries>
      <billSummaries>
        <item>
          <versionCode>00</versionCode>
          <actionDate>2019-08-01</actionDate>
          <actionDesc>Introduced in Senate</actionDesc>
          <lastSummaryUpdateDate>2021-07-13T15:07:58Z</lastSummaryUpdateDate>
          <text><![CDATA[<p><strong>Unclaimed Savings Bond Act of 2019</strong></p> <p>This bill establishes requirements and procedures for the Department of the Treasury to transfer ownership of matured, unredeemed savings bonds and related records to states.</p>]]></text>
          <updateDate>2019-08-01T04:00:00Z</updateDate>
          <name>Introduced in Senate</name>
        </item>
      </billSummaries>
    </summaries>
    <title>Unclaimed Savings Bond Act of 2019</title>
    <titles>
      <item>
        <titleType>Short Title(s) as Introduced</titleType>
        <parentTitleType>Short Title</parentTitleType>
        <title>Unclaimed Savings Bond Act of 2019</title>
        <chamberCode />
        <chamberName />
      </item>
      <item>
        <titleType>Official Title as Introduced</titleType>
        <parentTitleType />
        <title>A bill to provide for payment of proceeds from savings bonds to a State with title to such bonds pursuant to the judgment of a court.</title>
        <chamberCode />
        <chamberName />
      </item>
      <item>
        <titleType>Display Title</titleType>
        <parentTitleType />
        <title>Unclaimed Savings Bond Act of 2019</title>
        <chamberCode />
        <chamberName />
      </item>
    </titles>
    <amendments />
    <textVersions>
      <item>
        <type>Introduced in Senate</type>
        <date>2019-08-01T04:00:00Z</date>
        <formats>
          <item>
            <url>https://www.govinfo.gov/content/pkg/BILLS-116s2417is/xml/BILLS-116s2417is.xml</url>
          </item>
        </formats>
      </item>
    </textVersions>
    <latestAction>
      <actionDate>2019-08-01</actionDate>
      <text>Read twice and referred to the Committee on Finance.</text>
      <links />
    </latestAction>
    <calendarNumbers />
    <version>1.0.0</version>
  </bill>
  <dublinCore xmlns:dc="http://purl.org/dc/elements/1.1/">
    <dc:format>text/xml</dc:format>
    <dc:language>EN</dc:language>
    <dc:rights>Pursuant to Title 17 Section 105 of the United States Code, this file is not subject to copyright protection and is in the public domain.</dc:rights>
    <dc:contributor>Congressional Research Service, Library of Congress</dc:contributor>
    <dc:description>This file contains bill summaries and statuses for federal legislation. A bill summary describes the most significant provisions of a piece of legislation and details the effects the legislative text may have on current law and federal programs. Bill summaries are authored by the Congressional Research Service (CRS) of the Library of Congress. As stated in Public Law 91-510 (2 USC 166 (d)(6)), one of the duties of CRS is "to prepare summaries and digests of bills and resolutions of a public general nature introduced in the Senate or House of Representatives". For more information, refer to the User Guide that accompanies this file.</dc:description>
  </dublinCore>
</billStatus>

