<?xml version="1.0" encoding="UTF-8"?>
<billStatus>
  <bill>
    <billNumber>586</billNumber>
    <createDate>2019-02-28T05:40:12Z</createDate>
    <updateDate>2021-06-11T21:58:08Z</updateDate>
    <originChamber>Senate</originChamber>
    <billType>S</billType>
    <introducedDate>2019-02-27</introducedDate>
    <congress>116</congress>
    <recordedVotes />
    <committees>
      <billCommittees>
        <item>
          <systemCode>ssfi00</systemCode>
          <name>Finance Committee</name>
          <chamber>Senate</chamber>
          <type>Standing</type>
          <subcommittees />
          <activities>
            <item>
              <name>Referred to</name>
              <date>2019-02-27T19:46:38Z</date>
            </item>
          </activities>
        </item>
      </billCommittees>
    </committees>
    <committeeReports />
    <relatedBills>
      <item>
        <latestTitle>Critical Access Hospital Relief Act of 2019</latestTitle>
        <congress>116</congress>
        <number>1041</number>
        <type>HR</type>
        <latestAction>
          <actionDate>2019-02-07</actionDate>
          <text>Referred to the Subcommittee on Health.</text>
        </latestAction>
        <relationshipDetails>
          <item>
            <type>Identical bill</type>
            <identifiedBy>CRS</identifiedBy>
          </item>
        </relationshipDetails>
      </item>
    </relatedBills>
    <actions>
      <item>
        <actionDate>2019-02-27</actionDate>
        <committees>
          <item>
            <systemCode>ssfi00</systemCode>
            <name>Finance Committee</name>
          </item>
        </committees>
        <links />
        <sourceSystem>
          <code>0</code>
          <name>Senate</name>
        </sourceSystem>
        <text>Read twice and referred to the Committee on Finance.</text>
        <type>IntroReferral</type>
      </item>
      <item>
        <actionDate>2019-02-27</actionDate>
        <links />
        <text>Introduced in Senate</text>
        <type>IntroReferral</type>
        <actionCode>10000</actionCode>
        <sourceSystem>
          <code>9</code>
          <name>Library of Congress</name>
        </sourceSystem>
        <committees />
      </item>
      <actionTypeCounts>
        <referredToCommittee>1</referredToCommittee>
        <introducedInSenate>1</introducedInSenate>
      </actionTypeCounts>
      <actionByCounts>
        <senate>2</senate>
      </actionByCounts>
    </actions>
    <sponsors>
      <item>
        <bioguideId>R000307</bioguideId>
        <fullName>Sen. Roberts, Pat [R-KS]</fullName>
        <firstName>PAT</firstName>
        <middleName />
        <lastName>ROBERTS</lastName>
        <party>R</party>
        <state>KS</state>
        <identifiers>
          <lisID>968</lisID>
          <bioguideId>R000307</bioguideId>
          <gpoId>8275</gpoId>
        </identifiers>
        <byRequestType />
      </item>
    </sponsors>
    <cosponsors>
      <item>
        <bioguideId>T000464</bioguideId>
        <fullName>Sen. Tester, Jon [D-MT]</fullName>
        <firstName>Jon</firstName>
        <middleName />
        <lastName>Tester</lastName>
        <party>D</party>
        <state>MT</state>
        <identifiers>
          <lisID>1829</lisID>
          <bioguideId>T000464</bioguideId>
          <gpoId>8258</gpoId>
        </identifiers>
        <sponsorshipDate>2019-02-27</sponsorshipDate>
        <isOriginalCosponsor>True</isOriginalCosponsor>
        <sponsorshipWithdrawnDate />
      </item>
      <item>
        <bioguideId>B001261</bioguideId>
        <fullName>Sen. Barrasso, John [R-WY]</fullName>
        <firstName>John</firstName>
        <middleName />
        <lastName>Barrasso</lastName>
        <party>R</party>
        <state>WY</state>
        <identifiers>
          <lisID>1881</lisID>
          <bioguideId>B001261</bioguideId>
          <gpoId>8300</gpoId>
        </identifiers>
        <sponsorshipDate>2019-02-27</sponsorshipDate>
        <isOriginalCosponsor>True</isOriginalCosponsor>
        <sponsorshipWithdrawnDate />
      </item>
      <item>
        <bioguideId>B001267</bioguideId>
        <fullName>Sen. Bennet, Michael F. [D-CO]</fullName>
        <firstName>Michael</firstName>
        <middleName>F.</middleName>
        <lastName>Bennet</lastName>
        <party>D</party>
        <state>CO</state>
        <identifiers>
          <lisID>1965</lisID>
          <bioguideId>B001267</bioguideId>
          <gpoId>8302</gpoId>
        </identifiers>
        <sponsorshipDate>2019-02-27</sponsorshipDate>
        <isOriginalCosponsor>True</isOriginalCosponsor>
        <sponsorshipWithdrawnDate />
      </item>
      <item>
        <bioguideId>M001153</bioguideId>
        <fullName>Sen. Murkowski, Lisa [R-AK]</fullName>
        <firstName>Lisa</firstName>
        <middleName />
        <lastName>Murkowski</lastName>
        <party>R</party>
        <state>AK</state>
        <identifiers>
          <lisID>1694</lisID>
          <bioguideId>M001153</bioguideId>
          <gpoId>8234</gpoId>
        </identifiers>
        <sponsorshipDate>2019-02-27</sponsorshipDate>
        <isOriginalCosponsor>True</isOriginalCosponsor>
        <sponsorshipWithdrawnDate />
      </item>
      <item>
        <bioguideId>B001230</bioguideId>
        <fullName>Sen. Baldwin, Tammy [D-WI]</fullName>
        <firstName>Tammy</firstName>
        <middleName />
        <lastName>Baldwin</lastName>
        <party>D</party>
        <state>WI</state>
        <identifiers>
          <lisID>1558</lisID>
          <bioguideId>B001230</bioguideId>
          <gpoId>8215</gpoId>
        </identifiers>
        <sponsorshipDate>2019-02-27</sponsorshipDate>
        <isOriginalCosponsor>True</isOriginalCosponsor>
        <sponsorshipWithdrawnDate />
      </item>
      <item>
        <bioguideId>I000024</bioguideId>
        <fullName>Sen. Inhofe, James M. [R-OK]</fullName>
        <firstName>JIM</firstName>
        <middleName />
        <lastName>INHOFE</lastName>
        <party>R</party>
        <state>OK</state>
        <identifiers>
          <lisID>583</lisID>
          <bioguideId>I000024</bioguideId>
          <gpoId>8322</gpoId>
        </identifiers>
        <sponsorshipDate>2019-02-27</sponsorshipDate>
        <isOriginalCosponsor>True</isOriginalCosponsor>
        <sponsorshipWithdrawnDate />
      </item>
      <item>
        <bioguideId>R000605</bioguideId>
        <fullName>Sen. Rounds, Mike  [R-SD]</fullName>
        <firstName>Mike</firstName>
        <middleName />
        <lastName>Rounds</lastName>
        <party>R</party>
        <state>SD</state>
        <identifiers>
          <lisID>2288</lisID>
          <bioguideId>R000605</bioguideId>
          <gpoId />
        </identifiers>
        <sponsorshipDate>2019-02-27</sponsorshipDate>
        <isOriginalCosponsor>True</isOriginalCosponsor>
        <sponsorshipWithdrawnDate />
      </item>
      <item>
        <bioguideId>C001096</bioguideId>
        <fullName>Sen. Cramer, Kevin [R-ND]</fullName>
        <firstName>Kevin</firstName>
        <middleName />
        <lastName>Cramer</lastName>
        <party>R</party>
        <state>ND</state>
        <identifiers>
          <lisID>2144</lisID>
          <bioguideId>C001096</bioguideId>
          <gpoId />
        </identifiers>
        <sponsorshipDate>2019-04-09</sponsorshipDate>
        <isOriginalCosponsor>False</isOriginalCosponsor>
        <sponsorshipWithdrawnDate />
      </item>
      <item>
        <bioguideId>M000934</bioguideId>
        <fullName>Sen. Moran, Jerry [R-KS]</fullName>
        <firstName>Jerry</firstName>
        <middleName />
        <lastName>Moran</lastName>
        <party>R</party>
        <state>KS</state>
        <identifiers>
          <lisID>1507</lisID>
          <bioguideId>M000934</bioguideId>
          <gpoId>8307</gpoId>
        </identifiers>
        <sponsorshipDate>2019-04-09</sponsorshipDate>
        <isOriginalCosponsor>False</isOriginalCosponsor>
        <sponsorshipWithdrawnDate />
      </item>
      <item>
        <bioguideId>T000250</bioguideId>
        <fullName>Sen. Thune, John [R-SD]</fullName>
        <firstName>JOHN</firstName>
        <middleName>R.</middleName>
        <lastName>THUNE</lastName>
        <party>R</party>
        <state>SD</state>
        <identifiers>
          <lisID>1534</lisID>
          <bioguideId>T000250</bioguideId>
          <gpoId>8257</gpoId>
        </identifiers>
        <sponsorshipDate>2019-04-11</sponsorshipDate>
        <isOriginalCosponsor>False</isOriginalCosponsor>
        <sponsorshipWithdrawnDate />
      </item>
      <item>
        <bioguideId>H001061</bioguideId>
        <fullName>Sen. Hoeven, John [R-ND]</fullName>
        <firstName>John</firstName>
        <middleName />
        <lastName>Hoeven</lastName>
        <party>R</party>
        <state>ND</state>
        <identifiers>
          <lisID>2079</lisID>
          <bioguideId>H001061</bioguideId>
          <gpoId>8331</gpoId>
        </identifiers>
        <sponsorshipDate>2019-08-01</sponsorshipDate>
        <isOriginalCosponsor>False</isOriginalCosponsor>
        <sponsorshipWithdrawnDate />
      </item>
    </cosponsors>
    <cboCostEstimates />
    <laws />
    <notes />
    <policyArea>
      <name>Health</name>
    </policyArea>
    <subjects>
      <billSubjects>
        <legislativeSubjects>
          <item>
            <name>Health care coverage and access</name>
          </item>
          <item>
            <name>Health facilities and institutions</name>
          </item>
          <item>
            <name>Health personnel</name>
          </item>
          <item>
            <name>Hospital care</name>
          </item>
          <item>
            <name>Medicare</name>
          </item>
          <item>
            <name>Rural conditions and development</name>
          </item>
        </legislativeSubjects>
        <policyArea>
          <name>Health</name>
        </policyArea>
      </billSubjects>
    </subjects>
    <summaries>
      <billSummaries>
        <item>
          <versionCode>00</versionCode>
          <actionDate>2019-02-27</actionDate>
          <actionDesc>Introduced in Senate</actionDesc>
          <lastSummaryUpdateDate>2019-03-19T19:11:53Z</lastSummaryUpdateDate>
          <text><![CDATA[<p><b>Critical Access Hospital Relief Act of </b><b>2019</b></p> <p>This bill repeals the 96-hour physician-certification requirement for inpatient critical access hospital services under Medicare. Under current law, as a condition for Medicare payment for such services, a physician must certify that a patient may reasonably be expected to be discharged or transferred to a hospital within 96 hours after admission to the critical access hospital. </p>]]></text>
          <updateDate>2019-02-27T05:00:00Z</updateDate>
          <name>Introduced in Senate</name>
        </item>
      </billSummaries>
    </summaries>
    <title>Critical Access Hospital Relief Act of 2019</title>
    <titles>
      <item>
        <titleType>Short Title(s) as Introduced</titleType>
        <parentTitleType>Short Title</parentTitleType>
        <title>Critical Access Hospital Relief Act of 2019</title>
        <chamberCode />
        <chamberName />
      </item>
      <item>
        <titleType>Official Title as Introduced</titleType>
        <parentTitleType />
        <title>A bill to amend title XVIII of the Social Security Act to remove the 96-hour physician certification requirement for inpatient critical access hospital services.</title>
        <chamberCode />
        <chamberName />
      </item>
      <item>
        <titleType>Display Title</titleType>
        <parentTitleType />
        <title>Critical Access Hospital Relief Act of 2019</title>
        <chamberCode />
        <chamberName />
      </item>
    </titles>
    <amendments />
    <textVersions>
      <item>
        <type>Introduced in Senate</type>
        <date>2019-02-27T05:00:00Z</date>
        <formats>
          <item>
            <url>https://www.govinfo.gov/content/pkg/BILLS-116s586is/xml/BILLS-116s586is.xml</url>
          </item>
        </formats>
      </item>
    </textVersions>
    <latestAction>
      <actionDate>2019-02-27</actionDate>
      <text>Read twice and referred to the Committee on Finance.</text>
      <links />
    </latestAction>
    <calendarNumbers />
    <version>1.0.0</version>
  </bill>
  <dublinCore xmlns:dc="http://purl.org/dc/elements/1.1/">
    <dc:format>text/xml</dc:format>
    <dc:language>EN</dc:language>
    <dc:rights>Pursuant to Title 17 Section 105 of the United States Code, this file is not subject to copyright protection and is in the public domain.</dc:rights>
    <dc:contributor>Congressional Research Service, Library of Congress</dc:contributor>
    <dc:description>This file contains bill summaries and statuses for federal legislation. A bill summary describes the most significant provisions of a piece of legislation and details the effects the legislative text may have on current law and federal programs. Bill summaries are authored by the Congressional Research Service (CRS) of the Library of Congress. As stated in Public Law 91-510 (2 USC 166 (d)(6)), one of the duties of CRS is "to prepare summaries and digests of bills and resolutions of a public general nature introduced in the Senate or House of Representatives". For more information, refer to the User Guide that accompanies this file.</dc:description>
  </dublinCore>
</billStatus>

