<?xml version="1.0" encoding="UTF-8"?>
<billStatus>
  <bill>
    <billNumber>96</billNumber>
    <createDate>2019-01-11T05:40:18Z</createDate>
    <updateDate>2021-07-10T20:21:29Z</updateDate>
    <originChamber>Senate</originChamber>
    <billType>S</billType>
    <introducedDate>2019-01-10</introducedDate>
    <congress>116</congress>
    <recordedVotes />
    <committees>
      <billCommittees>
        <item>
          <systemCode>sseg00</systemCode>
          <name>Energy and Natural Resources Committee</name>
          <chamber>Senate</chamber>
          <type>Standing</type>
          <subcommittees />
          <activities>
            <item>
              <name>Referred to</name>
              <date>2019-01-10T20:46:20Z</date>
            </item>
          </activities>
        </item>
      </billCommittees>
    </committees>
    <committeeReports />
    <relatedBills>
      <item>
        <latestTitle>John D. Dingell, Jr. Conservation, Management, and Recreation Act</latestTitle>
        <congress>116</congress>
        <number>47</number>
        <type>S</type>
        <latestAction>
          <actionDate>2019-03-12</actionDate>
          <text>Became Public Law No: 116-9.</text>
        </latestAction>
        <relationshipDetails>
          <item>
            <type>Related bill</type>
            <identifiedBy>CRS</identifiedBy>
          </item>
        </relationshipDetails>
      </item>
      <item>
        <latestTitle>North Country National Scenic Trail Route Adjustment Act</latestTitle>
        <congress>116</congress>
        <number>1216</number>
        <type>HR</type>
        <latestAction>
          <actionDate>2019-02-13</actionDate>
          <text>Referred to the House Committee on Natural Resources.</text>
        </latestAction>
        <relationshipDetails>
          <item>
            <type>Identical bill</type>
            <identifiedBy>CRS</identifiedBy>
          </item>
        </relationshipDetails>
      </item>
    </relatedBills>
    <actions>
      <item>
        <actionDate>2019-01-10</actionDate>
        <committees>
          <item>
            <systemCode>sseg00</systemCode>
            <name>Energy and Natural Resources Committee</name>
          </item>
        </committees>
        <links />
        <sourceSystem>
          <code>0</code>
          <name>Senate</name>
        </sourceSystem>
        <text>Read twice and referred to the Committee on Energy and Natural Resources.</text>
        <type>IntroReferral</type>
      </item>
      <item>
        <actionDate>2019-01-10</actionDate>
        <links />
        <text>Introduced in Senate</text>
        <type>IntroReferral</type>
        <actionCode>10000</actionCode>
        <sourceSystem>
          <code>9</code>
          <name>Library of Congress</name>
        </sourceSystem>
        <committees />
      </item>
      <actionTypeCounts>
        <referredToCommittee>1</referredToCommittee>
        <introducedInSenate>1</introducedInSenate>
      </actionTypeCounts>
      <actionByCounts>
        <senate>2</senate>
      </actionByCounts>
    </actions>
    <sponsors>
      <item>
        <bioguideId>K000367</bioguideId>
        <fullName>Sen. Klobuchar, Amy [D-MN]</fullName>
        <firstName>Amy</firstName>
        <middleName />
        <lastName>Klobuchar</lastName>
        <party>D</party>
        <state>MN</state>
        <identifiers>
          <lisID>1826</lisID>
          <bioguideId>K000367</bioguideId>
          <gpoId>8249</gpoId>
        </identifiers>
        <byRequestType />
      </item>
    </sponsors>
    <cosponsors>
      <item>
        <bioguideId>H001061</bioguideId>
        <fullName>Sen. Hoeven, John [R-ND]</fullName>
        <firstName>John</firstName>
        <middleName />
        <lastName>Hoeven</lastName>
        <party>R</party>
        <state>ND</state>
        <identifiers>
          <lisID>2079</lisID>
          <bioguideId>H001061</bioguideId>
          <gpoId>8331</gpoId>
        </identifiers>
        <sponsorshipDate>2019-01-10</sponsorshipDate>
        <isOriginalCosponsor>True</isOriginalCosponsor>
        <sponsorshipWithdrawnDate />
      </item>
      <item>
        <bioguideId>S000770</bioguideId>
        <fullName>Sen. Stabenow, Debbie [D-MI]</fullName>
        <firstName>DEBORAH</firstName>
        <middleName>ANN</middleName>
        <lastName>STABENOW</lastName>
        <party>D</party>
        <state>MI</state>
        <identifiers>
          <lisID>1531</lisID>
          <bioguideId>S000770</bioguideId>
          <gpoId>8261</gpoId>
        </identifiers>
        <sponsorshipDate>2019-01-10</sponsorshipDate>
        <isOriginalCosponsor>True</isOriginalCosponsor>
        <sponsorshipWithdrawnDate />
      </item>
      <item>
        <bioguideId>L000174</bioguideId>
        <fullName>Sen. Leahy, Patrick J. [D-VT]</fullName>
        <firstName>PATRICK</firstName>
        <middleName>JOSEPH</middleName>
        <lastName>LEAHY</lastName>
        <party>D</party>
        <state>VT</state>
        <identifiers>
          <lisID>1383</lisID>
          <bioguideId>L000174</bioguideId>
          <gpoId>8244</gpoId>
        </identifiers>
        <sponsorshipDate>2019-01-10</sponsorshipDate>
        <isOriginalCosponsor>True</isOriginalCosponsor>
        <sponsorshipWithdrawnDate />
      </item>
      <item>
        <bioguideId>B001230</bioguideId>
        <fullName>Sen. Baldwin, Tammy [D-WI]</fullName>
        <firstName>Tammy</firstName>
        <middleName />
        <lastName>Baldwin</lastName>
        <party>D</party>
        <state>WI</state>
        <identifiers>
          <lisID>1558</lisID>
          <bioguideId>B001230</bioguideId>
          <gpoId>8215</gpoId>
        </identifiers>
        <sponsorshipDate>2019-01-10</sponsorshipDate>
        <isOriginalCosponsor>True</isOriginalCosponsor>
        <sponsorshipWithdrawnDate />
      </item>
      <item>
        <bioguideId>S001203</bioguideId>
        <fullName>Sen. Smith, Tina  [D-MN]</fullName>
        <firstName>Tina</firstName>
        <middleName />
        <lastName>Smith</lastName>
        <party>D</party>
        <state>MN</state>
        <identifiers>
          <lisID>2365</lisID>
          <bioguideId>S001203</bioguideId>
          <gpoId />
        </identifiers>
        <sponsorshipDate>2019-01-10</sponsorshipDate>
        <isOriginalCosponsor>True</isOriginalCosponsor>
        <sponsorshipWithdrawnDate />
      </item>
      <item>
        <bioguideId>S000033</bioguideId>
        <fullName>Sen. Sanders, Bernard [I-VT]</fullName>
        <firstName>Bernard</firstName>
        <middleName />
        <lastName>Sanders</lastName>
        <party>I</party>
        <state>VT</state>
        <identifiers>
          <lisID>1010</lisID>
          <bioguideId>S000033</bioguideId>
          <gpoId>8270</gpoId>
        </identifiers>
        <sponsorshipDate>2019-01-10</sponsorshipDate>
        <isOriginalCosponsor>True</isOriginalCosponsor>
        <sponsorshipWithdrawnDate />
      </item>
      <item>
        <bioguideId>P000595</bioguideId>
        <fullName>Sen. Peters, Gary C. [D-MI]</fullName>
        <firstName>Gary</firstName>
        <middleName>C.</middleName>
        <lastName>Peters</lastName>
        <party>D</party>
        <state>MI</state>
        <identifiers>
          <lisID>1929</lisID>
          <bioguideId>P000595</bioguideId>
          <gpoId>7994</gpoId>
        </identifiers>
        <sponsorshipDate>2019-01-10</sponsorshipDate>
        <isOriginalCosponsor>True</isOriginalCosponsor>
        <sponsorshipWithdrawnDate />
      </item>
      <item>
        <bioguideId>G000555</bioguideId>
        <fullName>Sen. Gillibrand, Kirsten E. [D-NY]</fullName>
        <firstName>Kirsten</firstName>
        <middleName>E.</middleName>
        <lastName>Gillibrand</lastName>
        <party>D</party>
        <state>NY</state>
        <identifiers>
          <lisID>1866</lisID>
          <bioguideId>G000555</bioguideId>
          <gpoId>8336</gpoId>
        </identifiers>
        <sponsorshipDate>2019-01-10</sponsorshipDate>
        <isOriginalCosponsor>True</isOriginalCosponsor>
        <sponsorshipWithdrawnDate />
      </item>
      <item>
        <bioguideId>B000944</bioguideId>
        <fullName>Sen. Brown, Sherrod [D-OH]</fullName>
        <firstName>Sherrod</firstName>
        <middleName />
        <lastName>Brown</lastName>
        <party>D</party>
        <state>OH</state>
        <identifiers>
          <lisID>136</lisID>
          <bioguideId>B000944</bioguideId>
          <gpoId>8309</gpoId>
        </identifiers>
        <sponsorshipDate>2019-01-16</sponsorshipDate>
        <isOriginalCosponsor>False</isOriginalCosponsor>
        <sponsorshipWithdrawnDate />
      </item>
      <item>
        <bioguideId>C001096</bioguideId>
        <fullName>Sen. Cramer, Kevin [R-ND]</fullName>
        <firstName>Kevin</firstName>
        <middleName />
        <lastName>Cramer</lastName>
        <party>R</party>
        <state>ND</state>
        <identifiers>
          <lisID>2144</lisID>
          <bioguideId>C001096</bioguideId>
          <gpoId />
        </identifiers>
        <sponsorshipDate>2019-02-12</sponsorshipDate>
        <isOriginalCosponsor>False</isOriginalCosponsor>
        <sponsorshipWithdrawnDate />
      </item>
    </cosponsors>
    <cboCostEstimates />
    <laws />
    <notes />
    <policyArea>
      <name>Public Lands and Natural Resources</name>
    </policyArea>
    <subjects>
      <billSubjects>
        <legislativeSubjects>
          <item>
            <name>Minnesota</name>
          </item>
          <item>
            <name>Outdoor recreation</name>
          </item>
          <item>
            <name>Parks, recreation areas, trails</name>
          </item>
          <item>
            <name>Vermont</name>
          </item>
        </legislativeSubjects>
        <policyArea>
          <name>Public Lands and Natural Resources</name>
        </policyArea>
      </billSubjects>
    </subjects>
    <summaries>
      <billSummaries>
        <item>
          <versionCode>00</versionCode>
          <actionDate>2019-01-10</actionDate>
          <actionDesc>Introduced in Senate</actionDesc>
          <lastSummaryUpdateDate>2019-10-29T17:34:39Z</lastSummaryUpdateDate>
          <text><![CDATA[<p><b>North Country National Scenic Trail Route Adjustment Act</b></p> <p> This bill revises the authorized route of the North Country National Scenic Trail to extend it to the Appalachian Trail in Vermont and to modify the route in northeastern Minnesota. </p>]]></text>
          <updateDate>2019-01-10T05:00:00Z</updateDate>
          <name>Introduced in Senate</name>
        </item>
      </billSummaries>
    </summaries>
    <title>North Country National Scenic Trail Route Adjustment Act</title>
    <titles>
      <item>
        <titleType>Short Title(s) as Introduced</titleType>
        <parentTitleType>Short Title</parentTitleType>
        <title>North Country National Scenic Trail Route Adjustment Act</title>
        <chamberCode />
        <chamberName />
      </item>
      <item>
        <titleType>Official Title as Introduced</titleType>
        <parentTitleType />
        <title>A bill to revise the authorized route of the North Country National Scenic Trail in northeastern Minnesota and to extend the trail into Vermont to connect with the Appalachian National Scenic Trail, and for other purposes.</title>
        <chamberCode />
        <chamberName />
      </item>
      <item>
        <titleType>Display Title</titleType>
        <parentTitleType />
        <title>North Country National Scenic Trail Route Adjustment Act</title>
        <chamberCode />
        <chamberName />
      </item>
    </titles>
    <amendments />
    <textVersions>
      <item>
        <type>Introduced in Senate</type>
        <date>2019-01-10T05:00:00Z</date>
        <formats>
          <item>
            <url>https://www.govinfo.gov/content/pkg/BILLS-116s96is/xml/BILLS-116s96is.xml</url>
          </item>
        </formats>
      </item>
    </textVersions>
    <latestAction>
      <actionDate>2019-01-10</actionDate>
      <text>Read twice and referred to the Committee on Energy and Natural Resources.</text>
      <links />
    </latestAction>
    <calendarNumbers />
    <version>1.0.0</version>
  </bill>
  <dublinCore xmlns:dc="http://purl.org/dc/elements/1.1/">
    <dc:format>text/xml</dc:format>
    <dc:language>EN</dc:language>
    <dc:rights>Pursuant to Title 17 Section 105 of the United States Code, this file is not subject to copyright protection and is in the public domain.</dc:rights>
    <dc:contributor>Congressional Research Service, Library of Congress</dc:contributor>
    <dc:description>This file contains bill summaries and statuses for federal legislation. A bill summary describes the most significant provisions of a piece of legislation and details the effects the legislative text may have on current law and federal programs. Bill summaries are authored by the Congressional Research Service (CRS) of the Library of Congress. As stated in Public Law 91-510 (2 USC 166 (d)(6)), one of the duties of CRS is "to prepare summaries and digests of bills and resolutions of a public general nature introduced in the Senate or House of Representatives". For more information, refer to the User Guide that accompanies this file.</dc:description>
  </dublinCore>
</billStatus>

