<?xml version="1.0" encoding="UTF-8"?>
<billStatus>
  <bill>
    <billNumber>166</billNumber>
    <createDate>2019-01-17T05:40:12Z</createDate>
    <updateDate>2019-11-07T11:03:55Z</updateDate>
    <originChamber>Senate</originChamber>
    <billType>S</billType>
    <introducedDate>2019-01-16</introducedDate>
    <congress>116</congress>
    <recordedVotes />
    <committees>
      <billCommittees>
        <item>
          <systemCode>ssju00</systemCode>
          <name>Judiciary Committee</name>
          <chamber>Senate</chamber>
          <type>Standing</type>
          <subcommittees />
          <activities>
            <item>
              <name>Referred to</name>
              <date>2019-01-16T23:19:11Z</date>
            </item>
          </activities>
        </item>
      </billCommittees>
    </committees>
    <committeeReports />
    <relatedBills />
    <actions>
      <item>
        <actionDate>2019-01-16</actionDate>
        <committees>
          <item>
            <systemCode>ssju00</systemCode>
            <name>Judiciary Committee</name>
          </item>
        </committees>
        <links />
        <sourceSystem>
          <code>0</code>
          <name>Senate</name>
        </sourceSystem>
        <text>Read twice and referred to the Committee on the Judiciary.</text>
        <type>IntroReferral</type>
      </item>
      <item>
        <actionDate>2019-01-16</actionDate>
        <links />
        <text>Introduced in Senate</text>
        <type>IntroReferral</type>
        <actionCode>10000</actionCode>
        <sourceSystem>
          <code>9</code>
          <name>Library of Congress</name>
        </sourceSystem>
        <committees />
      </item>
      <actionTypeCounts>
        <referredToCommittee>1</referredToCommittee>
        <introducedInSenate>1</introducedInSenate>
      </actionTypeCounts>
      <actionByCounts>
        <senate>2</senate>
      </actionByCounts>
    </actions>
    <sponsors>
      <item>
        <bioguideId>G000359</bioguideId>
        <fullName>Sen. Graham, Lindsey [R-SC]</fullName>
        <firstName>LINDSEY</firstName>
        <middleName>O.</middleName>
        <lastName>GRAHAM</lastName>
        <party>R</party>
        <state>SC</state>
        <identifiers>
          <lisID>452</lisID>
          <bioguideId>G000359</bioguideId>
          <gpoId>8335</gpoId>
        </identifiers>
        <byRequestType />
      </item>
    </sponsors>
    <cosponsors />
    <cboCostEstimates />
    <laws />
    <notes />
    <policyArea>
      <name>Immigration</name>
    </policyArea>
    <subjects>
      <billSubjects>
        <legislativeSubjects>
          <item>
            <name>Administrative remedies</name>
          </item>
          <item>
            <name>Appropriations</name>
          </item>
          <item>
            <name>Border security and unlawful immigration</name>
          </item>
          <item>
            <name>Criminal justice information and records</name>
          </item>
          <item>
            <name>Department of Homeland Security</name>
          </item>
          <item>
            <name>Department of Justice</name>
          </item>
          <item>
            <name>Detention of persons</name>
          </item>
          <item>
            <name>Executive agency funding and structure</name>
          </item>
          <item>
            <name>Foreign labor</name>
          </item>
          <item>
            <name>Immigration status and procedures</name>
          </item>
          <item>
            <name>Judges</name>
          </item>
          <item>
            <name>Law enforcement officers</name>
          </item>
          <item>
            <name>Public contracts and procurement</name>
          </item>
        </legislativeSubjects>
        <policyArea>
          <name>Immigration</name>
        </policyArea>
      </billSubjects>
    </subjects>
    <summaries>
      <billSummaries>
        <item>
          <versionCode>00</versionCode>
          <actionDate>2019-01-16</actionDate>
          <actionDesc>Introduced in Senate</actionDesc>
          <lastSummaryUpdateDate>2019-11-05T14:57:27Z</lastSummaryUpdateDate>
          <text><![CDATA[<p>This bill provides for protected presence status for certain types of aliens and mandatory appropriations for immigration enforcement.</p> <p>The Department of Homeland Security shall grant provisional protected presence status to a qualified alien who applies for such status, which prevents removal from the United States and provides employment authorization. Such status shall be effective for three years from the bill's enactment.</p> <p>To qualify for such status, the alien shall be a Deferred Action for Childhood Arrivals (DACA) recipient who was born after June 15, 1981, and entered the United States before age 16. The bill imposes other requirements, including enrolling in or having completed various types of schooling or military service.</p> <p>The bill also provides for renewable provisional protected presence status for aliens who had temporary protected status or deferred enforced departure status on or before October 1, 2017. Renewable provisional protected presence status shall be granted for three years upon a successful application and is renewable indefinitely.</p> <p>Both types of protected presence status are limited to aliens who have not been convicted of various crimes, do not pose a threat to national security, and have been physically present in the country for a certain amount of time.<br /> </p>]]></text>
          <updateDate>2019-01-16T05:00:00Z</updateDate>
          <name>Introduced in Senate</name>
        </item>
      </billSummaries>
    </summaries>
    <title>A bill to provide provisional protected presence status for certain aliens and to provide mandatory appropriations relating to border security.</title>
    <titles>
      <item>
        <titleType>Official Title as Introduced</titleType>
        <parentTitleType />
        <title>A bill to provide provisional protected presence status for certain aliens and to provide mandatory appropriations relating to border security.</title>
        <chamberCode />
        <chamberName />
      </item>
      <item>
        <titleType>Display Title</titleType>
        <parentTitleType />
        <title>A bill to provide provisional protected presence status for certain aliens and to provide mandatory appropriations relating to border security.</title>
        <chamberCode />
        <chamberName />
      </item>
    </titles>
    <amendments />
    <textVersions>
      <item>
        <type>Introduced in Senate</type>
        <date>2019-01-16T05:00:00Z</date>
        <formats>
          <item>
            <url>https://www.govinfo.gov/content/pkg/BILLS-116s166is/xml/BILLS-116s166is.xml</url>
          </item>
        </formats>
      </item>
    </textVersions>
    <latestAction>
      <actionDate>2019-01-16</actionDate>
      <text>Read twice and referred to the Committee on the Judiciary.</text>
      <links />
    </latestAction>
    <calendarNumbers />
    <version>1.0.0</version>
  </bill>
  <dublinCore xmlns:dc="http://purl.org/dc/elements/1.1/">
    <dc:format>text/xml</dc:format>
    <dc:language>EN</dc:language>
    <dc:rights>Pursuant to Title 17 Section 105 of the United States Code, this file is not subject to copyright protection and is in the public domain.</dc:rights>
    <dc:contributor>Congressional Research Service, Library of Congress</dc:contributor>
    <dc:description>This file contains bill summaries and statuses for federal legislation. A bill summary describes the most significant provisions of a piece of legislation and details the effects the legislative text may have on current law and federal programs. Bill summaries are authored by the Congressional Research Service (CRS) of the Library of Congress. As stated in Public Law 91-510 (2 USC 166 (d)(6)), one of the duties of CRS is "to prepare summaries and digests of bills and resolutions of a public general nature introduced in the Senate or House of Representatives". For more information, refer to the User Guide that accompanies this file.</dc:description>
  </dublinCore>
</billStatus>

