<?xml version="1.0" encoding="UTF-8"?>
<billStatus>
  <bill>
    <billNumber>263</billNumber>
    <createDate>2019-01-30T05:40:17Z</createDate>
    <updateDate>2021-06-11T22:00:46Z</updateDate>
    <originChamber>Senate</originChamber>
    <billType>S</billType>
    <introducedDate>2019-01-29</introducedDate>
    <congress>116</congress>
    <recordedVotes />
    <committees>
      <billCommittees>
        <item>
          <systemCode>ssga00</systemCode>
          <name>Homeland Security and Governmental Affairs Committee</name>
          <chamber>Senate</chamber>
          <type>Standing</type>
          <subcommittees />
          <activities>
            <item>
              <name>Referred to</name>
              <date>2019-01-29T21:56:06Z</date>
            </item>
          </activities>
        </item>
      </billCommittees>
    </committees>
    <committeeReports />
    <relatedBills />
    <actions>
      <item>
        <actionDate>2019-01-29</actionDate>
        <committees>
          <item>
            <systemCode>ssga00</systemCode>
            <name>Homeland Security and Governmental Affairs Committee</name>
          </item>
        </committees>
        <links />
        <sourceSystem>
          <code>0</code>
          <name>Senate</name>
        </sourceSystem>
        <text>Read twice and referred to the Committee on Homeland Security and Governmental Affairs.</text>
        <type>IntroReferral</type>
      </item>
      <item>
        <actionDate>2019-01-29</actionDate>
        <links />
        <text>Introduced in Senate</text>
        <type>IntroReferral</type>
        <actionCode>10000</actionCode>
        <sourceSystem>
          <code>9</code>
          <name>Library of Congress</name>
        </sourceSystem>
        <committees />
      </item>
      <actionTypeCounts>
        <referredToCommittee>1</referredToCommittee>
        <introducedInSenate>1</introducedInSenate>
      </actionTypeCounts>
      <actionByCounts>
        <senate>2</senate>
      </actionByCounts>
    </actions>
    <sponsors>
      <item>
        <bioguideId>H001046</bioguideId>
        <fullName>Sen. Heinrich, Martin [D-NM]</fullName>
        <firstName>Martin</firstName>
        <middleName />
        <lastName>Heinrich</lastName>
        <party>D</party>
        <state>NM</state>
        <identifiers>
          <lisID>1937</lisID>
          <bioguideId>H001046</bioguideId>
          <gpoId>8056</gpoId>
        </identifiers>
        <byRequestType />
      </item>
    </sponsors>
    <cosponsors>
      <item>
        <bioguideId>H001075</bioguideId>
        <fullName>Sen. Harris, Kamala D. [D-CA]</fullName>
        <firstName>Kamala</firstName>
        <middleName>D.</middleName>
        <lastName>Harris</lastName>
        <party>D</party>
        <state>CA</state>
        <identifiers>
          <lisID>2301</lisID>
          <bioguideId>H001075</bioguideId>
          <gpoId />
        </identifiers>
        <sponsorshipDate>2019-01-29</sponsorshipDate>
        <isOriginalCosponsor>True</isOriginalCosponsor>
        <sponsorshipWithdrawnDate />
      </item>
      <item>
        <bioguideId>F000062</bioguideId>
        <fullName>Sen. Feinstein, Dianne [D-CA]</fullName>
        <firstName>DIANNE</firstName>
        <middleName />
        <lastName>FEINSTEIN</lastName>
        <party>D</party>
        <state>CA</state>
        <identifiers>
          <lisID>1332</lisID>
          <bioguideId>F000062</bioguideId>
          <gpoId>8338</gpoId>
        </identifiers>
        <sponsorshipDate>2019-01-29</sponsorshipDate>
        <isOriginalCosponsor>True</isOriginalCosponsor>
        <sponsorshipWithdrawnDate />
      </item>
      <item>
        <bioguideId>U000039</bioguideId>
        <fullName>Sen. Udall, Tom [D-NM]</fullName>
        <firstName>TOM</firstName>
        <middleName />
        <lastName>UDALL</lastName>
        <party>D</party>
        <state>NM</state>
        <identifiers>
          <lisID>1567</lisID>
          <bioguideId>U000039</bioguideId>
          <gpoId>8260</gpoId>
        </identifiers>
        <sponsorshipDate>2019-01-29</sponsorshipDate>
        <isOriginalCosponsor>True</isOriginalCosponsor>
        <sponsorshipWithdrawnDate />
      </item>
    </cosponsors>
    <cboCostEstimates />
    <laws />
    <notes />
    <policyArea>
      <name>Immigration</name>
    </policyArea>
    <subjects>
      <billSubjects>
        <legislativeSubjects>
          <item>
            <name>Border security and unlawful immigration</name>
          </item>
          <item>
            <name>Civil actions and liability</name>
          </item>
          <item>
            <name>Federal-Indian relations</name>
          </item>
          <item>
            <name>Government information and archives</name>
          </item>
          <item>
            <name>Historic sites and heritage areas</name>
          </item>
          <item>
            <name>Indian lands and resources rights</name>
          </item>
          <item>
            <name>Intergovernmental relations</name>
          </item>
          <item>
            <name>Land transfers</name>
          </item>
          <item>
            <name>Land use and conservation</name>
          </item>
          <item>
            <name>Latin America</name>
          </item>
          <item>
            <name>Mexico</name>
          </item>
          <item>
            <name>Parks, recreation areas, trails</name>
          </item>
          <item>
            <name>Property rights</name>
          </item>
          <item>
            <name>Public participation and lobbying</name>
          </item>
          <item>
            <name>State and local government operations</name>
          </item>
          <item>
            <name>Wilderness and natural areas, wildlife refuges, wild rivers, habitats</name>
          </item>
        </legislativeSubjects>
        <policyArea>
          <name>Immigration</name>
        </policyArea>
      </billSubjects>
    </subjects>
    <summaries>
      <billSummaries>
        <item>
          <versionCode>00</versionCode>
          <actionDate>2019-01-29</actionDate>
          <actionDesc>Introduced in Senate</actionDesc>
          <lastSummaryUpdateDate>2019-10-04T18:27:30Z</lastSummaryUpdateDate>
          <text><![CDATA[<p><b>Full Fair and Complete Exchange Act or the FACE Act</b></p> <p>This bill requires the federal government to compensate land owners the full fair market value for land seized for the construction of any barrier or related infrastructure at the U.S.-Mexico border. The government shall not take possession of such land before the compensation has been received and all relevant court proceedings have been completed. For tribal land, the government shall secure the approval of all relevant tribal stakeholders before taking possession.</p> <p>The bill also imposes various consultation and public meeting requirements related to such land acquisitions. </p>]]></text>
          <updateDate>2019-01-29T05:00:00Z</updateDate>
          <name>Introduced in Senate</name>
        </item>
      </billSummaries>
    </summaries>
    <title>FACE Act</title>
    <titles>
      <item>
        <titleType>Short Title(s) as Introduced</titleType>
        <parentTitleType>Short Title</parentTitleType>
        <title>FACE Act</title>
        <chamberCode />
        <chamberName />
      </item>
      <item>
        <titleType>Short Title(s) as Introduced</titleType>
        <parentTitleType>Short Title</parentTitleType>
        <title>Full Fair and Complete Exchange Act</title>
        <chamberCode />
        <chamberName />
      </item>
      <item>
        <titleType>Official Title as Introduced</titleType>
        <parentTitleType />
        <title>A bill to ensure the receipt of required compensation before physical possession by the Federal Government of any land subject to the use of eminent domain for the construction of United States border infrastructure and to provide for a consultation process prior to acquiring land for border infrastructure.</title>
        <chamberCode />
        <chamberName />
      </item>
      <item>
        <titleType>Display Title</titleType>
        <parentTitleType />
        <title>FACE Act</title>
        <chamberCode />
        <chamberName />
      </item>
    </titles>
    <amendments />
    <textVersions>
      <item>
        <type>Introduced in Senate</type>
        <date>2019-01-29T05:00:00Z</date>
        <formats>
          <item>
            <url>https://www.govinfo.gov/content/pkg/BILLS-116s263is/xml/BILLS-116s263is.xml</url>
          </item>
        </formats>
      </item>
    </textVersions>
    <latestAction>
      <actionDate>2019-01-29</actionDate>
      <text>Read twice and referred to the Committee on Homeland Security and Governmental Affairs.</text>
      <links />
    </latestAction>
    <calendarNumbers />
    <version>1.0.0</version>
  </bill>
  <dublinCore xmlns:dc="http://purl.org/dc/elements/1.1/">
    <dc:format>text/xml</dc:format>
    <dc:language>EN</dc:language>
    <dc:rights>Pursuant to Title 17 Section 105 of the United States Code, this file is not subject to copyright protection and is in the public domain.</dc:rights>
    <dc:contributor>Congressional Research Service, Library of Congress</dc:contributor>
    <dc:description>This file contains bill summaries and statuses for federal legislation. A bill summary describes the most significant provisions of a piece of legislation and details the effects the legislative text may have on current law and federal programs. Bill summaries are authored by the Congressional Research Service (CRS) of the Library of Congress. As stated in Public Law 91-510 (2 USC 166 (d)(6)), one of the duties of CRS is "to prepare summaries and digests of bills and resolutions of a public general nature introduced in the Senate or House of Representatives". For more information, refer to the User Guide that accompanies this file.</dc:description>
  </dublinCore>
</billStatus>

