<?xml version="1.0" encoding="UTF-8"?>
<billStatus>
  <bill>
    <billNumber>1870</billNumber>
    <createDate>2019-06-14T04:57:16Z</createDate>
    <updateDate>2021-07-10T20:20:46Z</updateDate>
    <originChamber>Senate</originChamber>
    <billType>S</billType>
    <introducedDate>2019-06-13</introducedDate>
    <congress>116</congress>
    <recordedVotes />
    <committees>
      <billCommittees>
        <item>
          <systemCode>sseg00</systemCode>
          <name>Energy and Natural Resources Committee</name>
          <chamber>Senate</chamber>
          <type>Standing</type>
          <subcommittees>
            <item>
              <systemCode>sseg03</systemCode>
              <name>Public Lands, Forests, and Mining Subcommittee</name>
              <activities>
                <item>
                  <name>Hearings by</name>
                  <date>2020-09-16T18:30:44Z</date>
                </item>
              </activities>
            </item>
          </subcommittees>
          <activities>
            <item>
              <name>Referred to</name>
              <date>2019-06-13T20:38:23Z</date>
            </item>
          </activities>
        </item>
      </billCommittees>
    </committees>
    <committeeReports />
    <relatedBills>
      <item>
        <latestTitle>Miracle Mountain Designation Act</latestTitle>
        <congress>116</congress>
        <number>722</number>
        <type>HR</type>
        <latestAction>
          <actionDate>2020-09-16</actionDate>
          <text>Committee on Energy and Natural Resources Subcommittee on Public Lands, Forests, and Mining. Hearings held.</text>
        </latestAction>
        <relationshipDetails>
          <item>
            <type>Related bill</type>
            <identifiedBy>CRS</identifiedBy>
          </item>
        </relationshipDetails>
      </item>
    </relatedBills>
    <actions>
      <item>
        <actionDate>2020-09-16</actionDate>
        <committees>
          <item>
            <systemCode>sseg03</systemCode>
            <name>Public Lands, Forests, and Mining Subcommittee</name>
          </item>
        </committees>
        <links />
        <sourceSystem>
          <code>0</code>
          <name>Senate</name>
        </sourceSystem>
        <text>Committee on Energy and Natural Resources Subcommittee on Public Lands, Forests, and Mining. Hearings held.</text>
        <type>Committee</type>
      </item>
      <item>
        <actionDate>2019-06-13</actionDate>
        <committees>
          <item>
            <systemCode>sseg00</systemCode>
            <name>Energy and Natural Resources Committee</name>
          </item>
        </committees>
        <links />
        <sourceSystem>
          <code>0</code>
          <name>Senate</name>
        </sourceSystem>
        <text>Read twice and referred to the Committee on Energy and Natural Resources.</text>
        <type>IntroReferral</type>
      </item>
      <item>
        <actionDate>2019-06-13</actionDate>
        <links />
        <text>Introduced in Senate</text>
        <type>IntroReferral</type>
        <actionCode>10000</actionCode>
        <sourceSystem>
          <code>9</code>
          <name>Library of Congress</name>
        </sourceSystem>
        <committees />
      </item>
      <actionTypeCounts>
        <hearingsHeld>1</hearingsHeld>
        <referredToCommittee>1</referredToCommittee>
        <introducedInSenate>1</introducedInSenate>
      </actionTypeCounts>
      <actionByCounts>
        <senate>3</senate>
      </actionByCounts>
    </actions>
    <sponsors>
      <item>
        <bioguideId>L000577</bioguideId>
        <fullName>Sen. Lee, Mike [R-UT]</fullName>
        <firstName>Mike</firstName>
        <middleName />
        <lastName>Lee</lastName>
        <party>R</party>
        <state>UT</state>
        <identifiers>
          <lisID>2080</lisID>
          <bioguideId>L000577</bioguideId>
          <gpoId>8303</gpoId>
        </identifiers>
        <byRequestType />
      </item>
    </sponsors>
    <cosponsors>
      <item>
        <bioguideId>R000615</bioguideId>
        <fullName>Sen. Romney, Mitt  [R-UT]</fullName>
        <firstName>Mitt</firstName>
        <middleName />
        <lastName>Romney</lastName>
        <party>R</party>
        <state>UT</state>
        <identifiers>
          <lisID>2466</lisID>
          <bioguideId>R000615</bioguideId>
          <gpoId />
        </identifiers>
        <sponsorshipDate>2019-06-13</sponsorshipDate>
        <isOriginalCosponsor>True</isOriginalCosponsor>
        <sponsorshipWithdrawnDate />
      </item>
    </cosponsors>
    <cboCostEstimates />
    <laws />
    <notes />
    <policyArea>
      <name>Public Lands and Natural Resources</name>
    </policyArea>
    <subjects>
      <billSubjects>
        <legislativeSubjects>
          <item>
            <name>Congressional tributes</name>
          </item>
          <item>
            <name>Fires</name>
          </item>
          <item>
            <name>Monuments and memorials</name>
          </item>
          <item>
            <name>Utah</name>
          </item>
          <item>
            <name>Wilderness and natural areas, wildlife refuges, wild rivers, habitats</name>
          </item>
        </legislativeSubjects>
        <policyArea>
          <name>Public Lands and Natural Resources</name>
        </policyArea>
      </billSubjects>
    </subjects>
    <summaries>
      <billSummaries>
        <item>
          <versionCode>00</versionCode>
          <actionDate>2019-06-13</actionDate>
          <actionDesc>Introduced in Senate</actionDesc>
          <lastSummaryUpdateDate>2019-10-25T19:56:07Z</lastSummaryUpdateDate>
          <text><![CDATA[<p><b>Miracle Mountain Designation Act</b></p> <p>This bill designates a specified mountain near Elk Ridge City&nbsp;in Utah as "Miracle Mountain."</p>]]></text>
          <updateDate>2019-06-13T04:00:00Z</updateDate>
          <name>Introduced in Senate</name>
        </item>
      </billSummaries>
    </summaries>
    <title>Miracle Mountain Designation Act</title>
    <titles>
      <item>
        <titleType>Short Title(s) as Introduced</titleType>
        <parentTitleType>Short Title</parentTitleType>
        <title>Miracle Mountain Designation Act</title>
        <chamberCode />
        <chamberName />
      </item>
      <item>
        <titleType>Official Title as Introduced</titleType>
        <parentTitleType />
        <title>A bill to designate a mountain in the State of Utah as "Miracle Mountain".</title>
        <chamberCode />
        <chamberName />
      </item>
      <item>
        <titleType>Display Title</titleType>
        <parentTitleType />
        <title>Miracle Mountain Designation Act</title>
        <chamberCode />
        <chamberName />
      </item>
    </titles>
    <amendments />
    <textVersions>
      <item>
        <type>Introduced in Senate</type>
        <date>2019-06-13T04:00:00Z</date>
        <formats>
          <item>
            <url>https://www.govinfo.gov/content/pkg/BILLS-116s1870is/xml/BILLS-116s1870is.xml</url>
          </item>
        </formats>
      </item>
    </textVersions>
    <latestAction>
      <actionDate>2020-09-16</actionDate>
      <text>Committee on Energy and Natural Resources Subcommittee on Public Lands, Forests, and Mining. Hearings held.</text>
      <links />
    </latestAction>
    <calendarNumbers />
    <version>1.0.0</version>
  </bill>
  <dublinCore xmlns:dc="http://purl.org/dc/elements/1.1/">
    <dc:format>text/xml</dc:format>
    <dc:language>EN</dc:language>
    <dc:rights>Pursuant to Title 17 Section 105 of the United States Code, this file is not subject to copyright protection and is in the public domain.</dc:rights>
    <dc:contributor>Congressional Research Service, Library of Congress</dc:contributor>
    <dc:description>This file contains bill summaries and statuses for federal legislation. A bill summary describes the most significant provisions of a piece of legislation and details the effects the legislative text may have on current law and federal programs. Bill summaries are authored by the Congressional Research Service (CRS) of the Library of Congress. As stated in Public Law 91-510 (2 USC 166 (d)(6)), one of the duties of CRS is "to prepare summaries and digests of bills and resolutions of a public general nature introduced in the Senate or House of Representatives". For more information, refer to the User Guide that accompanies this file.</dc:description>
  </dublinCore>
</billStatus>

