<?xml version="1.0" encoding="UTF-8"?>
<billStatus>
  <bill>
    <billNumber>615</billNumber>
    <createDate>2019-03-01T05:40:12Z</createDate>
    <updateDate>2021-06-11T21:58:10Z</updateDate>
    <originChamber>Senate</originChamber>
    <billType>S</billType>
    <introducedDate>2019-02-28</introducedDate>
    <congress>116</congress>
    <recordedVotes />
    <committees>
      <billCommittees>
        <item>
          <systemCode>ssev00</systemCode>
          <name>Environment and Public Works Committee</name>
          <chamber>Senate</chamber>
          <type>Standing</type>
          <subcommittees />
          <activities>
            <item>
              <name>Referred to</name>
              <date>2019-02-28T19:09:37Z</date>
            </item>
          </activities>
        </item>
      </billCommittees>
    </committees>
    <committeeReports />
    <relatedBills />
    <actions>
      <item>
        <actionDate>2019-02-28</actionDate>
        <committees>
          <item>
            <systemCode>ssev00</systemCode>
            <name>Environment and Public Works Committee</name>
          </item>
        </committees>
        <links />
        <sourceSystem>
          <code>0</code>
          <name>Senate</name>
        </sourceSystem>
        <text>Read twice and referred to the Committee on Environment and Public Works.</text>
        <type>IntroReferral</type>
      </item>
      <item>
        <actionDate>2019-02-28</actionDate>
        <links />
        <text>Introduced in Senate</text>
        <type>IntroReferral</type>
        <actionCode>10000</actionCode>
        <sourceSystem>
          <code>9</code>
          <name>Library of Congress</name>
        </sourceSystem>
        <committees />
      </item>
      <actionTypeCounts>
        <referredToCommittee>1</referredToCommittee>
        <introducedInSenate>1</introducedInSenate>
      </actionTypeCounts>
      <actionByCounts>
        <senate>2</senate>
      </actionByCounts>
    </actions>
    <sponsors>
      <item>
        <bioguideId>P000449</bioguideId>
        <fullName>Sen. Portman, Rob [R-OH]</fullName>
        <firstName>ROB</firstName>
        <middleName />
        <lastName>PORTMAN</lastName>
        <party>R</party>
        <state>OH</state>
        <identifiers>
          <lisID>924</lisID>
          <bioguideId>P000449</bioguideId>
          <gpoId>8266</gpoId>
        </identifiers>
        <byRequestType />
      </item>
    </sponsors>
    <cosponsors />
    <cboCostEstimates />
    <laws />
    <notes />
    <policyArea>
      <name>Transportation and Public Works</name>
    </policyArea>
    <subjects>
      <billSubjects>
        <legislativeSubjects>
          <item>
            <name>Appropriations</name>
          </item>
          <item>
            <name>Government trust funds</name>
          </item>
          <item>
            <name>Intergovernmental relations</name>
          </item>
          <item>
            <name>Public transit</name>
          </item>
          <item>
            <name>Roads and highways</name>
          </item>
          <item>
            <name>Sales and excise taxes</name>
          </item>
          <item>
            <name>State and local finance</name>
          </item>
          <item>
            <name>State and local government operations</name>
          </item>
          <item>
            <name>Transportation programs funding</name>
          </item>
        </legislativeSubjects>
        <policyArea>
          <name>Transportation and Public Works</name>
        </policyArea>
      </billSubjects>
    </subjects>
    <summaries>
      <billSummaries>
        <item>
          <versionCode>00</versionCode>
          <actionDate>2019-02-28</actionDate>
          <actionDesc>Introduced in Senate</actionDesc>
          <lastSummaryUpdateDate>2019-11-01T17:07:47Z</lastSummaryUpdateDate>
          <text><![CDATA[<p><strong>State Transportation Flexibility Act </strong></p> <p>This bill provides flexibility for a state to opt out of the federal-aid highway program.</p> <p>Specifically, the bill </p> <ul> <li>requires the Department of Transportation (DOT) to implement a direct federal-aid highway program that permits a state to (1) waive its right to receive funds under the program, and (2) receive a prorated amount of taxes apportioned to the Highway Trust Fund (other than for the Mass Transit Account); </li> <li>sets forth responsibilities for states that elect to waive their rights, including that such states must agree to obligate or expend program amounts exclusively for projects that are eligible for surface transportation program funding; and </li> <li>directs DOT to implement a similar alternative funding program for public transportation programs. </li></ul>]]></text>
          <updateDate>2019-02-28T05:00:00Z</updateDate>
          <name>Introduced in Senate</name>
        </item>
      </billSummaries>
    </summaries>
    <title>State Transportation Flexibility Act</title>
    <titles>
      <item>
        <titleType>Short Title(s) as Introduced</titleType>
        <parentTitleType>Short Title</parentTitleType>
        <title>State Transportation Flexibility Act</title>
        <chamberCode />
        <chamberName />
      </item>
      <item>
        <titleType>Official Title as Introduced</titleType>
        <parentTitleType />
        <title>A bill to free States to spend gas taxes on their transportation priorities, and for other purposes.</title>
        <chamberCode />
        <chamberName />
      </item>
      <item>
        <titleType>Display Title</titleType>
        <parentTitleType />
        <title>State Transportation Flexibility Act</title>
        <chamberCode />
        <chamberName />
      </item>
    </titles>
    <amendments />
    <textVersions>
      <item>
        <type>Introduced in Senate</type>
        <date>2019-02-28T05:00:00Z</date>
        <formats>
          <item>
            <url>https://www.govinfo.gov/content/pkg/BILLS-116s615is/xml/BILLS-116s615is.xml</url>
          </item>
        </formats>
      </item>
    </textVersions>
    <latestAction>
      <actionDate>2019-02-28</actionDate>
      <text>Read twice and referred to the Committee on Environment and Public Works.</text>
      <links />
    </latestAction>
    <calendarNumbers />
    <version>1.0.0</version>
  </bill>
  <dublinCore xmlns:dc="http://purl.org/dc/elements/1.1/">
    <dc:format>text/xml</dc:format>
    <dc:language>EN</dc:language>
    <dc:rights>Pursuant to Title 17 Section 105 of the United States Code, this file is not subject to copyright protection and is in the public domain.</dc:rights>
    <dc:contributor>Congressional Research Service, Library of Congress</dc:contributor>
    <dc:description>This file contains bill summaries and statuses for federal legislation. A bill summary describes the most significant provisions of a piece of legislation and details the effects the legislative text may have on current law and federal programs. Bill summaries are authored by the Congressional Research Service (CRS) of the Library of Congress. As stated in Public Law 91-510 (2 USC 166 (d)(6)), one of the duties of CRS is "to prepare summaries and digests of bills and resolutions of a public general nature introduced in the Senate or House of Representatives". For more information, refer to the User Guide that accompanies this file.</dc:description>
  </dublinCore>
</billStatus>

