<?xml version="1.0" encoding="UTF-8"?>
<billStatus>
  <bill>
    <billNumber>108</billNumber>
    <createDate>2019-01-11T05:40:18Z</createDate>
    <updateDate>2019-11-15T21:50:06Z</updateDate>
    <originChamber>Senate</originChamber>
    <billType>S</billType>
    <introducedDate>2019-01-10</introducedDate>
    <congress>116</congress>
    <recordedVotes />
    <committees>
      <billCommittees>
        <item>
          <systemCode>ssap00</systemCode>
          <name>Appropriations Committee</name>
          <chamber>Senate</chamber>
          <type>Standing</type>
          <subcommittees />
          <activities>
            <item>
              <name>Referred to</name>
              <date>2019-01-10T22:37:40Z</date>
            </item>
          </activities>
        </item>
      </billCommittees>
    </committees>
    <committeeReports />
    <relatedBills />
    <actions>
      <item>
        <actionDate>2019-01-10</actionDate>
        <committees>
          <item>
            <systemCode>ssap00</systemCode>
            <name>Appropriations Committee</name>
          </item>
        </committees>
        <links />
        <sourceSystem>
          <code>0</code>
          <name>Senate</name>
        </sourceSystem>
        <text>Read twice and referred to the Committee on Appropriations.</text>
        <type>IntroReferral</type>
      </item>
      <item>
        <actionDate>2019-01-10</actionDate>
        <links />
        <text>Introduced in Senate</text>
        <type>IntroReferral</type>
        <actionCode>10000</actionCode>
        <sourceSystem>
          <code>9</code>
          <name>Library of Congress</name>
        </sourceSystem>
        <committees />
      </item>
      <actionTypeCounts>
        <referredToCommittee>1</referredToCommittee>
        <introducedInSenate>1</introducedInSenate>
      </actionTypeCounts>
      <actionByCounts>
        <senate>2</senate>
      </actionByCounts>
    </actions>
    <sponsors>
      <item>
        <bioguideId>P000449</bioguideId>
        <fullName>Sen. Portman, Rob [R-OH]</fullName>
        <firstName>ROB</firstName>
        <middleName />
        <lastName>PORTMAN</lastName>
        <party>R</party>
        <state>OH</state>
        <identifiers>
          <lisID>924</lisID>
          <bioguideId>P000449</bioguideId>
          <gpoId>8266</gpoId>
        </identifiers>
        <byRequestType />
      </item>
    </sponsors>
    <cosponsors>
      <item>
        <bioguideId>M000934</bioguideId>
        <fullName>Sen. Moran, Jerry [R-KS]</fullName>
        <firstName>Jerry</firstName>
        <middleName />
        <lastName>Moran</lastName>
        <party>R</party>
        <state>KS</state>
        <identifiers>
          <lisID>1507</lisID>
          <bioguideId>M000934</bioguideId>
          <gpoId>8307</gpoId>
        </identifiers>
        <sponsorshipDate>2019-01-10</sponsorshipDate>
        <isOriginalCosponsor>True</isOriginalCosponsor>
        <sponsorshipWithdrawnDate />
      </item>
    </cosponsors>
    <cboCostEstimates />
    <laws />
    <notes />
    <policyArea>
      <name>Immigration</name>
    </policyArea>
    <subjects>
      <billSubjects>
        <legislativeSubjects>
          <item>
            <name>Appropriations</name>
          </item>
          <item>
            <name>Border security and unlawful immigration</name>
          </item>
          <item>
            <name>Congressional oversight</name>
          </item>
          <item>
            <name>Government trust funds</name>
          </item>
          <item>
            <name>Immigration status and procedures</name>
          </item>
        </legislativeSubjects>
        <policyArea>
          <name>Immigration</name>
        </policyArea>
      </billSubjects>
    </subjects>
    <summaries>
      <billSummaries>
        <item>
          <versionCode>00</versionCode>
          <actionDate>2019-01-10</actionDate>
          <actionDesc>Introduced in Senate</actionDesc>
          <lastSummaryUpdateDate>2019-01-31T14:29:59Z</lastSummaryUpdateDate>
          <text><![CDATA[<p>This bill directs the Department of Homeland Security (DHS) to establish a program for certain individuals without lawful immigration status to apply for deferred action status, and also appropriates $25 billion for border security.</p> <p>Deferred action status refers to an unlawful alien whose deportation may be delayed because DHS, exercising its discretion, considers the case a low priority. Under the bill, an individual must meet certain criteria for eligibility, such as having been previously granted the status before this bill was enacted. The individual must also have been less than 31 years old on June 15, 2012, entered the United States before the age of 16, and not been convicted of a felony or significant misdemeanor, among other requirements. </p> <p>The bill also establishes the Border Security Trust Fund with the appropriated $25 billion. The fund shall be available for the construction of not fewer than 700 miles of reinforced fencing, additional physical barriers, access and patrol roads, and other equipment and technology related to border security. DHS shall report to Congress annually on the status of the construction and the estimated number of unlawful border crossings.<br> </p>]]></text>
          <updateDate>2019-01-10T05:00:00Z</updateDate>
          <name>Introduced in Senate</name>
        </item>
      </billSummaries>
    </summaries>
    <title>A bill to provide deferred action for certain individuals brought to the United States and to establish a border security trust fund, and for other purposes.</title>
    <titles>
      <item>
        <titleType>Official Title as Introduced</titleType>
        <parentTitleType />
        <title>A bill to provide deferred action for certain individuals brought to the United States and to establish a border security trust fund, and for other purposes.</title>
        <chamberCode />
        <chamberName />
      </item>
      <item>
        <titleType>Display Title</titleType>
        <parentTitleType />
        <title>A bill to provide deferred action for certain individuals brought to the United States and to establish a border security trust fund, and for other purposes.</title>
        <chamberCode />
        <chamberName />
      </item>
    </titles>
    <amendments />
    <textVersions>
      <item>
        <type>Introduced in Senate</type>
        <date>2019-01-10T05:00:00Z</date>
        <formats>
          <item>
            <url>https://www.govinfo.gov/content/pkg/BILLS-116s108is/xml/BILLS-116s108is.xml</url>
          </item>
        </formats>
      </item>
    </textVersions>
    <latestAction>
      <actionDate>2019-01-10</actionDate>
      <text>Read twice and referred to the Committee on Appropriations.</text>
      <links />
    </latestAction>
    <calendarNumbers />
    <version>1.0.0</version>
  </bill>
  <dublinCore xmlns:dc="http://purl.org/dc/elements/1.1/">
    <dc:format>text/xml</dc:format>
    <dc:language>EN</dc:language>
    <dc:rights>Pursuant to Title 17 Section 105 of the United States Code, this file is not subject to copyright protection and is in the public domain.</dc:rights>
    <dc:contributor>Congressional Research Service, Library of Congress</dc:contributor>
    <dc:description>This file contains bill summaries and statuses for federal legislation. A bill summary describes the most significant provisions of a piece of legislation and details the effects the legislative text may have on current law and federal programs. Bill summaries are authored by the Congressional Research Service (CRS) of the Library of Congress. As stated in Public Law 91-510 (2 USC 166 (d)(6)), one of the duties of CRS is "to prepare summaries and digests of bills and resolutions of a public general nature introduced in the Senate or House of Representatives". For more information, refer to the User Guide that accompanies this file.</dc:description>
  </dublinCore>
</billStatus>

