<?xml version="1.0" encoding="UTF-8"?>
<billStatus>
  <bill>
    <billNumber>207</billNumber>
    <createDate>2019-01-25T06:10:13Z</createDate>
    <updateDate>2021-07-10T20:20:38Z</updateDate>
    <originChamber>Senate</originChamber>
    <billType>S</billType>
    <introducedDate>2019-01-24</introducedDate>
    <congress>116</congress>
    <recordedVotes />
    <committees>
      <billCommittees>
        <item>
          <systemCode>slia00</systemCode>
          <name>Indian Affairs Committee</name>
          <chamber>Senate</chamber>
          <type>Other</type>
          <subcommittees />
          <activities>
            <item>
              <name>Markup by</name>
              <date>2019-01-29T19:30:36Z</date>
            </item>
            <item>
              <name>Referred to</name>
              <date>2019-01-24T19:34:13Z</date>
            </item>
          </activities>
        </item>
      </billCommittees>
    </committees>
    <committeeReports />
    <relatedBills>
      <item>
        <latestTitle>Addressing Underdeveloped and Tribally Operated Streets Act</latestTitle>
        <congress>116</congress>
        <number>1211</number>
        <type>S</type>
        <latestAction>
          <actionDate>2019-06-19</actionDate>
          <text>Committee on Indian Affairs. Ordered to be reported with an amendment in the nature of a substitute favorably.</text>
        </latestAction>
        <relationshipDetails>
          <item>
            <type>Related bill</type>
            <identifiedBy>CRS</identifiedBy>
          </item>
        </relationshipDetails>
      </item>
      <item>
        <latestTitle>America's Transportation Infrastructure Act of 2019</latestTitle>
        <congress>116</congress>
        <number>2302</number>
        <type>S</type>
        <latestAction>
          <actionDate>2020-01-08</actionDate>
          <text>By Senator Barrasso from Committee on Environment and Public Works filed written report. Report No. 116-200.</text>
        </latestAction>
        <relationshipDetails>
          <item>
            <type>Related bill</type>
            <identifiedBy>CRS</identifiedBy>
          </item>
        </relationshipDetails>
      </item>
    </relatedBills>
    <actions>
      <item>
        <actionDate>2019-01-29</actionDate>
        <committees>
          <item>
            <systemCode>slia00</systemCode>
            <name>Indian Affairs Committee</name>
          </item>
        </committees>
        <links />
        <sourceSystem>
          <code>0</code>
          <name>Senate</name>
        </sourceSystem>
        <text>Committee on Indian Affairs. Ordered to be reported without amendment favorably.</text>
        <type>Committee</type>
      </item>
      <item>
        <actionDate>2019-01-24</actionDate>
        <committees>
          <item>
            <systemCode>slia00</systemCode>
            <name>Indian Affairs Committee</name>
          </item>
        </committees>
        <links />
        <sourceSystem>
          <code>0</code>
          <name>Senate</name>
        </sourceSystem>
        <text>Read twice and referred to the Committee on Indian Affairs.</text>
        <type>IntroReferral</type>
      </item>
      <item>
        <actionDate>2019-01-24</actionDate>
        <links />
        <text>Introduced in Senate</text>
        <type>IntroReferral</type>
        <actionCode>10000</actionCode>
        <sourceSystem>
          <code>9</code>
          <name>Library of Congress</name>
        </sourceSystem>
        <committees />
      </item>
      <actionTypeCounts>
        <orderedReported>1</orderedReported>
        <referredToCommittee>1</referredToCommittee>
        <introducedInSenate>1</introducedInSenate>
      </actionTypeCounts>
      <actionByCounts>
        <senate>3</senate>
      </actionByCounts>
    </actions>
    <sponsors>
      <item>
        <bioguideId>B001261</bioguideId>
        <fullName>Sen. Barrasso, John [R-WY]</fullName>
        <firstName>John</firstName>
        <middleName />
        <lastName>Barrasso</lastName>
        <party>R</party>
        <state>WY</state>
        <identifiers>
          <lisID>1881</lisID>
          <bioguideId>B001261</bioguideId>
          <gpoId>8300</gpoId>
        </identifiers>
        <byRequestType />
      </item>
    </sponsors>
    <cosponsors>
      <item>
        <bioguideId>E000285</bioguideId>
        <fullName>Sen. Enzi, Michael B. [R-WY]</fullName>
        <firstName>MICHAEL</firstName>
        <middleName>B.</middleName>
        <lastName>ENZI</lastName>
        <party>R</party>
        <state>WY</state>
        <identifiers>
          <lisID>1542</lisID>
          <bioguideId>E000285</bioguideId>
          <gpoId>8328</gpoId>
        </identifiers>
        <sponsorshipDate>2019-01-29</sponsorshipDate>
        <isOriginalCosponsor>False</isOriginalCosponsor>
        <sponsorshipWithdrawnDate />
      </item>
    </cosponsors>
    <cboCostEstimates>
      <item>
        <pubDate>2019-02-11T21:08:14Z</pubDate>
        <title>S. 207, a bill to enhance tribal road safety, and for other purposes</title>
        <url>https://www.cbo.gov/publication/54972</url>
      </item>
    </cboCostEstimates>
    <laws />
    <notes />
    <policyArea>
      <name>Native Americans</name>
    </policyArea>
    <subjects>
      <billSubjects>
        <legislativeSubjects>
          <item>
            <name>Administrative law and regulatory procedures</name>
          </item>
          <item>
            <name>Congressional oversight</name>
          </item>
          <item>
            <name>Department of the Interior</name>
          </item>
          <item>
            <name>Environmental assessment, monitoring, research</name>
          </item>
          <item>
            <name>Federal-Indian relations</name>
          </item>
          <item>
            <name>Government information and archives</name>
          </item>
          <item>
            <name>Indian lands and resources rights</name>
          </item>
          <item>
            <name>Land use and conservation</name>
          </item>
          <item>
            <name>Motor carriers</name>
          </item>
          <item>
            <name>Pedestrians and bicycling</name>
          </item>
          <item>
            <name>Railroads</name>
          </item>
          <item>
            <name>Roads and highways</name>
          </item>
          <item>
            <name>Transportation programs funding</name>
          </item>
          <item>
            <name>Transportation safety and security</name>
          </item>
        </legislativeSubjects>
        <policyArea>
          <name>Native Americans</name>
        </policyArea>
      </billSubjects>
    </subjects>
    <summaries>
      <billSummaries>
        <item>
          <versionCode>00</versionCode>
          <actionDate>2019-01-24</actionDate>
          <actionDesc>Introduced in Senate</actionDesc>
          <lastSummaryUpdateDate>2020-05-21T12:37:44Z</lastSummaryUpdateDate>
          <text><![CDATA[<p>This bill modifies the National Environmental Policy Act (NEPA) approval process for tribal transportation safety projects to categorically exclude&nbsp;qualifying projects from requirements to conduct environmental assessments and environmental impact statements. A tribal transportation safety project is one that is eligible for assistance under the tribal transportation program and that (1) corrects or improves a hazardous road location or feature, or (2) addresses a highway safety problem.</p> <p>The Department of the Interior must (1) review existing Federal Highway Administration categorical exclusions to determine applicability to tribal transportation program projects, and (2) identify tribal transportation safety projects that meet general categorical exclusion requirements. Interior must establish categorical exclusions for tribal projects consistent with its findings.</p> <p>The bill prescribes requirements for the expedited review and approval of tribal transportation safety projects under NEPA or other federal laws.</p> <p>Interior must enter into five-year programmatic agreements with Indian tribes that establish efficient administrative procedures for carrying out environmental reviews for tribal transportation program projects. An agreement may allow a tribe to determine whether a project is categorically excluded from the preparation of an environmental assessment or impact statement under NEPA.</p>]]></text>
          <updateDate>2019-01-24T05:00:00Z</updateDate>
          <name>Introduced in Senate</name>
        </item>
      </billSummaries>
    </summaries>
    <title>A bill to enhance tribal road safety, and for other purposes.</title>
    <titles>
      <item>
        <titleType>Official Title as Introduced</titleType>
        <parentTitleType />
        <title>A bill to enhance tribal road safety, and for other purposes.</title>
        <chamberCode />
        <chamberName />
      </item>
      <item>
        <titleType>Display Title</titleType>
        <parentTitleType />
        <title>A bill to enhance tribal road safety, and for other purposes.</title>
        <chamberCode />
        <chamberName />
      </item>
    </titles>
    <amendments />
    <textVersions>
      <item>
        <type>Introduced in Senate</type>
        <date>2019-01-24T05:00:00Z</date>
        <formats>
          <item>
            <url>https://www.govinfo.gov/content/pkg/BILLS-116s207is/xml/BILLS-116s207is.xml</url>
          </item>
        </formats>
      </item>
    </textVersions>
    <latestAction>
      <actionDate>2019-01-29</actionDate>
      <text>Committee on Indian Affairs. Ordered to be reported without amendment favorably.</text>
      <links />
    </latestAction>
    <calendarNumbers />
    <version>1.0.0</version>
  </bill>
  <dublinCore xmlns:dc="http://purl.org/dc/elements/1.1/">
    <dc:format>text/xml</dc:format>
    <dc:language>EN</dc:language>
    <dc:rights>Pursuant to Title 17 Section 105 of the United States Code, this file is not subject to copyright protection and is in the public domain.</dc:rights>
    <dc:contributor>Congressional Research Service, Library of Congress</dc:contributor>
    <dc:description>This file contains bill summaries and statuses for federal legislation. A bill summary describes the most significant provisions of a piece of legislation and details the effects the legislative text may have on current law and federal programs. Bill summaries are authored by the Congressional Research Service (CRS) of the Library of Congress. As stated in Public Law 91-510 (2 USC 166 (d)(6)), one of the duties of CRS is "to prepare summaries and digests of bills and resolutions of a public general nature introduced in the Senate or House of Representatives". For more information, refer to the User Guide that accompanies this file.</dc:description>
  </dublinCore>
</billStatus>

