<?xml version="1.0" encoding="UTF-8"?>
<billStatus>
  <bill>
    <billNumber>131</billNumber>
    <createDate>2019-01-16T05:40:17Z</createDate>
    <updateDate>2021-07-10T20:19:37Z</updateDate>
    <originChamber>Senate</originChamber>
    <billType>S</billType>
    <introducedDate>2019-01-15</introducedDate>
    <congress>116</congress>
    <recordedVotes />
    <committees>
      <billCommittees>
        <item>
          <systemCode>ssfi00</systemCode>
          <name>Finance Committee</name>
          <chamber>Senate</chamber>
          <type>Standing</type>
          <subcommittees />
          <activities>
            <item>
              <name>Referred to</name>
              <date>2019-01-15T21:29:33Z</date>
            </item>
          </activities>
        </item>
      </billCommittees>
    </committees>
    <committeeReports />
    <relatedBills>
      <item>
        <latestTitle>Protect Medicaid Act</latestTitle>
        <congress>116</congress>
        <number>2856</number>
        <type>HR</type>
        <latestAction>
          <actionDate>2019-05-22</actionDate>
          <text>Referred to the Subcommittee on Health.</text>
        </latestAction>
        <relationshipDetails>
          <item>
            <type>Identical bill</type>
            <identifiedBy>CRS</identifiedBy>
          </item>
        </relationshipDetails>
      </item>
    </relatedBills>
    <actions>
      <item>
        <actionDate>2019-01-15</actionDate>
        <committees>
          <item>
            <systemCode>ssfi00</systemCode>
            <name>Finance Committee</name>
          </item>
        </committees>
        <links />
        <sourceSystem>
          <code>0</code>
          <name>Senate</name>
        </sourceSystem>
        <text>Read twice and referred to the Committee on Finance.</text>
        <type>IntroReferral</type>
      </item>
      <item>
        <actionDate>2019-01-15</actionDate>
        <links />
        <text>Introduced in Senate</text>
        <type>IntroReferral</type>
        <actionCode>10000</actionCode>
        <sourceSystem>
          <code>9</code>
          <name>Library of Congress</name>
        </sourceSystem>
        <committees />
      </item>
      <actionTypeCounts>
        <referredToCommittee>1</referredToCommittee>
        <introducedInSenate>1</introducedInSenate>
      </actionTypeCounts>
      <actionByCounts>
        <senate>2</senate>
      </actionByCounts>
    </actions>
    <sponsors>
      <item>
        <bioguideId>C001075</bioguideId>
        <fullName>Sen. Cassidy, Bill [R-LA]</fullName>
        <firstName>Bill</firstName>
        <middleName />
        <lastName>Cassidy</lastName>
        <party>R</party>
        <state>LA</state>
        <identifiers>
          <lisID>1925</lisID>
          <bioguideId>C001075</bioguideId>
          <gpoId>7964</gpoId>
        </identifiers>
        <byRequestType />
      </item>
    </sponsors>
    <cosponsors>
      <item>
        <bioguideId>I000024</bioguideId>
        <fullName>Sen. Inhofe, James M. [R-OK]</fullName>
        <firstName>JIM</firstName>
        <middleName />
        <lastName>INHOFE</lastName>
        <party>R</party>
        <state>OK</state>
        <identifiers>
          <lisID>583</lisID>
          <bioguideId>I000024</bioguideId>
          <gpoId>8322</gpoId>
        </identifiers>
        <sponsorshipDate>2019-01-15</sponsorshipDate>
        <isOriginalCosponsor>True</isOriginalCosponsor>
        <sponsorshipWithdrawnDate />
      </item>
      <item>
        <bioguideId>B001261</bioguideId>
        <fullName>Sen. Barrasso, John [R-WY]</fullName>
        <firstName>John</firstName>
        <middleName />
        <lastName>Barrasso</lastName>
        <party>R</party>
        <state>WY</state>
        <identifiers>
          <lisID>1881</lisID>
          <bioguideId>B001261</bioguideId>
          <gpoId>8300</gpoId>
        </identifiers>
        <sponsorshipDate>2019-01-15</sponsorshipDate>
        <isOriginalCosponsor>True</isOriginalCosponsor>
        <sponsorshipWithdrawnDate />
      </item>
      <item>
        <bioguideId>H001079</bioguideId>
        <fullName>Sen. Hyde-Smith, Cindy [R-MS]</fullName>
        <firstName>Cindy</firstName>
        <middleName />
        <lastName>Hyde-Smith</lastName>
        <party>R</party>
        <state>MS</state>
        <identifiers>
          <lisID>2366</lisID>
          <bioguideId>H001079</bioguideId>
          <gpoId />
        </identifiers>
        <sponsorshipDate>2019-01-15</sponsorshipDate>
        <isOriginalCosponsor>True</isOriginalCosponsor>
        <sponsorshipWithdrawnDate />
      </item>
      <item>
        <bioguideId>W000437</bioguideId>
        <fullName>Sen. Wicker, Roger F. [R-MS]</fullName>
        <firstName>ROGER</firstName>
        <middleName>F.</middleName>
        <lastName>WICKER</lastName>
        <party>R</party>
        <state>MS</state>
        <identifiers>
          <lisID>1226</lisID>
          <bioguideId>W000437</bioguideId>
          <gpoId>8263</gpoId>
        </identifiers>
        <sponsorshipDate>2019-01-15</sponsorshipDate>
        <isOriginalCosponsor>True</isOriginalCosponsor>
        <sponsorshipWithdrawnDate />
      </item>
      <item>
        <bioguideId>B001243</bioguideId>
        <fullName>Sen. Blackburn, Marsha [R-TN]</fullName>
        <firstName>Marsha</firstName>
        <middleName />
        <lastName>Blackburn</lastName>
        <party>R</party>
        <state>TN</state>
        <identifiers>
          <lisID>1748</lisID>
          <bioguideId>B001243</bioguideId>
          <gpoId>8154</gpoId>
        </identifiers>
        <sponsorshipDate>2019-01-15</sponsorshipDate>
        <isOriginalCosponsor>True</isOriginalCosponsor>
        <sponsorshipWithdrawnDate />
      </item>
      <item>
        <bioguideId>P000612</bioguideId>
        <fullName>Sen. Perdue, David [R-GA]</fullName>
        <firstName>David</firstName>
        <middleName>Alfred</middleName>
        <lastName>Perdue</lastName>
        <party>R</party>
        <state>GA</state>
        <identifiers>
          <lisID>2286</lisID>
          <bioguideId>P000612</bioguideId>
          <gpoId />
        </identifiers>
        <sponsorshipDate>2019-01-15</sponsorshipDate>
        <isOriginalCosponsor>True</isOriginalCosponsor>
        <sponsorshipWithdrawnDate />
      </item>
      <item>
        <bioguideId>L000577</bioguideId>
        <fullName>Sen. Lee, Mike [R-UT]</fullName>
        <firstName>Mike</firstName>
        <middleName />
        <lastName>Lee</lastName>
        <party>R</party>
        <state>UT</state>
        <identifiers>
          <lisID>2080</lisID>
          <bioguideId>L000577</bioguideId>
          <gpoId>8303</gpoId>
        </identifiers>
        <sponsorshipDate>2019-01-16</sponsorshipDate>
        <isOriginalCosponsor>False</isOriginalCosponsor>
        <sponsorshipWithdrawnDate />
      </item>
      <item>
        <bioguideId>K000393</bioguideId>
        <fullName>Sen. Kennedy, John [R-LA]</fullName>
        <firstName>John</firstName>
        <middleName>Neely</middleName>
        <lastName>Kennedy</lastName>
        <party>R</party>
        <state>LA</state>
        <identifiers>
          <lisID>2303</lisID>
          <bioguideId>K000393</bioguideId>
          <gpoId />
        </identifiers>
        <sponsorshipDate>2019-01-17</sponsorshipDate>
        <isOriginalCosponsor>False</isOriginalCosponsor>
        <sponsorshipWithdrawnDate />
      </item>
      <item>
        <bioguideId>E000295</bioguideId>
        <fullName>Sen. Ernst, Joni  [R-IA]</fullName>
        <firstName>Joni</firstName>
        <middleName />
        <lastName>Ernst</lastName>
        <party>R</party>
        <state>IA</state>
        <identifiers>
          <lisID>2283</lisID>
          <bioguideId>E000295</bioguideId>
          <gpoId />
        </identifiers>
        <sponsorshipDate>2019-01-31</sponsorshipDate>
        <isOriginalCosponsor>False</isOriginalCosponsor>
        <sponsorshipWithdrawnDate />
      </item>
      <item>
        <bioguideId>B001310</bioguideId>
        <fullName>Sen. Braun, Mike  [R-IN]</fullName>
        <firstName>Mike</firstName>
        <middleName />
        <lastName>Braun</lastName>
        <party>R</party>
        <state>IN</state>
        <identifiers>
          <lisID>2462</lisID>
          <bioguideId>B001310</bioguideId>
          <gpoId />
        </identifiers>
        <sponsorshipDate>2019-07-31</sponsorshipDate>
        <isOriginalCosponsor>False</isOriginalCosponsor>
        <sponsorshipWithdrawnDate />
      </item>
    </cosponsors>
    <cboCostEstimates />
    <laws />
    <notes />
    <policyArea>
      <name>Health</name>
    </policyArea>
    <subjects>
      <billSubjects>
        <legislativeSubjects>
          <item>
            <name>Congressional oversight</name>
          </item>
          <item>
            <name>Government studies and investigations</name>
          </item>
          <item>
            <name>Health care costs and insurance</name>
          </item>
          <item>
            <name>Health programs administration and funding</name>
          </item>
          <item>
            <name>Home and outpatient care</name>
          </item>
          <item>
            <name>Immigrant health and welfare</name>
          </item>
          <item>
            <name>Immigration status and procedures</name>
          </item>
          <item>
            <name>Inflation and prices</name>
          </item>
          <item>
            <name>Medicaid</name>
          </item>
          <item>
            <name>Prescription drugs</name>
          </item>
          <item>
            <name>State and local finance</name>
          </item>
        </legislativeSubjects>
        <policyArea>
          <name>Health</name>
        </policyArea>
      </billSubjects>
    </subjects>
    <summaries>
      <billSummaries>
        <item>
          <versionCode>00</versionCode>
          <actionDate>2019-01-15</actionDate>
          <actionDesc>Introduced in Senate</actionDesc>
          <lastSummaryUpdateDate>2019-06-24T20:04:52Z</lastSummaryUpdateDate>
          <text><![CDATA[<p><b>Protect Medicaid Act</b></p> <p>This bill prohibits federal payment under Medicaid for the administrative costs of providing health benefits to noncitizens who are ineligible for Medicaid based on their immigration status. The Department of Health and Human Services must report on specified information regarding states that provide health benefits to such individuals.</p>]]></text>
          <updateDate>2019-01-15T05:00:00Z</updateDate>
          <name>Introduced in Senate</name>
        </item>
      </billSummaries>
    </summaries>
    <title>Protect Medicaid Act</title>
    <titles>
      <item>
        <titleType>Short Title(s) as Introduced</titleType>
        <parentTitleType>Short Title</parentTitleType>
        <title>Protect Medicaid Act</title>
        <chamberCode />
        <chamberName />
      </item>
      <item>
        <titleType>Official Title as Introduced</titleType>
        <parentTitleType />
        <title>A bill to amend title XIX of the Social Security Act to prohibit Federal Medicaid funding for the administrative costs of providing health benefits to individuals who are unauthorized immigrants.</title>
        <chamberCode />
        <chamberName />
      </item>
      <item>
        <titleType>Display Title</titleType>
        <parentTitleType />
        <title>Protect Medicaid Act</title>
        <chamberCode />
        <chamberName />
      </item>
    </titles>
    <amendments />
    <textVersions>
      <item>
        <type>Introduced in Senate</type>
        <date>2019-01-15T05:00:00Z</date>
        <formats>
          <item>
            <url>https://www.govinfo.gov/content/pkg/BILLS-116s131is/xml/BILLS-116s131is.xml</url>
          </item>
        </formats>
      </item>
    </textVersions>
    <latestAction>
      <actionDate>2019-01-15</actionDate>
      <text>Read twice and referred to the Committee on Finance.</text>
      <links />
    </latestAction>
    <calendarNumbers />
    <version>1.0.0</version>
  </bill>
  <dublinCore xmlns:dc="http://purl.org/dc/elements/1.1/">
    <dc:format>text/xml</dc:format>
    <dc:language>EN</dc:language>
    <dc:rights>Pursuant to Title 17 Section 105 of the United States Code, this file is not subject to copyright protection and is in the public domain.</dc:rights>
    <dc:contributor>Congressional Research Service, Library of Congress</dc:contributor>
    <dc:description>This file contains bill summaries and statuses for federal legislation. A bill summary describes the most significant provisions of a piece of legislation and details the effects the legislative text may have on current law and federal programs. Bill summaries are authored by the Congressional Research Service (CRS) of the Library of Congress. As stated in Public Law 91-510 (2 USC 166 (d)(6)), one of the duties of CRS is "to prepare summaries and digests of bills and resolutions of a public general nature introduced in the Senate or House of Representatives". For more information, refer to the User Guide that accompanies this file.</dc:description>
  </dublinCore>
</billStatus>

