<?xml version="1.0" encoding="UTF-8"?>
<billStatus>
  <bill>
    <billNumber>1149</billNumber>
    <createDate>2019-04-12T04:57:10Z</createDate>
    <updateDate>2021-07-10T20:19:38Z</updateDate>
    <originChamber>Senate</originChamber>
    <billType>S</billType>
    <introducedDate>2019-04-11</introducedDate>
    <congress>116</congress>
    <recordedVotes />
    <committees>
      <billCommittees>
        <item>
          <systemCode>ssfi00</systemCode>
          <name>Finance Committee</name>
          <chamber>Senate</chamber>
          <type>Standing</type>
          <subcommittees />
          <activities>
            <item>
              <name>Referred to</name>
              <date>2019-04-11T15:23:36Z</date>
            </item>
          </activities>
        </item>
      </billCommittees>
    </committees>
    <committeeReports />
    <relatedBills>
      <item>
        <latestTitle>Main Street Tax Certainty Act</latestTitle>
        <congress>116</congress>
        <number>216</number>
        <type>HR</type>
        <latestAction>
          <actionDate>2019-01-03</actionDate>
          <text>Referred to the House Committee on Ways and Means.</text>
        </latestAction>
        <relationshipDetails>
          <item>
            <type>Identical bill</type>
            <identifiedBy>CRS</identifiedBy>
          </item>
        </relationshipDetails>
      </item>
      <item>
        <latestTitle>Responsible Relief for Americans Act</latestTitle>
        <congress>116</congress>
        <number>6396</number>
        <type>HR</type>
        <latestAction>
          <actionDate>2020-09-30</actionDate>
          <text>Referred to the Subcommittee on Health.</text>
        </latestAction>
        <relationshipDetails>
          <item>
            <type>Related bill</type>
            <identifiedBy>CRS</identifiedBy>
          </item>
        </relationshipDetails>
      </item>
    </relatedBills>
    <actions>
      <item>
        <actionDate>2019-04-11</actionDate>
        <committees>
          <item>
            <systemCode>ssfi00</systemCode>
            <name>Finance Committee</name>
          </item>
        </committees>
        <links />
        <sourceSystem>
          <code>0</code>
          <name>Senate</name>
        </sourceSystem>
        <text>Read twice and referred to the Committee on Finance.</text>
        <type>IntroReferral</type>
      </item>
      <item>
        <actionDate>2019-04-11</actionDate>
        <links />
        <text>Introduced in Senate</text>
        <type>IntroReferral</type>
        <actionCode>10000</actionCode>
        <sourceSystem>
          <code>9</code>
          <name>Library of Congress</name>
        </sourceSystem>
        <committees />
      </item>
      <actionTypeCounts>
        <referredToCommittee>1</referredToCommittee>
        <introducedInSenate>1</introducedInSenate>
      </actionTypeCounts>
      <actionByCounts>
        <senate>2</senate>
      </actionByCounts>
    </actions>
    <sponsors>
      <item>
        <bioguideId>D000618</bioguideId>
        <fullName>Sen. Daines, Steve [R-MT]</fullName>
        <firstName>Steve</firstName>
        <middleName />
        <lastName>Daines</lastName>
        <party>R</party>
        <state>MT</state>
        <identifiers>
          <lisID>2138</lisID>
          <bioguideId>D000618</bioguideId>
          <gpoId />
        </identifiers>
        <byRequestType />
      </item>
    </sponsors>
    <cosponsors>
      <item>
        <bioguideId>R000307</bioguideId>
        <fullName>Sen. Roberts, Pat [R-KS]</fullName>
        <firstName>PAT</firstName>
        <middleName />
        <lastName>ROBERTS</lastName>
        <party>R</party>
        <state>KS</state>
        <identifiers>
          <lisID>968</lisID>
          <bioguideId>R000307</bioguideId>
          <gpoId>8275</gpoId>
        </identifiers>
        <sponsorshipDate>2019-04-11</sponsorshipDate>
        <isOriginalCosponsor>True</isOriginalCosponsor>
        <sponsorshipWithdrawnDate />
      </item>
      <item>
        <bioguideId>T000250</bioguideId>
        <fullName>Sen. Thune, John [R-SD]</fullName>
        <firstName>JOHN</firstName>
        <middleName>R.</middleName>
        <lastName>THUNE</lastName>
        <party>R</party>
        <state>SD</state>
        <identifiers>
          <lisID>1534</lisID>
          <bioguideId>T000250</bioguideId>
          <gpoId>8257</gpoId>
        </identifiers>
        <sponsorshipDate>2019-04-11</sponsorshipDate>
        <isOriginalCosponsor>True</isOriginalCosponsor>
        <sponsorshipWithdrawnDate />
      </item>
      <item>
        <bioguideId>B001243</bioguideId>
        <fullName>Sen. Blackburn, Marsha [R-TN]</fullName>
        <firstName>Marsha</firstName>
        <middleName />
        <lastName>Blackburn</lastName>
        <party>R</party>
        <state>TN</state>
        <identifiers>
          <lisID>1748</lisID>
          <bioguideId>B001243</bioguideId>
          <gpoId>8154</gpoId>
        </identifiers>
        <sponsorshipDate>2019-05-06</sponsorshipDate>
        <isOriginalCosponsor>False</isOriginalCosponsor>
        <sponsorshipWithdrawnDate />
      </item>
      <item>
        <bioguideId>B001310</bioguideId>
        <fullName>Sen. Braun, Mike  [R-IN]</fullName>
        <firstName>Mike</firstName>
        <middleName />
        <lastName>Braun</lastName>
        <party>R</party>
        <state>IN</state>
        <identifiers>
          <lisID>2462</lisID>
          <bioguideId>B001310</bioguideId>
          <gpoId />
        </identifiers>
        <sponsorshipDate>2020-12-16</sponsorshipDate>
        <isOriginalCosponsor>False</isOriginalCosponsor>
        <sponsorshipWithdrawnDate />
      </item>
    </cosponsors>
    <cboCostEstimates />
    <laws />
    <notes />
    <policyArea>
      <name>Taxation</name>
    </policyArea>
    <subjects>
      <billSubjects>
        <legislativeSubjects>
          <item>
            <name>Income tax deductions</name>
          </item>
          <item>
            <name>Tax administration and collection, taxpayers</name>
          </item>
        </legislativeSubjects>
        <policyArea>
          <name>Taxation</name>
        </policyArea>
      </billSubjects>
    </subjects>
    <summaries>
      <billSummaries>
        <item>
          <versionCode>00</versionCode>
          <actionDate>2019-04-11</actionDate>
          <actionDesc>Introduced in Senate</actionDesc>
          <lastSummaryUpdateDate>2019-04-29T19:52:44Z</lastSummaryUpdateDate>
          <text><![CDATA[<p><b>Main Street Tax Certainty Act </b></p> <p>This bill makes permanent the tax deduction for qualified business income. (Under current law, the deduction expires after December 31, 2025.)</p>]]></text>
          <updateDate>2019-04-11T04:00:00Z</updateDate>
          <name>Introduced in Senate</name>
        </item>
      </billSummaries>
    </summaries>
    <title>Main Street Tax Certainty Act</title>
    <titles>
      <item>
        <titleType>Short Title(s) as Introduced</titleType>
        <parentTitleType>Short Title</parentTitleType>
        <title>Main Street Tax Certainty Act</title>
        <chamberCode />
        <chamberName />
      </item>
      <item>
        <titleType>Official Title as Introduced</titleType>
        <parentTitleType />
        <title>A bill to amend the Internal Revenue Code of 1986 to make permanent the deduction for qualified business income.</title>
        <chamberCode />
        <chamberName />
      </item>
      <item>
        <titleType>Display Title</titleType>
        <parentTitleType />
        <title>Main Street Tax Certainty Act</title>
        <chamberCode />
        <chamberName />
      </item>
    </titles>
    <amendments />
    <textVersions>
      <item>
        <type>Introduced in Senate</type>
        <date>2019-04-11T04:00:00Z</date>
        <formats>
          <item>
            <url>https://www.govinfo.gov/content/pkg/BILLS-116s1149is/xml/BILLS-116s1149is.xml</url>
          </item>
        </formats>
      </item>
    </textVersions>
    <latestAction>
      <actionDate>2019-04-11</actionDate>
      <text>Read twice and referred to the Committee on Finance.</text>
      <links />
    </latestAction>
    <calendarNumbers />
    <version>1.0.0</version>
  </bill>
  <dublinCore xmlns:dc="http://purl.org/dc/elements/1.1/">
    <dc:format>text/xml</dc:format>
    <dc:language>EN</dc:language>
    <dc:rights>Pursuant to Title 17 Section 105 of the United States Code, this file is not subject to copyright protection and is in the public domain.</dc:rights>
    <dc:contributor>Congressional Research Service, Library of Congress</dc:contributor>
    <dc:description>This file contains bill summaries and statuses for federal legislation. A bill summary describes the most significant provisions of a piece of legislation and details the effects the legislative text may have on current law and federal programs. Bill summaries are authored by the Congressional Research Service (CRS) of the Library of Congress. As stated in Public Law 91-510 (2 USC 166 (d)(6)), one of the duties of CRS is "to prepare summaries and digests of bills and resolutions of a public general nature introduced in the Senate or House of Representatives". For more information, refer to the User Guide that accompanies this file.</dc:description>
  </dublinCore>
</billStatus>

