<?xml version="1.0" encoding="UTF-8"?>
<billStatus>
  <bill>
    <billNumber>148</billNumber>
    <createDate>2019-01-17T05:40:11Z</createDate>
    <updateDate>2021-06-11T21:59:18Z</updateDate>
    <originChamber>Senate</originChamber>
    <billType>S</billType>
    <introducedDate>2019-01-16</introducedDate>
    <congress>116</congress>
    <recordedVotes />
    <committees>
      <billCommittees>
        <item>
          <systemCode>ssbk00</systemCode>
          <name>Banking, Housing, and Urban Affairs Committee</name>
          <chamber>Senate</chamber>
          <type>Standing</type>
          <subcommittees />
          <activities>
            <item>
              <name>Referred to</name>
              <date>2019-01-16T20:12:14Z</date>
            </item>
          </activities>
        </item>
      </billCommittees>
    </committees>
    <committeeReports />
    <relatedBills>
      <item>
        <latestTitle>Federal Reserve Transparency Act of 2019</latestTitle>
        <congress>116</congress>
        <number>24</number>
        <type>HR</type>
        <latestAction>
          <actionDate>2019-01-03</actionDate>
          <text>Referred to the House Committee on Oversight and Reform.</text>
        </latestAction>
        <relationshipDetails>
          <item>
            <type>Related bill</type>
            <identifiedBy>CRS</identifiedBy>
          </item>
        </relationshipDetails>
      </item>
    </relatedBills>
    <actions>
      <item>
        <actionDate>2019-01-16</actionDate>
        <committees>
          <item>
            <systemCode>ssbk00</systemCode>
            <name>Banking, Housing, and Urban Affairs Committee</name>
          </item>
        </committees>
        <links />
        <sourceSystem>
          <code>0</code>
          <name>Senate</name>
        </sourceSystem>
        <text>Read twice and referred to the Committee on Banking, Housing, and Urban Affairs.</text>
        <type>IntroReferral</type>
      </item>
      <item>
        <actionDate>2019-01-16</actionDate>
        <links />
        <text>Introduced in Senate</text>
        <type>IntroReferral</type>
        <actionCode>10000</actionCode>
        <sourceSystem>
          <code>9</code>
          <name>Library of Congress</name>
        </sourceSystem>
        <committees />
      </item>
      <actionTypeCounts>
        <referredToCommittee>1</referredToCommittee>
        <introducedInSenate>1</introducedInSenate>
      </actionTypeCounts>
      <actionByCounts>
        <senate>2</senate>
      </actionByCounts>
    </actions>
    <sponsors>
      <item>
        <bioguideId>P000603</bioguideId>
        <fullName>Sen. Paul, Rand [R-KY]</fullName>
        <firstName>Rand</firstName>
        <middleName />
        <lastName>Paul</lastName>
        <party>R</party>
        <state>KY</state>
        <identifiers>
          <lisID>2082</lisID>
          <bioguideId>P000603</bioguideId>
          <gpoId>8308</gpoId>
        </identifiers>
        <byRequestType />
      </item>
    </sponsors>
    <cosponsors>
      <item>
        <bioguideId>L000577</bioguideId>
        <fullName>Sen. Lee, Mike [R-UT]</fullName>
        <firstName>Mike</firstName>
        <middleName />
        <lastName>Lee</lastName>
        <party>R</party>
        <state>UT</state>
        <identifiers>
          <lisID>2080</lisID>
          <bioguideId>L000577</bioguideId>
          <gpoId>8303</gpoId>
        </identifiers>
        <sponsorshipDate>2019-01-16</sponsorshipDate>
        <isOriginalCosponsor>True</isOriginalCosponsor>
        <sponsorshipWithdrawnDate />
      </item>
      <item>
        <bioguideId>B001261</bioguideId>
        <fullName>Sen. Barrasso, John [R-WY]</fullName>
        <firstName>John</firstName>
        <middleName />
        <lastName>Barrasso</lastName>
        <party>R</party>
        <state>WY</state>
        <identifiers>
          <lisID>1881</lisID>
          <bioguideId>B001261</bioguideId>
          <gpoId>8300</gpoId>
        </identifiers>
        <sponsorshipDate>2019-01-16</sponsorshipDate>
        <isOriginalCosponsor>True</isOriginalCosponsor>
        <sponsorshipWithdrawnDate />
      </item>
      <item>
        <bioguideId>B000575</bioguideId>
        <fullName>Sen. Blunt, Roy [R-MO]</fullName>
        <firstName>Roy</firstName>
        <middleName />
        <lastName>Blunt</lastName>
        <party>R</party>
        <state>MO</state>
        <identifiers>
          <lisID>1464</lisID>
          <bioguideId>B000575</bioguideId>
          <gpoId>8313</gpoId>
        </identifiers>
        <sponsorshipDate>2019-01-16</sponsorshipDate>
        <isOriginalCosponsor>True</isOriginalCosponsor>
        <sponsorshipWithdrawnDate />
      </item>
      <item>
        <bioguideId>B001236</bioguideId>
        <fullName>Sen. Boozman, John [R-AR]</fullName>
        <firstName>John</firstName>
        <middleName />
        <lastName>Boozman</lastName>
        <party>R</party>
        <state>AR</state>
        <identifiers>
          <lisID>1687</lisID>
          <bioguideId>B001236</bioguideId>
          <gpoId>8247</gpoId>
        </identifiers>
        <sponsorshipDate>2019-01-16</sponsorshipDate>
        <isOriginalCosponsor>True</isOriginalCosponsor>
        <sponsorshipWithdrawnDate />
      </item>
      <item>
        <bioguideId>L000575</bioguideId>
        <fullName>Sen. Lankford, James [R-OK]</fullName>
        <firstName>James</firstName>
        <middleName />
        <lastName>Lankford</lastName>
        <party>R</party>
        <state>OK</state>
        <identifiers>
          <lisID>2050</lisID>
          <bioguideId>L000575</bioguideId>
          <gpoId>8113</gpoId>
        </identifiers>
        <sponsorshipDate>2019-01-16</sponsorshipDate>
        <isOriginalCosponsor>True</isOriginalCosponsor>
        <sponsorshipWithdrawnDate />
      </item>
      <item>
        <bioguideId>P000449</bioguideId>
        <fullName>Sen. Portman, Rob [R-OH]</fullName>
        <firstName>ROB</firstName>
        <middleName />
        <lastName>PORTMAN</lastName>
        <party>R</party>
        <state>OH</state>
        <identifiers>
          <lisID>924</lisID>
          <bioguideId>P000449</bioguideId>
          <gpoId>8266</gpoId>
        </identifiers>
        <sponsorshipDate>2019-01-16</sponsorshipDate>
        <isOriginalCosponsor>True</isOriginalCosponsor>
        <sponsorshipWithdrawnDate />
      </item>
      <item>
        <bioguideId>Y000064</bioguideId>
        <fullName>Sen. Young, Todd C. [R-IN]</fullName>
        <firstName>Todd</firstName>
        <middleName>C.</middleName>
        <lastName>Young</lastName>
        <party>R</party>
        <state>IN</state>
        <identifiers>
          <lisID>2019</lisID>
          <bioguideId>Y000064</bioguideId>
          <gpoId>7948</gpoId>
        </identifiers>
        <sponsorshipDate>2019-01-16</sponsorshipDate>
        <isOriginalCosponsor>True</isOriginalCosponsor>
        <sponsorshipWithdrawnDate />
      </item>
      <item>
        <bioguideId>D000618</bioguideId>
        <fullName>Sen. Daines, Steve [R-MT]</fullName>
        <firstName>Steve</firstName>
        <middleName />
        <lastName>Daines</lastName>
        <party>R</party>
        <state>MT</state>
        <identifiers>
          <lisID>2138</lisID>
          <bioguideId>D000618</bioguideId>
          <gpoId />
        </identifiers>
        <sponsorshipDate>2019-03-05</sponsorshipDate>
        <isOriginalCosponsor>False</isOriginalCosponsor>
        <sponsorshipWithdrawnDate />
      </item>
    </cosponsors>
    <cboCostEstimates />
    <laws />
    <notes />
    <policyArea>
      <name>Finance and Financial Sector</name>
    </policyArea>
    <subjects>
      <billSubjects>
        <legislativeSubjects>
          <item>
            <name>Accounting and auditing</name>
          </item>
          <item>
            <name>Bank accounts, deposits, capital</name>
          </item>
          <item>
            <name>Congressional oversight</name>
          </item>
          <item>
            <name>Federal Reserve System</name>
          </item>
          <item>
            <name>Government studies and investigations</name>
          </item>
        </legislativeSubjects>
        <policyArea>
          <name>Finance and Financial Sector</name>
        </policyArea>
      </billSubjects>
    </subjects>
    <summaries>
      <billSummaries>
        <item>
          <versionCode>00</versionCode>
          <actionDate>2019-01-16</actionDate>
          <actionDesc>Introduced in Senate</actionDesc>
          <lastSummaryUpdateDate>2019-10-30T18:05:16Z</lastSummaryUpdateDate>
          <text><![CDATA[<p><b>Federal Reserve Transparency Act of 2019</b></p> <p>This bill establishes requirements regarding audits of certain financial agencies performed by the Government Accountability Office (GAO).</p> <p>Specifically, the bill directs the GAO to complete, within 12 months, an audit of the Federal Reserve Board and Federal Reserve banks. In addition, the bill allows the GAO to audit the Federal Reserve Board and Federal Reserve banks with respect to (1) international financial transactions; (2) deliberations, decisions,&nbsp;or actions on monetary policy matters; (3) transactions made under the direction of the Federal Open Market Committee; and (4) discussions or communications among Federal Reserve officers, board members, and employees regarding any of these matters. </p>]]></text>
          <updateDate>2019-01-16T05:00:00Z</updateDate>
          <name>Introduced in Senate</name>
        </item>
      </billSummaries>
    </summaries>
    <title>Federal Reserve Transparency Act of 2019</title>
    <titles>
      <item>
        <titleType>Short Title(s) as Introduced</titleType>
        <parentTitleType>Short Title</parentTitleType>
        <title>Federal Reserve Transparency Act of 2019</title>
        <chamberCode />
        <chamberName />
      </item>
      <item>
        <titleType>Official Title as Introduced</titleType>
        <parentTitleType />
        <title>A bill to require a full audit of the Board of Governors of the Federal Reserve System and the Federal reserve banks by the Comptroller General of the United States, and for other purposes.</title>
        <chamberCode />
        <chamberName />
      </item>
      <item>
        <titleType>Display Title</titleType>
        <parentTitleType />
        <title>Federal Reserve Transparency Act of 2019</title>
        <chamberCode />
        <chamberName />
      </item>
    </titles>
    <amendments />
    <textVersions>
      <item>
        <type>Introduced in Senate</type>
        <date>2019-01-16T05:00:00Z</date>
        <formats>
          <item>
            <url>https://www.govinfo.gov/content/pkg/BILLS-116s148is/xml/BILLS-116s148is.xml</url>
          </item>
        </formats>
      </item>
    </textVersions>
    <latestAction>
      <actionDate>2019-01-16</actionDate>
      <text>Read twice and referred to the Committee on Banking, Housing, and Urban Affairs.</text>
      <links />
    </latestAction>
    <calendarNumbers />
    <version>1.0.0</version>
  </bill>
  <dublinCore xmlns:dc="http://purl.org/dc/elements/1.1/">
    <dc:format>text/xml</dc:format>
    <dc:language>EN</dc:language>
    <dc:rights>Pursuant to Title 17 Section 105 of the United States Code, this file is not subject to copyright protection and is in the public domain.</dc:rights>
    <dc:contributor>Congressional Research Service, Library of Congress</dc:contributor>
    <dc:description>This file contains bill summaries and statuses for federal legislation. A bill summary describes the most significant provisions of a piece of legislation and details the effects the legislative text may have on current law and federal programs. Bill summaries are authored by the Congressional Research Service (CRS) of the Library of Congress. As stated in Public Law 91-510 (2 USC 166 (d)(6)), one of the duties of CRS is "to prepare summaries and digests of bills and resolutions of a public general nature introduced in the Senate or House of Representatives". For more information, refer to the User Guide that accompanies this file.</dc:description>
  </dublinCore>
</billStatus>

